{
  "content_diversity": 0.5032827854156494,
  "classifier_auc": 0.8722299275697334,
  "ranking_stability": 0.6729395604395604,
  "feature_coefficients": {
    "word_count": 0.043071313124631444,
    "sentence_count": 0.2120636778004016,
    "avg_sentence_length": 0.287299638348298,
    "paragraph_count": -0.30264713754572925,
    "heading_density": -0.13384509161882036,
    "list_frequency": -0.7476765146418375,
    "readability": -0.3720840374686596,
    "bold_emphasis_density": 0.2878801143170094,
    "citation_density": -0.14969139008170132,
    "statistic_density": -0.09252406958596379,
    "quote_density": -0.17973620918887154,
    "named_source_mentions": -0.39057461003427874,
    "year_mentions": 0.10351714887619332,
    "claim_density": 0.2605853786825047,
    "external_reference_density": 0.17629346009080069,
    "question_density": -0.041221501578497396,
    "query_similarity": 2.566803952660176,
    "corpus_centroid_similarity": -0.07536008367250621,
    "type_token_ratio": -0.35298062764678995,
    "vocabulary_sophistication": 0.047105961528375824,
    "sentiment_polarity": -0.06444675863226781,
    "avg_word_length": 0.5697750577017558,
    "semantic_uniqueness": 1.1516401298752423,
    "information_density": -0.2910305974740458,
    "specificity_score": -0.14625156060698505
  },
  "avg_ranks": {
    "0": {
      "0": 1.2,
      "2": 1.8,
      "3": 4.2,
      "7": 6.4,
      "5": 4.8,
      "1": 5.8,
      "6": 6.6,
      "4": 5.2
    },
    "1": {
      "0": 1.0,
      "3": 2.6666666666666665,
      "5": 4.0,
      "6": 4.0,
      "2": 4.666666666666667,
      "8": 4.666666666666667,
      "1": 8.0,
      "4": 7.333333333333333,
      "7": 8.666666666666666
    },
    "2": {
      "0": 1.0,
      "3": 2.0,
      "7": 3.0,
      "4": 5.4,
      "6": 5.6,
      "5": 6.2,
      "2": 5.6,
      "1": 7.2
    },
    "3": {
      "0": 1.0,
      "1": 4.0,
      "6": 4.25,
      "2": 3.5,
      "3": 5.75,
      "4": 5.0,
      "5": 4.5
    },
    "4": {
      "5": 1.0,
      "0": 2.6,
      "3": 2.4,
      "6": 4.2,
      "1": 4.8,
      "4": 6.0,
      "8": 7.0,
      "2": 8.2,
      "7": 8.8
    },
    "5": {
      "0": 1.6,
      "6": 1.6,
      "1": 2.8,
      "2": 4.0,
      "5": 6.0,
      "4": 7.2,
      "7": 6.2,
      "3": 6.6
    },
    "6": {
      "0": 1.0,
      "4": 2.0,
      "2": 3.0,
      "6": 5.6,
      "7": 5.8,
      "5": 4.6,
      "3": 6.0,
      "1": 8.0
    },
    "7": {
      "5": 1.2,
      "0": 1.8,
      "1": 3.8,
      "4": 3.6,
      "3": 4.6,
      "6": 6.8,
      "2": 6.2
    },
    "8": {
      "0": 1.4,
      "1": 1.6,
      "2": 3.4,
      "6": 4.4,
      "3": 5.2,
      "4": 5.8,
      "5": 6.2
    },
    "9": {
      "2": 2.6,
      "0": 4.2,
      "1": 3.0,
      "4": 3.4,
      "3": 4.2,
      "5": 3.6,
      "6": 7.6,
      "7": 7.4
    },
    "10": {
      "4": 1.0,
      "0": 2.0,
      "9": 3.0,
      "5": 5.6,
      "3": 4.8,
      "2": 7.0,
      "8": 7.6,
      "1": 7.4,
      "6": 6.6,
      "7": 10.0
    },
    "11": {
      "0": 1.0,
      "2": 2.4,
      "6": 2.6,
      "3": 4.2,
      "5": 4.8,
      "4": 6.4,
      "1": 6.6
    },
    "12": {
      "0": 1.0,
      "6": 2.0,
      "4": 3.4,
      "2": 5.4,
      "1": 4.6,
      "3": 6.6,
      "5": 5.0
    },
    "13": {
      "5": 3.8,
      "0": 1.8,
      "3": 1.8,
      "4": 3.2,
      "1": 5.8,
      "2": 4.6,
      "7": 7.6,
      "6": 7.4
    },
    "14": {
      "5": 1.6,
      "2": 1.8,
      "4": 2.8,
      "1": 3.8,
      "0": 5.0,
      "6": 6.6,
      "3": 6.4
    },
    "15": {
      "1": 5.2,
      "2": 2.0,
      "0": 5.8,
      "4": 3.8,
      "6": 4.2,
      "8": 3.6,
      "9": 4.0,
      "5": 7.4,
      "7": 9.6,
      "3": 9.4
    },
    "16": {
      "6": 1.2,
      "4": 4.2,
      "5": 6.6,
      "2": 6.2,
      "0": 3.6,
      "3": 7.2,
      "8": 5.8,
      "1": 4.6,
      "7": 5.6
    },
    "17": {
      "0": 1.0,
      "4": 2.0,
      "1": 3.6,
      "3": 3.6,
      "7": 5.8,
      "2": 6.4,
      "5": 7.0,
      "8": 6.6,
      "6": 9.0
    },
    "18": {
      "1": 2.4,
      "4": 2.4,
      "7": 4.0,
      "5": 2.4,
      "6": 3.8,
      "2": 6.6,
      "3": 6.4,
      "0": 8.0
    },
    "19": {
      "1": 2.6,
      "0": 2.0,
      "4": 1.8,
      "6": 4.4,
      "5": 6.4,
      "2": 5.8,
      "3": 5.4,
      "7": 7.6
    },
    "20": {
      "2": 1.0,
      "6": 3.4,
      "7": 2.8,
      "0": 2.8,
      "4": 5.2,
      "1": 5.8,
      "5": 7.2,
      "3": 7.8
    },
    "21": {
      "7": 1.6,
      "0": 1.4,
      "2": 3.0,
      "6": 4.0,
      "1": 5.0,
      "3": 6.0,
      "5": 7.6,
      "4": 7.4
    },
    "22": {
      "0": 1.0,
      "4": 6.6,
      "6": 3.2,
      "3": 3.4,
      "5": 3.0,
      "7": 5.8,
      "1": 6.2,
      "2": 6.8
    },
    "23": {
      "0": 1.0,
      "8": 2.0,
      "4": 3.2,
      "1": 3.8,
      "5": 5.4,
      "3": 8.4,
      "7": 6.8,
      "2": 8.0,
      "6": 6.4
    },
    "24": {
      "0": 1.8,
      "3": 2.2,
      "4": 2.0,
      "1": 4.0,
      "5": 5.2,
      "6": 5.8,
      "2": 7.0
    },
    "25": {
      "0": 1.0,
      "3": 2.0,
      "5": 5.4,
      "7": 3.6,
      "4": 3.8,
      "2": 5.6,
      "6": 7.4,
      "1": 7.2
    },
    "26": {
      "0": 1.0,
      "8": 2.6,
      "2": 2.4,
      "5": 5.6,
      "4": 5.6,
      "7": 4.6,
      "1": 7.0,
      "3": 7.6,
      "6": 8.6
    },
    "27": {
      "0": 1.0,
      "1": 2.0,
      "7": 3.8,
      "3": 3.6,
      "2": 4.6,
      "6": 6.8,
      "5": 7.4,
      "4": 6.8
    },
    "28": {
      "0": 1.0,
      "3": 2.4,
      "2": 3.4,
      "1": 4.0,
      "5": 4.2,
      "6": 6.2,
      "4": 6.8
    },
    "29": {
      "0": 1.0,
      "3": 2.6,
      "2": 3.8,
      "7": 4.4,
      "5": 3.2,
      "4": 7.0,
      "1": 7.2,
      "6": 6.8
    },
    "30": {
      "0": 1.0,
      "5": 2.0,
      "7": 3.2,
      "4": 3.8,
      "3": 6.0,
      "6": 6.2,
      "2": 6.6,
      "1": 7.2
    },
    "31": {
      "4": 3.0,
      "5": 1.8,
      "7": 3.8,
      "2": 3.0,
      "0": 6.0,
      "3": 3.6,
      "6": 7.0,
      "1": 7.8
    },
    "32": {
      "1": 1.0,
      "4": 2.0,
      "3": 3.0,
      "2": 4.0,
      "0": 6.4,
      "6": 6.2,
      "5": 5.4
    },
    "33": {
      "5": 5.0,
      "0": 1.8,
      "2": 2.6,
      "8": 4.4,
      "7": 6.6,
      "6": 3.2,
      "3": 7.4,
      "4": 5.4,
      "1": 8.6
    },
    "34": {
      "0": 1.0,
      "7": 3.2,
      "4": 2.6,
      "2": 5.6,
      "5": 4.8,
      "3": 6.4,
      "1": 6.4,
      "6": 6.0
    },
    "35": {
      "0": 1.0,
      "7": 2.0,
      "1": 5.4,
      "2": 4.6,
      "4": 3.4,
      "3": 4.6,
      "5": 7.4,
      "6": 7.6
    },
    "36": {
      "0": 1.0,
      "5": 2.0,
      "3": 4.8,
      "6": 5.2,
      "1": 3.6,
      "7": 4.8,
      "4": 7.6,
      "2": 7.0
    },
    "37": {
      "2": 1.4,
      "0": 1.6,
      "5": 4.0,
      "6": 3.8,
      "3": 4.2,
      "4": 6.0,
      "1": 7.0
    },
    "38": {
      "0": 1.2,
      "4": 2.2,
      "7": 2.6,
      "3": 4.2,
      "5": 6.2,
      "1": 5.6,
      "6": 6.0,
      "2": 8.0
    },
    "39": {
      "2": 1.2,
      "5": 3.4,
      "0": 2.8,
      "1": 2.6,
      "6": 5.0,
      "4": 6.6,
      "3": 6.4
    },
    "40": {
      "1": 1.4,
      "6": 2.8,
      "0": 2.0,
      "2": 4.8,
      "7": 4.0,
      "4": 6.4,
      "3": 6.8,
      "5": 7.8
    },
    "41": {
      "4": 3.2,
      "0": 2.2,
      "2": 2.8,
      "6": 2.6,
      "5": 4.6,
      "7": 5.6,
      "1": 7.6,
      "3": 7.4
    },
    "42": {
      "5": 1.2,
      "4": 2.4,
      "6": 2.6,
      "3": 5.4,
      "2": 5.4,
      "0": 5.4,
      "1": 6.0,
      "7": 7.6
    },
    "43": {
      "3": 1.8,
      "1": 2.0,
      "4": 2.2,
      "0": 4.0,
      "2": 5.0,
      "5": 6.4,
      "6": 6.6
    },
    "44": {
      "0": 1.0,
      "2": 2.0,
      "5": 3.25,
      "3": 3.75,
      "6": 5.5,
      "7": 6.25,
      "4": 6.25,
      "1": 8.0
    },
    "45": {
      "0": 1.0,
      "2": 2.25,