{
  "content_diversity": 0.49881991744041443,
  "classifier_auc": 0.8857503111285779,
  "ranking_stability": 0.6855710705334765,
  "feature_coefficients": {
    "word_count": 0.37967598674824304,
    "sentence_count": 0.07253906713034704,
    "avg_sentence_length": 0.06491633890394129,
    "paragraph_count": -0.475742445394029,
    "heading_density": -0.03976607386369058,
    "list_frequency": -0.3693457951062941,
    "readability": -0.08090759259385254,
    "bold_emphasis_density": 0.11388874483462713,
    "citation_density": -0.08925498460531894,
    "statistic_density": -0.1885538633945769,
    "quote_density": -0.10766901804203254,
    "named_source_mentions": -0.43738291799326784,
    "year_mentions": -0.12747997974238065,
    "claim_density": 0.4199433303768586,
    "external_reference_density": -0.11096534185740178,
    "question_density": 0.055079052654741625,
    "query_similarity": 2.8027754896666233,
    "corpus_centroid_similarity": 0.22926079543021086,
    "type_token_ratio": -0.32886952670562225,
    "vocabulary_sophistication": 0.08008179576242919,
    "sentiment_polarity": -0.036163238409903764,
    "avg_word_length": 0.5494520473263377,
    "semantic_uniqueness": 1.4350195754725665,
    "information_density": -0.35713621961825653,
    "specificity_score": -0.22088691385192027
  },
  "avg_ranks": {
    "0": {
      "0": 1.2,
      "2": 1.8,
      "5": 3.4,
      "6": 5.0,
      "7": 5.6,
      "3": 6.2,
      "1": 6.4,
      "4": 6.4
    },
    "1": {
      "0": 1.0,
      "3": 2.0,
      "6": 3.25,
      "8": 5.0,
      "5": 5.0,
      "1": 7.25,
      "2": 5.5,
      "7": 7.0,
      "4": 9.0
    },
    "2": {
      "0": 1.0,
      "3": 2.0,
      "1": 7.0,
      "7": 3.2,
      "6": 4.8,
      "2": 4.6,
      "4": 6.4,
      "5": 7.0
    },
    "3": {
      "0": 1.0,
      "1": 2.0,
      "2": 3.4,
      "6": 4.4,
      "5": 5.6,
      "3": 6.0,
      "4": 5.6
    },
    "4": {
      "5": 1.4,
      "0": 1.6,
      "6": 4.0,
      "3": 3.2,
      "1": 4.8,
      "4": 6.0,
      "8": 7.0,
      "7": 8.4,
      "2": 8.6
    },
    "5": {
      "6": 1.2,
      "0": 2.2,
      "1": 2.6,
      "2": 4.0,
      "5": 5.4,
      "3": 5.8,
      "7": 7.4,
      "4": 7.4
    },
    "6": {
      "0": 1.0,
      "4": 2.0,
      "2": 3.0,
      "3": 5.0,
      "7": 5.2,
      "6": 5.8,
      "5": 6.0,
      "1": 8.0
    },
    "7": {
      "5": 1.4,
      "0": 2.0,
      "4": 2.8,
      "3": 5.0,
      "1": 4.0,
      "6": 6.6,
      "2": 6.2
    },
    "8": {
      "0": 1.6,
      "1": 1.4,
      "6": 3.6,
      "2": 3.6,
      "3": 4.8,
      "4": 6.0,
      "5": 7.0
    },
    "9": {
      "5": 2.8,
      "4": 3.4,
      "1": 2.8,
      "3": 3.0,
      "0": 3.6,
      "2": 5.4,
      "7": 7.2,
      "6": 7.8
    },
    "10": {
      "4": 1.0,
      "0": 2.0,
      "9": 3.0,
      "3": 4.4,
      "2": 6.2,
      "5": 6.6,
      "6": 6.4,
      "8": 6.8,
      "7": 9.8,
      "1": 8.8
    },
    "11": {
      "0": 1.0,
      "2": 2.0,
      "6": 3.0,
      "3": 4.2,
      "5": 4.8,
      "4": 6.6,
      "1": 6.4
    },
    "12": {
      "0": 2.2,
      "6": 2.4,
      "4": 2.6,
      "1": 4.6,
      "5": 3.2,
      "2": 6.0,
      "3": 7.0
    },
    "13": {
      "3": 1.6,
      "0": 1.4,
      "4": 3.6,
      "5": 3.4,
      "2": 5.2,
      "1": 5.8,
      "6": 7.2,
      "7": 7.8
    },
    "14": {
      "5": 1.6,
      "2": 1.8,
      "4": 2.8,
      "1": 3.8,
      "0": 5.0,
      "3": 6.0,
      "6": 7.0
    },
    "15": {
      "9": 3.6,
      "2": 1.4,
      "4": 3.8,
      "6": 4.6,
      "8": 4.0,
      "1": 5.2,
      "0": 6.8,
      "7": 9.2,
      "3": 9.0,
      "5": 7.4
    },
    "16": {
      "6": 1.0,
      "0": 2.5,
      "2": 3.75,
      "8": 5.0,
      "4": 6.0,
      "5": 6.0,
      "7": 7.75,
      "3": 8.25,
      "1": 4.75
    },
    "17": {
      "0": 1.0,
      "4": 2.0,
      "3": 3.6,
      "1": 3.6,
      "5": 7.0,
      "7": 6.0,
      "2": 6.2,
      "8": 6.6,
      "6": 9.0
    },
    "18": {
      "4": 2.2,
      "7": 2.0,
      "5": 3.8,
      "1": 2.0,
      "6": 5.0,
      "3": 6.6,
      "2": 6.4,
      "0": 8.0
    },
    "19": {
      "4": 3.0,
      "0": 1.6,
      "3": 4.6,
      "6": 3.6,
      "5": 6.2,
      "1": 3.6,
      "2": 6.2,
      "7": 7.2
    },
    "20": {
      "2": 1.2,
      "0": 2.2,
      "1": 4.2,
      "6": 3.2,
      "4": 5.0,
      "7": 5.2,
      "5": 7.0,
      "3": 8.0
    },
    "21": {
      "0": 1.2,
      "2": 2.6,
      "7": 2.2,
      "6": 4.0,
      "1": 5.0,
      "3": 6.4,
      "5": 7.6,
      "4": 7.0
    },
    "22": {
      "0": 1.0,
      "5": 4.6,
      "1": 5.4,
      "6": 4.2,
      "3": 3.8,
      "7": 5.2,
      "4": 6.6,
      "2": 5.2
    },
    "23": {
      "0": 1.4,
      "8": 1.8,
      "4": 2.8,
      "5": 4.8,
      "1": 4.6,
      "6": 7.2,
      "7": 6.4,
      "2": 7.8,
      "3": 8.2
    },
    "24": {
      "0": 2.4,
      "3": 2.0,
      "4": 1.6,
      "1": 4.0,
      "5": 5.4,
      "6": 5.6,
      "2": 7.0
    },
    "25": {
      "0": 1.0,
      "3": 2.4,
      "4": 3.4,
      "7": 3.6,
      "2": 4.6,
      "5": 6.2,
      "1": 6.8,
      "6": 8.0
    },
    "26": {
      "0": 1.0,
      "2": 2.0,
      "8": 3.5,
      "7": 6.0,
      "5": 5.0,
      "4": 4.75,
      "1": 6.5,
      "3": 7.25,
      "6": 9.0
    },
    "27": {
      "0": 1.0,
      "3": 2.5,
      "1": 2.75,
      "2": 4.0,
      "7": 4.75,
      "6": 7.25,
      "4": 7.0,
      "5": 6.75
    },
    "28": {
      "0": 1.0,
      "2": 2.6,
      "3": 2.4,
      "5": 4.2,
      "1": 4.8,
      "6": 6.0,
      "4": 7.0
    },
    "29": {
      "0": 1.0,
      "2": 3.0,
      "3": 3.0,
      "7": 3.0,
      "5": 5.2,
      "4": 7.4,
      "6": 6.2,
      "1": 7.2
    },
    "30": {
      "0": 1.0,
      "5": 2.0,
      "7": 3.4,
      "4": 3.6,
      "3": 6.0,
      "2": 6.0,
      "6": 6.8,
      "1": 7.2
    },
    "31": {
      "5": 2.8,
      "7": 4.2,
      "4": 3.4,
      "2": 2.6,
      "3": 3.4,
      "0": 5.8,
      "6": 5.8,
      "1": 8.0
    },
    "32": {
      "1": 1.2,
      "4": 1.8,
      "3": 3.0,
      "2": 4.0,
      "5": 5.4,
      "6": 5.8,
      "0": 6.8
    },
    "33": {
      "0": 1.75,
      "6": 2.75,
      "2": 3.0,
      "5": 5.25,
      "8": 5.25,
      "7": 7.0,
      "4": 3.25,
      "1": 8.75,
      "3": 8.0
    },
    "34": {
      "0": 1.0,
      "4": 2.3333333333333335,
      "5": 3.3333333333333335,
      "6": 5.333333333333333,
      "3": 6.333333333333333,
      "1": 5.666666666666667,
      "2": 5.333333333333333,
      "7": 6.666666666666667
    },
    "35": {
      "0": 1.0,
      "4": 3.2,
      "7": 2.2,
      "1": 5.2,
      "3": 4.8,
      "2": 4.6,
      "6": 7.6,
      "5": 7.4
    },
    "36": {
      "0": 1.0,
      "5": 2.0,
      "6": 3.5,
      "1": 3.5,
      "3": 5.5,
      "7": 6.5,
      "2": 6.25,
      "4": 7.75
    },
    "37": {
      "2": 2.6,
      "0": 1.6,
      "6": 2.8,
      "3": 4.2,
      "5": 3.8,
      "4": 6.0,
      "1": 7.0
    },
    "38": {
      "4": 1.8,
      "0": 1.4,
      "3": 4.0,
      "7": 3.0,
      "6": 6.2,
      "5": 5.2,
      "1": 6.4,
      "2": 8.0
    },
    "39": {
      "2": 1.2,
      "0": 3.4,
      "1": 2.6,
      "5": 2.8,
      "6": 5.0,
      "3": 6.4,
      "4": 6.6
    },
    "40": {
      "0": 1.2,
      "1": 2.4,
      "6": 2.4,
      "2": 4.8,
      "4": 6.2,
      "7": 4.4,
      "3": 7.0,
      "5": 7.6
    },
    "41": {
      "6": 3.2,
      "0": 1.8,
      "2": 2.4,
      "4": 2.8,
      "7": 4.8,
      "5": 6.6,
      "3": 7.6,
      "1": 6.8
    },
    "42": {
      "6": 2.4,
      "5": 1.6,
      "4": 3.0,
      "1": 4.8,
      "2": 5.8,
      "3": 5.6,
      "0": 5.4,
      "7": 7.4
    },
    "43": {
      "1": 1.6,
      "3": 2.2,
      "4": 2.2,
      "0": 4.0,
      "2": 5.0,
      "6": 6.4,
      "5": 6.6
    },
    "44": {
      "0": 1.0,
      "2": 2.0,
      "3": 3.5,
      "5": 4.0,
      "4": 5.5,
      "6": 5.25,
      "7": 6.75,