{
  "content_diversity": 0.5110010504722595,
  "classifier_auc": 0.8707875457875458,
  "ranking_stability": 0.6980665950590762,
  "feature_coefficients": {
    "word_count": 0.2740647493568595,
    "sentence_count": -0.20280597395588032,
    "avg_sentence_length": 0.15572418421574244,
    "paragraph_count": -0.23019401786845695,
    "heading_density": -0.3019987007823451,
    "list_frequency": 0.14071742031089837,
    "readability": -0.15886613797450963,
    "bold_emphasis_density": 0.007195075537051889,
    "citation_density": -0.04076182035061493,
    "statistic_density": -0.3154059419143945,
    "quote_density": -0.07070525282287132,
    "named_source_mentions": -0.8578230493968824,
    "year_mentions": 0.16806028550410568,
    "claim_density": 0.2746245264820129,
    "external_reference_density": 0.17077094643996915,
    "question_density": 0.09330043252533687,
    "query_similarity": 1.893939898623548,
    "corpus_centroid_similarity": -0.09961573230079374,
    "type_token_ratio": -0.6479475651443081,
    "vocabulary_sophistication": -0.03705763724160671,
    "sentiment_polarity": -0.060069183012137824,
    "avg_word_length": -0.2654865272039813,
    "semantic_uniqueness": 0.6602246521045632,
    "information_density": -0.2837619277190925,
    "specificity_score": 0.09208922306502727
  },
  "avg_ranks": {
    "0": {
      "0": 1.25,
      "2": 1.75,
      "5": 3.75,
      "1": 4.75,
      "3": 4.75,
      "7": 6.25,
      "4": 5.75,
      "6": 7.75
    },
    "1": {
      "0": 1.0,
      "3": 2.0,
      "5": 3.6,
      "6": 5.0,
      "2": 6.2,
      "8": 4.6,
      "7": 7.2,
      "1": 7.2,
      "4": 8.2
    },
    "2": {
      "0": 1.0,
      "3": 2.0,
      "7": 3.0,
      "2": 5.0,
      "4": 6.0,
      "6": 5.2,
      "5": 5.8,
      "1": 8.0
    },
    "3": {
      "0": 1.0,
      "1": 2.0,
      "2": 4.0,
      "6": 4.0,
      "4": 6.2,
      "5": 6.4,
      "3": 4.4
    },
    "4": {
      "5": 1.0,
      "3": 2.8,
      "0": 2.4,
      "1": 4.0,
      "6": 4.8,
      "4": 6.0,
      "8": 7.4,
      "7": 8.2,
      "2": 8.4
    },
    "5": {
      "0": 1.6,
      "1": 2.4,
      "6": 2.0,
      "2": 4.0,
      "5": 5.6,
      "4": 7.2,
      "3": 6.4,
      "7": 6.8
    },
    "6": {
      "0": 1.0,
      "4": 2.0,
      "2": 3.0,
      "5": 4.0,
      "7": 5.6,
      "3": 6.0,
      "6": 6.4,
      "1": 8.0
    },
    "7": {
      "5": 2.2,
      "0": 1.4,
      "1": 3.6,
      "4": 3.6,
      "3": 4.8,
      "2": 5.4,
      "6": 7.0
    },
    "8": {
      "0": 1.4,
      "1": 1.6,
      "6": 4.2,
      "2": 3.6,
      "3": 5.6,
      "4": 5.0,
      "5": 6.6
    },
    "9": {
      "5": 1.8,
      "2": 2.2,
      "1": 3.8,
      "0": 3.4,
      "4": 4.6,
      "3": 5.2,
      "6": 7.8,
      "7": 7.2
    },
    "10": {
      "4": 1.2,
      "0": 2.6,
      "9": 2.2,
      "3": 4.6,
      "2": 7.4,
      "5": 6.0,
      "8": 8.4,
      "1": 6.4,
      "6": 6.2,
      "7": 10.0
    },
    "11": {
      "0": 1.0,
      "6": 2.5,
      "2": 2.5,
      "3": 4.25,
      "5": 4.75,
      "1": 6.25,
      "4": 6.75
    },
    "12": {
      "0": 1.8,
      "6": 1.6,
      "5": 4.2,
      "4": 4.4,
      "1": 3.2,
      "3": 6.8,
      "2": 6.0
    },
    "13": {
      "0": 1.2,
      "3": 1.8,
      "5": 3.8,
      "4": 3.4,
      "1": 4.8,
      "7": 7.0,
      "2": 6.2,
      "6": 7.8
    },
    "14": {
      "5": 1.75,
      "4": 2.75,
      "2": 2.5,
      "1": 3.0,
      "0": 5.0,
      "6": 6.5,
      "3": 6.5
    },
    "15": {
      "9": 2.8,
      "8": 2.4,
      "4": 2.8,
      "2": 2.2,
      "6": 5.6,
      "1": 5.8,
      "0": 6.4,
      "3": 8.4,
      "7": 9.0,
      "5": 9.6
    },
    "16": {
      "6": 1.0,
      "8": 3.75,
      "5": 5.75,
      "4": 2.75,
      "1": 6.75,
      "3": 6.25,
      "0": 4.0,
      "2": 8.0,
      "7": 6.75
    },
    "17": {
      "0": 1.0,
      "4": 2.0,
      "2": 5.2,
      "1": 4.4,
      "3": 3.8,
      "7": 6.2,
      "5": 6.8,
      "8": 6.6,
      "6": 9.0
    },
    "18": {
      "4": 1.2,
      "1": 2.8,
      "7": 2.0,
      "5": 4.0,
      "6": 5.2,
      "2": 6.6,
      "3": 6.2,
      "0": 8.0
    },
    "19": {
      "0": 1.8,
      "1": 2.2,
      "6": 3.4,
      "4": 3.4,
      "3": 5.6,
      "2": 6.4,
      "5": 6.2,
      "7": 7.0
    },
    "20": {
      "2": 1.2,
      "7": 3.6,
      "6": 4.8,
      "0": 2.8,
      "4": 5.0,
      "1": 3.6,
      "5": 7.0,
      "3": 8.0
    },
    "21": {
      "0": 1.4,
      "7": 1.6,
      "6": 4.0,
      "2": 3.4,
      "1": 4.6,
      "3": 6.0,
      "4": 7.0,
      "5": 8.0
    },
    "22": {
      "0": 1.0,
      "6": 3.0,
      "3": 2.6666666666666665,
      "5": 6.0,
      "1": 5.666666666666667,
      "7": 5.333333333333333,
      "2": 6.333333333333333,
      "4": 6.0
    },
    "23": {
      "0": 1.0,
      "8": 2.2,
      "4": 2.8,
      "1": 4.0,
      "6": 6.6,
      "5": 5.8,
      "7": 7.0,
      "2": 7.8,
      "3": 7.8
    },
    "24": {
      "4": 1.4,
      "3": 2.2,
      "0": 2.4,
      "5": 5.6,
      "1": 4.4,
      "6": 5.0,
      "2": 7.0
    },
    "25": {
      "0": 2.4,
      "3": 2.4,
      "4": 3.2,
      "7": 2.8,
      "2": 6.2,
      "5": 6.2,
      "1": 5.6,
      "6": 7.2
    },
    "26": {
      "0": 1.0,
      "2": 2.2,
      "8": 2.8,
      "5": 5.0,
      "7": 5.8,
      "4": 5.2,
      "3": 6.0,
      "1": 8.4,
      "6": 8.6
    },
    "27": {
      "0": 1.0,
      "7": 3.0,
      "1": 2.2,
      "2": 4.2,
      "3": 4.6,
      "5": 6.6,
      "6": 6.8,
      "4": 7.6
    },
    "28": {
      "0": 1.0,
      "2": 2.8,
      "4": 6.2,
      "6": 5.0,
      "5": 4.8,
      "3": 2.8,
      "1": 5.4
    },
    "29": {
      "0": 1.0,
      "3": 2.4,
      "7": 3.2,
      "2": 4.8,
      "5": 3.8,
      "4": 6.2,
      "6": 7.0,
      "1": 7.6
    },
    "30": {
      "0": 1.0,
      "5": 2.4,
      "7": 2.8,
      "4": 3.8,
      "2": 6.2,
      "6": 6.0,
      "3": 6.4,
      "1": 7.4
    },
    "31": {
      "5": 1.6,
      "3": 4.0,
      "2": 2.2,
      "7": 3.2,
      "4": 4.0,
      "6": 6.2,
      "0": 6.8,
      "1": 8.0
    },
    "32": {
      "1": 1.4,
      "4": 1.6,
      "3": 3.0,
      "2": 4.0,
      "6": 6.0,
      "0": 6.6,
      "5": 5.4
    },
    "33": {
      "0": 1.2,
      "6": 2.0,
      "2": 3.8,
      "8": 4.6,
      "5": 4.6,
      "7": 7.2,
      "4": 5.4,
      "1": 8.4,
      "3": 7.8
    },
    "34": {
      "0": 1.0,
      "4": 2.6,
      "5": 4.8,
      "3": 5.6,
      "7": 3.2,
      "1": 5.8,
      "2": 6.2,
      "6": 6.8
    },
    "35": {
      "0": 1.0,
      "7": 2.2,
      "3": 4.0,
      "2": 5.0,
      "4": 4.0,
      "1": 4.8,
      "6": 7.0,
      "5": 8.0
    },
    "36": {
      "0": 1.0,
      "5": 2.4,
      "6": 4.2,
      "1": 3.4,
      "7": 4.2,
      "3": 6.2,
      "4": 7.6,
      "2": 7.0
    },
    "37": {
      "0": 1.6,
      "2": 1.8,
      "5": 2.8,
      "6": 4.4,
      "3": 4.4,
      "4": 6.0,
      "1": 7.0
    },
    "38": {
      "0": 1.6,
      "4": 1.8,
      "7": 2.8,
      "3": 4.2,
      "1": 5.8,
      "6": 6.0,
      "5": 5.8,
      "2": 8.0
    },
    "39": {
      "5": 2.2,
      "2": 1.2,
      "0": 3.2,
      "1": 3.4,
      "6": 5.0,
      "4": 6.6,
      "3": 6.4
    },
    "40": {
      "6": 2.6,
      "0": 1.4,
      "1": 2.6,
      "7": 4.0,
      "2": 4.4,
      "4": 6.6,
      "3": 7.0,
      "5": 7.4
    },
    "41": {
      "6": 2.4,
      "0": 2.2,
      "2": 2.8,
      "4": 2.6,
      "5": 6.2,
      "7": 5.6,
      "3": 7.8,
      "1": 6.4
    },
    "42": {
      "5": 1.2,
      "4": 2.2,
      "6": 3.0,
      "2": 4.8,
      "1": 5.2,
      "0": 5.4,
      "3": 6.2,
      "7": 8.0
    },
    "43": {
      "3": 2.6,
      "1": 1.6,
      "4": 3.8,
      "0": 2.0,
      "2": 5.4,
      "5": 6.4,
      "6": 6.2
    },
    "44": {
      "0": 1.0,
      "2": 2.0,
      "3": 3.5,
      "5": 3.5,
      "4": 5.75,
      "7": 6.5,
      "6": 5.75,
      "1": 8.0
    },
    "45": {
      "0": 1.0,
      "2": 2.0,