{
  "content_diversity": 0.5109725594520569,
  "classifier_auc": 0.9048917401764234,
  "ranking_stability": 0.685536870316894,
  "feature_coefficients": {
    "word_count": 0.304000607625115,
    "sentence_count": -0.04996466541766283,
    "avg_sentence_length": 0.31482266688117144,
    "paragraph_count": -0.16556195985799346,
    "heading_density": 0.011895650954662683,
    "list_frequency": 0.0257821490530591,
    "readability": -0.22567188817725406,
    "bold_emphasis_density": -0.18834183949609062,
    "citation_density": -0.0007329513133336812,
    "statistic_density": -0.4892431108615861,
    "quote_density": -0.12810159737921534,
    "named_source_mentions": -1.0011756443197437,
    "year_mentions": 0.09987691635347987,
    "claim_density": 0.5352945823214125,
    "external_reference_density": 0.357214037730346,
    "question_density": 0.15176152013648686,
    "query_similarity": 2.558778677439142,
    "corpus_centroid_similarity": -0.20107052344074045,
    "type_token_ratio": -0.5831871206904194,
    "vocabulary_sophistication": -0.11024129599822888,
    "sentiment_polarity": -0.0819503631045161,
    "avg_word_length": -0.26590250098073215,
    "semantic_uniqueness": 0.8998233563936077,
    "information_density": -0.1741638819915978,
    "specificity_score": 0.25537930458263186
  },
  "avg_ranks": {
    "0": {
      "2": 1.6,
      "0": 1.4,
      "6": 7.0,
      "5": 4.0,
      "1": 5.0,
      "7": 5.0,
      "4": 6.2,
      "3": 5.8
    },
    "1": {
      "0": 1.0,
      "3": 2.6,
      "6": 3.8,
      "5": 3.8,
      "8": 4.8,
      "4": 7.2,
      "2": 6.0,
      "1": 7.6,
      "7": 8.2
    },
    "2": {
      "0": 1.0,
      "3": 2.0,
      "7": 3.0,
      "1": 4.0,
      "2": 6.25,
      "5": 6.0,
      "6": 6.5,
      "4": 7.25
    },
    "3": {
      "0": 1.0,
      "1": 2.0,
      "6": 4.2,
      "2": 4.0,
      "3": 5.4,
      "4": 5.6,
      "5": 5.8
    },
    "4": {
      "5": 1.0,
      "0": 2.0,
      "3": 3.0,
      "6": 4.25,
      "1": 4.75,
      "4": 6.0,
      "8": 7.0,
      "2": 8.5,
      "7": 8.5
    },
    "5": {
      "6": 1.6,
      "0": 2.2,
      "1": 2.2,
      "2": 4.0,
      "7": 5.6,
      "3": 6.0,
      "5": 6.6,
      "4": 7.8
    },
    "6": {
      "0": 1.0,
      "4": 2.0,
      "2": 3.25,
      "5": 3.75,
      "6": 6.25,
      "7": 5.75,
      "3": 6.25,
      "1": 7.75
    },
    "7": {
      "5": 2.0,
      "0": 1.25,
      "4": 3.0,
      "1": 4.75,
      "3": 4.5,
      "2": 6.25,
      "6": 6.25
    },
    "8": {
      "0": 1.0,
      "1": 2.0,
      "6": 3.8,
      "2": 3.6,
      "3": 5.8,
      "4": 5.0,
      "5": 6.8
    },
    "9": {
      "5": 2.6,
      "4": 4.0,
      "1": 2.2,
      "2": 3.6,
      "3": 5.2,
      "0": 3.4,
      "7": 7.4,
      "6": 7.6
    },
    "10": {
      "4": 1.3333333333333333,
      "9": 2.3333333333333335,
      "0": 2.3333333333333335,
      "3": 4.0,
      "8": 7.0,
      "1": 6.0,
      "5": 5.666666666666667,
      "2": 8.0,
      "6": 8.333333333333334,
      "7": 10.0
    },
    "11": {
      "0": 1.0,
      "2": 2.6,
      "6": 2.4,
      "3": 4.4,
      "5": 4.6,
      "1": 6.4,
      "4": 6.6
    },
    "12": {
      "0": 1.4,
      "1": 2.8,
      "6": 2.0,
      "2": 4.8,
      "3": 6.4,
      "5": 5.8,
      "4": 4.8
    },
    "13": {
      "0": 1.0,
      "3": 2.0,
      "4": 3.0,
      "1": 5.0,
      "5": 4.333333333333333,
      "2": 5.666666666666667,
      "7": 7.333333333333333,
      "6": 7.666666666666667
    },
    "14": {
      "5": 1.6666666666666667,
      "2": 2.0,
      "1": 3.6666666666666665,
      "4": 2.6666666666666665,
      "0": 5.0,
      "6": 6.333333333333333,
      "3": 6.666666666666667
    },
    "15": {
      "9": 3.5,
      "8": 3.0,
      "0": 5.75,
      "2": 2.0,
      "4": 3.25,
      "1": 5.75,
      "6": 4.75,
      "3": 8.75,
      "7": 9.25,
      "5": 9.0
    },
    "16": {
      "6": 2.4,
      "8": 3.8,
      "1": 6.6,
      "2": 5.0,
      "5": 4.8,
      "4": 2.8,
      "0": 4.8,
      "7": 6.8,
      "3": 8.0
    },
    "17": {
      "0": 1.0,
      "4": 2.0,
      "2": 4.0,
      "3": 3.6,
      "7": 6.0,
      "1": 4.8,
      "5": 7.0,
      "8": 7.6,
      "6": 9.0
    },
    "18": {
      "4": 1.2,
      "7": 2.6,
      "1": 2.4,
      "5": 3.8,
      "6": 6.0,
      "2": 6.2,
      "3": 6.6,
      "0": 7.2
    },
    "19": {
      "0": 1.6,
      "4": 3.2,
      "6": 3.2,
      "1": 2.0,
      "5": 5.4,
      "3": 6.0,
      "2": 6.8,
      "7": 7.8
    },
    "20": {
      "2": 1.0,
      "6": 4.4,
      "7": 3.2,
      "0": 3.0,
      "1": 3.6,
      "4": 5.8,
      "5": 7.0,
      "3": 8.0
    },
    "21": {
      "7": 1.6,
      "0": 1.6,
      "2": 3.2,
      "6": 4.0,
      "1": 5.2,
      "3": 5.8,
      "4": 7.4,
      "5": 7.2
    },
    "22": {
      "0": 1.0,
      "6": 2.25,
      "3": 3.0,
      "5": 5.25,
      "7": 5.0,
      "4": 7.5,
      "2": 6.25,
      "1": 5.75
    },
    "23": {
      "0": 1.0,
      "8": 2.2,
      "4": 2.8,
      "1": 4.2,
      "5": 5.6,
      "7": 5.8,
      "2": 7.8,
      "3": 8.0,
      "6": 7.6
    },
    "24": {
      "4": 2.4,
      "0": 2.6,
      "3": 1.4,
      "1": 3.6,
      "6": 5.0,
      "5": 6.0,
      "2": 7.0
    },
    "25": {
      "0": 2.4,
      "3": 3.6,
      "7": 2.6,
      "4": 3.4,
      "2": 5.4,
      "6": 7.0,
      "1": 5.4,
      "5": 6.2
    },
    "26": {
      "0": 1.0,
      "7": 4.5,
      "4": 4.5,
      "8": 3.5,
      "2": 3.0,
      "5": 5.25,
      "6": 8.25,
      "3": 7.5,
      "1": 7.5
    },
    "27": {
      "0": 1.0,
      "3": 3.0,
      "1": 2.2,
      "7": 4.0,
      "2": 4.8,
      "5": 6.6,
      "6": 6.6,
      "4": 7.8
    },
    "28": {
      "0": 1.0,
      "3": 2.0,
      "2": 3.0,
      "1": 4.666666666666667,
      "6": 4.666666666666667,
      "5": 5.666666666666667,
      "4": 7.0
    },
    "29": {
      "0": 1.0,
      "3": 2.2,
      "2": 4.6,
      "5": 3.0,
      "6": 6.8,
      "7": 4.4,
      "1": 7.4,
      "4": 6.6
    },
    "30": {
      "0": 1.0,
      "7": 3.0,
      "5": 2.4,
      "4": 3.6,
      "3": 5.6,
      "2": 6.4,
      "6": 6.8,
      "1": 7.2
    },
    "31": {
      "5": 2.6,
      "2": 2.6,
      "3": 3.6,
      "7": 3.6,
      "4": 3.0,
      "6": 6.6,
      "0": 6.4,
      "1": 7.6
    },
    "32": {
      "4": 1.2,
      "1": 1.8,
      "2": 3.8,
      "3": 3.2,
      "0": 6.2,
      "6": 6.4,
      "5": 5.4
    },
    "33": {
      "0": 1.2,
      "4": 3.2,
      "2": 4.0,
      "6": 3.4,
      "5": 4.6,
      "8": 4.8,
      "7": 7.4,
      "3": 8.0,
      "1": 8.4
    },
    "34": {
      "0": 1.0,
      "4": 2.2,
      "7": 3.8,
      "2": 3.6,
      "6": 5.0,
      "3": 5.8,
      "1": 6.6,
      "5": 8.0
    },
    "35": {
      "0": 1.0,
      "4": 3.2,
      "7": 2.2,
      "3": 4.4,
      "1": 5.4,
      "2": 5.6,
      "5": 7.4,
      "6": 6.8
    },
    "36": {
      "0": 1.0,
      "3": 4.75,
      "5": 2.25,
      "6": 4.25,
      "1": 3.5,
      "7": 5.25,
      "4": 7.5,
      "2": 7.5
    },
    "37": {
      "2": 2.2,
      "0": 1.6,
      "5": 2.6,
      "3": 4.4,
      "6": 4.2,
      "4": 6.0,
      "1": 7.0
    },
    "38": {
      "0": 1.5,
      "4": 1.5,
      "7": 3.0,
      "3": 4.0,
      "6": 5.25,
      "5": 5.75,
      "1": 7.0,
      "2": 8.0
    },
    "39": {
      "5": 2.0,
      "2": 1.3333333333333333,
      "1": 3.0,
      "0": 3.6666666666666665,
      "4": 6.0,
      "6": 5.333333333333333,
      "3": 6.666666666666667
    },
    "40": {
      "0": 1.2,
      "6": 1.8,
      "1": 3.0,
      "7": 4.4,
      "2": 4.6,
      "4": 6.0,
      "3": 7.0,
      "5": 8.0
    },
    "41": {
      "6": 2.0,
      "0": 1.4,
      "4": 3.8,
      "2": 3.4,
      "7": 5.0,
      "5": 6.8,
      "1": 5.8,
      "3": 7.8
    },
    "42": {
      "5": 1.2,
      "6": 2.2,
      "4": 3.8,
      "3": 4.8,
      "1": 6.2,
      "2": 4.8,
      "0": 5.2,
      "7": 7.8
    },
    "43": {
      "3": 2.2,
      "1": 2.4,
      "0": 2.2,