{
  "content_diversity": 0.507727324962616,
  "classifier_auc": 0.8941703181558392,
  "ranking_stability": 0.7143227513227514,
  "feature_coefficients": {
    "word_count": -0.28115469406434745,
    "sentence_count": 0.3406855397888333,
    "avg_sentence_length": 0.525063717402438,
    "paragraph_count": -0.4953481320533526,
    "heading_density": -0.6698207672725073,
    "list_frequency": 0.1996219710356475,
    "readability": -0.6895432956865128,
    "bold_emphasis_density": 0.02410910636758587,
    "citation_density": -0.09396723558533444,
    "statistic_density": -0.22793264670788893,
    "quote_density": -0.015751135199470512,
    "named_source_mentions": -0.48775928147839465,
    "year_mentions": 0.05198287477815118,
    "claim_density": 0.2700679585218048,
    "external_reference_density": 0.26382823837622926,
    "question_density": -0.04998946849013688,
    "query_similarity": 2.634080135207529,
    "corpus_centroid_similarity": -0.04285852154746154,
    "type_token_ratio": -0.6462561031799828,
    "vocabulary_sophistication": 0.22430920622380252,
    "sentiment_polarity": -0.15517140347449201,
    "avg_word_length": 0.11824625977551054,
    "semantic_uniqueness": 1.0583481460001114,
    "information_density": -0.1768990603323496,
    "specificity_score": -0.0040410743949286345
  },
  "avg_ranks": {
    "0": {
      "0": 1.2,
      "2": 1.8,
      "1": 5.0,
      "7": 4.8,
      "3": 4.8,
      "4": 5.8,
      "5": 5.8,
      "6": 6.8
    },
    "1": {
      "0": 1.0,
      "3": 2.0,
      "5": 3.6,
      "8": 4.2,
      "2": 5.8,
      "6": 4.6,
      "1": 7.4,
      "4": 8.2,
      "7": 8.2
    },
    "2": {
      "0": 1.0,
      "7": 2.8,
      "3": 2.2,
      "6": 4.4,
      "2": 5.4,
      "5": 6.4,
      "4": 5.8,
      "1": 8.0
    },
    "3": {
      "0": 1.0,
      "1": 2.0,
      "2": 3.2,
      "6": 3.8,
      "4": 6.2,
      "3": 5.2,
      "5": 6.6
    },
    "4": {
      "5": 1.0,
      "0": 2.2,
      "3": 2.8,
      "6": 4.2,
      "1": 4.8,
      "4": 6.0,
      "8": 7.4,
      "7": 8.4,
      "2": 8.2
    },
    "5": {
      "0": 1.4,
      "1": 2.6,
      "6": 2.0,
      "2": 4.0,
      "4": 6.8,
      "3": 5.6,
      "5": 6.4,
      "7": 7.2
    },
    "6": {
      "0": 1.0,
      "4": 2.0,
      "2": 3.2,
      "3": 5.2,
      "5": 4.6,
      "7": 6.0,
      "6": 6.0,
      "1": 8.0
    },
    "7": {
      "5": 1.75,
      "1": 2.75,
      "0": 1.5,
      "3": 4.5,
      "4": 4.5,
      "2": 6.25,
      "6": 6.75
    },
    "8": {
      "0": 1.0,
      "6": 3.2,
      "1": 2.6,
      "2": 3.8,
      "4": 4.8,
      "3": 5.8,
      "5": 6.8
    },
    "9": {
      "1": 2.6,
      "5": 2.8,
      "3": 5.2,
      "2": 1.8,
      "0": 3.6,
      "4": 5.0,
      "7": 7.4,
      "6": 7.6
    },
    "10": {
      "0": 2.4,
      "4": 1.4,
      "9": 2.2,
      "2": 7.6,
      "3": 4.6,
      "1": 5.8,
      "6": 7.4,
      "5": 6.8,
      "7": 9.4,
      "8": 7.4
    },
    "11": {
      "0": 1.0,
      "2": 2.6,
      "6": 2.4,
      "3": 4.0,
      "5": 5.0,
      "1": 6.4,
      "4": 6.6
    },
    "12": {
      "6": 1.25,
      "1": 3.25,
      "0": 2.0,
      "4": 3.5,
      "5": 5.0,
      "2": 6.0,
      "3": 7.0
    },
    "13": {
      "4": 2.5,
      "0": 1.25,
      "3": 2.5,
      "2": 5.0,
      "5": 4.0,
      "1": 5.75,
      "6": 7.0,
      "7": 8.0
    },
    "14": {
      "2": 1.8,
      "4": 2.4,
      "1": 3.4,
      "5": 2.4,
      "0": 5.0,
      "3": 6.2,
      "6": 6.8
    },
    "15": {
      "2": 3.4,
      "8": 2.0,
      "4": 2.4,
      "9": 3.0,
      "1": 8.0,
      "5": 7.4,
      "6": 4.6,
      "7": 8.4,
      "0": 6.8,
      "3": 9.0
    },
    "16": {
      "6": 1.2,
      "4": 2.2,
      "7": 6.0,
      "0": 3.6,
      "8": 3.8,
      "5": 6.6,
      "1": 6.4,
      "2": 6.4,
      "3": 8.8
    },
    "17": {
      "0": 1.0,
      "4": 2.0,
      "1": 3.6,
      "3": 3.8,
      "2": 5.2,
      "7": 6.2,
      "5": 6.8,
      "8": 7.6,
      "6": 8.8
    },
    "18": {
      "1": 1.8,
      "4": 2.0,
      "7": 3.0,
      "5": 4.0,
      "3": 6.4,
      "6": 4.6,
      "2": 6.6,
      "0": 7.6
    },
    "19": {
      "4": 3.4,
      "1": 1.8,
      "0": 2.0,
      "6": 3.4,
      "2": 6.0,
      "3": 6.4,
      "5": 5.8,
      "7": 7.2
    },
    "20": {
      "2": 1.0,
      "7": 3.2,
      "0": 2.4,
      "6": 4.4,
      "4": 4.0,
      "1": 6.4,
      "5": 6.6,
      "3": 8.0
    },
    "21": {
      "7": 1.6,
      "0": 1.4,
      "6": 3.6,
      "2": 3.4,
      "1": 5.0,
      "3": 6.2,
      "5": 7.2,
      "4": 7.6
    },
    "22": {
      "0": 1.0,
      "3": 2.0,
      "6": 3.0,
      "2": 4.0,
      "5": 5.0,
      "1": 7.0,
      "7": 6.5,
      "4": 7.5
    },
    "23": {
      "0": 1.0,
      "8": 2.0,
      "4": 3.0,
      "1": 4.0,
      "5": 6.25,
      "6": 5.25,
      "7": 6.5,
      "3": 8.5,
      "2": 8.5
    },
    "24": {
      "4": 1.8,
      "3": 1.6,
      "0": 2.6,
      "1": 4.2,
      "6": 4.8,
      "5": 6.0,
      "2": 7.0
    },
    "25": {
      "0": 2.75,
      "3": 3.0,
      "4": 2.5,
      "7": 3.0,
      "2": 4.5,
      "6": 7.25,
      "1": 6.5,
      "5": 6.5
    },
    "26": {
      "0": 1.0,
      "2": 2.2,
      "8": 2.8,
      "5": 4.6,
      "4": 5.0,
      "7": 5.4,
      "1": 7.4,
      "3": 7.8,
      "6": 8.8
    },
    "27": {
      "0": 1.0,
      "1": 2.0,
      "7": 3.8,
      "2": 4.2,
      "3": 4.0,
      "5": 6.4,
      "4": 7.6,
      "6": 7.0
    },
    "28": {
      "0": 1.0,
      "3": 2.2,
      "2": 3.4,
      "5": 4.8,
      "6": 5.8,
      "1": 4.4,
      "4": 6.4
    },
    "29": {
      "0": 1.0,
      "3": 2.8,
      "7": 3.4,
      "2": 4.4,
      "5": 3.8,
      "1": 7.2,
      "4": 6.6,
      "6": 6.8
    },
    "30": {
      "0": 1.0,
      "5": 2.0,
      "7": 3.4,
      "4": 3.6,
      "3": 5.4,
      "2": 6.2,
      "1": 7.8,
      "6": 6.6
    },
    "31": {
      "2": 1.6,
      "3": 2.8,
      "4": 3.8,
      "7": 3.8,
      "5": 3.2,
      "0": 7.4,
      "6": 6.0,
      "1": 7.4
    },
    "32": {
      "1": 1.25,
      "4": 1.75,
      "3": 3.0,
      "2": 4.0,
      "5": 5.0,
      "0": 6.25,
      "6": 6.75
    },
    "33": {
      "0": 1.25,
      "8": 3.75,
      "2": 3.5,
      "4": 5.25,
      "6": 3.25,
      "7": 7.25,
      "3": 5.75,
      "1": 8.75,
      "5": 6.25
    },
    "34": {
      "0": 1.0,
      "4": 2.5,
      "5": 5.25,
      "7": 3.25,
      "2": 5.25,
      "1": 6.5,
      "6": 5.5,
      "3": 6.75
    },
    "35": {
      "0": 1.0,
      "7": 2.0,
      "4": 3.0,
      "2": 4.6,
      "1": 6.0,
      "3": 4.6,
      "6": 7.6,
      "5": 7.2
    },
    "36": {
      "0": 1.0,
      "5": 2.2,
      "1": 3.0,
      "3": 6.2,
      "6": 5.0,
      "7": 5.6,
      "2": 6.4,
      "4": 6.6
    },
    "37": {
      "2": 1.8,
      "0": 1.4,
      "3": 3.2,
      "5": 4.2,
      "6": 4.4,
      "4": 6.0,
      "1": 7.0
    },
    "38": {
      "4": 1.4,
      "0": 1.8,
      "3": 3.4,
      "7": 3.4,
      "5": 5.4,
      "6": 6.0,
      "1": 6.6,
      "2": 8.0
    },
    "39": {
      "2": 1.0,
      "5": 2.4,
      "1": 2.8,
      "0": 3.8,
      "6": 5.0,
      "3": 6.2,
      "4": 6.8
    },
    "40": {
      "1": 3.2,
      "7": 3.6,
      "6": 2.2,
      "0": 2.2,
      "2": 3.8,
      "3": 6.8,
      "5": 7.8,
      "4": 6.4
    },
    "41": {
      "2": 2.8,
      "7": 4.0,
      "0": 2.0,
      "6": 2.8,
      "4": 4.4,
      "5": 5.2,
      "1": 6.8,
      "3": 8.0
    },
    "42": {
      "5": 1.2,
      "4": 2.8,
      "6": 2.6,
      "1": 5.4,
      "2": 3.8,
      "3": 5.4,
      "0": 6.8,
      "7": 8.0
    },
    "43": {
      "3": 2.6,
      "4": 3.2,
      "0": 1.4,
      "1": 2.8,
      "2": 5.2,
      "5": 6.0,
      "6": 6.8
    },
    "44": {
      "0": 1.0,
      "2": 2.0,
      "6": 5.0,
      "5": 3.2,
      "3": 4.2,
      "7": 6.0,
      "4": 6.6,
      "1": 8.0
    },
    "45": {
      "0": 1.0,
      "2": 2.0,
      "5": 3.0,
      "3": 5.6,
      "1": 4.4,