{
  "content_diversity": 0.5089290738105774,
  "classifier_auc": 0.9091832056068645,
  "ranking_stability": 0.7126067396655631,
  "feature_coefficients": {
    "word_count": -0.2152467604126811,
    "sentence_count": 0.2475756474336788,
    "avg_sentence_length": 0.7319319941143442,
    "paragraph_count": -0.8215634520363962,
    "heading_density": -0.329454259792253,
    "list_frequency": -0.0713899401141254,
    "readability": -0.6166489954495119,
    "bold_emphasis_density": 0.2097475528900715,
    "citation_density": 0.04468890972861193,
    "statistic_density": -0.16150731568656712,
    "quote_density": -0.17985551301226255,
    "named_source_mentions": -0.284456989674133,
    "year_mentions": -0.015639021497373076,
    "claim_density": 0.30301269293196603,
    "external_reference_density": 0.21004342408421495,
    "question_density": 0.019215697183544492,
    "query_similarity": 2.599519510715004,
    "corpus_centroid_similarity": 0.0699817353117339,
    "type_token_ratio": -0.4164274784342234,
    "vocabulary_sophistication": 0.040352130473013594,
    "sentiment_polarity": 0.010572250365720189,
    "avg_word_length": 0.061668627178905935,
    "semantic_uniqueness": 1.0264573329171305,
    "information_density": -0.14361784673130906,
    "specificity_score": -0.13434233089375322
  },
  "avg_ranks": {
    "0": {
      "0": 1.0,
      "2": 2.0,
      "3": 4.8,
      "1": 5.2,
      "5": 5.2,
      "4": 6.0,
      "7": 4.6,
      "6": 7.2
    },
    "1": {
      "0": 1.0,
      "3": 2.0,
      "6": 3.8,
      "5": 4.2,
      "8": 4.0,
      "4": 7.6,
      "2": 7.2,
      "7": 7.2,
      "1": 8.0
    },
    "2": {
      "0": 1.0,
      "3": 2.2,
      "7": 3.0,
      "6": 4.4,
      "4": 6.0,
      "5": 6.4,
      "2": 5.8,
      "1": 7.2
    },
    "3": {
      "0": 1.0,
      "1": 2.25,
      "2": 3.25,
      "6": 4.25,
      "3": 5.5,
      "4": 6.25,
      "5": 5.5
    },
    "4": {
      "5": 1.0,
      "0": 2.0,
      "3": 3.0,
      "1": 4.6,
      "6": 4.4,
      "4": 6.0,
      "8": 7.0,
      "7": 8.4,
      "2": 8.6
    },
    "5": {
      "6": 1.8,
      "1": 2.4,
      "0": 1.8,
      "2": 4.0,
      "3": 5.8,
      "5": 6.2,
      "4": 7.0,
      "7": 7.0
    },
    "6": {
      "0": 1.0,
      "4": 2.0,
      "2": 3.25,
      "5": 3.75,
      "7": 6.25,
      "6": 5.75,
      "3": 6.0,
      "1": 8.0
    },
    "7": {
      "0": 2.0,
      "5": 2.0,
      "4": 3.0,
      "1": 4.2,
      "3": 3.8,
      "6": 6.4,
      "2": 6.6
    },
    "8": {
      "0": 1.4,
      "1": 1.6,
      "6": 3.6,
      "3": 5.2,
      "2": 4.4,
      "5": 6.8,
      "4": 5.0
    },
    "9": {
      "2": 1.75,
      "0": 3.5,
      "1": 2.75,
      "4": 4.5,
      "3": 4.25,
      "5": 4.5,
      "6": 7.5,
      "7": 7.25
    },
    "10": {
      "4": 1.2,
      "9": 2.2,
      "0": 2.6,
      "3": 4.6,
      "8": 6.8,
      "1": 6.2,
      "5": 5.6,
      "2": 6.8,
      "6": 9.2,
      "7": 9.8
    },
    "11": {
      "0": 1.0,
      "6": 2.2,
      "2": 2.8,
      "3": 4.2,
      "5": 4.8,
      "4": 6.4,
      "1": 6.6
    },
    "12": {
      "0": 1.6,
      "6": 2.0,
      "1": 3.2,
      "5": 4.6,
      "2": 4.8,
      "4": 5.0,
      "3": 6.8
    },
    "13": {
      "0": 1.6,
      "3": 1.8,
      "4": 3.4,
      "1": 4.8,
      "5": 3.6,
      "2": 5.8,
      "7": 7.4,
      "6": 7.6
    },
    "14": {
      "4": 3.0,
      "2": 2.2,
      "5": 1.4,
      "1": 3.4,
      "0": 5.0,
      "6": 6.6,
      "3": 6.4
    },
    "15": {
      "4": 2.2,
      "2": 2.2,
      "8": 2.2,
      "6": 6.8,
      "1": 4.8,
      "5": 6.8,
      "0": 5.0,
      "9": 7.0,
      "3": 9.4,
      "7": 8.6
    },
    "16": {
      "6": 1.0,
      "4": 3.4,
      "8": 4.6,
      "2": 4.8,
      "1": 4.6,
      "0": 4.2,
      "5": 7.0,
      "3": 8.2,
      "7": 7.2
    },
    "17": {
      "0": 1.0,
      "4": 2.6,
      "2": 5.0,
      "1": 3.4,
      "3": 3.4,
      "5": 6.8,
      "7": 5.8,
      "8": 8.2,
      "6": 8.8
    },
    "18": {
      "4": 1.4,
      "1": 1.8,
      "7": 3.0,
      "5": 3.8,
      "6": 5.2,
      "2": 6.0,
      "0": 7.8,
      "3": 7.0
    },
    "19": {
      "0": 1.6,
      "6": 1.6,
      "1": 3.6,
      "4": 3.4,
      "7": 6.6,
      "2": 6.8,
      "3": 5.8,
      "5": 6.6
    },
    "20": {
      "2": 1.2,
      "0": 1.8,
      "1": 4.8,
      "7": 4.0,
      "6": 4.6,
      "5": 6.8,
      "4": 4.8,
      "3": 8.0
    },
    "21": {
      "0": 1.4,
      "7": 1.6,
      "2": 3.4,
      "1": 4.6,
      "6": 4.0,
      "4": 7.4,
      "5": 7.2,
      "3": 6.4
    },
    "22": {
      "0": 1.0,
      "5": 4.0,
      "3": 3.0,
      "6": 4.0,
      "1": 6.0,
      "7": 5.5,
      "2": 4.5,
      "4": 8.0
    },
    "23": {
      "0": 1.4,
      "4": 2.6,
      "8": 2.0,
      "1": 4.2,
      "5": 5.4,
      "6": 6.6,
      "7": 6.8,
      "2": 7.6,
      "3": 8.4
    },
    "24": {
      "3": 1.2,
      "0": 2.0,
      "1": 4.2,
      "4": 3.0,
      "6": 4.8,
      "5": 5.8,
      "2": 7.0
    },
    "25": {
      "0": 1.0,
      "3": 2.4,
      "7": 2.8,
      "4": 3.8,
      "5": 6.4,
      "2": 5.8,
      "1": 6.8,
      "6": 7.0
    },
    "26": {
      "0": 1.0,
      "2": 2.4,
      "8": 2.6,
      "5": 4.4,
      "4": 5.2,
      "1": 8.0,
      "7": 5.6,
      "3": 7.2,
      "6": 8.6
    },
    "27": {
      "0": 1.0,
      "1": 2.2,
      "3": 3.6,
      "7": 4.0,
      "2": 4.2,
      "5": 6.4,
      "6": 6.6,
      "4": 8.0
    },
    "28": {
      "0": 1.0,
      "3": 2.0,
      "2": 3.8,
      "1": 4.6,
      "5": 4.2,
      "6": 5.4,
      "4": 7.0
    },
    "29": {
      "0": 1.0,
      "3": 3.0,
      "5": 3.2,
      "7": 3.0,
      "2": 4.8,
      "6": 6.4,
      "4": 6.8,
      "1": 7.8
    },
    "30": {
      "0": 1.0,
      "5": 2.0,
      "7": 3.0,
      "4": 4.0,
      "2": 5.4,
      "3": 6.0,
      "1": 7.8,
      "6": 6.8
    },
    "31": {
      "3": 3.0,
      "7": 3.0,
      "2": 2.6,
      "5": 2.2,
      "4": 4.4,
      "0": 6.4,
      "6": 6.6,
      "1": 7.8
    },
    "32": {
      "1": 1.0,
      "4": 2.0,
      "3": 3.0,
      "2": 4.0,
      "5": 5.0,
      "0": 6.6,
      "6": 6.4
    },
    "33": {
      "0": 1.0,
      "2": 4.0,
      "6": 2.2,
      "8": 5.2,
      "5": 3.8,
      "7": 7.2,
      "3": 7.2,
      "4": 5.6,
      "1": 8.8
    },
    "34": {
      "0": 1.0,
      "4": 2.4,
      "7": 3.4,
      "2": 4.2,
      "6": 5.8,
      "1": 6.4,
      "3": 7.6,
      "5": 5.2
    },
    "35": {
      "0": 1.0,
      "7": 2.0,
      "4": 3.0,
      "3": 4.2,
      "2": 4.8,
      "1": 6.0,
      "5": 7.4,
      "6": 7.6
    },
    "36": {
      "0": 1.0,
      "5": 2.0,
      "3": 5.6,
      "6": 4.8,
      "1": 3.4,
      "7": 5.0,
      "2": 6.8,
      "4": 7.4
    },
    "37": {
      "3": 3.4,
      "0": 2.2,
      "2": 2.0,
      "6": 3.8,
      "5": 3.6,
      "4": 6.0,
      "1": 7.0
    },
    "38": {
      "0": 1.2,
      "4": 1.8,
      "3": 3.4,
      "6": 5.6,
      "7": 3.8,
      "5": 5.8,
      "1": 6.4,
      "2": 8.0
    },
    "39": {
      "2": 1.4,
      "1": 2.8,
      "0": 3.4,
      "5": 2.4,
      "6": 5.0,
      "3": 6.6,
      "4": 6.4
    },
    "40": {
      "1": 2.4,
      "0": 1.4,
      "6": 2.6,
      "7": 3.6,
      "2": 5.2,
      "4": 6.0,
      "3": 6.8,
      "5": 8.0
    },
    "41": {
      "0": 1.6,
      "2": 3.0,
      "6": 2.4,
      "4": 4.6,
      "7": 4.0,
      "5": 5.4,
      "3": 7.6,
      "1": 7.4
    },
    "42": {
      "5": 1.0,
      "6": 2.0,
      "2": 4.4,
      "4": 3.4,
      "3": 5.0,
      "1": 5.8,
      "0": 6.6,
      "7": 7.8
    },
    "43": {
      "0": 1.6,
      "3": 2.4,
      "4": 2.6,
      "1": 3.4,
      "2": 5.4,
      "6": 6.8,
      "5": 5.8
    },
    "44": {
      "0": 1.0,
      "2": 2.0,
      "5": 3.0,
      "3": 4.0,
      "4": 5.8,
      "6": 5.6,
      "7": 6.6,
      "1": 8.0
    },
    "45": {
      "0": 1.0,
      "3": 4.8,
      "2": 2.4,
      "1": 3.8,
      "5": 3.4,
      "4": 6.0,