{
  "content_diversity": 0.5040271878242493,
  "classifier_auc": 0.8813532945314202,
  "ranking_stability": 0.6896053558844255,
  "feature_coefficients": {
    "word_count": 0.3586776982924764,
    "sentence_count": 0.16807848851739562,
    "avg_sentence_length": 0.48726638635956315,
    "paragraph_count": -0.5521187679785545,
    "heading_density": -0.2996352048538688,
    "list_frequency": 0.0004838133554522391,
    "readability": -0.2062795877445937,
    "bold_emphasis_density": 0.18656377674163052,
    "citation_density": 0.14011651127995584,
    "statistic_density": -0.2751272161778161,
    "quote_density": -0.062301343365026435,
    "named_source_mentions": -0.7735178376398186,
    "year_mentions": 0.06412289329845579,
    "claim_density": 0.12353104903568549,
    "external_reference_density": 0.18017348952878365,
    "question_density": -0.04370073566450861,
    "query_similarity": 2.7181491193192104,
    "corpus_centroid_similarity": -0.05666474484929766,
    "type_token_ratio": -0.381714499380319,
    "vocabulary_sophistication": 0.034700610687260804,
    "sentiment_polarity": -0.0083974411758083,
    "avg_word_length": 0.19903975236175575,
    "semantic_uniqueness": 1.2026111142579634,
    "information_density": -0.09021905663781059,
    "specificity_score": 0.22608934318718352
  },
  "avg_ranks": {
    "0": {
      "0": 1.4,
      "2": 1.6,
      "5": 4.0,
      "6": 4.8,
      "4": 7.0,
      "7": 6.0,
      "1": 5.6,
      "3": 5.6
    },
    "1": {
      "0": 1.0,
      "3": 2.25,
      "5": 3.5,
      "2": 6.0,
      "6": 4.5,
      "8": 4.25,
      "7": 6.5,
      "1": 8.0,
      "4": 9.0
    },
    "2": {
      "0": 1.0,
      "3": 2.2,
      "7": 2.8,
      "6": 4.2,
      "4": 5.6,
      "2": 6.0,
      "5": 7.0,
      "1": 7.2
    },
    "3": {
      "0": 1.0,
      "1": 2.0,
      "2": 3.4,
      "6": 3.6,
      "3": 5.0,
      "5": 6.6,
      "4": 6.4
    },
    "4": {
      "5": 1.0,
      "3": 2.4,
      "0": 2.6,
      "6": 4.2,
      "1": 4.8,
      "4": 6.6,
      "8": 6.8,
      "2": 7.8,
      "7": 8.8
    },
    "5": {
      "6": 1.2,
      "0": 1.8,
      "1": 3.0,
      "2": 4.0,
      "5": 6.0,
      "3": 5.8,
      "4": 7.8,
      "7": 6.4
    },
    "6": {
      "0": 1.0,
      "4": 2.0,
      "5": 4.2,
      "2": 3.4,
      "7": 5.8,
      "6": 5.6,
      "3": 6.4,
      "1": 7.6
    },
    "7": {
      "5": 1.6,
      "1": 3.8,
      "4": 3.4,
      "3": 4.4,
      "0": 2.0,
      "2": 6.6,
      "6": 6.2
    },
    "8": {
      "1": 2.0,
      "0": 1.4,
      "6": 3.2,
      "2": 3.4,
      "3": 5.6,
      "4": 5.4,
      "5": 7.0
    },
    "9": {
      "5": 1.8,
      "1": 2.6,
      "2": 2.6,
      "4": 5.2,
      "3": 4.8,
      "0": 4.0,
      "6": 7.4,
      "7": 7.6
    },
    "10": {
      "4": 1.0,
      "0": 2.0,
      "9": 3.0,
      "5": 6.0,
      "3": 4.8,
      "8": 6.2,
      "1": 7.6,
      "2": 6.8,
      "6": 7.6,
      "7": 10.0
    },
    "11": {
      "0": 1.0,
      "2": 2.6,
      "6": 2.4,
      "3": 4.4,
      "5": 5.0,
      "1": 6.0,
      "4": 6.6
    },
    "12": {
      "0": 1.6,
      "6": 1.4,
      "4": 3.4,
      "1": 3.8,
      "2": 5.6,
      "5": 5.2,
      "3": 7.0
    },
    "13": {
      "0": 1.4,
      "3": 1.6,
      "5": 3.8,
      "4": 3.2,
      "1": 5.2,
      "2": 5.8,
      "7": 7.4,
      "6": 7.6
    },
    "14": {
      "5": 1.8,
      "4": 2.4,
      "2": 2.0,
      "1": 3.8,
      "0": 5.0,
      "3": 6.4,
      "6": 6.6
    },
    "15": {
      "8": 2.0,
      "2": 1.8,
      "4": 2.8,
      "6": 3.8,
      "0": 6.8,
      "9": 5.0,
      "1": 7.2,
      "5": 7.0,
      "7": 8.6,
      "3": 10.0
    },
    "16": {
      "4": 1.8,
      "6": 1.2,
      "0": 4.2,
      "5": 4.6,
      "8": 7.2,
      "2": 5.6,
      "1": 6.0,
      "7": 7.2,
      "3": 7.2
    },
    "17": {
      "0": 1.0,
      "4": 2.0,
      "1": 3.8,
      "3": 3.8,
      "5": 6.4,
      "7": 6.2,
      "2": 6.2,
      "8": 6.6,
      "6": 9.0
    },
    "18": {
      "1": 2.0,
      "4": 2.0,
      "7": 2.8,
      "5": 3.2,
      "3": 6.4,
      "6": 5.6,
      "2": 6.0,
      "0": 8.0
    },
    "19": {
      "4": 3.4,
      "6": 2.8,
      "0": 2.0,
      "1": 2.2,
      "5": 5.8,
      "3": 5.6,
      "2": 6.8,
      "7": 7.4
    },
    "20": {
      "2": 1.0,
      "6": 3.6,
      "0": 2.8,
      "4": 4.8,
      "7": 2.8,
      "1": 6.4,
      "5": 6.6,
      "3": 8.0
    },
    "21": {
      "7": 1.6,
      "0": 1.4,
      "2": 3.2,
      "6": 3.8,
      "1": 5.0,
      "4": 6.6,
      "5": 7.8,
      "3": 6.6
    },
    "22": {
      "0": 2.75,
      "5": 3.75,
      "1": 4.75,
      "6": 2.75,
      "3": 4.5,
      "7": 5.25,
      "2": 4.5,
      "4": 7.75
    },
    "23": {
      "0": 1.2,
      "8": 1.8,
      "4": 3.0,
      "1": 4.2,
      "6": 6.4,
      "3": 7.8,
      "5": 5.6,
      "7": 7.6,
      "2": 7.4
    },
    "24": {
      "3": 1.4,
      "4": 2.0,
      "0": 2.6,
      "1": 4.0,
      "6": 5.2,
      "5": 5.8,
      "2": 7.0
    },
    "25": {
      "0": 1.0,
      "3": 2.0,
      "4": 3.5,
      "7": 3.5,
      "6": 6.0,
      "5": 6.5,
      "1": 6.75,
      "2": 6.75
    },
    "26": {
      "0": 1.0,
      "7": 4.4,
      "8": 3.0,
      "2": 2.4,
      "5": 5.4,
      "4": 5.4,
      "3": 6.8,
      "6": 8.6,
      "1": 8.0
    },
    "27": {
      "0": 1.0,
      "1": 2.2,
      "3": 2.8,
      "7": 4.4,
      "2": 4.6,
      "5": 6.4,
      "4": 7.6,
      "6": 7.0
    },
    "28": {
      "0": 1.0,
      "3": 2.4,
      "6": 3.4,
      "1": 5.4,
      "5": 4.4,
      "4": 6.6,
      "2": 4.8
    },
    "29": {
      "0": 1.0,
      "5": 3.6,
      "3": 2.6,
      "7": 4.6,
      "2": 4.2,
      "6": 6.0,
      "4": 6.0,
      "1": 8.0
    },
    "30": {
      "0": 1.0,
      "5": 2.0,
      "4": 3.8,
      "7": 3.2,
      "3": 5.8,
      "2": 5.8,
      "6": 7.2,
      "1": 7.2
    },
    "31": {
      "4": 3.8,
      "2": 2.4,
      "5": 3.0,
      "7": 2.6,
      "3": 3.4,
      "6": 6.2,
      "1": 7.6,
      "0": 7.0
    },
    "32": {
      "1": 1.2,
      "4": 1.8,
      "3": 3.2,
      "2": 3.8,
      "5": 5.8,
      "0": 6.2,
      "6": 6.0
    },
    "33": {
      "6": 2.2,
      "0": 1.8,
      "2": 2.8,
      "8": 3.6,
      "5": 4.6,
      "7": 6.2,
      "3": 7.6,
      "1": 8.0,
      "4": 8.2
    },
    "34": {
      "0": 1.0,
      "7": 4.25,
      "4": 2.25,
      "2": 4.5,
      "6": 5.25,
      "3": 6.0,
      "1": 6.0,
      "5": 6.75
    },
    "35": {
      "0": 1.0,
      "7": 2.6,
      "4": 2.8,
      "3": 4.6,
      "2": 5.4,
      "1": 5.8,
      "6": 6.8,
      "5": 7.0
    },
    "36": {
      "0": 1.0,
      "5": 2.2,
      "1": 2.8,
      "2": 6.2,
      "3": 5.8,
      "6": 5.0,
      "4": 6.8,
      "7": 6.2
    },
    "37": {
      "5": 2.6,
      "0": 2.0,
      "2": 1.4,
      "6": 4.2,
      "4": 5.8,
      "3": 5.0,
      "1": 7.0
    },
    "38": {
      "0": 1.2,
      "7": 3.0,
      "4": 2.4,
      "3": 3.4,
      "6": 5.4,
      "1": 6.2,
      "5": 6.4,
      "2": 8.0
    },
    "39": {
      "2": 1.0,
      "0": 3.25,
      "1": 3.0,
      "5": 3.0,
      "3": 5.75,
      "6": 5.25,
      "4": 6.75
    },
    "40": {
      "0": 1.2,
      "1": 2.0,
      "6": 3.2,
      "7": 3.6,
      "2": 5.2,
      "4": 5.8,
      "3": 7.2,
      "5": 7.8
    },
    "41": {
      "6": 3.6,
      "0": 1.6,
      "2": 2.4,
      "4": 3.4,
      "7": 5.0,
      "5": 5.0,
      "1": 7.0,
      "3": 8.0
    },
    "42": {
      "6": 1.4,
      "4": 2.6,
      "5": 2.0,
      "0": 6.4,
      "2": 5.0,
      "7": 7.4,
      "1": 5.8,
      "3": 5.4
    },
    "43": {
      "4": 1.8,
      "3": 2.4,
      "1": 2.0,
      "0": 3.8,
      "2": 5.0,
      "6": 6.2,
      "5": 6.8
    },
    "44": {
      "0": 1.0,
      "2": 2.0,
      "6": 4.8,
      "3": 4.0,
      "5": 3.4,
      "7": 6.0,
      "4": 6.8,
      "1": 8.0
    },
    "45": {
      "0": 1.0,
      "2": 2.6,
      "5": 2.8,
      "1": 4.6,
      "4": 6.2,