{
  "content_diversity": 0.5033097863197327,
  "classifier_auc": 0.885216231663174,
  "ranking_stability": 0.6970927674552408,
  "feature_coefficients": {
    "word_count": -0.37335028427419786,
    "sentence_count": 0.5022238841168104,
    "avg_sentence_length": 0.3116174730995738,
    "paragraph_count": -0.42372356479077766,
    "heading_density": -0.4206819627462374,
    "list_frequency": -0.16003422034417458,
    "readability": -0.0634054977287899,
    "bold_emphasis_density": -0.2658506515311851,
    "citation_density": -0.08842316173604131,
    "statistic_density": -0.034680919374515215,
    "quote_density": -0.10048940403647355,
    "named_source_mentions": -0.2876183831208721,
    "year_mentions": -0.03844108390208215,
    "claim_density": 0.2414648048463338,
    "external_reference_density": 0.1356629540618736,
    "question_density": 0.06727197656007793,
    "query_similarity": 2.6530564211219914,
    "corpus_centroid_similarity": -0.04141784576122694,
    "type_token_ratio": -0.5699792966466933,
    "vocabulary_sophistication": -0.1277286666802364,
    "sentiment_polarity": 0.024605486572903092,
    "avg_word_length": 0.650101929524535,
    "semantic_uniqueness": 1.3037462147055672,
    "information_density": -0.16743687271810706,
    "specificity_score": 0.027071889587277746
  },
  "avg_ranks": {
    "0": {
      "0": 1.4,
      "2": 1.6,
      "7": 4.6,
      "5": 4.4,
      "4": 5.8,
      "6": 6.4,
      "1": 6.2,
      "3": 5.6
    },
    "1": {
      "0": 1.0,
      "3": 2.0,
      "6": 4.6,
      "5": 5.6,
      "2": 4.8,
      "8": 4.2,
      "7": 6.6,
      "1": 8.2,
      "4": 8.0
    },
    "2": {
      "0": 1.0,
      "3": 2.0,
      "7": 3.0,
      "6": 4.0,
      "4": 5.0,
      "2": 6.0,
      "5": 7.0,
      "1": 8.0
    },
    "3": {
      "0": 1.0,
      "1": 2.0,
      "2": 3.0,
      "6": 4.0,
      "3": 5.4,
      "4": 6.0,
      "5": 6.6
    },
    "4": {
      "5": 1.0,
      "6": 3.6,
      "0": 2.8,
      "3": 2.6,
      "1": 5.0,
      "4": 6.0,
      "8": 7.0,
      "2": 8.0,
      "7": 9.0
    },
    "5": {
      "6": 1.2,
      "0": 2.0,
      "1": 2.8,
      "2": 4.0,
      "7": 6.4,
      "3": 6.0,
      "5": 5.8,
      "4": 7.8
    },
    "6": {
      "0": 1.0,
      "4": 2.0,
      "2": 3.4,
      "5": 3.8,
      "3": 6.2,
      "6": 5.2,
      "7": 6.4,
      "1": 8.0
    },
    "7": {
      "5": 2.6,
      "4": 2.4,
      "0": 1.6,
      "3": 4.2,
      "1": 4.2,
      "6": 6.8,
      "2": 6.2
    },
    "8": {
      "0": 1.2,
      "1": 1.8,
      "6": 3.2,
      "3": 5.4,
      "2": 4.0,
      "4": 6.0,
      "5": 6.4
    },
    "9": {
      "5": 3.2,
      "2": 3.4,
      "3": 3.2,
      "1": 2.4,
      "4": 4.2,
      "0": 4.6,
      "7": 7.6,
      "6": 7.4
    },
    "10": {
      "4": 1.0,
      "0": 2.0,
      "9": 3.0,
      "3": 4.8,
      "2": 6.8,
      "8": 6.6,
      "5": 5.6,
      "1": 7.8,
      "6": 7.6,
      "7": 9.8
    },
    "11": {
      "0": 1.0,
      "6": 2.0,
      "2": 3.0,
      "3": 4.6,
      "5": 4.4,
      "1": 6.0,
      "4": 7.0
    },
    "12": {
      "6": 1.6,
      "0": 1.4,
      "4": 3.4,
      "5": 4.6,
      "2": 5.6,
      "1": 4.4,
      "3": 7.0
    },
    "13": {
      "3": 1.6,
      "0": 1.6,
      "5": 3.6,
      "4": 3.2,
      "1": 5.2,
      "2": 5.8,
      "7": 7.8,
      "6": 7.2
    },
    "14": {
      "4": 2.0,
      "5": 2.6,
      "2": 1.8,
      "1": 3.6,
      "0": 5.0,
      "6": 6.4,
      "3": 6.6
    },
    "15": {
      "6": 5.0,
      "2": 2.5,
      "4": 3.25,
      "8": 2.5,
      "9": 3.5,
      "1": 5.0,
      "0": 6.5,
      "5": 7.75,
      "3": 9.75,
      "7": 9.25
    },
    "16": {
      "6": 1.0,
      "0": 3.6,
      "1": 4.0,
      "4": 3.6,
      "2": 5.4,
      "7": 7.0,
      "5": 6.2,
      "8": 6.0,
      "3": 8.2
    },
    "17": {
      "0": 1.0,
      "4": 2.25,
      "3": 3.25,
      "1": 3.75,
      "2": 4.75,
      "5": 6.75,
      "7": 6.25,
      "8": 8.0,
      "6": 9.0
    },
    "18": {
      "4": 1.8,
      "7": 2.2,
      "1": 2.2,
      "5": 3.8,
      "6": 6.0,
      "3": 6.0,
      "2": 6.4,
      "0": 7.6
    },
    "19": {
      "0": 2.25,
      "4": 1.25,
      "1": 3.0,
      "6": 3.5,
      "2": 6.75,
      "7": 7.25,
      "3": 5.5,
      "5": 6.5
    },
    "20": {
      "0": 2.2,
      "2": 1.2,
      "6": 3.0,
      "7": 3.8,
      "4": 5.2,
      "5": 6.4,
      "1": 6.2,
      "3": 8.0
    },
    "21": {
      "0": 1.0,
      "2": 2.8,
      "6": 4.0,
      "7": 2.4,
      "1": 4.8,
      "3": 6.4,
      "5": 7.0,
      "4": 7.6
    },
    "22": {
      "0": 1.0,
      "4": 6.8,
      "6": 3.6,
      "3": 3.8,
      "7": 5.4,
      "1": 5.2,
      "5": 5.2,
      "2": 5.0
    },
    "23": {
      "0": 1.0,
      "8": 2.0,
      "4": 3.0,
      "1": 4.6,
      "5": 5.4,
      "7": 7.4,
      "3": 7.4,
      "2": 7.8,
      "6": 6.4
    },
    "24": {
      "4": 1.4,
      "0": 2.4,
      "3": 2.2,
      "1": 4.4,
      "6": 5.0,
      "5": 5.6,
      "2": 7.0
    },
    "25": {
      "0": 1.0,
      "3": 2.75,
      "7": 3.0,
      "4": 4.0,
      "1": 5.75,
      "2": 6.75,
      "6": 7.25,
      "5": 5.5
    },
    "26": {
      "0": 1.0,
      "2": 2.4,
      "7": 3.2,
      "5": 5.0,
      "4": 6.4,
      "8": 3.8,
      "1": 6.8,
      "3": 7.8,
      "6": 8.6
    },
    "27": {
      "0": 1.0,
      "1": 2.0,
      "7": 4.0,
      "3": 3.2,
      "2": 4.8,
      "4": 7.2,
      "6": 7.0,
      "5": 6.8
    },
    "28": {
      "0": 1.0,
      "6": 5.2,
      "1": 4.6,
      "3": 2.8,
      "2": 3.0,
      "5": 4.4,
      "4": 7.0
    },
    "29": {
      "0": 1.0,
      "3": 2.5,
      "7": 3.75,
      "2": 4.75,
      "4": 5.75,
      "5": 3.25,
      "6": 7.25,
      "1": 7.75
    },
    "30": {
      "0": 1.0,
      "5": 2.0,
      "7": 3.4,
      "4": 3.6,
      "2": 6.0,
      "3": 5.4,
      "6": 6.6,
      "1": 8.0
    },
    "31": {
      "2": 2.0,
      "3": 2.4,
      "5": 3.0,
      "7": 3.0,
      "4": 4.6,
      "6": 6.4,
      "0": 6.6,
      "1": 8.0
    },
    "32": {
      "1": 1.2,
      "4": 1.8,
      "3": 3.0,
      "5": 5.6,
      "2": 4.2,
      "6": 6.2,
      "0": 6.0
    },
    "33": {
      "4": 3.6,
      "0": 1.4,
      "8": 3.4,
      "5": 5.0,
      "2": 4.8,
      "6": 3.2,
      "7": 6.6,
      "3": 8.2,
      "1": 8.8
    },
    "34": {
      "0": 1.0,
      "4": 2.2,
      "7": 3.0,
      "2": 3.8,
      "6": 5.8,
      "3": 5.8,
      "1": 6.4,
      "5": 8.0
    },
    "35": {
      "0": 1.0,
      "7": 2.2,
      "3": 4.2,
      "4": 3.4,
      "2": 4.4,
      "1": 5.8,
      "6": 7.2,
      "5": 7.8
    },
    "36": {
      "0": 1.0,
      "5": 2.0,
      "1": 3.0,
      "6": 5.2,
      "7": 5.8,
      "2": 6.0,
      "3": 5.2,
      "4": 7.8
    },
    "37": {
      "2": 1.4,
      "0": 1.6,
      "6": 3.2,
      "5": 4.2,
      "3": 4.6,
      "4": 6.0,
      "1": 7.0
    },
    "38": {
      "0": 1.2,
      "4": 2.6,
      "7": 2.4,
      "3": 3.8,
      "1": 5.8,
      "6": 5.8,
      "5": 6.4,
      "2": 8.0
    },
    "39": {
      "2": 1.0,
      "1": 2.8,
      "0": 3.0,
      "5": 3.2,
      "6": 5.0,
      "3": 6.8,
      "4": 6.2
    },
    "40": {
      "0": 1.4,
      "6": 2.8,
      "1": 1.8,
      "7": 4.0,
      "2": 5.0,
      "3": 7.0,
      "5": 7.2,
      "4": 6.8
    },
    "41": {
      "4": 2.75,
      "0": 1.75,
      "6": 1.75,
      "2": 3.75,
      "7": 5.25,
      "5": 5.75,
      "1": 7.25,
      "3": 7.75
    },
    "42": {
      "6": 2.0,
      "5": 2.0,
      "2": 4.2,
      "4": 2.8,
      "1": 5.4,
      "3": 6.4,
      "7": 7.4,
      "0": 5.8
    },
    "43": {
      "3": 2.4,
      "1": 2.0,
      "4": 2.8,
      "0": 2.8,
      "2": 5.0,
      "5": 6.0,
      "6": 7.0
    },
    "44": {
      "0": 1.0,
      "2": 2.0,
      "6": 4.8,
      "3": 3.6,
      "5": 3.8,
      "7": 6.2,
      "4": 6.6,
      "1": 8.0
    },
    "45": {
      "0": 1.0,
      "5": 3.4,
      "2": 3.0,
      "1": 4.2,
      "3": 3.8,