{
  "content_diversity": 0.5006259679794312,
  "classifier_auc": 0.8608516483516484,
  "ranking_stability": 0.6950919411304851,
  "feature_coefficients": {
    "word_count": 0.20557753913451923,
    "sentence_count": 0.13870787282463212,
    "avg_sentence_length": 0.3951389551638782,
    "paragraph_count": -0.49499817445724426,
    "heading_density": 0.09352782429221848,
    "list_frequency": -0.4064554349958485,
    "readability": -0.40340622212388877,
    "bold_emphasis_density": -0.015440653010470448,
    "citation_density": -0.09907536406851244,
    "statistic_density": -0.10995196581705116,
    "quote_density": -0.0305372974950651,
    "named_source_mentions": -0.3220642244776069,
    "year_mentions": -0.07569942891693916,
    "claim_density": 0.26988292447810286,
    "external_reference_density": -0.02072141287070523,
    "question_density": 0.05525598535200323,
    "query_similarity": 2.3741771218117087,
    "corpus_centroid_similarity": 0.008261746047415584,
    "type_token_ratio": -0.29871469721348315,
    "vocabulary_sophistication": 0.08279128440329002,
    "sentiment_polarity": -0.002792142820990022,
    "avg_word_length": 0.8196374415068106,
    "semantic_uniqueness": 0.9933103544401016,
    "information_density": -0.2772590863112523,
    "specificity_score": -0.355808544551943
  },
  "avg_ranks": {
    "0": {
      "0": 1.6,
      "2": 1.4,
      "1": 5.4,
      "6": 4.6,
      "5": 4.0,
      "4": 7.0,
      "3": 6.0,
      "7": 6.0
    },
    "1": {
      "0": 1.0,
      "3": 2.0,
      "6": 4.0,
      "2": 5.333333333333333,
      "4": 6.666666666666667,
      "1": 8.0,
      "7": 7.333333333333333,
      "8": 4.666666666666667,
      "5": 6.0
    },
    "2": {
      "0": 1.0,
      "3": 2.0,
      "7": 3.0,
      "6": 5.4,
      "5": 6.0,
      "2": 5.4,
      "4": 6.0,
      "1": 7.2
    },
    "3": {
      "0": 1.0,
      "1": 2.0,
      "3": 5.0,
      "2": 3.4,
      "6": 4.4,
      "4": 5.6,
      "5": 6.6
    },
    "4": {
      "5": 2.2,
      "0": 1.8,
      "3": 2.0,
      "6": 4.4,
      "1": 4.6,
      "4": 6.0,
      "8": 7.2,
      "2": 8.2,
      "7": 8.6
    },
    "5": {
      "0": 1.4,
      "6": 2.0,
      "1": 2.6,
      "2": 4.0,
      "3": 5.2,
      "5": 6.0,
      "4": 7.2,
      "7": 7.6
    },
    "6": {
      "0": 1.0,
      "4": 2.0,
      "2": 3.4,
      "5": 3.6,
      "3": 5.8,
      "7": 5.8,
      "6": 6.4,
      "1": 8.0
    },
    "7": {
      "0": 1.6,
      "5": 1.4,
      "1": 3.4,
      "3": 4.6,
      "4": 4.2,
      "2": 6.4,
      "6": 6.4
    },
    "8": {
      "1": 1.4,
      "0": 1.6,
      "2": 3.2,
      "6": 4.2,
      "5": 6.4,
      "3": 5.4,
      "4": 5.8
    },
    "9": {
      "2": 2.4,
      "4": 4.0,
      "1": 4.0,
      "0": 3.6,
      "3": 3.8,
      "5": 3.2,
      "7": 7.2,
      "6": 7.8
    },
    "10": {
      "0": 1.6,
      "4": 1.4,
      "9": 3.0,
      "5": 5.2,
      "6": 7.2,
      "3": 4.6,
      "2": 6.8,
      "8": 7.0,
      "1": 8.2,
      "7": 10.0
    },
    "11": {
      "0": 1.0,
      "2": 2.0,
      "6": 3.0,
      "3": 4.0,
      "5": 5.0,
      "1": 6.4,
      "4": 6.6
    },
    "12": {
      "0": 1.2,
      "6": 1.8,
      "4": 3.8,
      "5": 4.4,
      "2": 5.8,
      "1": 4.2,
      "3": 6.8
    },
    "13": {
      "3": 1.4,
      "0": 2.2,
      "4": 3.4,
      "2": 5.2,
      "1": 5.4,
      "5": 3.4,
      "7": 7.4,
      "6": 7.6
    },
    "14": {
      "5": 1.6,
      "1": 3.4,
      "2": 2.4,
      "4": 2.6,
      "0": 5.0,
      "3": 6.4,
      "6": 6.6
    },
    "15": {
      "7": 7.5,
      "8": 4.75,
      "0": 4.25,
      "4": 4.25,
      "2": 3.25,
      "9": 4.5,
      "1": 4.5,
      "6": 4.5,
      "5": 8.0,
      "3": 9.5
    },
    "16": {
      "6": 1.0,
      "0": 2.2,
      "4": 4.0,
      "7": 5.4,
      "8": 5.6,
      "1": 5.2,
      "2": 5.2,
      "3": 8.4,
      "5": 8.0
    },
    "17": {
      "0": 1.0,
      "1": 3.0,
      "4": 2.2,
      "7": 5.8,
      "3": 4.0,
      "5": 7.0,
      "2": 6.0,
      "8": 7.0,
      "6": 9.0
    },
    "18": {
      "5": 2.6,
      "6": 4.4,
      "4": 2.0,
      "1": 2.0,
      "7": 4.0,
      "3": 6.8,
      "2": 6.4,
      "0": 7.8
    },
    "19": {
      "0": 1.4,
      "4": 2.6,
      "6": 4.2,
      "3": 4.8,
      "1": 3.4,
      "2": 5.4,
      "5": 6.2,
      "7": 8.0
    },
    "20": {
      "2": 1.2,
      "0": 1.8,
      "7": 3.2,
      "4": 4.4,
      "6": 4.4,
      "5": 6.6,
      "1": 6.4,
      "3": 8.0
    },
    "21": {
      "0": 1.2,
      "7": 1.8,
      "6": 3.8,
      "2": 3.2,
      "1": 5.2,
      "3": 6.0,
      "5": 7.6,
      "4": 7.2
    },
    "22": {
      "0": 1.0,
      "5": 2.8,
      "6": 4.4,
      "3": 3.6,
      "7": 5.2,
      "1": 5.0,
      "2": 6.0,
      "4": 8.0
    },
    "23": {
      "0": 1.0,
      "8": 2.0,
      "4": 3.2,
      "1": 4.4,
      "5": 6.0,
      "6": 7.6,
      "7": 5.8,
      "3": 7.0,
      "2": 8.0
    },
    "24": {
      "3": 2.2,
      "4": 1.6,
      "0": 2.2,
      "1": 4.0,
      "5": 5.0,
      "6": 6.0,
      "2": 7.0
    },
    "25": {
      "0": 1.0,
      "3": 2.0,
      "4": 4.2,
      "7": 3.6,
      "6": 5.6,
      "2": 6.0,
      "5": 7.2,
      "1": 6.4
    },
    "26": {
      "0": 1.0,
      "1": 6.6,
      "2": 2.8,
      "8": 3.0,
      "7": 5.6,
      "5": 5.2,
      "4": 4.6,
      "3": 7.2,
      "6": 9.0
    },
    "27": {
      "0": 1.0,
      "1": 2.4,
      "3": 2.6,
      "7": 4.4,
      "2": 4.6,
      "4": 7.2,
      "6": 6.8,
      "5": 7.0
    },
    "28": {
      "0": 1.0,
      "1": 4.4,
      "3": 3.2,
      "2": 3.8,
      "6": 4.2,
      "5": 4.4,
      "4": 7.0
    },
    "29": {
      "0": 1.0,
      "7": 3.2,
      "3": 3.4,
      "2": 4.6,
      "5": 3.6,
      "6": 6.2,
      "4": 6.4,
      "1": 7.6
    },
    "30": {
      "0": 1.0,
      "5": 2.0,
      "7": 3.0,
      "4": 4.0,
      "6": 6.4,
      "3": 5.4,
      "2": 6.2,
      "1": 8.0
    },
    "31": {
      "2": 1.8,
      "5": 3.4,
      "7": 3.0,
      "4": 5.0,
      "3": 2.8,
      "0": 6.4,
      "6": 5.6,
      "1": 8.0
    },
    "32": {
      "1": 1.2,
      "4": 1.8,
      "3": 3.0,
      "2": 4.0,
      "5": 5.4,
      "0": 6.2,
      "6": 6.4
    },
    "33": {
      "2": 3.0,
      "0": 1.4,
      "6": 2.0,
      "8": 4.8,
      "7": 6.6,
      "5": 7.0,
      "4": 5.8,
      "3": 5.8,
      "1": 8.6
    },
    "34": {
      "0": 1.0,
      "7": 3.6,
      "4": 2.2,
      "3": 5.4,
      "1": 6.2,
      "6": 5.4,
      "2": 5.0,
      "5": 7.2
    },
    "35": {
      "0": 1.0,
      "7": 2.0,
      "4": 3.8,
      "3": 3.6,
      "1": 5.6,
      "2": 5.0,
      "6": 7.4,
      "5": 7.6
    },
    "36": {
      "0": 1.0,
      "5": 2.4,
      "1": 2.6,
      "3": 4.8,
      "7": 7.0,
      "6": 5.0,
      "2": 5.8,
      "4": 7.4
    },
    "37": {
      "0": 1.4,
      "2": 1.8,
      "6": 3.2,
      "5": 3.8,
      "3": 4.8,
      "4": 6.0,
      "1": 7.0
    },
    "38": {
      "0": 1.2,
      "4": 2.0,
      "7": 3.0,
      "3": 3.8,
      "1": 6.2,
      "6": 5.8,
      "5": 6.0,
      "2": 8.0
    },
    "39": {
      "5": 2.2,
      "2": 1.2,
      "1": 3.2,
      "0": 3.4,
      "6": 5.0,
      "4": 6.0,
      "3": 7.0
    },
    "40": {
      "1": 2.0,
      "0": 1.4,
      "6": 2.6,
      "7": 4.2,
      "2": 4.8,
      "4": 6.4,
      "3": 6.8,
      "5": 7.8
    },
    "41": {
      "0": 1.4,
      "2": 3.6,
      "4": 2.2,
      "6": 3.2,
      "7": 4.6,
      "5": 6.4,
      "3": 7.6,
      "1": 7.0
    },
    "42": {
      "6": 1.6,
      "5": 1.6,
      "4": 3.4,
      "0": 6.2,
      "1": 4.8,
      "3": 5.8,
      "2": 5.4,
      "7": 7.2
    },
    "43": {
      "3": 1.8,
      "1": 1.8,
      "0": 3.2,
      "4": 3.2,
      "2": 5.0,
      "6": 6.6,
      "5": 6.4
    },
    "44": {
      "0": 1.0,
      "2": 2.0,
      "5": 3.4,
      "3": 4.0,
      "6": 4.8,
      "7": 6.4,
      "4": 6.4,
      "1": 8.0
    },
    "45": {
      "0": 1.0,
      "2": 2.4,
      "5": 3.2,