{
  "content_diversity": 0.5092482566833496,
  "classifier_auc": 0.8976839813750983,
  "ranking_stability": 0.6907138520253274,
  "feature_coefficients": {
    "word_count": -0.4849044382564812,
    "sentence_count": 0.6902177462217689,
    "avg_sentence_length": 0.3650133546380414,
    "paragraph_count": -0.2152501870341587,
    "heading_density": -0.17677884344708975,
    "list_frequency": -0.02157545882901053,
    "readability": -0.13718329140995716,
    "bold_emphasis_density": 0.0251570388127577,
    "citation_density": -0.018572329937631016,
    "statistic_density": -0.11145712014044604,
    "quote_density": -0.2474523101075892,
    "named_source_mentions": -0.5872557449701084,
    "year_mentions": 0.06738033515748737,
    "claim_density": 0.2534582314747241,
    "external_reference_density": 0.15815532353189676,
    "question_density": 0.007531559885707086,
    "query_similarity": 2.7886077065014914,
    "corpus_centroid_similarity": 0.14260721516371352,
    "type_token_ratio": -0.3988589448886139,
    "vocabulary_sophistication": 0.08899537167440823,
    "sentiment_polarity": -0.019934342297446023,
    "avg_word_length": -0.3755611766143044,
    "semantic_uniqueness": 1.0776935251832138,
    "information_density": -0.2102067364730403,
    "specificity_score": 0.09040594539686972
  },
  "avg_ranks": {
    "0": {
      "0": 1.0,
      "2": 2.0,
      "4": 4.2,
      "1": 5.2,
      "5": 4.8,
      "3": 5.0,
      "7": 6.0,
      "6": 7.8
    },
    "1": {
      "0": 1.0,
      "3": 3.0,
      "5": 3.0,
      "6": 4.0,
      "8": 4.0,
      "4": 8.0,
      "1": 6.25,
      "7": 7.75,
      "2": 8.0
    },
    "2": {
      "0": 1.0,
      "7": 3.8,
      "3": 2.4,
      "2": 5.6,
      "4": 5.4,
      "6": 4.2,
      "5": 5.6,
      "1": 8.0
    },
    "3": {
      "0": 1.0,
      "1": 2.0,
      "5": 5.2,
      "2": 3.6,
      "6": 4.6,
      "3": 5.0,
      "4": 6.6
    },
    "4": {
      "5": 1.0,
      "0": 2.2,
      "3": 2.8,
      "1": 4.2,
      "6": 4.8,
      "2": 8.0,
      "8": 7.0,
      "4": 6.4,
      "7": 8.6
    },
    "5": {
      "0": 1.0,
      "1": 2.4,
      "6": 2.6,
      "2": 4.0,
      "3": 6.2,
      "5": 7.0,
      "7": 5.8,
      "4": 7.0
    },
    "6": {
      "0": 1.0,
      "4": 2.0,
      "2": 3.5,
      "5": 3.5,
      "3": 6.5,
      "7": 5.25,
      "6": 6.25,
      "1": 8.0
    },
    "7": {
      "0": 1.2,
      "1": 3.8,
      "4": 3.6,
      "3": 3.8,
      "5": 2.6,
      "6": 6.8,
      "2": 6.2
    },
    "8": {
      "0": 1.4,
      "1": 1.6,
      "6": 3.2,
      "2": 3.8,
      "4": 5.6,
      "5": 6.4,
      "3": 6.0
    },
    "9": {
      "5": 2.8,
      "2": 2.4,
      "0": 3.2,
      "3": 4.4,
      "1": 3.4,
      "4": 4.8,
      "6": 7.2,
      "7": 7.8
    },
    "10": {
      "0": 1.8,
      "9": 2.6,
      "4": 1.6,
      "3": 4.8,
      "8": 6.6,
      "5": 6.6,
      "1": 6.6,
      "2": 7.8,
      "6": 8.8,
      "7": 7.8
    },
    "11": {
      "0": 1.0,
      "6": 2.8,
      "2": 2.2,
      "3": 4.2,
      "5": 4.8,
      "4": 6.4,
      "1": 6.6
    },
    "12": {
      "0": 2.2,
      "6": 2.0,
      "5": 2.8,
      "1": 3.4,
      "4": 4.8,
      "2": 5.8,
      "3": 7.0
    },
    "13": {
      "0": 1.4,
      "5": 3.2,
      "3": 2.2,
      "4": 3.4,
      "1": 5.2,
      "2": 5.6,
      "6": 7.4,
      "7": 7.6
    },
    "14": {
      "5": 1.0,
      "2": 2.2,
      "4": 3.4,
      "0": 4.8,
      "1": 3.6,
      "3": 6.2,
      "6": 6.8
    },
    "15": {
      "2": 2.0,
      "4": 1.8,
      "8": 3.0,
      "9": 4.4,
      "5": 6.6,
      "6": 6.6,
      "0": 6.4,
      "1": 7.0,
      "3": 8.2,
      "7": 9.0
    },
    "16": {
      "6": 1.0,
      "7": 5.2,
      "8": 5.0,
      "4": 2.8,
      "0": 4.2,
      "5": 7.0,
      "3": 7.8,
      "2": 6.2,
      "1": 5.8
    },
    "17": {
      "0": 1.0,
      "4": 2.8,
      "1": 3.4,
      "2": 6.2,
      "3": 3.4,
      "7": 5.6,
      "5": 6.6,
      "8": 7.2,
      "6": 8.8
    },
    "18": {
      "4": 1.0,
      "1": 2.0,
      "7": 3.4,
      "5": 3.8,
      "6": 5.2,
      "2": 6.0,
      "0": 7.4,
      "3": 7.2
    },
    "19": {
      "0": 2.0,
      "6": 3.2,
      "1": 2.2,
      "7": 7.0,
      "4": 2.8,
      "5": 5.8,
      "3": 6.0,
      "2": 7.0
    },
    "20": {
      "2": 1.0,
      "1": 3.8,
      "7": 3.4,
      "6": 4.2,
      "0": 3.8,
      "4": 4.8,
      "5": 7.0,
      "3": 8.0
    },
    "21": {
      "0": 1.0,
      "7": 2.0,
      "2": 4.0,
      "6": 3.6,
      "1": 4.4,
      "5": 7.0,
      "4": 7.2,
      "3": 6.8
    },
    "22": {
      "4": 6.25,
      "5": 2.25,
      "1": 5.5,
      "6": 3.25,
      "3": 4.0,
      "2": 6.25,
      "7": 5.75,
      "0": 2.75
    },
    "23": {
      "0": 1.0,
      "8": 2.0,
      "4": 3.0,
      "1": 4.0,
      "7": 5.6,
      "3": 8.0,
      "2": 7.8,
      "5": 6.8,
      "6": 6.8
    },
    "24": {
      "3": 1.2,
      "0": 2.6,
      "4": 2.2,
      "1": 4.0,
      "6": 5.2,
      "5": 5.8,
      "2": 7.0
    },
    "25": {
      "0": 1.0,
      "7": 3.2,
      "4": 3.0,
      "3": 3.0,
      "2": 5.8,
      "5": 5.6,
      "1": 7.0,
      "6": 7.4
    },
    "26": {
      "0": 1.0,
      "8": 3.2,
      "2": 2.2,
      "3": 7.2,
      "7": 4.6,
      "4": 5.8,
      "5": 4.8,
      "1": 7.6,
      "6": 8.6
    },
    "27": {
      "0": 1.0,
      "7": 3.2,
      "1": 2.2,
      "3": 3.8,
      "2": 4.8,
      "5": 6.2,
      "4": 7.0,
      "6": 7.8
    },
    "28": {
      "0": 1.0,
      "3": 2.6,
      "5": 3.6,
      "2": 4.4,
      "1": 4.0,
      "6": 5.4,
      "4": 7.0
    },
    "29": {
      "0": 1.0,
      "3": 2.2,
      "7": 3.6,
      "2": 5.0,
      "5": 3.4,
      "6": 6.2,
      "4": 6.6,
      "1": 8.0
    },
    "30": {
      "0": 1.0,
      "5": 2.0,
      "7": 3.2,
      "4": 3.8,
      "3": 5.6,
      "2": 5.4,
      "6": 7.0,
      "1": 8.0
    },
    "31": {
      "3": 3.8,
      "2": 1.6,
      "7": 3.4,
      "4": 4.4,
      "5": 2.4,
      "6": 5.8,
      "0": 6.6,
      "1": 8.0
    },
    "32": {
      "1": 1.4,
      "4": 1.6,
      "2": 3.8,
      "3": 3.2,
      "5": 5.4,
      "0": 6.4,
      "6": 6.2
    },
    "33": {
      "0": 1.2,
      "6": 2.2,
      "4": 5.2,
      "8": 5.0,
      "2": 4.0,
      "5": 4.6,
      "7": 6.8,
      "1": 8.6,
      "3": 7.4
    },
    "34": {
      "0": 1.0,
      "4": 2.6,
      "7": 3.0,
      "2": 4.6,
      "1": 7.0,
      "3": 6.6,
      "6": 6.2,
      "5": 5.0
    },
    "35": {
      "0": 1.0,
      "4": 3.8,
      "7": 2.2,
      "1": 5.0,
      "2": 4.8,
      "3": 4.2,
      "6": 7.6,
      "5": 7.4
    },
    "36": {
      "0": 1.0,
      "5": 2.4,
      "1": 3.0,
      "3": 5.2,
      "6": 5.0,
      "2": 6.4,
      "4": 7.8,
      "7": 5.2
    },
    "37": {
      "3": 3.8,
      "2": 1.8,
      "0": 2.4,
      "5": 2.4,
      "6": 4.6,
      "4": 6.0,
      "1": 7.0
    },
    "38": {
      "4": 1.6,
      "0": 1.4,
      "3": 3.6,
      "7": 3.4,
      "5": 5.8,
      "1": 6.6,
      "6": 5.6,
      "2": 8.0
    },
    "39": {
      "2": 1.0,
      "5": 2.0,
      "1": 3.0,
      "0": 4.0,
      "6": 5.0,
      "3": 6.2,
      "4": 6.8
    },
    "40": {
      "0": 1.6,
      "6": 2.2,
      "1": 2.4,
      "7": 4.4,
      "2": 4.4,
      "3": 6.6,
      "4": 6.4,
      "5": 8.0
    },
    "41": {
      "6": 1.8,
      "0": 2.0,
      "2": 3.0,
      "4": 3.6,
      "7": 4.6,
      "5": 6.0,
      "1": 7.4,
      "3": 7.6
    },
    "42": {
      "5": 1.25,
      "4": 2.75,
      "6": 2.5,
      "2": 5.5,
      "3": 5.25,
      "0": 6.0,
      "1": 4.75,
      "7": 8.0
    },
    "43": {
      "3": 2.2,
      "4": 3.2,
      "0": 1.4,
      "1": 3.2,
      "2": 5.0,
      "6": 6.6,
      "5": 6.4
    },
    "44": {
      "0": 1.0,
      "2": 2.0,
      "5": 3.6666666666666665,
      "3": 3.3333333333333335,
      "6": 5.0,
      "7": 6.666666666666667,
      "1": 7.666666666666667,
      "4": 6.666666666666667
    },
    "45": {
      "0": 1.0,