{
  "content_diversity": 0.508088231086731,
  "classifier_auc": 0.8836409474306701,
  "ranking_stability": 0.6863047480115314,
  "feature_coefficients": {
    "word_count": 0.5275387148994746,
    "sentence_count": -0.10444975620684888,
    "avg_sentence_length": 0.42125101991670133,
    "paragraph_count": -0.5529904943530116,
    "heading_density": -0.26834184775008424,
    "list_frequency": 0.07513584302084254,
    "readability": -0.32791683528864635,
    "bold_emphasis_density": 0.2602035089312952,
    "citation_density": -0.054204135391372026,
    "statistic_density": -0.28394142313807597,
    "quote_density": -0.03938313847367317,
    "named_source_mentions": -1.1161341969908132,
    "year_mentions": 0.26419438440448684,
    "claim_density": 0.2131193258770602,
    "external_reference_density": 0.3115799566793995,
    "question_density": 0.1288119783201842,
    "query_similarity": 2.5471549223705225,
    "corpus_centroid_similarity": 0.05402291555682406,
    "type_token_ratio": -0.5214646882982714,
    "vocabulary_sophistication": 0.13093307724160344,
    "sentiment_polarity": -0.1323913186347781,
    "avg_word_length": -0.052618832670920324,
    "semantic_uniqueness": 1.1618863618900077,
    "information_density": 0.015357714375416458,
    "specificity_score": 0.3030494603820824
  },
  "avg_ranks": {
    "0": {
      "2": 1.6,
      "0": 1.4,
      "5": 3.6,
      "6": 5.6,
      "3": 5.8,
      "1": 5.4,
      "7": 6.2,
      "4": 6.4
    },
    "1": {
      "0": 1.0,
      "3": 2.2,
      "5": 4.8,
      "8": 4.0,
      "6": 4.2,
      "7": 7.8,
      "1": 8.2,
      "2": 5.6,
      "4": 7.2
    },
    "2": {
      "0": 1.0,
      "3": 2.2,
      "7": 2.8,
      "4": 5.4,
      "6": 5.0,
      "5": 5.8,
      "2": 5.8,
      "1": 8.0
    },
    "3": {
      "0": 1.0,
      "1": 2.0,
      "3": 4.6,
      "2": 3.2,
      "6": 4.2,
      "4": 6.0,
      "5": 7.0
    },
    "4": {
      "5": 1.0,
      "0": 2.0,
      "3": 3.0,
      "6": 4.2,
      "1": 4.8,
      "4": 6.0,
      "8": 7.0,
      "2": 8.4,
      "7": 8.6
    },
    "5": {
      "0": 1.2,
      "6": 2.2,
      "1": 2.6,
      "2": 4.0,
      "3": 5.6,
      "5": 6.8,
      "4": 7.0,
      "7": 6.6
    },
    "6": {
      "0": 1.0,
      "4": 2.0,
      "2": 3.6,
      "6": 6.0,
      "5": 3.6,
      "7": 5.8,
      "3": 6.0,
      "1": 8.0
    },
    "7": {
      "5": 1.4,
      "0": 1.6,
      "1": 4.2,
      "3": 3.8,
      "4": 4.0,
      "2": 6.2,
      "6": 6.8
    },
    "8": {
      "0": 1.0,
      "1": 2.8,
      "2": 3.2,
      "4": 5.2,
      "6": 3.2,
      "3": 5.8,
      "5": 6.8
    },
    "9": {
      "2": 3.0,
      "4": 2.4,
      "3": 3.6,
      "0": 4.2,
      "5": 3.2,
      "1": 4.6,
      "7": 7.4,
      "6": 7.6
    },
    "10": {
      "4": 1.2,
      "9": 1.8,
      "0": 3.0,
      "3": 4.2,
      "5": 5.2,
      "2": 6.6,
      "1": 7.0,
      "8": 8.2,
      "6": 7.8,
      "7": 10.0
    },
    "11": {
      "0": 1.0,
      "2": 2.2,
      "6": 2.8,
      "3": 4.2,
      "5": 4.8,
      "4": 6.6,
      "1": 6.4
    },
    "12": {
      "0": 1.6,
      "6": 1.6,
      "1": 3.6,
      "4": 3.6,
      "2": 5.8,
      "5": 4.8,
      "3": 7.0
    },
    "13": {
      "5": 3.4,
      "0": 1.8,
      "3": 2.2,
      "4": 2.8,
      "2": 5.4,
      "1": 5.4,
      "7": 7.4,
      "6": 7.6
    },
    "14": {
      "5": 1.2,
      "2": 2.2,
      "1": 3.2,
      "4": 3.4,
      "0": 5.0,
      "3": 6.4,
      "6": 6.6
    },
    "15": {
      "8": 3.0,
      "1": 4.6,
      "9": 3.8,
      "4": 2.0,
      "2": 2.2,
      "0": 7.0,
      "6": 6.8,
      "7": 9.0,
      "5": 8.6,
      "3": 8.0
    },
    "16": {
      "6": 1.2,
      "4": 2.0,
      "1": 4.8,
      "0": 5.8,
      "2": 6.4,
      "8": 4.8,
      "5": 4.8,
      "3": 7.4,
      "7": 7.8
    },
    "17": {
      "0": 1.0,
      "4": 2.2,
      "3": 2.8,
      "2": 5.4,
      "8": 7.4,
      "5": 6.6,
      "7": 5.8,
      "1": 4.8,
      "6": 9.0
    },
    "18": {
      "7": 2.2,
      "4": 1.4,
      "1": 2.8,
      "5": 3.6,
      "6": 5.6,
      "3": 6.0,
      "2": 6.8,
      "0": 7.6
    },
    "19": {
      "0": 1.6,
      "1": 3.2,
      "4": 2.6,
      "3": 4.4,
      "6": 3.2,
      "5": 6.4,
      "2": 6.6,
      "7": 8.0
    },
    "20": {
      "2": 1.0,
      "7": 3.8,
      "0": 2.6,
      "6": 3.6,
      "4": 4.6,
      "5": 6.6,
      "1": 5.8,
      "3": 8.0
    },
    "21": {
      "7": 1.8,
      "0": 1.4,
      "2": 3.0,
      "6": 3.8,
      "1": 5.0,
      "3": 6.6,
      "5": 6.8,
      "4": 7.6
    },
    "22": {
      "0": 1.0,
      "4": 6.0,
      "6": 3.3333333333333335,
      "2": 4.0,
      "3": 4.0,
      "1": 5.666666666666667,
      "5": 5.333333333333333,
      "7": 6.666666666666667
    },
    "23": {
      "0": 1.0,
      "8": 2.0,
      "4": 3.2,
      "1": 3.8,
      "5": 5.6,
      "2": 7.0,
      "7": 7.2,
      "3": 7.0,
      "6": 8.2
    },
    "24": {
      "0": 2.4,
      "4": 1.4,
      "3": 2.2,
      "1": 4.0,
      "6": 5.0,
      "5": 6.0,
      "2": 7.0
    },
    "25": {
      "0": 1.0,
      "3": 2.6,
      "7": 2.6,
      "4": 3.8,
      "2": 5.8,
      "5": 6.6,
      "6": 7.0,
      "1": 6.6
    },
    "26": {
      "0": 1.0,
      "8": 2.8,
      "2": 2.6,
      "5": 6.0,
      "4": 4.8,
      "7": 4.2,
      "1": 7.4,
      "3": 7.4,
      "6": 8.8
    },
    "27": {
      "0": 1.0,
      "1": 2.0,
      "3": 3.4,
      "7": 3.6,
      "2": 5.0,
      "5": 7.0,
      "4": 6.8,
      "6": 7.2
    },
    "28": {
      "0": 1.0,
      "3": 2.2,
      "2": 3.8,
      "6": 4.8,
      "5": 4.4,
      "1": 4.8,
      "4": 7.0
    },
    "29": {
      "0": 1.0,
      "3": 2.2,
      "7": 3.0,
      "2": 4.0,
      "5": 5.2,
      "4": 6.8,
      "6": 6.8,
      "1": 7.0
    },
    "30": {
      "0": 1.0,
      "5": 2.0,
      "7": 3.6,
      "4": 3.4,
      "2": 6.0,
      "3": 5.4,
      "6": 6.8,
      "1": 7.8
    },
    "31": {
      "7": 2.6,
      "5": 3.0,
      "2": 3.0,
      "3": 3.0,
      "4": 3.4,
      "0": 6.6,
      "6": 6.4,
      "1": 8.0
    },
    "32": {
      "4": 1.8,
      "1": 1.2,
      "3": 3.0,
      "2": 4.0,
      "6": 6.2,
      "0": 6.4,
      "5": 5.4
    },
    "33": {
      "2": 1.8,
      "0": 1.4,
      "8": 4.0,
      "6": 3.0,
      "5": 5.8,
      "7": 7.6,
      "4": 6.2,
      "3": 6.8,
      "1": 8.4
    },
    "34": {
      "0": 1.0,
      "4": 2.8,
      "5": 4.6,
      "7": 3.8,
      "2": 5.2,
      "1": 6.2,
      "3": 6.4,
      "6": 6.0
    },
    "35": {
      "0": 1.0,
      "7": 2.0,
      "4": 3.2,
      "3": 4.2,
      "2": 4.8,
      "1": 6.2,
      "5": 7.2,
      "6": 7.4
    },
    "36": {
      "0": 1.0,
      "5": 2.0,
      "1": 3.2,
      "7": 4.0,
      "6": 5.4,
      "3": 7.4,
      "2": 6.4,
      "4": 6.6
    },
    "37": {
      "2": 1.2,
      "0": 1.8,
      "3": 3.6,
      "6": 4.2,
      "5": 4.2,
      "4": 6.2,
      "1": 6.8
    },
    "38": {
      "0": 1.2,
      "4": 2.0,
      "3": 3.4,
      "7": 3.4,
      "6": 5.4,
      "1": 6.4,
      "5": 6.2,
      "2": 8.0
    },
    "39": {
      "2": 1.0,
      "5": 2.25,
      "0": 3.75,
      "6": 5.25,
      "1": 3.25,
      "4": 6.25,
      "3": 6.25
    },
    "40": {
      "0": 1.0,
      "1": 2.5,
      "6": 3.0,
      "7": 3.75,
      "2": 4.75,
      "3": 6.5,
      "5": 7.75,
      "4": 6.75
    },
    "41": {
      "6": 2.8,
      "0": 1.2,
      "2": 2.6,
      "7": 4.2,
      "4": 4.4,
      "1": 7.4,
      "5": 6.0,
      "3": 7.4
    },
    "42": {
      "5": 1.6,
      "6": 2.4,
      "4": 2.0,
      "3": 6.2,
      "2": 5.4,
      "1": 4.8,
      "0": 6.0,
      "7": 7.6
    },
    "43": {
      "3": 1.8,
      "0": 2.0,
      "1": 2.8,
      "4": 3.4,
      "2": 5.0,
      "6": 6.8,
      "5": 6.2
    },
    "44": {
      "0": 1.0,
      "2": 2.0,
      "5": 3.0,
      "3": 4.0,
      "6": 5.0,
      "7": 6.333333333333333,
      "4": 6.666666666666667,
      "1": 8.0
    },
    "45": {
      "0": 1.0,