{
  "content_diversity": 0.49915811419487,
  "classifier_auc": 0.8835069103294688,
  "ranking_stability": 0.6806228140973903,
  "feature_coefficients": {
    "word_count": 0.7283374139704711,
    "sentence_count": -0.19871667940622434,
    "avg_sentence_length": 0.08321802993603342,
    "paragraph_count": 0.0,
    "heading_density": 0.0,
    "list_frequency": 0.061583310554561004,
    "readability": -0.22776027359949771,
    "bold_emphasis_density": -0.12491529563582614,
    "citation_density": -0.012147767702511478,
    "statistic_density": -0.6544772684407432,
    "quote_density": -0.04590939364169549,
    "named_source_mentions": -0.5610507321253128,
    "year_mentions": -0.14712536093456693,
    "claim_density": 0.619548614116502,
    "external_reference_density": -0.008667692489693513,
    "question_density": 0.05107827531608944,
    "query_similarity": 2.868845241512145,
    "corpus_centroid_similarity": 0.09561348704084513,
    "type_token_ratio": -0.418577289985127,
    "vocabulary_sophistication": 0.20345388545882861,
    "sentiment_polarity": 0.10087887755390273,
    "avg_word_length": 0.3427300746361776,
    "semantic_uniqueness": 1.3657275131900597,
    "information_density": -0.18765011683581698,
    "specificity_score": 0.04564743245974309
  },
  "avg_ranks": {
    "0": {
      "0": 1.0,
      "2": 2.0,
      "1": 6.0,
      "3": 5.0,
      "7": 5.6,
      "4": 6.8,
      "6": 5.2,
      "5": 4.4
    },
    "1": {
      "0": 1.0,
      "3": 2.0,
      "2": 5.0,
      "5": 3.3333333333333335,
      "8": 4.666666666666667,
      "6": 5.0,
      "7": 7.333333333333333,
      "4": 7.666666666666667,
      "1": 9.0
    },
    "2": {
      "0": 1.0,
      "3": 2.2,
      "2": 3.0,
      "7": 3.8,
      "1": 6.6,
      "6": 6.0,
      "5": 7.0,
      "4": 6.4
    },
    "3": {
      "0": 1.0,
      "1": 2.0,
      "2": 3.0,
      "6": 4.0,
      "4": 5.75,
      "5": 6.5,
      "3": 5.75
    },
    "4": {
      "5": 1.2,
      "0": 1.8,
      "3": 4.0,
      "6": 3.6,
      "1": 4.4,
      "4": 6.0,
      "8": 7.4,
      "7": 8.4,
      "2": 8.2
    },
    "5": {
      "0": 1.2,
      "6": 1.8,
      "1": 3.0,
      "2": 4.0,
      "7": 6.4,
      "3": 6.2,
      "5": 6.2,
      "4": 7.2
    },
    "6": {
      "0": 1.0,
      "4": 2.0,
      "2": 3.0,
      "5": 4.2,
      "6": 5.8,
      "3": 6.2,
      "7": 5.8,
      "1": 8.0
    },
    "7": {
      "0": 2.2,
      "5": 1.8,
      "1": 3.2,
      "4": 5.6,
      "3": 3.0,
      "2": 6.4,
      "6": 5.8
    },
    "8": {
      "0": 1.2,
      "1": 1.8,
      "2": 3.2,
      "6": 4.4,
      "3": 5.2,
      "5": 6.4,
      "4": 5.8
    },
    "9": {
      "1": 2.6,
      "0": 3.2,
      "5": 2.6,
      "3": 3.6,
      "2": 3.6,
      "4": 5.4,
      "7": 7.4,
      "6": 7.6
    },
    "10": {
      "4": 1.0,
      "0": 2.2,
      "9": 2.8,
      "3": 4.4,
      "5": 5.8,
      "2": 6.6,
      "1": 7.6,
      "6": 6.4,
      "8": 8.4,
      "7": 9.8
    },
    "11": {
      "0": 1.0,
      "2": 2.4,
      "6": 2.6,
      "3": 4.4,
      "5": 5.0,
      "1": 6.0,
      "4": 6.6
    },
    "12": {
      "0": 2.0,
      "6": 1.8,
      "1": 3.6,
      "5": 4.0,
      "4": 4.2,
      "2": 5.4,
      "3": 7.0
    },
    "13": {
      "3": 2.0,
      "0": 1.2,
      "4": 3.0,
      "5": 3.8,
      "1": 5.2,
      "2": 5.8,
      "6": 7.0,
      "7": 8.0
    },
    "14": {
      "4": 1.4,
      "5": 1.8,
      "1": 3.6,
      "2": 3.2,
      "0": 5.0,
      "6": 6.6,
      "3": 6.4
    },
    "15": {
      "6": 2.8,
      "2": 3.6,
      "4": 3.4,
      "9": 4.0,
      "1": 3.8,
      "8": 3.4,
      "5": 7.6,
      "0": 7.8,
      "7": 9.4,
      "3": 9.2
    },
    "16": {
      "6": 1.0,
      "0": 2.0,
      "7": 6.4,
      "4": 4.8,
      "1": 4.8,
      "2": 7.0,
      "5": 6.4,
      "8": 4.4,
      "3": 8.2
    },
    "17": {
      "0": 1.0,
      "4": 2.0,
      "1": 3.2,
      "3": 3.8,
      "2": 5.2,
      "5": 6.6,
      "7": 6.2,
      "8": 8.0,
      "6": 9.0
    },
    "18": {
      "4": 1.0,
      "1": 3.0,
      "7": 3.2,
      "6": 3.8,
      "5": 4.0,
      "3": 6.4,
      "2": 6.8,
      "0": 7.8
    },
    "19": {
      "4": 1.8,
      "6": 3.2,
      "0": 1.6,
      "3": 4.0,
      "1": 4.8,
      "2": 6.4,
      "7": 7.8,
      "5": 6.4
    },
    "20": {
      "2": 1.0,
      "0": 2.0,
      "6": 4.0,
      "1": 4.4,
      "4": 4.6,
      "7": 5.4,
      "5": 6.6,
      "3": 8.0
    },
    "21": {
      "0": 1.4,
      "7": 1.6,
      "6": 4.2,
      "2": 3.2,
      "1": 4.6,
      "3": 6.4,
      "5": 6.8,
      "4": 7.8
    },
    "22": {
      "0": 1.0,
      "2": 3.8,
      "6": 3.0,
      "3": 3.8,
      "1": 6.2,
      "7": 6.8,
      "5": 5.8,
      "4": 5.6
    },
    "23": {
      "0": 2.0,
      "4": 3.1666666666666665,
      "8": 2.5,
      "6": 5.8,
      "1": 5.0,
      "5": 6.6,
      "3": 7.75,
      "7": 6.75,
      "2": 8.5
    },
    "24": {
      "3": 1.8,
      "4": 2.6,
      "0": 2.2,
      "1": 3.4,
      "5": 5.0,
      "6": 6.0,
      "2": 7.0
    },
    "25": {
      "0": 1.0,
      "4": 3.0,
      "7": 3.0,
      "3": 3.0,
      "5": 6.2,
      "6": 6.4,
      "1": 6.4,
      "2": 7.0
    },
    "26": {
      "0": 1.0,
      "2": 2.8,
      "8": 2.8,
      "1": 7.0,
      "4": 5.6,
      "5": 5.6,
      "3": 6.6,
      "7": 4.6,
      "6": 9.0
    },
    "27": {
      "0": 1.0,
      "1": 2.6,
      "3": 2.4,
      "7": 4.6,
      "2": 4.4,
      "5": 6.8,
      "4": 7.2,
      "6": 7.0
    },
    "28": {
      "0": 1.0,
      "2": 3.4,
      "3": 2.2,
      "1": 4.6,
      "6": 5.4,
      "4": 6.8,
      "5": 4.6
    },
    "29": {
      "0": 1.0,
      "5": 2.2,
      "7": 3.8,
      "3": 3.2,
      "2": 4.8,
      "4": 6.0,
      "6": 7.0,
      "1": 8.0
    },
    "30": {
      "0": 1.0,
      "5": 2.0,
      "7": 3.4,
      "4": 3.6,
      "3": 6.0,
      "2": 5.8,
      "6": 6.2,
      "1": 8.0
    },
    "31": {
      "2": 1.6,
      "3": 3.6,
      "4": 2.2,
      "0": 6.2,
      "5": 3.8,
      "7": 4.2,
      "6": 6.4,
      "1": 8.0
    },
    "32": {
      "1": 1.0,
      "4": 2.0,
      "3": 3.0,
      "2": 4.0,
      "5": 6.2,
      "0": 5.8,
      "6": 6.0
    },
    "33": {
      "0": 1.4,
      "4": 2.6,
      "5": 6.0,
      "6": 3.2,
      "8": 5.0,
      "2": 4.2,
      "7": 7.0,
      "3": 7.4,
      "1": 8.2
    },
    "34": {
      "0": 1.0,
      "1": 3.4,
      "4": 3.0,
      "5": 4.4,
      "6": 6.0,
      "7": 5.0,
      "2": 5.8,
      "3": 7.4
    },
    "35": {
      "0": 1.0,
      "4": 3.8,
      "7": 2.2,
      "1": 5.2,
      "6": 6.8,
      "5": 7.4,
      "2": 5.0,
      "3": 4.6
    },
    "36": {
      "0": 1.0,
      "5": 2.0,
      "2": 4.2,
      "1": 3.4,
      "3": 5.8,
      "6": 4.8,
      "4": 7.4,
      "7": 7.4
    },
    "37": {
      "0": 1.4,
      "2": 1.6,
      "5": 3.8,
      "6": 3.2,
      "3": 5.0,
      "4": 6.0,
      "1": 7.0
    },
    "38": {
      "0": 1.4,
      "4": 1.6,
      "7": 3.4,
      "3": 5.2,
      "5": 5.8,
      "6": 5.4,
      "1": 5.2,
      "2": 8.0
    },
    "39": {
      "2": 1.0,
      "0": 2.4,
      "1": 3.8,
      "5": 3.2,
      "6": 4.6,
      "3": 6.4,
      "4": 6.6
    },
    "40": {
      "0": 1.2,
      "1": 2.6,
      "6": 2.4,
      "7": 4.0,
      "2": 5.0,
      "4": 6.2,
      "3": 7.2,
      "5": 7.4
    },
    "41": {
      "6": 2.0,
      "0": 1.8,
      "4": 4.6,
      "7": 2.8,
      "2": 3.8,
      "5": 6.2,
      "1": 7.6,
      "3": 7.2
    },
    "42": {
      "0": 4.4,
      "6": 2.2,
      "4": 2.6,
      "3": 4.2,
      "5": 2.6,
      "2": 6.2,
      "1": 6.4,
      "7": 7.4
    },
    "43": {
      "1": 1.2,
      "3": 2.2,
      "4": 3.0,
      "0": 3.6,
      "2": 5.0,
      "5": 6.4,
      "6": 6.6
    },
    "44": {
      "0": 1.0,
      "2": 2.0,
      "5": 3.2,
      "3": 4.4,
      "6": 4.8,
      "7": 6.2,
      "4": 6.4,
      "1": 8.0
    },
    "45": {
      "0": 1.0,
      "2": 2.4,
      "1": 3.6,
      "5": 4.0,