{
  "content_diversity": 0.5042332410812378,
  "classifier_auc": 0.899486768243785,
  "ranking_stability": 0.7009269423100378,
  "feature_coefficients": {
    "word_count": 0.7833935331747652,
    "sentence_count": -0.2719098508281725,
    "avg_sentence_length": 0.49617790947569995,
    "paragraph_count": -0.2628664617312017,
    "heading_density": -0.5671068304955104,
    "list_frequency": 0.006323112236521413,
    "readability": -0.3434203147969473,
    "bold_emphasis_density": 0.254580847990649,
    "citation_density": 0.11824278490792169,
    "statistic_density": -0.21309456600791246,
    "quote_density": -0.09785904557112149,
    "named_source_mentions": -1.2466763128857385,
    "year_mentions": 0.23016987181091095,
    "claim_density": 0.20538686799965036,
    "external_reference_density": 0.3948626483172534,
    "question_density": 0.14210264992447488,
    "query_similarity": 2.8622267728638047,
    "corpus_centroid_similarity": -0.09898506166447567,
    "type_token_ratio": -0.41075132173272655,
    "vocabulary_sophistication": -0.17079648584117024,
    "sentiment_polarity": 0.0007802570347644582,
    "avg_word_length": 0.22998555721913494,
    "semantic_uniqueness": 1.2493601360813198,
    "information_density": -0.2634865232361781,
    "specificity_score": 0.18829938650935082
  },
  "avg_ranks": {
    "0": {
      "2": 1.4,
      "0": 1.6,
      "5": 3.6,
      "6": 5.2,
      "1": 4.6,
      "3": 7.0,
      "7": 6.6,
      "4": 6.0
    },
    "1": {
      "0": 1.0,
      "3": 2.0,
      "2": 5.75,
      "8": 3.75,
      "6": 4.5,
      "7": 6.75,
      "5": 4.75,
      "1": 8.0,
      "4": 8.5
    },
    "2": {
      "0": 1.0,
      "3": 2.0,
      "7": 3.6,
      "6": 4.6,
      "5": 6.0,
      "2": 6.0,
      "4": 5.8,
      "1": 7.0
    },
    "3": {
      "0": 1.0,
      "1": 2.0,
      "3": 4.8,
      "2": 3.6,
      "6": 4.6,
      "5": 6.0,
      "4": 6.0
    },
    "4": {
      "5": 1.0,
      "3": 2.75,
      "0": 2.25,
      "6": 4.0,
      "1": 5.0,
      "4": 6.0,
      "8": 7.0,
      "2": 8.25,
      "7": 8.75
    },
    "5": {
      "0": 1.25,
      "6": 1.75,
      "1": 3.0,
      "2": 4.0,
      "5": 6.5,
      "3": 5.75,
      "4": 6.75,
      "7": 7.0
    },
    "6": {
      "0": 1.0,
      "4": 2.0,
      "2": 3.2,
      "5": 4.6,
      "7": 5.8,
      "6": 5.6,
      "3": 5.8,
      "1": 8.0
    },
    "7": {
      "0": 1.2,
      "5": 1.8,
      "4": 3.6,
      "1": 4.4,
      "2": 6.0,
      "3": 4.2,
      "6": 6.8
    },
    "8": {
      "0": 1.5,
      "1": 1.5,
      "2": 4.25,
      "6": 3.5,
      "4": 4.5,
      "5": 6.75,
      "3": 6.0
    },
    "9": {
      "4": 3.8,
      "5": 3.0,
      "3": 4.6,
      "1": 3.0,
      "2": 2.8,
      "0": 3.8,
      "7": 7.6,
      "6": 7.4
    },
    "10": {
      "0": 1.75,
      "4": 1.25,
      "9": 3.0,
      "3": 5.25,
      "2": 6.25,
      "1": 6.0,
      "6": 6.75,
      "5": 6.0,
      "8": 8.75,
      "7": 10.0
    },
    "11": {
      "0": 1.0,
      "6": 2.6,
      "2": 2.4,
      "3": 4.0,
      "5": 5.0,
      "1": 6.4,
      "4": 6.6
    },
    "12": {
      "6": 1.4,
      "0": 1.6,
      "1": 3.4,
      "4": 3.8,
      "2": 5.4,
      "5": 5.4,
      "3": 7.0
    },
    "13": {
      "3": 1.8,
      "0": 1.4,
      "4": 2.8,
      "5": 4.0,
      "1": 5.2,
      "2": 5.8,
      "6": 7.2,
      "7": 7.8
    },
    "14": {
      "5": 1.8,
      "2": 2.0,
      "4": 2.2,
      "1": 4.0,
      "0": 5.0,
      "3": 6.6,
      "6": 6.4
    },
    "15": {
      "2": 1.4,
      "4": 2.8,
      "9": 3.8,
      "8": 3.2,
      "6": 6.4,
      "1": 5.6,
      "0": 6.6,
      "7": 9.0,
      "5": 7.0,
      "3": 9.2
    },
    "16": {
      "6": 1.2,
      "4": 1.8,
      "0": 3.6,
      "2": 5.8,
      "5": 5.4,
      "8": 5.6,
      "1": 6.0,
      "3": 8.0,
      "7": 7.6
    },
    "17": {
      "0": 1.0,
      "4": 2.0,
      "7": 5.0,
      "3": 3.75,
      "1": 4.0,
      "5": 6.25,
      "2": 7.5,
      "6": 8.75,
      "8": 6.75
    },
    "18": {
      "1": 2.5,
      "4": 2.5,
      "7": 3.75,
      "5": 2.0,
      "6": 4.25,
      "3": 6.0,
      "0": 7.75,
      "2": 7.25
    },
    "19": {
      "0": 1.4,
      "1": 2.0,
      "6": 3.4,
      "4": 3.4,
      "3": 6.0,
      "5": 6.6,
      "2": 6.2,
      "7": 7.0
    },
    "20": {
      "0": 2.3333333333333335,
      "2": 1.6666666666666667,
      "7": 3.3333333333333335,
      "6": 3.0,
      "4": 5.0,
      "5": 6.666666666666667,
      "1": 6.0,
      "3": 8.0
    },
    "21": {
      "0": 1.4,
      "7": 1.6,
      "6": 3.6,
      "2": 3.4,
      "1": 5.0,
      "3": 6.4,
      "5": 7.2,
      "4": 7.4
    },
    "22": {
      "0": 2.4,
      "5": 3.4,
      "3": 3.0,
      "6": 3.2,
      "1": 5.4,
      "7": 5.8,
      "2": 6.4,
      "4": 6.4
    },
    "23": {
      "0": 1.8,
      "8": 2.0,
      "4": 2.2,
      "1": 4.0,
      "5": 5.8,
      "7": 6.0,
      "2": 8.0,
      "3": 8.6,
      "6": 6.6
    },
    "24": {
      "3": 1.8,
      "4": 2.6,
      "0": 1.6,
      "1": 4.2,
      "5": 5.8,
      "6": 5.0,
      "2": 7.0
    },
    "25": {
      "0": 1.0,
      "3": 2.0,
      "4": 3.8,
      "7": 3.4,
      "5": 5.8,
      "1": 6.2,
      "2": 7.2,
      "6": 6.6
    },
    "26": {
      "0": 1.0,
      "2": 2.6,
      "8": 2.8,
      "7": 4.4,
      "4": 5.0,
      "5": 5.8,
      "6": 8.6,
      "3": 7.2,
      "1": 7.6
    },
    "27": {
      "0": 1.0,
      "1": 2.0,
      "7": 3.4,
      "3": 4.2,
      "2": 4.4,
      "6": 6.4,
      "5": 7.0,
      "4": 7.6
    },
    "28": {
      "0": 1.0,
      "2": 3.6,
      "3": 2.6,
      "1": 5.0,
      "6": 4.4,
      "5": 4.4,
      "4": 7.0
    },
    "29": {
      "0": 1.0,
      "5": 2.6,
      "3": 2.6,
      "7": 3.8,
      "2": 5.0,
      "6": 6.6,
      "4": 6.8,
      "1": 7.6
    },
    "30": {
      "0": 1.0,
      "5": 2.0,
      "7": 3.2,
      "4": 3.8,
      "6": 5.6,
      "3": 5.8,
      "2": 6.6,
      "1": 8.0
    },
    "31": {
      "4": 2.5,
      "5": 2.5,
      "2": 1.75,
      "0": 6.0,
      "3": 4.5,
      "6": 6.25,
      "7": 4.5,
      "1": 8.0
    },
    "32": {
      "1": 1.2,
      "4": 1.8,
      "3": 3.0,
      "2": 4.0,
      "5": 5.8,
      "6": 6.0,
      "0": 6.2
    },
    "33": {
      "0": 1.6,
      "2": 4.2,
      "5": 3.8,
      "8": 4.2,
      "6": 3.0,
      "4": 4.6,
      "7": 7.0,
      "3": 7.6,
      "1": 9.0
    },
    "34": {
      "0": 1.0,
      "4": 2.2,
      "7": 3.6,
      "2": 4.8,
      "3": 6.4,
      "1": 6.0,
      "6": 7.2,
      "5": 4.8
    },
    "35": {
      "0": 1.0,
      "7": 2.0,
      "4": 3.6,
      "1": 4.6,
      "3": 5.2,
      "2": 4.6,
      "6": 7.6,
      "5": 7.4
    },
    "36": {
      "0": 1.0,
      "5": 2.0,
      "1": 3.2,
      "3": 6.6,
      "7": 4.4,
      "6": 6.0,
      "4": 6.0,
      "2": 6.8
    },
    "37": {
      "5": 2.8,
      "0": 1.8,
      "2": 1.8,
      "6": 4.0,
      "3": 4.6,
      "4": 6.0,
      "1": 7.0
    },
    "38": {
      "7": 2.6,
      "0": 1.2,
      "4": 2.2,
      "3": 4.0,
      "6": 5.8,
      "1": 6.0,
      "5": 6.2,
      "2": 8.0
    },
    "39": {
      "2": 1.0,
      "5": 2.0,
      "1": 3.0,
      "0": 4.0,
      "6": 5.0,
      "3": 6.25,
      "4": 6.75
    },
    "40": {
      "0": 1.0,
      "6": 2.25,
      "2": 4.75,
      "1": 3.0,
      "7": 4.25,
      "4": 5.75,
      "3": 7.0,
      "5": 8.0
    },
    "41": {
      "2": 3.0,
      "0": 1.4,
      "7": 4.6,
      "4": 3.0,
      "6": 3.0,
      "5": 6.0,
      "1": 7.0,
      "3": 8.0
    },
    "42": {
      "6": 1.8,
      "4": 3.6,
      "5": 1.6,
      "0": 5.8,
      "3": 4.4,
      "2": 4.8,
      "1": 6.2,
      "7": 7.8
    },
    "43": {
      "0": 1.2,
      "3": 2.6,
      "4": 3.6,
      "1": 2.6,
      "2": 5.2,
      "5": 6.4,
      "6": 6.4
    },
    "44": {
      "0": 1.0,
      "2": 2.0,
      "5": 3.0,
      "3": 4.0,
      "6": 5.2,
      "4": 6.4,
      "7": 6.4,
      "1": 8.0
    },
    "45": {
      "0": 1.0,