{
  "content_diversity": 0.5099373459815979,
  "classifier_auc": 0.904878662140073,
  "ranking_stability": 0.7053985321727256,
  "feature_coefficients": {
    "word_count": -0.08974081617529302,
    "sentence_count": 0.0701871171023423,
    "avg_sentence_length": 0.10672455086083747,
    "paragraph_count": -0.74999076503553,
    "heading_density": -0.02209206149902645,
    "list_frequency": 0.28389177330698545,
    "readability": -0.18140956061474225,
    "bold_emphasis_density": -0.5257723328482107,
    "citation_density": 0.01829916551500441,
    "statistic_density": -0.5305169613537212,
    "quote_density": -0.15522932566685047,
    "named_source_mentions": -0.41794249694463703,
    "year_mentions": -0.06756154658585815,
    "claim_density": 0.5177376862903419,
    "external_reference_density": 0.2344275319019251,
    "question_density": -0.004599513102445288,
    "query_similarity": 2.5495936881055514,
    "corpus_centroid_similarity": -0.07244690899600878,
    "type_token_ratio": -0.5430975221897539,
    "vocabulary_sophistication": -0.014744350919106006,
    "sentiment_polarity": -0.0626863748941344,
    "avg_word_length": -0.2082533322467928,
    "semantic_uniqueness": 0.860919265678629,
    "information_density": -0.23344605504817728,
    "specificity_score": 0.12128431220629693
  },
  "avg_ranks": {
    "0": {
      "2": 1.8,
      "0": 1.2,
      "3": 4.0,
      "1": 5.6,
      "5": 5.0,
      "7": 5.0,
      "4": 5.4,
      "6": 8.0
    },
    "1": {
      "0": 1.0,
      "3": 2.2,
      "5": 3.4,
      "6": 4.2,
      "2": 5.8,
      "8": 4.6,
      "1": 7.6,
      "7": 7.6,
      "4": 8.6
    },
    "2": {
      "0": 1.0,
      "3": 2.4,
      "7": 2.8,
      "6": 4.2,
      "4": 6.2,
      "5": 6.2,
      "2": 6.2,
      "1": 7.0
    },
    "3": {
      "0": 1.0,
      "1": 2.0,
      "5": 6.0,
      "2": 4.0,
      "6": 4.2,
      "4": 6.2,
      "3": 4.6
    },
    "4": {
      "5": 1.2,
      "3": 2.6,
      "0": 2.2,
      "6": 4.2,
      "1": 4.8,
      "4": 6.0,
      "8": 7.0,
      "2": 8.4,
      "7": 8.6
    },
    "5": {
      "0": 1.2,
      "6": 1.8,
      "1": 3.0,
      "2": 4.0,
      "7": 5.0,
      "4": 7.2,
      "3": 7.0,
      "5": 6.8
    },
    "6": {
      "0": 1.0,
      "4": 2.0,
      "2": 3.2,
      "3": 6.4,
      "5": 4.0,
      "6": 5.6,
      "7": 5.8,
      "1": 8.0
    },
    "7": {
      "5": 1.6,
      "4": 3.2,
      "1": 3.8,
      "0": 2.0,
      "3": 4.4,
      "2": 6.0,
      "6": 7.0
    },
    "8": {
      "0": 1.2,
      "1": 1.8,
      "6": 4.2,
      "2": 3.4,
      "5": 6.4,
      "4": 5.0,
      "3": 6.0
    },
    "9": {
      "4": 3.6,
      "1": 2.8,
      "5": 2.2,
      "0": 2.8,
      "2": 4.6,
      "3": 5.0,
      "6": 7.6,
      "7": 7.4
    },
    "10": {
      "0": 1.6,
      "4": 1.8,
      "9": 2.6,
      "5": 5.6,
      "3": 4.2,
      "6": 7.8,
      "1": 6.8,
      "7": 9.6,
      "8": 7.8,
      "2": 7.2
    },
    "11": {
      "0": 1.0,
      "6": 2.4,
      "2": 2.6,
      "5": 4.6,
      "3": 4.8,
      "4": 6.2,
      "1": 6.4
    },
    "12": {
      "0": 2.2,
      "1": 3.4,
      "6": 2.2,
      "4": 4.4,
      "5": 3.6,
      "2": 5.2,
      "3": 7.0
    },
    "13": {
      "3": 1.8,
      "0": 1.2,
      "4": 3.0,
      "2": 5.2,
      "5": 4.6,
      "1": 5.2,
      "6": 7.4,
      "7": 7.6
    },
    "14": {
      "5": 2.0,
      "2": 1.8,
      "4": 3.0,
      "1": 3.4,
      "0": 4.8,
      "3": 6.2,
      "6": 6.8
    },
    "15": {
      "8": 2.0,
      "1": 6.0,
      "2": 2.4,
      "4": 3.4,
      "9": 2.8,
      "6": 6.2,
      "5": 8.4,
      "0": 6.6,
      "7": 8.4,
      "3": 8.8
    },
    "16": {
      "6": 1.2,
      "4": 2.2,
      "8": 4.2,
      "0": 3.8,
      "1": 4.0,
      "7": 7.8,
      "5": 6.2,
      "2": 7.6,
      "3": 8.0
    },
    "17": {
      "0": 1.0,
      "4": 2.0,
      "1": 4.4,
      "3": 3.4,
      "7": 5.8,
      "5": 6.0,
      "8": 8.0,
      "2": 5.6,
      "6": 8.8
    },
    "18": {
      "1": 2.2,
      "4": 1.4,
      "7": 2.8,
      "5": 3.6,
      "6": 5.2,
      "3": 6.0,
      "2": 6.8,
      "0": 8.0
    },
    "19": {
      "0": 2.0,
      "4": 3.6,
      "6": 2.4,
      "1": 2.2,
      "3": 6.4,
      "5": 5.8,
      "2": 7.0,
      "7": 6.6
    },
    "20": {
      "2": 1.0,
      "0": 2.4,
      "1": 4.6,
      "7": 3.4,
      "6": 3.6,
      "4": 6.2,
      "5": 6.8,
      "3": 8.0
    },
    "21": {
      "0": 1.2,
      "2": 3.2,
      "7": 2.0,
      "6": 4.0,
      "1": 4.6,
      "3": 6.4,
      "4": 7.0,
      "5": 7.6
    },
    "22": {
      "0": 1.0,
      "6": 3.5,
      "5": 3.0,
      "3": 4.0,
      "7": 6.0,
      "1": 6.0,
      "4": 4.5,
      "2": 8.0
    },
    "23": {
      "0": 1.0,
      "8": 2.0,
      "4": 3.3333333333333335,
      "1": 4.666666666666667,
      "6": 4.0,
      "5": 6.333333333333333,
      "7": 6.666666666666667,
      "2": 8.0,
      "3": 9.0
    },
    "24": {
      "3": 2.2,
      "0": 2.0,
      "4": 1.8,
      "1": 4.0,
      "5": 5.6,
      "6": 5.4,
      "2": 7.0
    },
    "25": {
      "0": 2.4,
      "3": 2.6,
      "7": 3.0,
      "4": 3.6,
      "1": 6.0,
      "2": 5.8,
      "5": 6.0,
      "6": 6.6
    },
    "26": {
      "0": 1.0,
      "8": 2.4,
      "2": 3.2,
      "5": 3.8,
      "7": 5.6,
      "4": 5.2,
      "1": 7.2,
      "3": 7.6,
      "6": 9.0
    },
    "27": {
      "0": 1.0,
      "1": 2.0,
      "7": 3.2,
      "3": 4.4,
      "2": 4.4,
      "6": 6.6,
      "4": 7.2,
      "5": 7.2
    },
    "28": {
      "0": 1.0,
      "3": 2.2,
      "2": 3.4,
      "1": 5.0,
      "5": 3.8,
      "6": 5.8,
      "4": 6.8
    },
    "29": {
      "0": 1.0,
      "3": 2.75,
      "7": 3.25,
      "2": 5.5,
      "5": 3.25,
      "6": 6.0,
      "4": 6.75,
      "1": 7.5
    },
    "30": {
      "0": 1.0,
      "5": 2.2,
      "7": 3.0,
      "4": 3.8,
      "1": 7.4,
      "6": 6.6,
      "2": 6.2,
      "3": 5.8
    },
    "31": {
      "5": 1.2,
      "3": 2.2,
      "2": 3.2,
      "4": 5.0,
      "7": 3.6,
      "6": 5.8,
      "0": 7.0,
      "1": 8.0
    },
    "32": {
      "1": 1.0,
      "4": 2.0,
      "3": 3.0,
      "2": 4.0,
      "5": 5.4,
      "0": 6.4,
      "6": 6.2
    },
    "33": {
      "0": 1.0,
      "2": 3.8,
      "6": 3.2,
      "5": 5.2,
      "8": 4.4,
      "4": 3.4,
      "3": 7.8,
      "7": 7.6,
      "1": 8.6
    },
    "34": {
      "0": 1.0,
      "4": 2.4,
      "7": 3.2,
      "2": 4.4,
      "3": 6.2,
      "1": 6.6,
      "6": 6.4,
      "5": 5.8
    },
    "35": {
      "0": 1.0,
      "7": 2.0,
      "4": 3.6,
      "3": 4.6,
      "2": 5.2,
      "1": 5.4,
      "6": 7.2,
      "5": 7.0
    },
    "36": {
      "0": 1.0,
      "5": 2.0,
      "1": 3.0,
      "7": 4.6,
      "3": 5.2,
      "6": 5.2,
      "2": 7.0,
      "4": 8.0
    },
    "37": {
      "0": 1.0,
      "5": 2.8,
      "2": 2.8,
      "3": 4.0,
      "6": 4.4,
      "4": 6.0,
      "1": 7.0
    },
    "38": {
      "4": 1.2,
      "0": 1.8,
      "3": 3.6,
      "7": 3.4,
      "1": 6.0,
      "6": 6.0,
      "5": 6.0,
      "2": 8.0
    },
    "39": {
      "2": 1.0,
      "1": 3.0,
      "5": 2.3333333333333335,
      "0": 3.6666666666666665,
      "6": 5.0,
      "3": 6.0,
      "4": 7.0
    },
    "40": {
      "0": 1.6,
      "7": 3.6,
      "1": 3.0,
      "6": 2.2,
      "2": 4.6,
      "4": 6.0,
      "3": 7.0,
      "5": 8.0
    },
    "41": {
      "4": 3.6,
      "0": 1.6,
      "2": 3.2,
      "7": 3.8,
      "6": 3.0,
      "5": 6.0,
      "1": 7.0,
      "3": 7.8
    },
    "42": {
      "0": 5.8,
      "4": 2.6,
      "5": 1.4,
      "6": 3.0,
      "2": 4.6,
      "1": 5.6,
      "7": 7.8,
      "3": 5.2
    },
    "43": {
      "0": 1.0,
      "1": 2.4,
      "3": 3.0,
      "4": 3.6,
      "2": 5.0,
      "5": 6.4,
      "6": 6.6
    },
    "44": {
      "0": 1.0,
      "2": 2.0,
      "5": 3.2,
      "3": 3.8,
      "4": 5.6,
      "6": 5.8,
      "7": 6.6,
      "1": 8.0
    },
    "45": {
      "0": 1.0,