{
  "content_diversity": 0.507149875164032,
  "classifier_auc": 0.8897585816672954,
  "ranking_stability": 0.6933707808309296,
  "feature_coefficients": {
    "word_count": -0.013511690812397191,
    "sentence_count": 0.2649976441972688,
    "avg_sentence_length": 0.43882079064714735,
    "paragraph_count": -0.37834104803525065,
    "heading_density": -0.2863116524285392,
    "list_frequency": -0.20978903866217494,
    "readability": -0.4405480583318796,
    "bold_emphasis_density": 0.26273232354857423,
    "citation_density": -0.09155409142391496,
    "statistic_density": -0.17192340253477045,
    "quote_density": -0.16344563889990033,
    "named_source_mentions": -0.5502101627775151,
    "year_mentions": -0.03385436972541976,
    "claim_density": 0.2586636107519296,
    "external_reference_density": 0.2150875102640896,
    "question_density": -0.006142848662114952,
    "query_similarity": 2.742746410001636,
    "corpus_centroid_similarity": 0.07842999683478796,
    "type_token_ratio": -0.5304203568127122,
    "vocabulary_sophistication": 0.13877668182106645,
    "sentiment_polarity": 0.020479519081665322,
    "avg_word_length": 0.0009931863312774621,
    "semantic_uniqueness": 1.1365673661650237,
    "information_density": 0.03039770120967894,
    "specificity_score": 0.35450081905798586
  },
  "avg_ranks": {
    "0": {
      "2": 1.4,
      "0": 1.6,
      "1": 4.2,
      "4": 6.2,
      "5": 4.6,
      "6": 6.0,
      "3": 6.2,
      "7": 5.8
    },
    "1": {
      "0": 1.0,
      "2": 4.6,
      "3": 2.4,
      "8": 4.2,
      "5": 4.4,
      "6": 4.4,
      "7": 7.6,
      "1": 8.0,
      "4": 8.4
    },
    "2": {
      "0": 1.0,
      "3": 2.0,
      "7": 3.0,
      "4": 4.8,
      "2": 6.2,
      "5": 5.6,
      "6": 5.4,
      "1": 8.0
    },
    "3": {
      "0": 1.0,
      "1": 2.0,
      "6": 4.2,
      "2": 3.6,
      "3": 5.4,
      "4": 4.8,
      "5": 7.0
    },
    "4": {
      "5": 1.0,
      "0": 2.25,
      "3": 2.75,
      "6": 4.25,
      "1": 4.75,
      "4": 6.0,
      "2": 8.5,
      "8": 7.25,
      "7": 8.25
    },
    "5": {
      "0": 1.4,
      "1": 2.8,
      "6": 1.8,
      "2": 4.0,
      "3": 6.2,
      "5": 5.8,
      "4": 7.4,
      "7": 6.6
    },
    "6": {
      "0": 1.0,
      "4": 2.0,
      "5": 4.0,
      "2": 3.2,
      "6": 6.2,
      "7": 5.0,
      "3": 6.6,
      "1": 8.0
    },
    "7": {
      "5": 1.4,
      "4": 3.2,
      "1": 3.6,
      "0": 2.0,
      "3": 4.8,
      "6": 6.4,
      "2": 6.6
    },
    "8": {
      "1": 2.0,
      "0": 1.4,
      "6": 3.4,
      "2": 3.6,
      "4": 4.6,
      "5": 6.8,
      "3": 6.2
    },
    "9": {
      "1": 2.4,
      "0": 3.8,
      "2": 3.8,
      "5": 2.4,
      "4": 3.4,
      "3": 5.2,
      "7": 7.4,
      "6": 7.6
    },
    "10": {
      "4": 1.2,
      "9": 2.6,
      "0": 2.2,
      "6": 5.2,
      "3": 5.0,
      "5": 6.2,
      "2": 6.6,
      "1": 8.0,
      "8": 8.0,
      "7": 10.0
    },
    "11": {
      "0": 1.0,
      "6": 2.6,
      "2": 2.4,
      "5": 4.6,
      "3": 4.4,
      "1": 6.4,
      "4": 6.6
    },
    "12": {
      "5": 4.2,
      "6": 1.6,
      "4": 2.6,
      "0": 2.4,
      "1": 4.6,
      "2": 5.6,
      "3": 7.0
    },
    "13": {
      "0": 1.2,
      "3": 2.0,
      "4": 2.8,
      "5": 4.4,
      "2": 5.8,
      "1": 4.8,
      "6": 7.4,
      "7": 7.6
    },
    "14": {
      "4": 2.4,
      "1": 3.2,
      "2": 2.4,
      "5": 2.0,
      "0": 5.0,
      "3": 6.4,
      "6": 6.6
    },
    "15": {
      "2": 1.6,
      "4": 3.2,
      "6": 4.0,
      "3": 8.2,
      "1": 5.8,
      "9": 3.4,
      "8": 3.8,
      "0": 8.0,
      "5": 8.4,
      "7": 8.6
    },
    "16": {
      "4": 1.6,
      "6": 1.4,
      "0": 4.6,
      "1": 4.6,
      "5": 4.8,
      "3": 7.8,
      "8": 4.2,
      "2": 8.2,
      "7": 7.8
    },
    "17": {
      "0": 1.0,
      "4": 2.0,
      "1": 3.8,
      "3": 3.4,
      "2": 5.2,
      "7": 6.0,
      "5": 7.2,
      "8": 7.4,
      "6": 9.0
    },
    "18": {
      "1": 1.6,
      "5": 3.6,
      "4": 1.8,
      "6": 5.2,
      "7": 3.2,
      "3": 6.4,
      "2": 6.2,
      "0": 8.0
    },
    "19": {
      "4": 1.8,
      "0": 1.8,
      "6": 3.6,
      "1": 3.2,
      "3": 5.6,
      "2": 5.8,
      "7": 7.8,
      "5": 6.4
    },
    "20": {
      "6": 2.2,
      "2": 1.4,
      "7": 4.0,
      "0": 2.6,
      "4": 5.0,
      "5": 6.4,
      "1": 6.4,
      "3": 8.0
    },
    "21": {
      "0": 1.2,
      "7": 1.8,
      "2": 3.4,
      "6": 3.6,
      "1": 5.0,
      "3": 6.0,
      "5": 7.0,
      "4": 8.0
    },
    "22": {
      "0": 1.0,
      "6": 3.5,
      "3": 4.75,
      "7": 4.5,
      "2": 6.75,
      "5": 4.25,
      "1": 4.75,
      "4": 6.5
    },
    "23": {
      "0": 1.2,
      "8": 1.8,
      "4": 3.0,
      "1": 4.0,
      "5": 5.8,
      "7": 7.2,
      "3": 8.2,
      "2": 7.8,
      "6": 6.0
    },
    "24": {
      "3": 1.2,
      "0": 2.8,
      "4": 2.0,
      "1": 4.0,
      "6": 5.0,
      "5": 6.0,
      "2": 7.0
    },
    "25": {
      "0": 1.0,
      "3": 2.0,
      "4": 3.2,
      "7": 4.0,
      "1": 5.8,
      "2": 6.2,
      "6": 7.2,
      "5": 6.6
    },
    "26": {
      "0": 1.0,
      "8": 2.6,
      "2": 2.4,
      "5": 5.0,
      "4": 5.6,
      "7": 4.8,
      "3": 7.8,
      "1": 6.8,
      "6": 9.0
    },
    "27": {
      "0": 1.0,
      "1": 2.25,
      "7": 3.75,
      "2": 4.25,
      "3": 3.75,
      "5": 6.0,
      "6": 7.5,
      "4": 7.5
    },
    "28": {
      "0": 1.0,
      "3": 2.8,
      "5": 4.0,
      "1": 4.0,
      "6": 4.8,
      "4": 6.8,
      "2": 4.6
    },
    "29": {
      "0": 1.0,
      "5": 4.0,
      "7": 3.4,
      "2": 3.6,
      "3": 3.0,
      "4": 6.4,
      "6": 6.8,
      "1": 7.8
    },
    "30": {
      "0": 1.0,
      "5": 2.0,
      "7": 3.2,
      "4": 3.8,
      "6": 6.8,
      "2": 6.0,
      "3": 6.0,
      "1": 7.2
    },
    "31": {
      "7": 2.6,
      "2": 2.0,
      "4": 3.6,
      "5": 3.6,
      "3": 3.4,
      "6": 6.4,
      "0": 6.4,
      "1": 8.0
    },
    "32": {
      "1": 1.4,
      "4": 1.6,
      "3": 3.0,
      "2": 4.0,
      "6": 6.4,
      "0": 5.8,
      "5": 5.8
    },
    "33": {
      "6": 2.6,
      "0": 1.4,
      "4": 5.4,
      "8": 3.8,
      "5": 5.0,
      "2": 4.6,
      "1": 8.0,
      "7": 7.0,
      "3": 7.2
    },
    "34": {
      "0": 1.0,
      "5": 4.4,
      "4": 3.0,
      "2": 4.8,
      "7": 3.8,
      "1": 5.6,
      "6": 5.8,
      "3": 7.6
    },
    "35": {
      "0": 1.0,
      "7": 2.2,
      "4": 4.0,
      "3": 3.8,
      "2": 4.4,
      "1": 5.6,
      "6": 7.2,
      "5": 7.8
    },
    "36": {
      "0": 1.0,
      "5": 2.0,
      "1": 4.6,
      "7": 3.6,
      "3": 6.2,
      "6": 5.6,
      "2": 6.6,
      "4": 6.4
    },
    "37": {
      "3": 2.2,
      "0": 2.2,
      "2": 2.0,
      "6": 4.2,
      "5": 4.4,
      "4": 6.0,
      "1": 7.0
    },
    "38": {
      "4": 1.6,
      "0": 1.6,
      "3": 3.4,
      "7": 3.4,
      "5": 5.8,
      "6": 6.0,
      "1": 6.2,
      "2": 8.0
    },
    "39": {
      "2": 1.2,
      "0": 3.0,
      "5": 2.2,
      "1": 3.6,
      "6": 5.0,
      "4": 6.6,
      "3": 6.4
    },
    "40": {
      "0": 1.0,
      "1": 3.2,
      "6": 2.2,
      "2": 4.0,
      "7": 4.6,
      "4": 6.2,
      "3": 6.8,
      "5": 8.0
    },
    "41": {
      "0": 1.4,
      "6": 3.2,
      "4": 3.2,
      "2": 2.6,
      "7": 4.6,
      "5": 6.2,
      "1": 7.0,
      "3": 7.8
    },
    "42": {
      "5": 2.4,
      "4": 2.0,
      "6": 2.2,
      "3": 4.2,
      "2": 4.8,
      "1": 6.0,
      "0": 6.6,
      "7": 7.8
    },
    "43": {
      "4": 3.4,
      "3": 1.8,
      "0": 1.8,
      "1": 3.0,
      "2": 5.2,
      "5": 6.4,
      "6": 6.4
    },
    "44": {
      "0": 1.0,
      "2": 2.0,
      "3": 3.75,
      "5": 3.25,
      "4": 6.25,
      "7": 6.25,
      "6": 5.5,
      "1": 8.0
    },
    "45": {
      "0": 1.0,
      "2": 2.2,
      "5": 3.0,
      "3": 4.4,
      "1": 4.4,