{
  "content_diversity": 0.5079307556152344,
  "classifier_auc": 0.8880580428018036,
  "ranking_stability": 0.6876868386243387,
  "feature_coefficients": {
    "word_count": 0.48932287459170165,
    "sentence_count": -0.3917161117261088,
    "avg_sentence_length": 0.18484571455938822,
    "paragraph_count": -0.3251619105774294,
    "heading_density": -0.6977869354800957,
    "list_frequency": 0.23153643843395544,
    "readability": -0.19286261775514849,
    "bold_emphasis_density": -0.04933807375766476,
    "citation_density": -0.036260325657590714,
    "statistic_density": -0.2658693052791652,
    "quote_density": -0.11014135762207486,
    "named_source_mentions": -0.9021596411247693,
    "year_mentions": 0.20859036259321787,
    "claim_density": 0.4422282304564775,
    "external_reference_density": 0.21351890750817396,
    "question_density": 0.04868630958324314,
    "query_similarity": 2.406747832044098,
    "corpus_centroid_similarity": -0.08996608077604537,
    "type_token_ratio": -0.47207930630211187,
    "vocabulary_sophistication": -0.025791312990684937,
    "sentiment_polarity": -0.14759550026106733,
    "avg_word_length": -0.20135002627211487,
    "semantic_uniqueness": 1.0141170920900093,
    "information_density": -0.11105300160684659,
    "specificity_score": 0.11931684734304786
  },
  "avg_ranks": {
    "0": {
      "0": 1.0,
      "2": 2.0,
      "4": 4.8,
      "5": 5.2,
      "3": 5.6,
      "7": 5.8,
      "1": 5.0,
      "6": 6.6
    },
    "1": {
      "0": 1.0,
      "3": 2.8,
      "8": 4.0,
      "2": 5.0,
      "6": 4.6,
      "1": 8.0,
      "5": 4.4,
      "7": 7.2,
      "4": 8.0
    },
    "2": {
      "0": 1.0,
      "3": 2.2,
      "7": 2.8,
      "6": 4.4,
      "4": 6.4,
      "5": 5.4,
      "2": 6.6,
      "1": 7.2
    },
    "3": {
      "0": 1.0,
      "1": 2.0,
      "6": 3.6,
      "2": 3.8,
      "5": 6.4,
      "4": 5.4,
      "3": 5.8
    },
    "4": {
      "5": 1.0,
      "3": 2.4,
      "0": 2.6,
      "1": 4.4,
      "6": 4.6,
      "4": 6.0,
      "2": 7.6,
      "7": 8.6,
      "8": 7.8
    },
    "5": {
      "6": 1.2,
      "1": 2.6,
      "0": 2.2,
      "2": 4.0,
      "3": 6.2,
      "7": 6.4,
      "5": 6.2,
      "4": 7.2
    },
    "6": {
      "0": 1.0,
      "4": 2.0,
      "2": 3.4,
      "5": 3.6,
      "7": 5.4,
      "6": 6.2,
      "3": 6.4,
      "1": 8.0
    },
    "7": {
      "0": 1.2,
      "5": 1.8,
      "3": 4.8,
      "4": 3.8,
      "1": 3.8,
      "6": 6.4,
      "2": 6.2
    },
    "8": {
      "0": 1.0,
      "1": 2.0,
      "2": 3.6,
      "4": 5.0,
      "3": 5.4,
      "6": 4.4,
      "5": 6.6
    },
    "9": {
      "5": 2.2,
      "1": 2.4,
      "4": 3.0,
      "3": 4.8,
      "0": 4.2,
      "2": 4.4,
      "7": 7.6,
      "6": 7.4
    },
    "10": {
      "4": 1.0,
      "9": 2.0,
      "0": 3.0,
      "3": 4.2,
      "8": 6.8,
      "1": 6.8,
      "2": 7.6,
      "5": 6.2,
      "6": 8.4,
      "7": 9.0
    },
    "11": {
      "0": 1.0,
      "6": 2.2,
      "2": 2.8,
      "3": 4.2,
      "5": 4.8,
      "1": 6.2,
      "4": 6.8
    },
    "12": {
      "0": 1.8,
      "1": 3.2,
      "6": 2.0,
      "4": 3.0,
      "2": 5.4,
      "5": 5.6,
      "3": 7.0
    },
    "13": {
      "4": 2.2,
      "3": 1.8,
      "0": 2.2,
      "5": 4.0,
      "2": 5.2,
      "1": 5.6,
      "7": 7.6,
      "6": 7.4
    },
    "14": {
      "5": 1.2,
      "4": 3.4,
      "2": 2.2,
      "1": 3.2,
      "0": 5.0,
      "3": 6.4,
      "6": 6.6
    },
    "15": {
      "2": 2.4,
      "4": 2.8,
      "8": 2.4,
      "9": 3.0,
      "6": 5.6,
      "1": 5.6,
      "7": 8.8,
      "0": 7.0,
      "5": 8.8,
      "3": 8.6
    },
    "16": {
      "6": 2.4,
      "2": 5.2,
      "4": 1.8,
      "0": 3.8,
      "5": 7.4,
      "8": 4.8,
      "3": 6.8,
      "1": 6.2,
      "7": 6.6
    },
    "17": {
      "0": 1.0,
      "4": 2.2,
      "3": 3.8,
      "2": 5.2,
      "5": 6.4,
      "7": 5.6,
      "1": 4.4,
      "8": 7.4,
      "6": 9.0
    },
    "18": {
      "7": 2.8,
      "1": 2.0,
      "4": 1.4,
      "5": 3.8,
      "3": 6.8,
      "6": 5.8,
      "0": 7.0,
      "2": 6.4
    },
    "19": {
      "0": 1.4,
      "6": 3.2,
      "1": 2.2,
      "4": 3.2,
      "3": 5.6,
      "5": 6.6,
      "2": 6.0,
      "7": 7.8
    },
    "20": {
      "2": 1.0,
      "6": 3.4,
      "0": 2.4,
      "7": 3.4,
      "4": 4.8,
      "5": 6.4,
      "1": 6.6,
      "3": 8.0
    },
    "21": {
      "7": 2.4,
      "0": 1.2,
      "2": 2.8,
      "6": 4.0,
      "1": 4.6,
      "4": 7.0,
      "3": 6.6,
      "5": 7.4
    },
    "22": {
      "0": 1.0,
      "3": 2.6666666666666665,
      "6": 3.0,
      "2": 5.0,
      "7": 5.0,
      "5": 4.666666666666667,
      "1": 6.666666666666667,
      "4": 8.0
    },
    "23": {
      "0": 1.0,
      "8": 2.0,
      "4": 3.0,
      "1": 4.2,
      "6": 6.2,
      "7": 6.8,
      "2": 7.8,
      "3": 8.4,
      "5": 5.6
    },
    "24": {
      "4": 1.8,
      "0": 2.2,
      "3": 2.0,
      "1": 4.0,
      "6": 5.0,
      "5": 6.0,
      "2": 7.0
    },
    "25": {
      "0": 1.0,
      "3": 2.2,
      "7": 3.6,
      "4": 3.6,
      "6": 6.6,
      "5": 5.6,
      "2": 6.4,
      "1": 7.0
    },
    "26": {
      "0": 1.0,
      "4": 4.8,
      "2": 2.8,
      "8": 2.8,
      "5": 4.4,
      "7": 5.6,
      "3": 7.2,
      "6": 8.6,
      "1": 7.8
    },
    "27": {
      "0": 1.0,
      "1": 2.4,
      "3": 3.4,
      "7": 3.6,
      "2": 4.6,
      "5": 6.8,
      "4": 7.4,
      "6": 6.8
    },
    "28": {
      "0": 1.0,
      "3": 2.0,
      "2": 3.6,
      "5": 4.2,
      "6": 5.0,
      "1": 5.2,
      "4": 7.0
    },
    "29": {
      "0": 1.0,
      "5": 3.8,
      "3": 2.8,
      "7": 3.4,
      "2": 4.6,
      "4": 5.8,
      "6": 7.0,
      "1": 7.6
    },
    "30": {
      "0": 1.0,
      "5": 2.0,
      "7": 3.0,
      "4": 4.0,
      "3": 5.2,
      "2": 6.0,
      "6": 6.8,
      "1": 8.0
    },
    "31": {
      "4": 1.6,
      "3": 3.2,
      "5": 3.8,
      "7": 4.2,
      "2": 2.8,
      "0": 5.8,
      "6": 6.6,
      "1": 8.0
    },
    "32": {
      "1": 1.2,
      "4": 1.8,
      "3": 3.0,
      "2": 4.0,
      "6": 6.4,
      "0": 5.8,
      "5": 5.8
    },
    "33": {
      "4": 6.8,
      "0": 1.6,
      "6": 2.8,
      "2": 3.4,
      "8": 4.0,
      "5": 4.2,
      "7": 6.4,
      "3": 7.0,
      "1": 8.8
    },
    "34": {
      "0": 1.0,
      "3": 5.2,
      "1": 5.2,
      "6": 5.6,
      "2": 5.4,
      "4": 2.8,
      "7": 5.8,
      "5": 5.0
    },
    "35": {
      "0": 1.0,
      "7": 2.0,
      "4": 3.4,
      "3": 4.6,
      "2": 4.6,
      "1": 5.4,
      "5": 7.4,
      "6": 7.6
    },
    "36": {
      "0": 1.0,
      "5": 2.0,
      "1": 3.0,
      "7": 4.8,
      "6": 4.8,
      "2": 6.6,
      "3": 6.4,
      "4": 7.4
    },
    "37": {
      "2": 1.8,
      "0": 2.0,
      "3": 2.8,
      "5": 4.2,
      "6": 4.2,
      "4": 6.0,
      "1": 7.0
    },
    "38": {
      "0": 1.4,
      "4": 1.6,
      "3": 3.6,
      "7": 3.4,
      "6": 5.8,
      "5": 6.6,
      "1": 5.6,
      "2": 8.0
    },
    "39": {
      "2": 1.2,
      "5": 2.6,
      "1": 2.4,
      "0": 3.8,
      "6": 5.0,
      "4": 6.2,
      "3": 6.8
    },
    "40": {
      "0": 1.6,
      "7": 4.0,
      "1": 2.0,
      "6": 3.2,
      "2": 4.4,
      "4": 5.8,
      "3": 7.0,
      "5": 8.0
    },
    "41": {
      "6": 1.8,
      "0": 2.0,
      "2": 3.0,
      "4": 3.4,
      "7": 5.0,
      "5": 5.8,
      "1": 7.0,
      "3": 8.0
    },
    "42": {
      "5": 1.0,
      "2": 3.8,
      "6": 2.4,
      "4": 3.6,
      "1": 6.8,
      "3": 4.6,
      "0": 6.2,
      "7": 7.6
    },
    "43": {
      "0": 2.2,
      "1": 2.0,
      "3": 3.2,
      "4": 2.6,
      "2": 5.0,
      "5": 6.4,
      "6": 6.6
    },
    "44": {
      "0": 1.0,
      "2": 2.0,
      "5": 3.0,
      "3": 4.0,
      "6": 5.5,
      "7": 6.5,
      "4": 6.0,
      "1": 8.0
    },
    "45": {
      "0": 1.0,
      "2": 2.0,
      "5": 3.8,
      "1": 3.8,