{
  "content_diversity": 0.512794017791748,
  "classifier_auc": 0.9011240236235474,
  "ranking_stability": 0.6843838290440232,
  "feature_coefficients": {
    "word_count": 0.28952091151765885,
    "sentence_count": -0.026953779558615918,
    "avg_sentence_length": 0.3572772782197623,
    "paragraph_count": -0.5256502166689508,
    "heading_density": 0.13648354857958123,
    "list_frequency": 0.12163496128961168,
    "readability": -0.4137576376511927,
    "bold_emphasis_density": -0.1266490537130464,
    "citation_density": -0.02361659463612665,
    "statistic_density": -0.3901378940166044,
    "quote_density": -0.12529772213489876,
    "named_source_mentions": -1.0633535050175256,
    "year_mentions": 0.11067430406099338,
    "claim_density": 0.3687647037906325,
    "external_reference_density": 0.2190090473164586,
    "question_density": -0.0640163513733804,
    "query_similarity": 2.400498006306185,
    "corpus_centroid_similarity": -0.11114526670834042,
    "type_token_ratio": -0.6667902505075526,
    "vocabulary_sophistication": 0.08027690046561205,
    "sentiment_polarity": 0.04001424290178294,
    "avg_word_length": -0.06668328829847443,
    "semantic_uniqueness": 0.7357898721138371,
    "information_density": -0.29437840624805245,
    "specificity_score": 0.061528037571209934
  },
  "avg_ranks": {
    "0": {
      "2": 1.6,
      "0": 1.4,
      "5": 5.8,
      "3": 4.2,
      "4": 5.4,
      "1": 5.4,
      "7": 5.8,
      "6": 6.4
    },
    "1": {
      "0": 1.0,
      "3": 2.4,
      "5": 3.6,
      "8": 4.2,
      "6": 4.0,
      "2": 6.0,
      "7": 7.0,
      "1": 8.4,
      "4": 8.4
    },
    "2": {
      "0": 1.0,
      "3": 2.2,
      "7": 2.8,
      "4": 6.0,
      "2": 4.6,
      "6": 5.0,
      "5": 6.4,
      "1": 8.0
    },
    "3": {
      "0": 1.0,
      "5": 5.8,
      "1": 2.2,
      "2": 3.4,
      "6": 4.2,
      "4": 5.8,
      "3": 5.6
    },
    "4": {
      "5": 1.0,
      "0": 2.2,
      "6": 3.6,
      "3": 3.8,
      "1": 4.4,
      "4": 6.0,
      "8": 7.4,
      "7": 8.0,
      "2": 8.6
    },
    "5": {
      "0": 1.4,
      "6": 1.6,
      "1": 3.0,
      "2": 4.0,
      "3": 5.8,
      "5": 6.0,
      "7": 6.8,
      "4": 7.4
    },
    "6": {
      "0": 1.0,
      "4": 2.0,
      "2": 3.6,
      "5": 3.4,
      "3": 6.6,
      "7": 5.8,
      "6": 5.6,
      "1": 8.0
    },
    "7": {
      "5": 1.6,
      "0": 1.4,
      "4": 3.8,
      "1": 3.8,
      "3": 4.8,
      "2": 5.6,
      "6": 7.0
    },
    "8": {
      "0": 1.0,
      "1": 2.0,
      "2": 4.0,
      "4": 5.0,
      "3": 5.4,
      "6": 3.6,
      "5": 7.0
    },
    "9": {
      "2": 2.6,
      "0": 4.0,
      "4": 4.0,
      "5": 1.6,
      "1": 3.4,
      "3": 5.4,
      "6": 7.4,
      "7": 7.6
    },
    "10": {
      "4": 1.2,
      "9": 2.2,
      "0": 2.6,
      "3": 4.0,
      "1": 6.6,
      "6": 6.8,
      "2": 7.4,
      "5": 7.2,
      "8": 7.0,
      "7": 10.0
    },
    "11": {
      "0": 1.0,
      "6": 2.2,
      "2": 2.8,
      "3": 4.4,
      "5": 4.6,
      "1": 6.2,
      "4": 6.8
    },
    "12": {
      "0": 1.2,
      "6": 2.0,
      "1": 3.0,
      "2": 5.0,
      "5": 5.4,
      "4": 4.4,
      "3": 7.0
    },
    "13": {
      "3": 1.8,
      "0": 1.8,
      "4": 2.8,
      "5": 4.0,
      "1": 5.4,
      "2": 5.2,
      "6": 7.4,
      "7": 7.6
    },
    "14": {
      "2": 2.4,
      "4": 3.0,
      "5": 1.4,
      "1": 3.2,
      "0": 5.0,
      "3": 6.4,
      "6": 6.6
    },
    "15": {
      "9": 2.8,
      "8": 3.6,
      "4": 3.6,
      "2": 2.4,
      "1": 6.4,
      "5": 7.2,
      "3": 7.4,
      "0": 7.2,
      "6": 5.0,
      "7": 9.4
    },
    "16": {
      "4": 2.4,
      "6": 1.4,
      "7": 4.2,
      "0": 4.8,
      "8": 4.0,
      "2": 6.2,
      "5": 6.8,
      "1": 6.4,
      "3": 8.8
    },
    "17": {
      "0": 1.0,
      "4": 2.4,
      "1": 4.0,
      "3": 3.4,
      "2": 5.0,
      "7": 5.6,
      "5": 6.6,
      "8": 8.2,
      "6": 8.8
    },
    "18": {
      "1": 1.8,
      "4": 1.4,
      "7": 3.2,
      "5": 4.0,
      "2": 6.0,
      "3": 6.2,
      "6": 5.4,
      "0": 8.0
    },
    "19": {
      "0": 2.0,
      "4": 3.6,
      "1": 4.0,
      "6": 2.6,
      "3": 3.4,
      "2": 6.2,
      "5": 6.4,
      "7": 7.8
    },
    "20": {
      "0": 2.2,
      "2": 1.4,
      "1": 3.6,
      "6": 3.8,
      "4": 5.8,
      "5": 6.6,
      "7": 4.6,
      "3": 8.0
    },
    "21": {
      "0": 1.2,
      "7": 1.8,
      "2": 3.4,
      "6": 3.6,
      "1": 5.0,
      "4": 7.0,
      "5": 7.2,
      "3": 6.8
    },
    "22": {
      "0": 1.0,
      "5": 3.4,
      "6": 3.2,
      "3": 3.6,
      "7": 6.0,
      "1": 5.2,
      "2": 6.8,
      "4": 6.8
    },
    "23": {
      "0": 1.8,
      "8": 1.6,
      "1": 3.8,
      "4": 2.8,
      "5": 5.2,
      "6": 7.8,
      "7": 6.0,
      "2": 7.8,
      "3": 8.2
    },
    "24": {
      "4": 1.6,
      "3": 2.2,
      "0": 2.2,
      "1": 4.0,
      "6": 5.0,
      "5": 6.0,
      "2": 7.0
    },
    "25": {
      "0": 1.0,
      "2": 4.8,
      "4": 3.6,
      "3": 2.4,
      "5": 5.8,
      "1": 6.2,
      "7": 4.8,
      "6": 7.4
    },
    "26": {
      "0": 1.0,
      "8": 2.6,
      "2": 2.8,
      "7": 4.2,
      "5": 5.6,
      "4": 5.2,
      "3": 7.2,
      "1": 7.8,
      "6": 8.6
    },
    "27": {
      "0": 1.0,
      "1": 2.0,
      "3": 4.0,
      "2": 4.2,
      "7": 3.8,
      "6": 6.6,
      "4": 7.2,
      "5": 7.2
    },
    "28": {
      "0": 1.0,
      "3": 2.2,
      "2": 2.8,
      "1": 4.6,
      "5": 4.4,
      "6": 6.0,
      "4": 7.0
    },
    "29": {
      "0": 1.0,
      "3": 3.0,
      "2": 4.0,
      "7": 3.5,
      "5": 4.25,
      "4": 6.75,
      "6": 6.75,
      "1": 6.75
    },
    "30": {
      "0": 1.0,
      "5": 2.2,
      "7": 3.2,
      "4": 3.6,
      "3": 5.8,
      "6": 6.6,
      "2": 5.8,
      "1": 7.8
    },
    "31": {
      "5": 2.2,
      "4": 3.4,
      "3": 2.6,
      "7": 4.2,
      "2": 2.6,
      "0": 7.0,
      "6": 6.6,
      "1": 7.4
    },
    "32": {
      "4": 1.5,
      "1": 1.5,
      "3": 3.0,
      "2": 4.0,
      "5": 6.5,
      "6": 5.5,
      "0": 6.0
    },
    "33": {
      "0": 1.25,
      "2": 2.5,
      "6": 2.25,
      "5": 4.75,
      "8": 5.0,
      "4": 6.0,
      "7": 6.75,
      "1": 7.5,
      "3": 9.0
    },
    "34": {
      "0": 1.0,
      "5": 3.2,
      "4": 3.0,
      "7": 3.6,
      "2": 5.2,
      "1": 6.4,
      "6": 7.2,
      "3": 6.4
    },
    "35": {
      "0": 1.0,
      "7": 2.0,
      "3": 4.4,
      "2": 5.2,
      "4": 4.6,
      "1": 4.6,
      "6": 6.6,
      "5": 7.6
    },
    "36": {
      "0": 1.0,
      "5": 2.2,
      "1": 3.0,
      "3": 5.6,
      "6": 5.0,
      "7": 5.4,
      "2": 7.4,
      "4": 6.4
    },
    "37": {
      "0": 2.4,
      "2": 1.6,
      "5": 3.0,
      "3": 3.4,
      "6": 4.6,
      "4": 6.0,
      "1": 7.0
    },
    "38": {
      "0": 1.6,
      "4": 1.4,
      "3": 3.6,
      "7": 3.4,
      "5": 5.8,
      "6": 5.8,
      "1": 6.4,
      "2": 8.0
    },
    "39": {
      "5": 1.3333333333333333,
      "2": 1.6666666666666667,
      "1": 3.0,
      "0": 4.0,
      "6": 5.0,
      "3": 6.0,
      "4": 7.0
    },
    "40": {
      "0": 1.2,
      "6": 2.2,
      "1": 2.6,
      "7": 4.6,
      "2": 4.8,
      "4": 6.0,
      "5": 7.4,
      "3": 7.2
    },
    "41": {
      "2": 2.4,
      "0": 2.6,
      "5": 5.0,
      "6": 3.6,
      "4": 2.8,
      "1": 6.4,
      "7": 5.4,
      "3": 7.8
    },
    "42": {
      "5": 1.2,
      "6": 2.2,
      "1": 5.4,
      "4": 3.4,
      "2": 3.6,
      "0": 6.0,
      "7": 7.8,
      "3": 6.4
    },
    "43": {
      "0": 1.4,
      "1": 2.0,
      "3": 2.6,
      "4": 4.0,
      "2": 5.0,
      "5": 6.0,
      "6": 7.0
    },
    "44": {
      "0": 1.0,
      "2": 2.0,
      "5": 3.25,
      "3": 3.75,
      "6": 5.25,
      "4": 5.75,
      "7": 7.0,
      "1": 8.0
    },
    "45": {
      "0": 1.0,
      "2": 2.4,
      "5": 3.6,
      "1": 3.2,