{
  "content_diversity": 0.5082480311393738,
  "classifier_auc": 0.9079550922213312,
  "ranking_stability": 0.6938083379919024,
  "feature_coefficients": {
    "word_count": -0.8258781874145358,
    "sentence_count": 0.898323374513698,
    "avg_sentence_length": 0.43023912367525663,
    "paragraph_count": -0.7312980104467058,
    "heading_density": -0.154522379978264,
    "list_frequency": -0.2202066176595434,
    "readability": -0.21848924874786124,
    "bold_emphasis_density": 0.09531967769139285,
    "citation_density": -0.13486441556797252,
    "statistic_density": -0.026763410639751836,
    "quote_density": -0.12233461888851126,
    "named_source_mentions": -0.41417180426915484,
    "year_mentions": 0.01947705356449291,
    "claim_density": 0.2672055275250064,
    "external_reference_density": 0.1101429258630746,
    "question_density": -0.03388457156213415,
    "query_similarity": 2.762331732128217,
    "corpus_centroid_similarity": 0.14812040832143147,
    "type_token_ratio": -0.5748246759592557,
    "vocabulary_sophistication": -0.09694668189838467,
    "sentiment_polarity": 0.006171750174489514,
    "avg_word_length": 0.02742731090984085,
    "semantic_uniqueness": 1.1576628585087845,
    "information_density": -0.2247127363263312,
    "specificity_score": 0.054896737769993695
  },
  "avg_ranks": {
    "0": {
      "2": 1.6,
      "0": 1.4,
      "3": 3.6,
      "7": 4.6,
      "6": 7.4,
      "1": 5.4,
      "5": 5.8,
      "4": 6.2
    },
    "1": {
      "0": 1.0,
      "3": 2.2,
      "6": 4.2,
      "8": 3.6,
      "5": 4.0,
      "4": 8.4,
      "7": 7.6,
      "1": 7.2,
      "2": 6.8
    },
    "2": {
      "0": 1.0,
      "3": 2.0,
      "7": 3.25,
      "6": 4.5,
      "5": 5.5,
      "4": 6.5,
      "2": 7.5,
      "1": 5.75
    },
    "3": {
      "0": 1.0,
      "1": 2.0,
      "2": 3.25,
      "6": 3.75,
      "5": 5.75,
      "4": 6.5,
      "3": 5.75
    },
    "4": {
      "5": 1.0,
      "3": 2.6,
      "0": 2.4,
      "6": 4.4,
      "1": 4.6,
      "4": 6.0,
      "8": 7.0,
      "2": 8.6,
      "7": 8.4
    },
    "5": {
      "0": 1.2,
      "6": 2.0,
      "1": 2.8,
      "2": 4.0,
      "5": 6.0,
      "7": 6.8,
      "4": 7.0,
      "3": 6.2
    },
    "6": {
      "0": 1.0,
      "4": 2.0,
      "2": 3.4,
      "6": 4.6,
      "7": 4.8,
      "5": 5.2,
      "3": 7.0,
      "1": 8.0
    },
    "7": {
      "0": 1.4,
      "1": 3.0,
      "4": 4.0,
      "5": 2.6,
      "3": 4.2,
      "6": 6.6,
      "2": 6.2
    },
    "8": {
      "0": 1.2,
      "1": 1.8,
      "6": 3.8,
      "4": 4.4,
      "2": 4.6,
      "3": 5.8,
      "5": 6.4
    },
    "9": {
      "5": 2.0,
      "2": 2.6,
      "3": 3.8,
      "4": 4.6,
      "1": 3.0,
      "0": 5.0,
      "7": 7.0,
      "6": 8.0
    },
    "10": {
      "4": 1.0,
      "0": 2.2,
      "9": 2.8,
      "3": 4.0,
      "5": 5.8,
      "1": 7.4,
      "8": 6.6,
      "2": 7.8,
      "6": 7.4,
      "7": 10.0
    },
    "11": {
      "0": 1.0,
      "6": 2.6,
      "2": 2.8,
      "3": 3.6,
      "5": 5.0,
      "1": 6.4,
      "4": 6.6
    },
    "12": {
      "0": 1.4,
      "6": 1.6,
      "1": 3.4,
      "4": 3.8,
      "2": 5.6,
      "5": 5.4,
      "3": 6.8
    },
    "13": {
      "0": 2.2,
      "3": 1.6,
      "4": 2.8,
      "5": 3.4,
      "2": 5.8,
      "6": 7.2,
      "1": 5.4,
      "7": 7.6
    },
    "14": {
      "5": 1.5,
      "2": 2.0,
      "1": 3.75,
      "4": 2.75,
      "0": 5.0,
      "3": 6.0,
      "6": 7.0
    },
    "15": {
      "5": 5.2,
      "0": 7.0,
      "2": 2.2,
      "4": 2.6,
      "8": 3.8,
      "6": 4.6,
      "1": 7.8,
      "9": 4.0,
      "7": 9.4,
      "3": 8.4
    },
    "16": {
      "6": 1.0,
      "4": 2.8,
      "0": 3.8,
      "8": 4.2,
      "3": 6.8,
      "1": 6.8,
      "5": 5.6,
      "7": 8.0,
      "2": 6.0
    },
    "17": {
      "0": 1.0,
      "3": 3.6,
      "4": 2.4,
      "1": 3.0,
      "2": 5.6,
      "6": 8.0,
      "5": 6.8,
      "7": 6.8,
      "8": 7.8
    },
    "18": {
      "4": 1.0,
      "5": 3.5,
      "7": 3.0,
      "1": 2.5,
      "6": 6.5,
      "2": 5.5,
      "3": 6.75,
      "0": 7.25
    },
    "19": {
      "4": 2.8,
      "6": 2.8,
      "0": 1.8,
      "7": 6.8,
      "1": 2.8,
      "2": 6.8,
      "5": 6.6,
      "3": 5.6
    },
    "20": {
      "2": 1.2,
      "7": 2.8,
      "0": 2.0,
      "6": 4.2,
      "4": 5.0,
      "5": 6.8,
      "1": 6.0,
      "3": 8.0
    },
    "21": {
      "0": 1.0,
      "7": 2.4,
      "1": 4.2,
      "6": 3.4,
      "2": 4.0,
      "5": 7.0,
      "3": 6.4,
      "4": 7.6
    },
    "22": {
      "0": 1.0,
      "4": 3.5,
      "3": 4.0,
      "6": 5.0,
      "5": 4.5,
      "1": 6.0,
      "7": 6.25,
      "2": 5.75
    },
    "23": {
      "0": 1.0,
      "4": 2.8,
      "8": 2.2,
      "1": 4.2,
      "5": 6.2,
      "2": 7.6,
      "3": 7.8,
      "7": 7.4,
      "6": 5.8
    },
    "24": {
      "3": 1.6,
      "0": 1.8,
      "4": 2.8,
      "1": 4.0,
      "6": 5.2,
      "5": 5.6,
      "2": 7.0
    },
    "25": {
      "0": 1.0,
      "3": 2.0,
      "5": 6.2,
      "4": 4.0,
      "7": 3.4,
      "6": 7.0,
      "1": 6.4,
      "2": 6.0
    },
    "26": {
      "0": 1.0,
      "7": 4.4,
      "2": 2.4,
      "8": 3.0,
      "3": 6.6,
      "4": 6.2,
      "5": 4.8,
      "6": 8.8,
      "1": 7.8
    },
    "27": {
      "0": 1.0,
      "1": 2.6,
      "3": 3.0,
      "7": 3.6,
      "2": 4.8,
      "6": 7.2,
      "4": 7.4,
      "5": 6.4
    },
    "28": {
      "0": 1.0,
      "4": 5.8,
      "1": 4.8,
      "2": 3.8,
      "3": 2.8,
      "5": 4.2,
      "6": 5.6
    },
    "29": {
      "0": 1.0,
      "5": 3.4,
      "3": 3.0,
      "7": 3.0,
      "2": 4.6,
      "4": 6.8,
      "6": 6.8,
      "1": 7.4
    },
    "30": {
      "0": 1.0,
      "5": 2.0,
      "7": 3.0,
      "4": 4.0,
      "1": 7.0,
      "2": 6.2,
      "3": 5.8,
      "6": 7.0
    },
    "31": {
      "4": 3.8,
      "2": 2.4,
      "7": 2.8,
      "5": 3.0,
      "3": 3.0,
      "6": 6.6,
      "0": 6.6,
      "1": 7.8
    },
    "32": {
      "4": 1.8,
      "1": 1.2,
      "3": 3.0,
      "2": 4.0,
      "5": 5.8,
      "6": 6.2,
      "0": 6.0
    },
    "33": {
      "0": 1.8,
      "6": 2.2,
      "4": 4.2,
      "8": 4.8,
      "7": 6.4,
      "5": 5.4,
      "3": 7.4,
      "2": 4.4,
      "1": 8.4
    },
    "34": {
      "0": 1.0,
      "4": 2.2,
      "2": 4.6,
      "6": 4.4,
      "7": 5.4,
      "1": 6.0,
      "3": 6.4,
      "5": 6.0
    },
    "35": {
      "0": 1.0,
      "7": 2.2,
      "3": 3.6,
      "2": 4.4,
      "4": 3.8,
      "1": 6.4,
      "6": 7.2,
      "5": 7.4
    },
    "36": {
      "0": 1.0,
      "5": 2.2,
      "1": 3.0,
      "6": 5.4,
      "7": 4.0,
      "2": 7.2,
      "3": 5.6,
      "4": 7.6
    },
    "37": {
      "0": 1.4,
      "2": 2.2,
      "5": 2.4,
      "3": 4.6,
      "6": 4.4,
      "4": 6.0,
      "1": 7.0
    },
    "38": {
      "4": 1.8,
      "0": 1.4,
      "3": 3.6,
      "5": 6.0,
      "7": 3.4,
      "6": 5.8,
      "1": 6.0,
      "2": 8.0
    },
    "39": {
      "2": 1.2,
      "5": 2.6,
      "1": 3.2,
      "0": 3.0,
      "6": 5.0,
      "3": 6.6,
      "4": 6.4
    },
    "40": {
      "0": 1.2,
      "6": 3.4,
      "1": 2.4,
      "7": 3.0,
      "2": 5.2,
      "4": 6.0,
      "3": 6.8,
      "5": 8.0
    },
    "41": {
      "0": 1.8,
      "6": 2.0,
      "2": 3.0,
      "7": 4.8,
      "4": 4.4,
      "5": 5.2,
      "1": 7.6,
      "3": 7.2
    },
    "42": {
      "5": 1.2,
      "2": 4.2,
      "4": 3.0,
      "6": 2.4,
      "3": 4.8,
      "1": 5.4,
      "0": 7.2,
      "7": 7.8
    },
    "43": {
      "3": 2.2,
      "0": 1.2,
      "1": 3.2,
      "4": 3.4,
      "2": 5.0,
      "5": 6.2,
      "6": 6.8
    },
    "44": {
      "0": 1.0,
      "2": 2.0,
      "5": 3.25,
      "3": 3.75,
      "4": 5.75,
      "7": 6.75,
      "6": 5.5,
      "1": 8.0
    },
    "45": {
      "0": 1.0,
      "3": 4.2,
      "2": 2.2,
      "5": 3.4,
      "1": 4.2,
      "6": 6.2,