{
  "content_diversity": 0.5037828683853149,
  "classifier_auc": 0.8803205424564647,
  "ranking_stability": 0.6884710859380463,
  "feature_coefficients": {
    "word_count": 0.5404153053946855,
    "sentence_count": -0.13223650877635898,
    "avg_sentence_length": 0.43465314362817936,
    "paragraph_count": -0.38305320143485816,
    "heading_density": -0.4991690327394693,
    "list_frequency": 0.049268128063891185,
    "readability": -0.4667647820823002,
    "bold_emphasis_density": 0.25847981036801426,
    "citation_density": -0.16502928234359218,
    "statistic_density": -0.1677412764856684,
    "quote_density": -0.0766579325487845,
    "named_source_mentions": -0.9705922961992184,
    "year_mentions": -0.013220026932677958,
    "claim_density": 0.14595918328033733,
    "external_reference_density": 0.26841328012932436,
    "question_density": 0.024207486808793057,
    "query_similarity": 2.4953953220032217,
    "corpus_centroid_similarity": 0.09845605509789276,
    "type_token_ratio": -0.6167474814524649,
    "vocabulary_sophistication": 0.002673093478860559,
    "sentiment_polarity": 0.03562798552271022,
    "avg_word_length": 0.07360093866797059,
    "semantic_uniqueness": 1.074650818184225,
    "information_density": 0.05032161217925665,
    "specificity_score": 0.3274222086148492
  },
  "avg_ranks": {
    "0": {
      "2": 1.4,
      "0": 1.6,
      "5": 4.0,
      "6": 5.2,
      "1": 4.8,
      "3": 5.8,
      "7": 7.2,
      "4": 6.0
    },
    "1": {
      "0": 1.0,
      "3": 2.2,
      "5": 3.6,
      "8": 3.8,
      "6": 4.6,
      "2": 5.8,
      "7": 8.0,
      "1": 7.8,
      "4": 8.2
    },
    "2": {
      "0": 1.0,
      "7": 2.8,
      "3": 2.2,
      "6": 4.6,
      "5": 6.2,
      "4": 6.0,
      "2": 6.0,
      "1": 7.2
    },
    "3": {
      "0": 1.0,
      "1": 2.0,
      "2": 3.4,
      "6": 4.4,
      "5": 6.2,
      "4": 5.2,
      "3": 5.8
    },
    "4": {
      "5": 1.0,
      "0": 2.6,
      "3": 2.6,
      "6": 4.0,
      "1": 4.8,
      "4": 6.2,
      "8": 6.8,
      "2": 8.0,
      "7": 9.0
    },
    "5": {
      "0": 1.2,
      "6": 1.8,
      "1": 3.0,
      "2": 4.0,
      "7": 5.8,
      "3": 5.8,
      "5": 6.6,
      "4": 7.8
    },
    "6": {
      "0": 1.0,
      "4": 2.0,
      "5": 3.8,
      "2": 3.2,
      "3": 5.6,
      "6": 6.2,
      "7": 6.2,
      "1": 8.0
    },
    "7": {
      "5": 1.8,
      "0": 1.6,
      "1": 3.6,
      "4": 3.2,
      "3": 5.0,
      "6": 6.0,
      "2": 6.8
    },
    "8": {
      "0": 1.2,
      "1": 2.2,
      "2": 3.4,
      "6": 3.6,
      "4": 4.6,
      "5": 6.6,
      "3": 6.4
    },
    "9": {
      "2": 3.0,
      "3": 3.4,
      "1": 2.6,
      "4": 5.0,
      "5": 3.0,
      "0": 4.0,
      "6": 7.6,
      "7": 7.4
    },
    "10": {
      "4": 1.4,
      "0": 1.6,
      "9": 3.0,
      "5": 5.6,
      "3": 4.2,
      "6": 6.8,
      "2": 7.8,
      "1": 7.6,
      "8": 7.0,
      "7": 10.0
    },
    "11": {
      "0": 1.0,
      "2": 2.4,
      "3": 4.2,
      "6": 2.8,
      "5": 4.6,
      "1": 6.4,
      "4": 6.6
    },
    "12": {
      "0": 1.8,
      "6": 1.4,
      "4": 3.2,
      "1": 3.6,
      "5": 5.4,
      "2": 5.6,
      "3": 7.0
    },
    "13": {
      "3": 1.8,
      "0": 1.2,
      "4": 3.0,
      "5": 4.6,
      "1": 4.8,
      "2": 5.6,
      "6": 7.8,
      "7": 7.2
    },
    "14": {
      "5": 1.4,
      "1": 3.4,
      "2": 2.4,
      "4": 2.8,
      "0": 5.0,
      "6": 6.6,
      "3": 6.4
    },
    "15": {
      "2": 2.6,
      "4": 4.0,
      "9": 3.0,
      "8": 3.6,
      "1": 3.4,
      "0": 7.6,
      "6": 5.0,
      "5": 7.6,
      "7": 9.0,
      "3": 9.2
    },
    "16": {
      "4": 1.8,
      "6": 1.2,
      "0": 3.6,
      "5": 5.8,
      "1": 5.0,
      "7": 6.6,
      "3": 7.6,
      "2": 5.8,
      "8": 7.6
    },
    "17": {
      "0": 1.0,
      "4": 2.2,
      "2": 5.2,
      "3": 4.2,
      "1": 3.4,
      "5": 6.0,
      "7": 6.0,
      "8": 8.0,
      "6": 9.0
    },
    "18": {
      "4": 1.8,
      "1": 2.2,
      "7": 3.8,
      "5": 3.6,
      "6": 3.8,
      "3": 6.6,
      "2": 6.2,
      "0": 8.0
    },
    "19": {
      "0": 1.8,
      "6": 2.8,
      "1": 2.4,
      "4": 3.0,
      "2": 6.2,
      "3": 5.8,
      "7": 7.8,
      "5": 6.2
    },
    "20": {
      "2": 1.2,
      "6": 2.6,
      "7": 4.0,
      "0": 2.6,
      "4": 4.8,
      "1": 5.8,
      "5": 7.0,
      "3": 8.0
    },
    "21": {
      "0": 1.4,
      "7": 2.0,
      "1": 4.4,
      "2": 3.0,
      "6": 4.2,
      "3": 6.8,
      "5": 7.2,
      "4": 7.0
    },
    "22": {
      "0": 1.0,
      "3": 3.25,
      "6": 3.75,
      "7": 6.25,
      "1": 5.5,
      "5": 5.5,
      "2": 5.75,
      "4": 5.0
    },
    "23": {
      "8": 1.4,
      "4": 2.8,
      "0": 1.8,
      "1": 4.0,
      "5": 5.6,
      "3": 6.6,
      "7": 7.4,
      "2": 7.6,
      "6": 7.8
    },
    "24": {
      "0": 1.2,
      "4": 2.0,
      "3": 2.8,
      "1": 4.4,
      "6": 5.0,
      "5": 5.8,
      "2": 6.8
    },
    "25": {
      "0": 1.0,
      "3": 2.0,
      "7": 3.0,
      "4": 4.0,
      "1": 6.6,
      "6": 6.4,
      "5": 6.8,
      "2": 6.2
    },
    "26": {
      "0": 1.0,
      "8": 2.5,
      "2": 3.0,
      "7": 4.5,
      "5": 5.25,
      "4": 5.75,
      "3": 6.25,
      "1": 7.75,
      "6": 9.0
    },
    "27": {
      "0": 1.0,
      "1": 2.0,
      "3": 3.0,
      "7": 4.0,
      "2": 5.0,
      "5": 6.5,
      "6": 7.5,
      "4": 7.0
    },
    "28": {
      "0": 1.0,
      "3": 5.0,
      "2": 4.75,
      "1": 4.25,
      "5": 3.5,
      "6": 5.0,
      "4": 4.5
    },
    "29": {
      "0": 1.0,
      "5": 4.0,
      "3": 2.6,
      "7": 3.8,
      "2": 3.6,
      "4": 6.6,
      "6": 6.4,
      "1": 8.0
    },
    "30": {
      "0": 1.0,
      "5": 2.0,
      "7": 3.0,
      "4": 4.0,
      "3": 5.8,
      "2": 6.0,
      "6": 6.8,
      "1": 7.4
    },
    "31": {
      "2": 2.2,
      "5": 2.6,
      "7": 3.2,
      "3": 3.2,
      "4": 4.0,
      "0": 6.6,
      "1": 7.6,
      "6": 6.6
    },
    "32": {
      "1": 1.4,
      "4": 1.6,
      "3": 3.0,
      "2": 4.0,
      "5": 5.4,
      "0": 5.8,
      "6": 6.8
    },
    "33": {
      "4": 4.2,
      "0": 1.4,
      "8": 4.4,
      "2": 2.4,
      "6": 4.2,
      "5": 4.8,
      "7": 7.6,
      "1": 8.8,
      "3": 7.2
    },
    "34": {
      "0": 1.0,
      "5": 4.0,
      "4": 2.25,
      "7": 4.75,
      "2": 5.25,
      "1": 6.25,
      "3": 6.5,
      "6": 6.0
    },
    "35": {
      "0": 1.0,
      "7": 2.2,
      "4": 3.2,
      "1": 5.2,
      "2": 4.8,
      "3": 4.8,
      "5": 7.2,
      "6": 7.6
    },
    "36": {
      "0": 1.0,
      "5": 2.4,
      "1": 2.6,
      "6": 4.6,
      "7": 5.2,
      "3": 6.4,
      "2": 6.4,
      "4": 7.4
    },
    "37": {
      "0": 1.6,
      "2": 1.8,
      "5": 3.6,
      "6": 3.0,
      "3": 5.0,
      "4": 6.0,
      "1": 7.0
    },
    "38": {
      "0": 1.25,
      "4": 1.75,
      "3": 3.0,
      "7": 4.0,
      "1": 5.25,
      "6": 6.0,
      "5": 6.75,
      "2": 8.0
    },
    "39": {
      "5": 3.0,
      "2": 1.2,
      "0": 2.6,
      "1": 3.2,
      "6": 5.0,
      "3": 6.2,
      "4": 6.8
    },
    "40": {
      "6": 2.2,
      "0": 1.4,
      "1": 2.8,
      "7": 3.6,
      "2": 5.0,
      "3": 6.8,
      "4": 6.4,
      "5": 7.8
    },
    "41": {
      "0": 2.0,
      "2": 2.0,
      "7": 4.333333333333333,
      "6": 4.0,
      "4": 4.333333333333333,
      "5": 4.333333333333333,
      "1": 7.333333333333333,
      "3": 7.666666666666667
    },
    "42": {
      "5": 1.0,
      "4": 2.6666666666666665,
      "6": 2.6666666666666665,
      "2": 4.0,
      "1": 4.666666666666667,
      "0": 6.333333333333333,
      "3": 7.0,
      "7": 7.666666666666667
    },
    "43": {
      "4": 3.0,
      "0": 1.2,
      "1": 2.6,
      "3": 3.2,
      "5": 6.0,
      "2": 5.2,
      "6": 6.8
    },
    "44": {
      "0": 1.0,
      "2": 2.0,
      "5": 3.0,
      "3": 4.0,
      "7": 6.4,
      "4": 6.2,