{
  "content_diversity": 0.5096766352653503,
  "classifier_auc": 0.8985565356856455,
  "ranking_stability": 0.7006775900324287,
  "feature_coefficients": {
    "word_count": -0.0634041411885526,
    "sentence_count": 0.17165324556292347,
    "avg_sentence_length": 0.45305812724065975,
    "paragraph_count": -0.283251656828758,
    "heading_density": -0.14533183814128664,
    "list_frequency": -0.06586266005427203,
    "readability": -0.282186954746313,
    "bold_emphasis_density": 0.16467818042970359,
    "citation_density": 0.003547163140335262,
    "statistic_density": -0.24365076410117142,
    "quote_density": -0.22805928403071166,
    "named_source_mentions": -0.49300585843031886,
    "year_mentions": -0.015526464329649076,
    "claim_density": 0.3120583822764727,
    "external_reference_density": 0.20769318075242266,
    "question_density": 0.09113290827901115,
    "query_similarity": 2.5634042961399057,
    "corpus_centroid_similarity": -0.024877369423517606,
    "type_token_ratio": -0.535167717541887,
    "vocabulary_sophistication": -0.009860807597592273,
    "sentiment_polarity": 0.07234475302112554,
    "avg_word_length": -0.2177039795833582,
    "semantic_uniqueness": 0.890528567373141,
    "information_density": -0.254609155310253,
    "specificity_score": 0.19262837025067153
  },
  "avg_ranks": {
    "0": {
      "2": 1.8,
      "0": 1.2,
      "4": 5.0,
      "5": 5.2,
      "3": 4.8,
      "7": 5.6,
      "1": 4.8,
      "6": 7.6
    },
    "1": {
      "0": 1.0,
      "3": 2.6,
      "5": 2.8,
      "6": 3.8,
      "8": 5.0,
      "2": 6.4,
      "1": 7.4,
      "7": 7.8,
      "4": 8.2
    },
    "2": {
      "0": 1.0,
      "3": 2.2,
      "7": 3.0,
      "2": 5.0,
      "6": 4.4,
      "4": 6.6,
      "5": 7.2,
      "1": 6.6
    },
    "3": {
      "0": 1.0,
      "1": 2.0,
      "2": 3.25,
      "6": 4.25,
      "3": 5.5,
      "5": 6.75,
      "4": 5.25
    },
    "4": {
      "5": 1.0,
      "0": 2.2,
      "3": 2.8,
      "6": 4.4,
      "1": 4.6,
      "4": 6.2,
      "8": 7.6,
      "2": 7.6,
      "7": 8.6
    },
    "5": {
      "0": 1.4,
      "6": 1.8,
      "1": 2.8,
      "2": 4.0,
      "5": 5.6,
      "3": 6.0,
      "7": 6.8,
      "4": 7.6
    },
    "6": {
      "0": 1.0,
      "4": 2.0,
      "2": 3.4,
      "3": 6.0,
      "5": 4.6,
      "7": 5.4,
      "6": 5.6,
      "1": 8.0
    },
    "7": {
      "5": 1.2,
      "0": 2.2,
      "4": 3.0,
      "1": 4.2,
      "3": 4.4,
      "2": 6.6,
      "6": 6.4
    },
    "8": {
      "0": 1.0,
      "1": 2.0,
      "2": 3.6,
      "4": 5.0,
      "6": 3.8,
      "5": 6.8,
      "3": 5.8
    },
    "9": {
      "2": 2.6,
      "5": 1.4,
      "3": 3.8,
      "1": 3.6,
      "4": 5.0,
      "0": 4.6,
      "6": 7.6,
      "7": 7.4
    },
    "10": {
      "4": 1.4,
      "0": 2.4,
      "9": 2.2,
      "2": 7.0,
      "3": 4.4,
      "8": 6.0,
      "1": 7.4,
      "5": 6.4,
      "6": 8.4,
      "7": 9.4
    },
    "11": {
      "0": 1.0,
      "2": 2.2,
      "6": 2.8,
      "3": 4.0,
      "5": 5.0,
      "4": 6.2,
      "1": 6.8
    },
    "12": {
      "0": 1.2,
      "6": 1.8,
      "5": 3.8,
      "1": 4.2,
      "4": 4.0,
      "2": 6.2,
      "3": 6.8
    },
    "13": {
      "0": 1.6,
      "4": 3.6,
      "3": 1.6,
      "5": 3.2,
      "1": 5.2,
      "2": 5.8,
      "6": 7.2,
      "7": 7.8
    },
    "14": {
      "5": 1.4,
      "4": 3.0,
      "2": 2.0,
      "1": 3.6,
      "0": 5.0,
      "3": 6.6,
      "6": 6.4
    },
    "15": {
      "8": 3.0,
      "4": 2.8,
      "2": 2.4,
      "9": 3.6,
      "6": 4.2,
      "0": 7.6,
      "1": 5.6,
      "5": 8.4,
      "3": 8.4,
      "7": 9.0
    },
    "16": {
      "6": 1.2,
      "4": 1.8,
      "0": 3.4,
      "5": 6.2,
      "2": 6.2,
      "1": 5.6,
      "7": 5.8,
      "8": 6.8,
      "3": 8.0
    },
    "17": {
      "0": 1.0,
      "4": 2.2,
      "1": 3.2,
      "3": 3.6,
      "2": 5.2,
      "5": 6.8,
      "7": 6.4,
      "8": 7.6,
      "6": 9.0
    },
    "18": {
      "5": 3.2,
      "4": 1.6,
      "1": 2.8,
      "7": 2.4,
      "6": 5.4,
      "2": 6.6,
      "3": 6.6,
      "0": 7.4
    },
    "19": {
      "1": 2.0,
      "0": 1.6,
      "6": 2.6,
      "4": 4.2,
      "2": 5.8,
      "7": 7.6,
      "3": 6.2,
      "5": 6.0
    },
    "20": {
      "2": 1.0,
      "0": 3.4,
      "7": 3.0,
      "6": 2.8,
      "4": 5.4,
      "1": 5.4,
      "5": 7.0,
      "3": 8.0
    },
    "21": {
      "0": 1.4,
      "7": 2.0,
      "2": 3.0,
      "1": 4.4,
      "6": 4.2,
      "3": 6.0,
      "5": 7.4,
      "4": 7.6
    },
    "22": {
      "0": 1.0,
      "5": 3.0,
      "6": 2.6666666666666665,
      "3": 3.6666666666666665,
      "1": 5.666666666666667,
      "7": 6.0,
      "2": 6.0,
      "4": 8.0
    },
    "23": {
      "0": 1.0,
      "8": 2.0,
      "4": 3.2,
      "5": 5.6,
      "1": 4.0,
      "2": 7.4,
      "7": 7.0,
      "3": 7.8,
      "6": 7.0
    },
    "24": {
      "0": 1.4,
      "3": 2.4,
      "4": 2.2,
      "1": 4.2,
      "6": 5.0,
      "5": 5.8,
      "2": 7.0
    },
    "25": {
      "0": 1.0,
      "3": 2.0,
      "7": 3.6,
      "4": 4.0,
      "6": 7.2,
      "5": 6.2,
      "1": 6.8,
      "2": 5.2
    },
    "26": {
      "0": 1.0,
      "8": 3.0,
      "2": 3.4,
      "7": 4.8,
      "5": 4.2,
      "3": 7.4,
      "1": 7.2,
      "4": 5.0,
      "6": 9.0
    },
    "27": {
      "0": 1.0,
      "1": 2.0,
      "2": 4.4,
      "7": 4.0,
      "3": 3.6,
      "6": 6.6,
      "5": 6.8,
      "4": 7.6
    },
    "28": {
      "0": 1.0,
      "3": 2.0,
      "2": 3.8,
      "5": 4.6,
      "6": 4.8,
      "1": 5.0,
      "4": 6.8
    },
    "29": {
      "0": 1.0,
      "3": 3.0,
      "7": 3.6,
      "5": 2.4,
      "2": 5.0,
      "4": 6.4,
      "6": 7.0,
      "1": 7.6
    },
    "30": {
      "0": 1.0,
      "5": 2.0,
      "7": 3.0,
      "4": 4.0,
      "1": 6.8,
      "3": 5.6,
      "2": 6.8,
      "6": 6.8
    },
    "31": {
      "4": 3.0,
      "2": 2.6,
      "5": 2.4,
      "7": 3.6,
      "0": 6.2,
      "3": 3.8,
      "1": 7.6,
      "6": 6.8
    },
    "32": {
      "1": 1.2,
      "4": 1.8,
      "3": 3.0,
      "2": 4.0,
      "5": 5.8,
      "0": 6.2,
      "6": 6.0
    },
    "33": {
      "0": 1.0,
      "6": 2.0,
      "8": 4.6,
      "2": 3.6,
      "4": 5.2,
      "5": 5.0,
      "3": 8.0,
      "7": 7.2,
      "1": 8.4
    },
    "34": {
      "0": 1.0,
      "4": 2.8,
      "7": 3.0,
      "2": 5.4,
      "3": 6.4,
      "1": 7.0,
      "6": 6.4,
      "5": 4.0
    },
    "35": {
      "0": 1.0,
      "4": 3.2,
      "7": 2.2,
      "5": 6.4,
      "1": 5.4,
      "3": 4.8,
      "6": 7.8,
      "2": 5.2
    },
    "36": {
      "0": 1.0,
      "5": 2.25,
      "1": 3.75,
      "7": 5.5,
      "3": 5.75,
      "6": 4.25,
      "2": 7.0,
      "4": 6.5
    },
    "37": {
      "3": 3.0,
      "0": 1.4,
      "2": 2.6,
      "5": 3.0,
      "6": 5.0,
      "4": 6.0,
      "1": 7.0
    },
    "38": {
      "4": 1.4,
      "0": 1.6,
      "7": 3.2,
      "3": 3.8,
      "5": 6.0,
      "6": 5.6,
      "1": 6.4,
      "2": 8.0
    },
    "39": {
      "2": 1.25,
      "5": 2.5,
      "0": 2.5,
      "1": 3.75,
      "6": 5.25,
      "4": 6.5,
      "3": 6.25
    },
    "40": {
      "0": 1.25,
      "6": 2.0,
      "1": 2.75,
      "7": 4.0,
      "2": 5.25,
      "4": 5.75,
      "5": 7.75,
      "3": 7.25
    },
    "41": {
      "0": 1.4,
      "7": 4.0,
      "2": 2.6,
      "6": 3.0,
      "5": 4.8,
      "4": 5.2,
      "1": 7.2,
      "3": 7.8
    },
    "42": {
      "5": 1.2,
      "4": 2.8,
      "6": 2.0,
      "2": 5.0,
      "1": 5.2,
      "0": 6.2,
      "3": 5.8,
      "7": 7.8
    },
    "43": {
      "0": 2.2,
      "3": 1.4,
      "4": 3.0,
      "1": 3.4,
      "2": 5.0,
      "5": 6.6,
      "6": 6.4
    },
    "44": {
      "0": 1.0,
      "2": 2.0,
      "5": 3.5,
      "3": 3.5,
      "4": 5.25,
      "6": 5.75,
      "7": 7.0,
      "1": 8.0
    },
    "45": {
      "0": 1.0,
      "2": 2.8,
      "1": 3.6,