{
  "content_diversity": 0.6990637183189392,
  "classifier_auc": 0.7253574115876599,
  "ranking_stability": 0.5158411423471664,
  "feature_coefficients": {
    "word_count": 0.9116665956601488,
    "sentence_count": -0.29805023101241135,
    "avg_sentence_length": 0.24447733073335037,
    "paragraph_count": -0.36234479039643763,
    "heading_density": -0.038217850774921375,
    "list_frequency": 0.21384413536351535,
    "readability": -0.3950632687125129,
    "bold_emphasis_density": -0.4691625972108344,
    "citation_density": -0.2545560549097306,
    "statistic_density": -0.03669436735569984,
    "quote_density": -0.009652246142322877,
    "named_source_mentions": -0.23816360939562592,
    "year_mentions": 0.12120993072915123,
    "claim_density": -0.03075733641328918,
    "external_reference_density": -0.10310086219351675,
    "question_density": -0.3209945595416184,
    "query_similarity": 0.13246929039991237,
    "corpus_centroid_similarity": 0.04997933137519565,
    "type_token_ratio": -0.1567790272814827,
    "vocabulary_sophistication": 0.053553313115239254,
    "sentiment_polarity": 0.0023738310192224013,
    "avg_word_length": 0.17543272202816568,
    "semantic_uniqueness": -0.05214063860600631,
    "information_density": -0.0360286195254977,
    "specificity_score": 0.24807287842576925
  },
  "avg_ranks": {
    "0": {
      "5": 3.2,
      "0": 2.8,
      "7": 4.4,
      "1": 4.2,
      "6": 4.6,
      "2": 4.0,
      "9": 6.2,
      "3": 8.8,
      "4": 6.8,
      "8": 10.0
    },
    "1": {
      "5": 2.2,
      "8": 2.6,
      "4": 3.0,
      "6": 5.4,
      "7": 8.4,
      "9": 5.0,
      "3": 6.4,
      "0": 7.8,
      "2": 7.6,
      "1": 6.6
    },
    "2": {
      "6": 1.6,
      "5": 3.0,
      "9": 2.8,
      "4": 4.2,
      "3": 6.2,
      "8": 6.6,
      "1": 5.4,
      "7": 6.2,
      "0": 9.2,
      "2": 9.8
    },
    "3": {
      "6": 2.6,
      "1": 2.6,
      "0": 3.8,
      "5": 4.2,
      "8": 5.0,
      "9": 4.4,
      "3": 5.8,
      "4": 8.2,
      "2": 9.0,
      "7": 9.4
    },
    "4": {
      "6": 1.25,
      "1": 2.25,
      "9": 5.0,
      "2": 4.25,
      "0": 5.75,
      "7": 6.75,
      "3": 7.0,
      "8": 9.0,
      "4": 8.0,
      "5": 5.75
    },
    "5": {
      "5": 1.8,
      "3": 3.0,
      "9": 2.4,
      "6": 3.6,
      "0": 4.6,
      "8": 7.6,
      "4": 7.2,
      "1": 7.0,
      "7": 9.2,
      "2": 8.6
    },
    "6": {
      "2": 1.8,
      "7": 2.6,
      "9": 4.6,
      "0": 5.2,
      "4": 4.6,
      "3": 5.6,
      "5": 8.8,
      "6": 6.6,
      "8": 5.4,
      "1": 9.8
    },
    "7": {
      "7": 1.4,
      "8": 1.6,
      "0": 3.0,
      "1": 5.2,
      "3": 6.0,
      "2": 6.6,
      "6": 6.2,
      "4": 6.8,
      "9": 9.8,
      "5": 8.4
    },
    "8": {
      "8": 1.6,
      "5": 2.8,
      "2": 2.2,
      "4": 6.8,
      "0": 5.2,
      "7": 5.0,
      "6": 6.0,
      "9": 8.0,
      "1": 7.8,
      "3": 9.6
    },
    "9": {
      "7": 2.6,
      "9": 5.6,
      "2": 5.6,
      "1": 5.4,
      "6": 2.4,
      "8": 4.4,
      "0": 5.6,
      "4": 5.4,
      "5": 8.2,
      "3": 9.8
    },
    "10": {
      "0": 2.2,
      "2": 2.4,
      "8": 6.4,
      "1": 7.8,
      "9": 7.6,
      "3": 4.2,
      "7": 5.2,
      "6": 6.2,
      "4": 4.8,
      "5": 8.2
    },
    "11": {
      "4": 2.2,
      "7": 2.8,
      "5": 2.4,
      "2": 3.6,
      "9": 5.8,
      "3": 6.2,
      "0": 6.4,
      "6": 7.0,
      "8": 9.6,
      "1": 9.0
    },
    "12": {
      "4": 1.6,
      "5": 3.4,
      "1": 4.8,
      "2": 2.4,
      "0": 3.6,
      "3": 7.0,
      "8": 7.2,
      "7": 7.2,
      "6": 7.8,
      "9": 10.0
    },
    "13": {
      "4": 1.8,
      "5": 3.2,
      "3": 1.4,
      "1": 3.6,
      "2": 5.4,
      "6": 6.0,
      "7": 6.8,
      "8": 9.2,
      "9": 9.4,
      "0": 8.2
    },
    "14": {
      "6": 5.8,
      "4": 4.4,
      "5": 5.0,
      "7": 4.4,
      "3": 5.4,
      "1": 5.2,
      "9": 4.2,
      "0": 4.4,
      "2": 9.6,
      "8": 6.6
    },
    "15": {
      "6": 2.4,
      "5": 1.4,
      "2": 5.6,
      "3": 4.0,
      "9": 3.2,
      "0": 6.2,
      "4": 7.6,
      "7": 8.2,
      "1": 6.8,
      "8": 9.6
    },
    "16": {
      "5": 2.6,
      "8": 7.0,
      "4": 2.8,
      "2": 3.6,
      "6": 3.4,
      "0": 4.2,
      "1": 5.6,
      "7": 7.6,
      "9": 8.2,
      "3": 10.0
    },
    "17": {
      "7": 3.4,
      "3": 5.2,
      "1": 1.8,
      "9": 6.6,
      "5": 4.4,
      "8": 6.8,
      "4": 6.8,
      "2": 6.0,
      "6": 5.8,
      "0": 8.2
    },
    "18": {
      "2": 1.8,
      "0": 4.8,
      "8": 2.0,
      "5": 3.2,
      "1": 6.6,
      "3": 7.8,
      "6": 6.6,
      "9": 5.8,
      "7": 7.2,
      "4": 9.2
    },
    "19": {
      "4": 3.0,
      "3": 2.4,
      "0": 3.8,
      "1": 4.8,
      "6": 5.8,
      "7": 6.0,
      "2": 6.2,
      "5": 5.6,
      "8": 9.2,
      "9": 8.2
    },
    "20": {
      "9": 1.6,
      "7": 3.6,
      "5": 1.8,
      "1": 3.0,
      "3": 6.0,
      "0": 6.2,
      "6": 6.4,
      "8": 7.4,
      "4": 9.0,
      "2": 10.0
    },
    "21": {
      "9": 6.4,
      "7": 3.2,
      "8": 5.2,
      "5": 3.6,
      "6": 7.0,
      "2": 4.4,
      "0": 2.2,
      "3": 4.8,
      "1": 8.8,
      "4": 9.4
    },
    "22": {
      "9": 3.6,
      "0": 2.2,
      "8": 5.0,
      "1": 6.6,
      "6": 5.8,
      "4": 4.0,
      "5": 4.8,
      "7": 5.6,
      "3": 8.0,
      "2": 9.4
    },
    "23": {
      "7": 1.4,
      "4": 2.8,
      "5": 1.8,
      "9": 6.0,
      "8": 6.6,
      "6": 7.0,
      "1": 8.2,
      "3": 7.4,
      "2": 7.0,
      "0": 6.8
    },
    "24": {
      "0": 2.2,
      "9": 4.2,
      "5": 5.8,
      "4": 3.2,
      "3": 7.6,
      "1": 5.2,
      "8": 3.4,
      "2": 7.4,
      "6": 8.4,
      "7": 7.6
    },
    "25": {
      "1": 1.8,
      "5": 2.6,
      "0": 3.4,
      "6": 2.2,
      "3": 6.0,
      "7": 7.8,
      "4": 8.2,
      "2": 7.2,
      "9": 8.8,
      "8": 7.0
    },
    "26": {
      "2": 2.0,
      "9": 1.8,
      "7": 5.2,
      "8": 4.6,
      "5": 7.4,
      "0": 3.4,
      "6": 5.4,
      "4": 9.6,
      "1": 7.6,
      "3": 8.0
    },
    "27": {
      "5": 3.0,
      "2": 2.2,
      "6": 3.2,
      "1": 3.8,
      "4": 6.2,
      "0": 5.0,
      "3": 5.4,
      "7": 7.6,
      "9": 9.0,
      "8": 9.6
    },
    "28": {
      "3": 3.8,
      "4": 4.2,
      "6": 3.0,
      "2": 4.0,
      "0": 5.2,
      "8": 4.6,
      "5": 7.4,
      "9": 3.8,
      "7": 9.4,
      "1": 9.6
    },
    "29": {
      "3": 1.8,
      "2": 3.0,
      "5": 3.2,
      "7": 4.0,
      "8": 5.0,
      "9": 8.8,
      "0": 6.4,
      "4": 7.8,
      "6": 5.8,
      "1": 9.2
    },
    "30": {
      "0": 1.0,
      "9": 4.2,
      "8": 4.6,
      "1": 4.4,
      "2": 5.4,
      "4": 5.0,
      "5": 5.2,
      "3": 8.8,
      "7": 7.2,
      "6": 9.2
    },
    "31": {
      "3": 1.2,
      "7": 2.0,
      "5": 3.0,
      "2": 4.4,
      "8": 4.8,
      "0": 7.6,
      "9": 5.8,
      "6": 8.0,
      "1": 9.2,
      "4": 9.0
    },
    "32": {
      "0": 2.8,
      "9": 2.6,
      "7": 2.8,
      "4": 4.6,
      "2": 4.4,
      "1": 5.4,
      "8": 7.8,
      "5": 6.4,
      "3": 8.6,
      "6": 9.6
    },
    "33": {
      "2": 1.4,
      "4": 2.2,
      "5": 3.4,
      "6": 3.0,
      "1": 6.2,
      "8": 8.4,
      "7": 7.4,
      "9": 6.4,
      "0": 9.0,
      "3": 7.6
    },
    "34": {
      "5": 1.8,
      "8": 3.0,
      "4": 2.2,
      "3": 3.2,
      "9": 5.4,
      "0": 6.4,
      "1": 7.0,
      "6": 7.0,
      "2": 9.4,
      "7": 9.6
    },
    "35": {
      "1": 1.6,
      "0": 4.6,
      "7": 2.4,
      "5": 5.0,
      "9": 4.4,
      "8": 3.0,
      "6": 7.6,
      "4": 8.6,
      "3": 8.4,
      "2": 9.4
    },
    "36": {
      "0": 1.8,
      "8": 2.2,
      "6": 4.6,
      "3": 2.2,
      "1": 5.6,
      "2": 5.4,
      "4": 6.2,
      "5": 9.0,
      "7": 9.2,
      "9": 8.8
    },
    "37": {
      "1": 2.6,
      "4": 2.4,
      "7": 2.8,