{
  "content_diversity": 0.7491306662559509,
  "classifier_auc": 0.6745299578717429,
  "ranking_stability": 0.5545973077800592,
  "feature_coefficients": {
    "word_count": 0.5227753734446016,
    "sentence_count": 0.013540643968780509,
    "avg_sentence_length": -0.3813273062392717,
    "paragraph_count": 0.0,
    "heading_density": 0.16964836365547376,
    "list_frequency": 0.05496810346118389,
    "readability": 0.20821427245657817,
    "bold_emphasis_density": 0.04422594002220826,
    "citation_density": -0.16925092377231102,
    "statistic_density": -0.04102631253225446,
    "quote_density": -0.2873247315941853,
    "named_source_mentions": -0.05804510507511659,
    "year_mentions": 0.09319387273513634,
    "claim_density": -0.0023757825953928144,
    "external_reference_density": -0.2185573557813116,
    "question_density": -0.09890531776209016,
    "query_similarity": 0.11799106868134594,
    "corpus_centroid_similarity": 0.16927056753121286,
    "type_token_ratio": 0.20872011914660135,
    "vocabulary_sophistication": -0.03327056851760816,
    "sentiment_polarity": 0.03943411141044242,
    "avg_word_length": 0.036742812387466656,
    "semantic_uniqueness": -0.18093418755026988,
    "information_density": 0.3526386445744924,
    "specificity_score": 0.35068846732424064
  },
  "avg_ranks": {
    "0": {
      "0": 2.8,
      "9": 5.2,
      "5": 4.6,
      "7": 2.2,
      "2": 5.4,
      "6": 5.0,
      "1": 5.6,
      "4": 5.2,
      "3": 9.0,
      "8": 10.0
    },
    "1": {
      "4": 5.4,
      "5": 4.0,
      "8": 1.4,
      "3": 4.6,
      "6": 4.4,
      "9": 6.8,
      "2": 7.8,
      "1": 6.0,
      "0": 6.8,
      "7": 7.8
    },
    "2": {
      "7": 1.6,
      "2": 7.4,
      "6": 3.2,
      "9": 3.8,
      "1": 2.6,
      "5": 6.4,
      "8": 6.2,
      "4": 7.4,
      "3": 8.4,
      "0": 8.0
    },
    "3": {
      "5": 3.6,
      "0": 4.2,
      "1": 3.4,
      "6": 3.4,
      "8": 7.0,
      "9": 4.8,
      "3": 4.4,
      "4": 8.4,
      "2": 7.6,
      "7": 8.2
    },
    "4": {
      "6": 1.2,
      "1": 1.8,
      "5": 3.4,
      "7": 6.8,
      "2": 4.8,
      "0": 6.2,
      "9": 6.2,
      "4": 7.8,
      "3": 7.6,
      "8": 9.2
    },
    "5": {
      "6": 2.4,
      "9": 2.4,
      "5": 2.4,
      "3": 2.8,
      "0": 7.0,
      "8": 6.8,
      "4": 6.8,
      "1": 6.8,
      "2": 9.4,
      "7": 8.2
    },
    "6": {
      "7": 1.8,
      "2": 2.2,
      "3": 4.8,
      "4": 4.8,
      "1": 7.6,
      "0": 6.8,
      "8": 5.0,
      "6": 5.4,
      "5": 9.4,
      "9": 7.2
    },
    "7": {
      "8": 1.4,
      "7": 2.6,
      "0": 2.0,
      "5": 5.8,
      "1": 5.2,
      "6": 5.8,
      "3": 6.4,
      "2": 7.0,
      "4": 9.0,
      "9": 9.8
    },
    "8": {
      "8": 2.6,
      "2": 2.4,
      "5": 2.2,
      "4": 4.0,
      "7": 6.0,
      "0": 5.8,
      "3": 6.8,
      "1": 7.8,
      "9": 9.0,
      "6": 8.4
    },
    "9": {
      "2": 5.6,
      "9": 5.8,
      "4": 7.2,
      "8": 3.6,
      "0": 4.0,
      "7": 3.6,
      "6": 5.8,
      "5": 6.2,
      "1": 4.6,
      "3": 8.6
    },
    "10": {
      "2": 4.6,
      "0": 4.0,
      "8": 7.6,
      "5": 8.6,
      "4": 3.0,
      "3": 2.4,
      "6": 5.4,
      "7": 5.2,
      "1": 7.4,
      "9": 6.8
    },
    "11": {
      "5": 2.6,
      "7": 3.2,
      "4": 2.6,
      "2": 5.6,
      "3": 4.4,
      "1": 7.2,
      "0": 7.0,
      "8": 9.2,
      "9": 8.6,
      "6": 4.6
    },
    "12": {
      "4": 3.8,
      "7": 2.8,
      "6": 3.8,
      "5": 5.4,
      "0": 5.2,
      "1": 5.6,
      "2": 4.6,
      "3": 8.2,
      "8": 9.8,
      "9": 5.8
    },
    "13": {
      "1": 2.2,
      "4": 1.6,
      "2": 4.2,
      "3": 3.0,
      "5": 6.0,
      "7": 5.4,
      "6": 7.6,
      "0": 7.4,
      "9": 8.2,
      "8": 9.4
    },
    "14": {
      "7": 3.8,
      "9": 3.6,
      "3": 2.6,
      "8": 6.6,
      "0": 6.0,
      "1": 4.8,
      "6": 6.2,
      "5": 5.2,
      "4": 8.0,
      "2": 8.2
    },
    "15": {
      "5": 1.8,
      "6": 2.8,
      "9": 3.6,
      "0": 3.4,
      "3": 5.8,
      "2": 6.2,
      "7": 8.4,
      "8": 9.4,
      "1": 6.4,
      "4": 7.2
    },
    "16": {
      "6": 1.8,
      "2": 2.4,
      "0": 4.4,
      "5": 4.0,
      "4": 3.4,
      "1": 5.8,
      "8": 7.0,
      "7": 8.4,
      "3": 9.8,
      "9": 8.0
    },
    "17": {
      "2": 2.6,
      "1": 2.4,
      "0": 6.4,
      "4": 5.4,
      "8": 4.6,
      "5": 4.2,
      "9": 5.4,
      "3": 6.2,
      "7": 9.0,
      "6": 8.8
    },
    "18": {
      "2": 1.8,
      "6": 3.0,
      "0": 3.4,
      "5": 4.6,
      "8": 4.0,
      "7": 6.0,
      "9": 6.2,
      "1": 8.6,
      "3": 7.6,
      "4": 9.8
    },
    "19": {
      "3": 1.8,
      "4": 1.8,
      "2": 4.2,
      "5": 4.8,
      "0": 6.4,
      "1": 5.4,
      "7": 8.2,
      "6": 7.0,
      "9": 5.8,
      "8": 9.6
    },
    "20": {
      "5": 1.2,
      "1": 2.4,
      "9": 2.4,
      "7": 4.0,
      "6": 6.4,
      "0": 7.0,
      "3": 5.4,
      "8": 7.2,
      "4": 9.0,
      "2": 10.0
    },
    "21": {
      "3": 5.4,
      "0": 2.0,
      "2": 5.2,
      "7": 3.6,
      "5": 4.0,
      "8": 4.2,
      "9": 4.6,
      "6": 8.4,
      "1": 8.2,
      "4": 9.4
    },
    "22": {
      "5": 1.2,
      "9": 1.8,
      "4": 3.6,
      "6": 3.8,
      "1": 7.2,
      "7": 5.4,
      "8": 7.6,
      "3": 7.0,
      "0": 7.6,
      "2": 9.8
    },
    "23": {
      "7": 1.2,
      "5": 2.0,
      "4": 2.8,
      "9": 4.4,
      "8": 4.6,
      "2": 8.0,
      "1": 7.4,
      "0": 7.6,
      "3": 8.0,
      "6": 9.0
    },
    "24": {
      "0": 2.4,
      "9": 4.6,
      "5": 6.2,
      "1": 3.2,
      "8": 2.2,
      "7": 7.0,
      "2": 6.8,
      "3": 7.0,
      "4": 6.6,
      "6": 9.0
    },
    "25": {
      "1": 1.6,
      "6": 2.6,
      "5": 2.6,
      "0": 3.2,
      "8": 5.0,
      "7": 6.8,
      "2": 7.6,
      "4": 7.2,
      "3": 9.2,
      "9": 9.2
    },
    "26": {
      "8": 3.8,
      "9": 1.8,
      "2": 2.8,
      "7": 5.4,
      "1": 5.0,
      "0": 4.0,
      "3": 8.4,
      "5": 8.2,
      "6": 5.8,
      "4": 9.8
    },
    "27": {
      "5": 1.8,
      "6": 2.4,
      "2": 1.8,
      "1": 4.6,
      "3": 6.2,
      "0": 6.0,
      "7": 6.8,
      "4": 6.4,
      "9": 9.0,
      "8": 10.0
    },
    "28": {
      "3": 4.0,
      "6": 2.4,
      "4": 2.6,
      "2": 4.4,
      "8": 5.4,
      "0": 6.2,
      "5": 6.2,
      "9": 6.8,
      "7": 9.0,
      "1": 8.0
    },
    "29": {
      "3": 1.4,
      "2": 3.4,
      "5": 2.4,
      "7": 3.2,
      "6": 6.4,
      "8": 5.6,
      "9": 6.4,
      "4": 7.8,
      "0": 8.8,
      "1": 9.6
    },
    "30": {
      "0": 1.0,
      "5": 4.4,
      "4": 5.4,
      "6": 7.6,
      "7": 8.2,
      "8": 4.6,
      "2": 5.0,
      "9": 4.2,
      "1": 5.0,
      "3": 9.6
    },
    "31": {
      "3": 1.6,
      "7": 1.8,
      "5": 3.6,
      "8": 4.0,
      "2": 4.6,
      "9": 5.4,
      "0": 7.8,
      "6": 7.6,
      "4": 8.8,
      "1": 9.8
    },
    "32": {
      "1": 2.4,
      "2": 3.4,
      "0": 3.2,
      "7": 2.8,
      "4": 4.4,
      "5": 7.0,
      "8": 7.4,
      "9": 5.4,
      "3": 9.0,
      "6": 10.0
    },
    "33": {
      "5": 1.25,
      "6": 3.25,
      "4": 2.5,
      "1": 5.0,
      "2": 5.0,
      "7": 7.5,
      "9": 6.5,
      "8": 6.0,
      "3": 8.25,
      "0": 9.75
    },
    "34": {
      "4": 1.0,
      "8": 2.2,
      "3": 3.8,
      "5": 3.4,
      "1": 5.6,
      "6": 6.2,
      "9": 6.6,
      "7": 9.0,
      "0": 7.8,
      "2": 9.4
    },
    "35": {
      "1": 1.2,
      "7": 1.8,
      "0": 4.0,
      "8": 3.2,
      "9": 5.0,
      "5": 6.2,
      "4": 8.0,
      "2": 7.8,
      "6": 8.4,
      "3": 9.4
    },
    "36": {
      "0": 1.0,
      "3": 2.6,
      "8": 3.8,
      "6": 6.4,
      "2": 4.2,
      "4": 5.2,
      "1": 4.8,
      "7": 8.8,
      "9": 9.4,
      "5": 8.8
    },
    "37": {
      "3": 1.4,
      "9": 1.8,
      "7": 3.2,
      "1": 3.6,
      "4": 5.0,