{
  "content_diversity": 0.7030034065246582,
  "classifier_auc": 0.6701940555146155,
  "ranking_stability": 0.5075573549257759,
  "feature_coefficients": {
    "word_count": 0.6645251077766983,
    "sentence_count": -0.14794943578064348,
    "avg_sentence_length": -0.043366820614261684,
    "paragraph_count": -0.23957850165657593,
    "heading_density": 0.15928352495378054,
    "list_frequency": 0.2415409985461519,
    "readability": 0.011351606841101964,
    "bold_emphasis_density": -0.27069502131065026,
    "citation_density": -0.16667654864688458,
    "statistic_density": -0.07248176135109148,
    "quote_density": -0.15204232086795025,
    "named_source_mentions": -0.18069949014994324,
    "year_mentions": 0.03759814112498739,
    "claim_density": -0.1611652775710869,
    "external_reference_density": -0.10222904848734377,
    "question_density": -0.20826779349808414,
    "query_similarity": -0.012873349678014992,
    "corpus_centroid_similarity": 0.057134142039141474,
    "type_token_ratio": -0.06660557807356128,
    "vocabulary_sophistication": 0.09148828005331337,
    "sentiment_polarity": -0.07707649397153207,
    "avg_word_length": 0.14829843123762848,
    "semantic_uniqueness": -0.16316889693397824,
    "information_density": -0.03950356837423441,
    "specificity_score": 0.3977896564235916
  },
  "avg_ranks": {
    "0": {
      "5": 3.4,
      "0": 1.4,
      "7": 4.0,
      "2": 3.6,
      "9": 4.8,
      "1": 6.2,
      "6": 4.6,
      "4": 8.2,
      "3": 8.8,
      "8": 10.0
    },
    "1": {
      "1": 5.4,
      "8": 2.0,
      "9": 4.4,
      "4": 2.6,
      "5": 5.8,
      "6": 5.0,
      "2": 8.0,
      "3": 5.8,
      "0": 7.8,
      "7": 8.2
    },
    "2": {
      "7": 3.2,
      "9": 2.8,
      "6": 3.8,
      "5": 4.8,
      "4": 3.4,
      "1": 3.0,
      "0": 8.4,
      "8": 7.4,
      "2": 9.4,
      "3": 8.8
    },
    "3": {
      "5": 2.0,
      "3": 3.2,
      "9": 4.4,
      "8": 5.0,
      "1": 4.2,
      "6": 6.2,
      "0": 5.4,
      "4": 6.0,
      "7": 9.2,
      "2": 9.4
    },
    "4": {
      "6": 1.6,
      "1": 2.0,
      "2": 3.2,
      "9": 4.0,
      "0": 6.2,
      "4": 7.6,
      "7": 7.6,
      "3": 6.8,
      "8": 7.8,
      "5": 8.2
    },
    "5": {
      "0": 3.8,
      "3": 2.2,
      "5": 2.4,
      "6": 3.6,
      "9": 3.4,
      "8": 6.6,
      "1": 7.2,
      "4": 7.4,
      "2": 9.4,
      "7": 9.0
    },
    "6": {
      "0": 5.8,
      "2": 2.0,
      "7": 3.8,
      "8": 4.2,
      "4": 3.8,
      "3": 5.6,
      "6": 6.4,
      "9": 4.4,
      "5": 9.6,
      "1": 9.4
    },
    "7": {
      "0": 2.6,
      "8": 1.8,
      "7": 1.6,
      "1": 5.2,
      "6": 5.8,
      "2": 6.6,
      "3": 7.2,
      "4": 6.0,
      "5": 8.4,
      "9": 9.8
    },
    "8": {
      "2": 2.0,
      "8": 1.75,
      "5": 2.25,
      "9": 6.0,
      "7": 5.25,
      "0": 5.75,
      "6": 6.25,
      "1": 8.0,
      "3": 7.75,
      "4": 10.0
    },
    "9": {
      "7": 5.0,
      "9": 4.0,
      "2": 7.0,
      "0": 3.0,
      "8": 3.2,
      "5": 7.4,
      "6": 3.0,
      "4": 5.8,
      "1": 6.8,
      "3": 9.8
    },
    "10": {
      "5": 8.2,
      "8": 2.4,
      "0": 2.0,
      "2": 2.2,
      "3": 5.2,
      "4": 5.0,
      "7": 6.8,
      "6": 7.4,
      "1": 7.6,
      "9": 8.2
    },
    "11": {
      "5": 1.8,
      "4": 2.6,
      "0": 5.4,
      "2": 2.4,
      "7": 4.4,
      "3": 5.8,
      "9": 7.2,
      "1": 8.6,
      "8": 9.2,
      "6": 7.6
    },
    "12": {
      "4": 1.6,
      "5": 6.0,
      "0": 2.8,
      "1": 6.0,
      "2": 2.2,
      "9": 5.6,
      "6": 6.2,
      "7": 5.6,
      "3": 9.2,
      "8": 9.8
    },
    "13": {
      "1": 1.6,
      "4": 1.8,
      "3": 2.8,
      "2": 5.2,
      "7": 5.2,
      "5": 5.2,
      "0": 8.2,
      "6": 6.4,
      "9": 9.0,
      "8": 9.6
    },
    "14": {
      "8": 6.4,
      "1": 4.0,
      "9": 4.0,
      "0": 3.6,
      "7": 4.4,
      "3": 5.2,
      "5": 6.0,
      "6": 6.4,
      "4": 5.2,
      "2": 9.8
    },
    "15": {
      "5": 1.6,
      "6": 3.8,
      "9": 3.6,
      "1": 5.6,
      "3": 4.0,
      "0": 4.2,
      "2": 7.6,
      "4": 7.0,
      "7": 8.0,
      "8": 9.6
    },
    "16": {
      "0": 1.6,
      "5": 2.8,
      "4": 3.6,
      "9": 5.6,
      "1": 4.8,
      "8": 5.0,
      "6": 6.6,
      "7": 7.8,
      "2": 7.8,
      "3": 9.4
    },
    "17": {
      "4": 2.4,
      "1": 1.6,
      "8": 3.6,
      "2": 4.4,
      "7": 8.6,
      "3": 5.6,
      "6": 8.2,
      "5": 8.0,
      "9": 5.0,
      "0": 7.6
    },
    "18": {
      "2": 1.6,
      "0": 3.8,
      "8": 2.0,
      "5": 2.8,
      "3": 6.6,
      "9": 6.8,
      "1": 7.2,
      "7": 7.8,
      "6": 7.0,
      "4": 9.4
    },
    "19": {
      "4": 2.0,
      "3": 1.2,
      "2": 4.0,
      "7": 4.2,
      "6": 5.8,
      "1": 7.4,
      "0": 6.0,
      "8": 9.0,
      "5": 5.6,
      "9": 9.8
    },
    "20": {
      "5": 1.0,
      "1": 2.0,
      "7": 3.8,
      "9": 3.2,
      "0": 5.4,
      "6": 6.4,
      "3": 7.0,
      "8": 7.2,
      "4": 9.0,
      "2": 10.0
    },
    "21": {
      "0": 2.8,
      "3": 4.0,
      "2": 4.0,
      "7": 4.2,
      "5": 3.4,
      "9": 5.8,
      "6": 7.6,
      "4": 9.4,
      "1": 7.6,
      "8": 6.2
    },
    "22": {
      "9": 1.2,
      "5": 2.4,
      "4": 2.8,
      "6": 4.8,
      "7": 4.6,
      "0": 6.4,
      "1": 7.8,
      "3": 8.2,
      "8": 6.8,
      "2": 10.0
    },
    "23": {
      "5": 1.6,
      "7": 1.4,
      "4": 3.2,
      "9": 4.0,
      "8": 4.8,
      "6": 7.2,
      "2": 7.6,
      "3": 7.8,
      "0": 8.2,
      "1": 9.2
    },
    "24": {
      "8": 2.2,
      "0": 2.8,
      "9": 3.4,
      "1": 4.4,
      "2": 7.0,
      "3": 5.8,
      "5": 6.6,
      "4": 5.8,
      "7": 8.6,
      "6": 8.4
    },
    "25": {
      "1": 1.0,
      "6": 2.8,
      "5": 3.0,
      "0": 3.2,
      "8": 5.2,
      "3": 6.4,
      "7": 8.0,
      "4": 8.8,
      "2": 8.4,
      "9": 8.2
    },
    "26": {
      "9": 2.0,
      "0": 2.4,
      "2": 2.8,
      "8": 5.6,
      "7": 5.6,
      "1": 4.6,
      "3": 8.2,
      "5": 8.4,
      "4": 9.2,
      "6": 6.2
    },
    "27": {
      "6": 5.0,
      "5": 6.2,
      "2": 6.2,
      "1": 1.6,
      "0": 3.8,
      "3": 3.4,
      "4": 3.8,
      "7": 6.0,
      "9": 9.2,
      "8": 9.8
    },
    "28": {
      "8": 4.4,
      "4": 3.0,
      "6": 2.2,
      "2": 3.0,
      "0": 3.0,
      "5": 6.0,
      "3": 7.2,
      "9": 7.6,
      "7": 8.6,
      "1": 10.0
    },
    "29": {
      "3": 1.0,
      "2": 3.8,
      "5": 3.4,
      "7": 3.2,
      "8": 4.0,
      "6": 6.0,
      "9": 8.0,
      "0": 8.6,
      "4": 7.8,
      "1": 9.2
    },
    "30": {
      "1": 2.4,
      "2": 2.6,
      "9": 5.2,
      "8": 4.6,
      "0": 2.8,
      "4": 5.4,
      "5": 5.6,
      "7": 8.4,
      "6": 8.6,
      "3": 9.4
    },
    "31": {
      "3": 1.6,
      "7": 1.4,
      "9": 4.2,
      "8": 4.8,
      "2": 4.6,
      "0": 7.0,
      "5": 4.6,
      "6": 7.8,
      "4": 9.0,
      "1": 10.0
    },
    "32": {
      "7": 3.0,
      "2": 4.4,
      "0": 4.0,
      "9": 4.8,
      "4": 2.6,
      "3": 6.2,
      "5": 6.4,
      "8": 8.8,
      "1": 4.8,
      "6": 10.0
    },
    "33": {
      "2": 3.8,
      "4": 1.8,
      "5": 2.0,
      "6": 4.0,
      "1": 6.0,
      "9": 5.6,
      "3": 8.0,
      "8": 6.6,
      "0": 9.4,
      "7": 7.8
    },
    "34": {
      "5": 2.0,
      "3": 3.8,
      "4": 2.0,
      "8": 2.6,
      "0": 7.8,
      "6": 7.0,
      "9": 5.8,
      "2": 9.6,
      "7": 7.6,
      "1": 6.8
    },
    "35": {
      "7": 1.8,
      "1": 1.2,
      "9": 4.2,
      "8": 4.6,
      "0": 4.4,
      "5": 5.4,
      "4": 8.2,
      "2": 8.4,
      "6": 8.8,
      "3": 8.0
    },
    "36": {
      "0": 1.4,
      "3": 2.6,
      "6": 3.8,
      "1": 5.0,
      "2": 4.8,
      "4": 4.8,
      "8": 5.6,
      "7": 9.6,
      "5": 8.6,
      "9": 8.8
    },
    "37": {
      "3": 2.2,
      "4": 2.2,
      "1": 3.0,