{
  "content_diversity": 0.6976202726364136,
  "classifier_auc": 0.7165078024453024,
  "ranking_stability": 0.5178937974118696,
  "feature_coefficients": {
    "word_count": 0.6427854002333147,
    "sentence_count": 0.10673289905060508,
    "avg_sentence_length": 0.04914933279642487,
    "paragraph_count": -0.5995404848008103,
    "heading_density": 0.18721711688295578,
    "list_frequency": 0.3755034618523547,
    "readability": 0.011191952642210835,
    "bold_emphasis_density": -0.11625510252629877,
    "citation_density": -0.042351645600679985,
    "statistic_density": -0.04909949343758961,
    "quote_density": 0.05993664757268506,
    "named_source_mentions": 0.0043573301147620215,
    "year_mentions": 0.013429356821778904,
    "claim_density": -0.01268969047653248,
    "external_reference_density": -0.08885996431403673,
    "question_density": -0.1141669617205942,
    "query_similarity": 0.08948534109945105,
    "corpus_centroid_similarity": 0.016641046756145333,
    "type_token_ratio": -0.1875359701234643,
    "vocabulary_sophistication": -0.0016651192395808637,
    "sentiment_polarity": 0.014385653853142456,
    "avg_word_length": 0.22998492461719358,
    "semantic_uniqueness": -0.2078756237708277,
    "information_density": -0.013275267349671294,
    "specificity_score": 0.11510305183551692
  },
  "avg_ranks": {
    "0": {
      "7": 2.8,
      "2": 3.8,
      "1": 3.4,
      "0": 2.8,
      "5": 6.0,
      "6": 4.6,
      "9": 6.2,
      "3": 8.8,
      "4": 6.6,
      "8": 10.0
    },
    "1": {
      "1": 7.0,
      "4": 2.8,
      "6": 3.6,
      "8": 3.6,
      "5": 3.2,
      "9": 4.0,
      "3": 5.6,
      "2": 7.2,
      "0": 8.8,
      "7": 9.2
    },
    "2": {
      "1": 4.4,
      "9": 2.8,
      "6": 3.0,
      "4": 4.2,
      "3": 7.0,
      "8": 7.4,
      "5": 5.0,
      "7": 3.6,
      "0": 7.8,
      "2": 9.8
    },
    "3": {
      "3": 4.8,
      "5": 3.8,
      "1": 2.2,
      "6": 2.0,
      "0": 4.0,
      "9": 4.8,
      "8": 6.4,
      "4": 8.0,
      "2": 9.2,
      "7": 9.8
    },
    "4": {
      "6": 1.0,
      "5": 6.0,
      "1": 3.6,
      "9": 4.2,
      "0": 4.2,
      "2": 4.4,
      "7": 7.0,
      "4": 8.4,
      "8": 8.4,
      "3": 7.8
    },
    "5": {
      "5": 1.8,
      "3": 2.0,
      "9": 2.6,
      "6": 3.6,
      "7": 8.2,
      "1": 6.6,
      "4": 6.6,
      "0": 7.0,
      "8": 8.6,
      "2": 8.0
    },
    "6": {
      "7": 1.2,
      "2": 3.4,
      "6": 3.8,
      "3": 4.8,
      "8": 4.4,
      "4": 6.4,
      "9": 4.8,
      "0": 7.4,
      "1": 9.2,
      "5": 9.6
    },
    "7": {
      "8": 1.2,
      "7": 1.8,
      "0": 3.0,
      "1": 6.2,
      "4": 6.4,
      "3": 5.6,
      "2": 6.2,
      "6": 6.6,
      "5": 8.4,
      "9": 9.6
    },
    "8": {
      "4": 4.6,
      "5": 2.0,
      "8": 2.4,
      "2": 2.2,
      "1": 7.4,
      "9": 7.4,
      "6": 6.6,
      "0": 7.0,
      "7": 6.8,
      "3": 8.6
    },
    "9": {
      "6": 2.6,
      "4": 3.2,
      "9": 3.0,
      "2": 5.4,
      "0": 5.0,
      "8": 6.2,
      "7": 6.0,
      "1": 5.6,
      "5": 8.4,
      "3": 9.6
    },
    "10": {
      "8": 6.0,
      "0": 3.6,
      "2": 3.8,
      "3": 4.4,
      "4": 3.4,
      "7": 5.6,
      "6": 4.8,
      "1": 7.2,
      "9": 8.0,
      "5": 8.2
    },
    "11": {
      "4": 2.6,
      "5": 1.4,
      "7": 2.8,
      "0": 4.8,
      "2": 4.2,
      "9": 6.2,
      "3": 6.4,
      "1": 8.8,
      "6": 9.0,
      "8": 8.8
    },
    "12": {
      "4": 3.2,
      "5": 4.8,
      "0": 4.0,
      "2": 2.6,
      "1": 5.8,
      "7": 4.8,
      "6": 5.4,
      "9": 7.0,
      "3": 8.4,
      "8": 9.0
    },
    "13": {
      "3": 1.0,
      "1": 2.8,
      "5": 3.0,
      "4": 3.2,
      "2": 5.8,
      "7": 6.0,
      "6": 6.2,
      "0": 8.0,
      "9": 9.6,
      "8": 9.4
    },
    "14": {
      "8": 6.0,
      "0": 4.0,
      "1": 4.6,
      "6": 4.0,
      "7": 6.2,
      "9": 5.8,
      "3": 7.2,
      "5": 4.4,
      "4": 2.8,
      "2": 10.0
    },
    "15": {
      "6": 3.6,
      "5": 1.4,
      "9": 3.2,
      "0": 3.0,
      "1": 7.8,
      "2": 6.4,
      "3": 5.6,
      "7": 6.8,
      "4": 7.4,
      "8": 9.8
    },
    "16": {
      "5": 2.0,
      "1": 5.6,
      "0": 4.8,
      "4": 3.0,
      "6": 3.4,
      "7": 7.4,
      "2": 3.4,
      "9": 7.2,
      "8": 8.2,
      "3": 10.0
    },
    "17": {
      "2": 6.0,
      "5": 2.6,
      "7": 4.4,
      "3": 6.0,
      "1": 2.8,
      "9": 4.8,
      "0": 8.4,
      "4": 4.2,
      "8": 7.6,
      "6": 8.2
    },
    "18": {
      "4": 5.4,
      "2": 1.8,
      "6": 5.4,
      "8": 3.8,
      "5": 3.6,
      "0": 5.0,
      "7": 8.4,
      "9": 7.2,
      "3": 7.4,
      "1": 7.0
    },
    "19": {
      "2": 1.8,
      "3": 3.2,
      "6": 5.2,
      "1": 5.2,
      "0": 5.2,
      "4": 2.8,
      "5": 6.6,
      "7": 6.4,
      "8": 9.2,
      "9": 9.4
    },
    "20": {
      "7": 2.8,
      "9": 2.0,
      "1": 3.2,
      "5": 2.0,
      "6": 5.6,
      "4": 8.2,
      "0": 6.0,
      "3": 7.4,
      "8": 7.8,
      "2": 10.0
    },
    "21": {
      "0": 3.6,
      "3": 2.8,
      "2": 4.6,
      "6": 5.4,
      "1": 8.8,
      "7": 4.2,
      "5": 4.4,
      "8": 6.0,
      "4": 8.6,
      "9": 6.6
    },
    "22": {
      "5": 2.8,
      "9": 2.0,
      "7": 4.6,
      "4": 3.2,
      "6": 5.0,
      "8": 4.6,
      "3": 7.8,
      "1": 8.0,
      "0": 7.0,
      "2": 10.0
    },
    "23": {
      "7": 1.2,
      "5": 2.0,
      "4": 3.0,
      "2": 7.0,
      "3": 7.2,
      "0": 8.2,
      "1": 7.6,
      "9": 5.2,
      "8": 6.0,
      "6": 7.6
    },
    "24": {
      "8": 5.4,
      "1": 6.6,
      "5": 2.6,
      "9": 3.0,
      "0": 2.2,
      "3": 6.4,
      "2": 7.6,
      "4": 4.4,
      "6": 9.8,
      "7": 7.0
    },
    "25": {
      "1": 1.0,
      "6": 2.4,
      "0": 3.2,
      "5": 3.4,
      "8": 5.8,
      "4": 6.6,
      "7": 6.4,
      "2": 8.2,
      "3": 8.0,
      "9": 10.0
    },
    "26": {
      "9": 1.6,
      "0": 2.0,
      "2": 2.4,
      "6": 4.2,
      "8": 5.2,
      "7": 6.6,
      "1": 7.4,
      "5": 7.6,
      "3": 8.6,
      "4": 9.4
    },
    "27": {
      "2": 2.8,
      "5": 3.6,
      "6": 5.0,
      "1": 2.8,
      "3": 4.2,
      "0": 4.8,
      "4": 5.4,
      "7": 7.8,
      "9": 9.2,
      "8": 9.4
    },
    "28": {
      "0": 2.0,
      "2": 3.2,
      "8": 4.8,
      "6": 3.0,
      "4": 2.4,
      "5": 6.0,
      "3": 6.8,
      "9": 7.8,
      "7": 9.4,
      "1": 9.6
    },
    "29": {
      "5": 2.6,
      "7": 2.8,
      "8": 5.4,
      "3": 1.6,
      "2": 4.0,
      "4": 7.0,
      "6": 6.2,
      "1": 9.2,
      "0": 7.2,
      "9": 9.0
    },
    "30": {
      "0": 1.0,
      "8": 3.2,
      "1": 3.8,
      "2": 5.4,
      "9": 4.2,
      "4": 5.4,
      "5": 5.6,
      "7": 8.2,
      "6": 8.8,
      "3": 9.4
    },
    "31": {
      "3": 2.2,
      "7": 2.0,
      "5": 3.4,
      "8": 3.6,
      "2": 4.4,
      "9": 6.0,
      "4": 7.8,
      "0": 7.8,
      "6": 7.8,
      "1": 10.0
    },
    "32": {
      "0": 3.4,
      "7": 2.2,
      "4": 4.2,
      "3": 6.6,
      "2": 3.6,
      "1": 4.8,
      "9": 5.6,
      "8": 8.8,
      "5": 5.8,
      "6": 10.0
    },
    "33": {
      "5": 2.8,
      "4": 1.6,
      "2": 2.8,
      "6": 2.8,
      "1": 6.0,
      "9": 7.2,
      "8": 7.6,
      "3": 7.0,
      "7": 8.2,
      "0": 9.0
    },
    "34": {
      "4": 2.2,
      "5": 2.0,
      "3": 1.8,
      "8": 4.0,
      "9": 5.2,
      "0": 6.6,
      "1": 6.6,
      "6": 7.8,
      "2": 9.0,
      "7": 9.8
    },
    "35": {
      "7": 1.6,
      "0": 4.4,
      "1": 1.8,
      "8": 3.6,
      "9": 5.8,
      "5": 4.4,
      "4": 8.8,
      "2": 8.4,
      "6": 6.8,
      "3": 9.4
    },
    "36": {
      "3": 2.0,
      "0": 2.4,
      "8": 1.8,
      "2": 5.4,
      "4": 4.8,
      "6": 6.2,
      "1": 5.4,
      "9": 8.4,
      "5": 9.4,
      "7": 9.2
    },
    "37": {
      "4": 1.4,
      "1": 2.4,
      "7": 2.6,