{
  "content_diversity": 0.7045518755912781,
  "classifier_auc": 0.6686493107457233,
  "ranking_stability": 0.5250666666666666,
  "feature_coefficients": {
    "word_count": 0.5296654373456233,
    "sentence_count": 0.03262112981518481,
    "avg_sentence_length": -0.20238708428145494,
    "paragraph_count": -0.24808794231346992,
    "heading_density": 0.14048669724591592,
    "list_frequency": 0.09029449801972586,
    "readability": 0.3173194889726241,
    "bold_emphasis_density": -0.18113858101186417,
    "citation_density": -0.024646875301808955,
    "statistic_density": -0.12557633034117094,
    "quote_density": -0.1528844449217677,
    "named_source_mentions": -0.13533546668106144,
    "year_mentions": 0.0589473278988507,
    "claim_density": -0.06125813425104799,
    "external_reference_density": -0.11783234229275316,
    "question_density": -0.49813238395377957,
    "query_similarity": 0.08379132314550525,
    "corpus_centroid_similarity": 0.09524093618339417,
    "type_token_ratio": 0.04899040456487309,
    "vocabulary_sophistication": 0.12106512251731838,
    "sentiment_polarity": 0.14695333657091691,
    "avg_word_length": -0.009998946474376495,
    "semantic_uniqueness": -0.1197019311492689,
    "information_density": 0.021750847656725275,
    "specificity_score": 0.2845088489463211
  },
  "avg_ranks": {
    "0": {
      "0": 3.2,
      "9": 4.6,
      "5": 5.2,
      "2": 3.8,
      "6": 4.4,
      "7": 3.0,
      "1": 5.6,
      "3": 8.4,
      "4": 6.8,
      "8": 10.0
    },
    "1": {
      "8": 3.2,
      "0": 5.0,
      "4": 2.8,
      "9": 4.6,
      "5": 5.2,
      "6": 4.0,
      "3": 5.0,
      "2": 6.6,
      "1": 9.4,
      "7": 9.2
    },
    "2": {
      "9": 2.4,
      "6": 3.0,
      "4": 3.0,
      "1": 2.0,
      "5": 5.6,
      "0": 8.8,
      "7": 6.8,
      "8": 7.8,
      "2": 9.0,
      "3": 6.6
    },
    "3": {
      "6": 3.4,
      "1": 3.2,
      "5": 3.0,
      "8": 6.4,
      "9": 5.0,
      "3": 3.6,
      "0": 5.0,
      "4": 6.6,
      "2": 9.4,
      "7": 9.4
    },
    "4": {
      "6": 1.2,
      "1": 1.8,
      "0": 6.0,
      "2": 4.8,
      "3": 6.6,
      "9": 5.0,
      "5": 4.2,
      "4": 8.0,
      "7": 7.4,
      "8": 10.0
    },
    "5": {
      "3": 2.2,
      "5": 2.4,
      "6": 2.8,
      "9": 2.6,
      "0": 6.2,
      "8": 8.0,
      "7": 9.0,
      "1": 6.0,
      "4": 6.6,
      "2": 9.2
    },
    "6": {
      "4": 3.8,
      "8": 5.0,
      "2": 2.8,
      "9": 4.4,
      "3": 5.6,
      "0": 6.0,
      "7": 2.4,
      "6": 6.0,
      "1": 9.8,
      "5": 9.2
    },
    "7": {
      "7": 1.4,
      "8": 1.8,
      "0": 2.8,
      "6": 5.4,
      "1": 5.0,
      "3": 6.0,
      "2": 6.8,
      "4": 7.8,
      "5": 8.0,
      "9": 10.0
    },
    "8": {
      "8": 2.0,
      "5": 2.4,
      "2": 2.8,
      "4": 2.8,
      "7": 5.4,
      "0": 5.6,
      "6": 7.2,
      "1": 8.6,
      "9": 8.4,
      "3": 9.8
    },
    "9": {
      "6": 2.0,
      "5": 6.0,
      "9": 4.6,
      "4": 5.2,
      "2": 5.2,
      "1": 6.8,
      "7": 5.6,
      "0": 4.0,
      "8": 5.8,
      "3": 9.8
    },
    "10": {
      "0": 1.6,
      "2": 2.2,
      "4": 4.2,
      "3": 4.8,
      "7": 7.0,
      "6": 6.4,
      "8": 5.4,
      "1": 7.2,
      "9": 7.4,
      "5": 8.8
    },
    "11": {
      "4": 1.6,
      "5": 2.2,
      "7": 3.0,
      "2": 3.2,
      "3": 5.0,
      "0": 6.4,
      "9": 7.8,
      "1": 8.6,
      "8": 7.8,
      "6": 9.4
    },
    "12": {
      "9": 6.2,
      "6": 4.2,
      "7": 4.0,
      "4": 2.4,
      "2": 4.2,
      "0": 4.0,
      "5": 5.6,
      "1": 6.2,
      "8": 9.2,
      "3": 9.0
    },
    "13": {
      "4": 1.6,
      "5": 6.0,
      "2": 4.0,
      "1": 3.2,
      "3": 2.8,
      "7": 5.8,
      "6": 6.6,
      "0": 8.0,
      "9": 7.8,
      "8": 9.2
    },
    "14": {
      "4": 3.4,
      "3": 3.6,
      "0": 3.6,
      "5": 5.4,
      "9": 4.0,
      "7": 5.0,
      "1": 5.8,
      "6": 7.2,
      "8": 7.0,
      "2": 10.0
    },
    "15": {
      "4": 6.4,
      "5": 1.4,
      "6": 3.4,
      "0": 4.8,
      "9": 3.8,
      "3": 4.6,
      "8": 9.0,
      "2": 6.6,
      "1": 7.4,
      "7": 7.6
    },
    "16": {
      "4": 1.8,
      "0": 2.6,
      "5": 4.2,
      "9": 7.8,
      "6": 3.2,
      "2": 5.4,
      "1": 6.6,
      "7": 7.6,
      "8": 5.8,
      "3": 10.0
    },
    "17": {
      "9": 4.0,
      "1": 2.2,
      "0": 6.0,
      "2": 4.6,
      "4": 2.8,
      "8": 4.2,
      "7": 8.0,
      "3": 8.6,
      "5": 5.6,
      "6": 9.0
    },
    "18": {
      "1": 6.0,
      "0": 4.2,
      "5": 3.4,
      "8": 3.2,
      "2": 5.0,
      "7": 5.8,
      "6": 4.2,
      "3": 7.6,
      "4": 8.8,
      "9": 6.8
    },
    "19": {
      "3": 1.4,
      "0": 4.8,
      "4": 2.6,
      "2": 3.6,
      "7": 4.8,
      "6": 5.8,
      "1": 5.6,
      "5": 7.8,
      "8": 9.2,
      "9": 9.4
    },
    "20": {
      "5": 1.2,
      "1": 2.6,
      "9": 2.8,
      "7": 3.4,
      "3": 5.4,
      "6": 7.0,
      "0": 6.2,
      "8": 7.4,
      "4": 9.2,
      "2": 9.8
    },
    "21": {
      "5": 1.2,
      "8": 3.4,
      "7": 2.6,
      "9": 4.8,
      "0": 5.4,
      "3": 5.0,
      "2": 6.8,
      "6": 7.4,
      "4": 9.8,
      "1": 8.6
    },
    "22": {
      "4": 2.2,
      "7": 4.0,
      "8": 5.2,
      "6": 4.6,
      "1": 7.8,
      "0": 5.6,
      "9": 2.2,
      "5": 5.4,
      "3": 8.4,
      "2": 9.6
    },
    "23": {
      "7": 1.6,
      "4": 2.6,
      "5": 1.8,
      "9": 4.2,
      "8": 5.2,
      "2": 7.4,
      "0": 7.8,
      "3": 8.0,
      "6": 7.8,
      "1": 8.6
    },
    "24": {
      "0": 1.0,
      "9": 4.0,
      "5": 2.4,
      "1": 4.8,
      "4": 5.4,
      "2": 6.4,
      "8": 5.2,
      "3": 7.4,
      "7": 9.2,
      "6": 9.2
    },
    "25": {
      "1": 1.6,
      "6": 2.8,
      "5": 2.4,
      "0": 3.2,
      "8": 5.2,
      "3": 7.4,
      "4": 7.4,
      "7": 7.6,
      "2": 9.2,
      "9": 8.2
    },
    "26": {
      "0": 2.4,
      "9": 2.0,
      "2": 2.2,
      "6": 6.0,
      "7": 4.0,
      "3": 7.2,
      "4": 8.2,
      "8": 6.2,
      "5": 8.0,
      "1": 8.8
    },
    "27": {
      "1": 3.0,
      "4": 5.6,
      "6": 4.8,
      "2": 2.8,
      "5": 4.0,
      "3": 4.6,
      "0": 4.8,
      "7": 6.8,
      "9": 8.8,
      "8": 9.8
    },
    "28": {
      "0": 1.8,
      "2": 2.4,
      "6": 3.2,
      "4": 3.4,
      "5": 6.2,
      "8": 4.6,
      "3": 7.0,
      "9": 7.4,
      "7": 9.0,
      "1": 10.0
    },
    "29": {
      "8": 4.0,
      "3": 2.0,
      "2": 3.2,
      "5": 3.6,
      "7": 4.6,
      "6": 5.8,
      "0": 6.8,
      "1": 8.4,
      "4": 7.4,
      "9": 9.2
    },
    "30": {
      "0": 3.6,
      "4": 2.8,
      "5": 3.0,
      "2": 3.2,
      "1": 4.2,
      "9": 5.6,
      "3": 8.4,
      "8": 6.0,
      "6": 9.2,
      "7": 9.0
    },
    "31": {
      "3": 1.6,
      "5": 3.4,
      "7": 1.6,
      "9": 5.8,
      "8": 4.8,
      "2": 4.2,
      "0": 7.2,
      "6": 7.4,
      "4": 9.4,
      "1": 9.6
    },
    "32": {
      "1": 4.4,
      "4": 2.4,
      "7": 4.4,
      "0": 5.0,
      "2": 4.4,
      "9": 3.8,
      "8": 8.4,
      "3": 5.8,
      "5": 6.4,
      "6": 10.0
    },
    "33": {
      "1": 5.0,
      "4": 2.0,
      "6": 3.0,
      "2": 4.0,
      "5": 1.8,
      "3": 7.2,
      "8": 7.2,
      "9": 7.0,
      "7": 8.0,
      "0": 9.8
    },
    "34": {
      "8": 3.0,
      "4": 2.0,
      "5": 1.8,
      "3": 3.2,
      "9": 5.4,
      "1": 7.0,
      "6": 6.4,
      "0": 7.6,
      "7": 9.2,
      "2": 9.4
    },
    "35": {
      "7": 1.8,
      "1": 1.4,
      "0": 4.4,
      "8": 4.4,
      "9": 4.6,
      "5": 4.4,
      "3": 8.4,
      "6": 8.2,
      "4": 9.2,
      "2": 8.2
    },
    "36": {
      "3": 1.6,
      "0": 2.0,
      "1": 5.8,
      "4": 4.8,
      "6": 4.6,
      "2": 4.4,
      "8": 4.8,
      "7": 8.4,
      "5": 9.2,
      "9": 9.4
    },
    "37": {
      "3": 1.0,
      "9": 3.2,
      "1": 3.4,
      "7": 3.8,