{
  "content_diversity": 0.698264479637146,
  "classifier_auc": 0.6895692092542487,
  "ranking_stability": 0.5151111111111111,
  "feature_coefficients": {
    "word_count": 0.6362052545739411,
    "sentence_count": -0.015416077476747633,
    "avg_sentence_length": 0.19328626645152225,
    "paragraph_count": -0.275992247181359,
    "heading_density": 0.2054770956279539,
    "list_frequency": 0.01839957508912646,
    "readability": -0.14043498547428807,
    "bold_emphasis_density": 0.099596990556824,
    "citation_density": -0.025781624050428133,
    "statistic_density": -0.041059595508940235,
    "quote_density": -0.06272465223900393,
    "named_source_mentions": -0.01301011008594031,
    "year_mentions": -0.022837796870396602,
    "claim_density": 0.029305294126958866,
    "external_reference_density": -0.10325097826480116,
    "question_density": -0.10200389581087475,
    "query_similarity": -0.04095195075891824,
    "corpus_centroid_similarity": 0.08904245919989555,
    "type_token_ratio": -0.22740873306928922,
    "vocabulary_sophistication": 0.031122173716059753,
    "sentiment_polarity": -0.019630964958740203,
    "avg_word_length": 0.07507601018295197,
    "semantic_uniqueness": -0.29258265271593864,
    "information_density": -0.05347279092440306,
    "specificity_score": 0.2221092786580633
  },
  "avg_ranks": {
    "0": {
      "2": 2.2,
      "0": 2.8,
      "1": 6.0,
      "6": 5.4,
      "5": 3.6,
      "7": 4.6,
      "9": 5.0,
      "3": 9.0,
      "4": 6.8,
      "8": 9.6
    },
    "1": {
      "8": 4.4,
      "6": 3.2,
      "5": 3.8,
      "9": 4.4,
      "3": 5.2,
      "4": 3.8,
      "7": 7.2,
      "0": 8.6,
      "2": 8.0,
      "1": 6.4
    },
    "2": {
      "7": 5.2,
      "5": 5.0,
      "8": 7.0,
      "1": 3.8,
      "2": 9.0,
      "4": 3.0,
      "6": 3.2,
      "9": 3.0,
      "3": 7.4,
      "0": 8.4
    },
    "3": {
      "1": 2.0,
      "5": 3.6,
      "6": 5.2,
      "0": 4.0,
      "3": 6.0,
      "9": 4.0,
      "8": 7.4,
      "4": 7.0,
      "7": 7.6,
      "2": 8.2
    },
    "4": {
      "6": 1.2,
      "1": 3.8,
      "5": 4.6,
      "2": 4.4,
      "9": 4.6,
      "0": 4.8,
      "4": 8.8,
      "3": 8.4,
      "8": 8.4,
      "7": 6.0
    },
    "5": {
      "6": 3.0,
      "9": 3.0,
      "5": 2.6,
      "3": 2.4,
      "8": 6.0,
      "0": 5.2,
      "1": 7.2,
      "4": 7.4,
      "7": 9.6,
      "2": 8.6
    },
    "6": {
      "2": 3.2,
      "7": 3.2,
      "0": 5.2,
      "9": 5.0,
      "8": 3.6,
      "3": 6.0,
      "4": 3.6,
      "6": 6.2,
      "1": 9.6,
      "5": 9.4
    },
    "7": {
      "8": 1.6,
      "7": 2.0,
      "0": 2.4,
      "1": 5.4,
      "6": 5.0,
      "3": 5.6,
      "2": 7.2,
      "4": 7.4,
      "5": 8.4,
      "9": 10.0
    },
    "8": {
      "5": 2.2,
      "8": 2.2,
      "2": 2.2,
      "4": 5.6,
      "3": 7.8,
      "7": 6.4,
      "0": 6.4,
      "6": 7.0,
      "1": 7.0,
      "9": 8.2
    },
    "9": {
      "6": 1.2,
      "0": 2.4,
      "1": 5.2,
      "7": 3.2,
      "8": 5.8,
      "9": 6.4,
      "2": 7.6,
      "5": 7.0,
      "4": 7.0,
      "3": 9.2
    },
    "10": {
      "2": 2.2,
      "0": 2.0,
      "8": 5.2,
      "6": 6.0,
      "7": 6.0,
      "3": 5.6,
      "4": 5.2,
      "1": 7.6,
      "9": 7.0,
      "5": 8.2
    },
    "11": {
      "4": 2.4,
      "2": 2.6,
      "5": 2.2,
      "7": 3.2,
      "0": 6.0,
      "1": 7.4,
      "9": 6.0,
      "3": 6.2,
      "6": 9.2,
      "8": 9.8
    },
    "12": {
      "2": 2.0,
      "4": 1.4,
      "0": 3.6,
      "5": 3.2,
      "1": 5.6,
      "8": 7.2,
      "3": 7.0,
      "9": 8.4,
      "6": 8.6,
      "7": 8.0
    },
    "13": {
      "3": 1.4,
      "5": 3.6,
      "4": 2.8,
      "1": 2.6,
      "2": 5.2,
      "7": 6.0,
      "6": 6.4,
      "0": 8.4,
      "8": 9.2,
      "9": 9.4
    },
    "14": {
      "4": 4.8,
      "7": 1.6,
      "9": 4.4,
      "5": 4.6,
      "0": 5.2,
      "6": 5.2,
      "1": 5.4,
      "8": 7.0,
      "3": 7.0,
      "2": 9.8
    },
    "15": {
      "5": 1.4,
      "6": 2.8,
      "0": 3.4,
      "9": 4.8,
      "3": 5.0,
      "4": 5.6,
      "2": 5.8,
      "7": 8.2,
      "1": 8.4,
      "8": 9.6
    },
    "16": {
      "5": 2.0,
      "0": 3.8,
      "6": 3.8,
      "4": 3.8,
      "9": 6.4,
      "1": 6.6,
      "7": 7.6,
      "2": 6.0,
      "8": 5.0,
      "3": 10.0
    },
    "17": {
      "7": 1.6,
      "1": 2.6,
      "3": 3.2,
      "5": 4.6,
      "9": 5.4,
      "4": 5.2,
      "2": 6.4,
      "8": 8.0,
      "6": 8.4,
      "0": 9.6
    },
    "18": {
      "8": 2.0,
      "5": 2.4,
      "2": 2.2,
      "9": 5.4,
      "3": 5.8,
      "0": 6.2,
      "6": 7.4,
      "7": 8.0,
      "1": 7.4,
      "4": 8.2
    },
    "19": {
      "4": 1.0,
      "3": 2.6,
      "0": 4.2,
      "2": 3.4,
      "1": 6.8,
      "6": 6.6,
      "7": 6.6,
      "5": 6.2,
      "8": 9.4,
      "9": 8.2
    },
    "20": {
      "9": 1.2,
      "5": 1.8,
      "1": 3.2,
      "7": 3.8,
      "0": 5.6,
      "3": 6.8,
      "8": 7.4,
      "4": 8.0,
      "6": 7.2,
      "2": 10.0
    },
    "21": {
      "5": 2.4,
      "7": 2.2,
      "8": 4.0,
      "9": 4.6,
      "0": 5.4,
      "2": 5.6,
      "6": 6.6,
      "3": 5.6,
      "1": 9.0,
      "4": 9.6
    },
    "22": {
      "3": 6.0,
      "9": 2.2,
      "4": 3.8,
      "7": 3.6,
      "6": 4.0,
      "8": 7.2,
      "5": 3.6,
      "2": 9.2,
      "1": 7.8,
      "0": 7.6
    },
    "23": {
      "7": 1.2,
      "5": 1.8,
      "4": 3.0,
      "6": 5.2,
      "1": 8.0,
      "0": 6.6,
      "2": 6.6,
      "3": 7.2,
      "9": 7.8,
      "8": 7.6
    },
    "24": {
      "1": 5.2,
      "8": 3.2,
      "4": 4.0,
      "0": 2.2,
      "9": 3.6,
      "5": 3.6,
      "2": 7.4,
      "3": 6.8,
      "7": 9.2,
      "6": 9.8
    },
    "25": {
      "6": 1.8,
      "5": 3.0,
      "0": 2.8,
      "1": 2.4,
      "8": 5.4,
      "4": 6.6,
      "3": 8.6,
      "7": 8.0,
      "2": 9.2,
      "9": 7.2
    },
    "26": {
      "6": 4.6,
      "0": 2.2,
      "2": 2.2,
      "9": 2.4,
      "8": 4.8,
      "3": 6.8,
      "1": 7.2,
      "7": 7.0,
      "5": 7.8,
      "4": 10.0
    },
    "27": {
      "1": 2.8,
      "3": 3.4,
      "0": 3.4,
      "4": 4.4,
      "2": 3.6,
      "5": 4.2,
      "6": 6.4,
      "7": 8.2,
      "9": 9.0,
      "8": 9.6
    },
    "28": {
      "8": 2.8,
      "4": 2.6,
      "6": 2.4,
      "2": 4.6,
      "0": 3.2,
      "5": 6.0,
      "3": 7.0,
      "9": 7.8,
      "1": 9.0,
      "7": 9.6
    },
    "29": {
      "3": 1.0,
      "2": 3.2,
      "6": 6.0,
      "5": 2.8,
      "7": 3.6,
      "8": 5.6,
      "0": 5.8,
      "1": 9.0,
      "9": 9.2,
      "4": 8.8
    },
    "30": {
      "0": 1.0,
      "4": 4.6,
      "5": 4.8,
      "9": 3.8,
      "8": 5.6,
      "2": 3.8,
      "1": 4.6,
      "3": 8.6,
      "6": 9.2,
      "7": 9.0
    },
    "31": {
      "3": 1.4,
      "7": 1.6,
      "5": 3.4,
      "2": 3.6,
      "8": 5.4,
      "9": 6.0,
      "0": 7.8,
      "6": 7.8,
      "4": 8.0,
      "1": 10.0
    },
    "32": {
      "7": 2.2,
      "0": 3.8,
      "2": 4.8,
      "9": 5.0,
      "1": 3.4,
      "3": 7.2,
      "4": 3.8,
      "5": 6.0,
      "8": 8.8,
      "6": 10.0
    },
    "33": {
      "2": 2.6,
      "4": 2.4,
      "6": 2.2,
      "5": 2.8,
      "1": 6.0,
      "8": 7.8,
      "7": 7.8,
      "9": 7.0,
      "3": 7.4,
      "0": 9.0
    },
    "34": {
      "3": 1.4,
      "5": 2.0,
      "4": 2.8,
      "9": 5.2,
      "8": 5.8,
      "0": 6.4,
      "6": 7.0,
      "1": 5.8,
      "2": 9.4,
      "7": 9.2
    },
    "35": {
      "1": 1.4,
      "7": 2.4,
      "8": 2.2,
      "9": 4.8,
      "0": 4.8,
      "5": 5.4,
      "3": 8.0,
      "6": 9.0,
      "4": 8.8,
      "2": 8.2
    },
    "36": {
      "3": 1.2,
      "8": 2.4,
      "0": 2.6,
      "2": 4.2,
      "4": 5.4,
      "6": 6.4,
      "1": 5.8,
      "9": 8.2,
      "5": 9.2,
      "7": 9.6
    },
    "37": {
      "3": 2.6,
      "9": 3.0,
      "4": 2.4,
      "1": 3.2,