{
  "content_diversity": 0.6999926567077637,
  "classifier_auc": 0.729985834478022,
  "ranking_stability": 0.4883079157588961,
  "feature_coefficients": {
    "word_count": 0.7689582523149012,
    "sentence_count": 0.04959597455565599,
    "avg_sentence_length": 0.36126464461723534,
    "paragraph_count": -0.7983997900131945,
    "heading_density": 0.19093432082882936,
    "list_frequency": 0.455160802006892,
    "readability": -0.27040995061356127,
    "bold_emphasis_density": -0.19975860621622785,
    "citation_density": -0.12043555577717102,
    "statistic_density": -0.15272365274706576,
    "quote_density": -0.11354347944474856,
    "named_source_mentions": -0.28763160221808015,
    "year_mentions": 0.05728001920084165,
    "claim_density": -0.14762578818274413,
    "external_reference_density": -0.09418485328084217,
    "question_density": -0.03470663729687245,
    "query_similarity": 0.050087384910402794,
    "corpus_centroid_similarity": 0.15530878906085435,
    "type_token_ratio": -0.004390198049741303,
    "vocabulary_sophistication": 0.1970726356470456,
    "sentiment_polarity": -0.08598382897232697,
    "avg_word_length": 0.11737070774894966,
    "semantic_uniqueness": -0.21489559648297948,
    "information_density": 0.019420878237755377,
    "specificity_score": 0.35237267058852695
  },
  "avg_ranks": {
    "0": {
      "4": 4.2,
      "0": 2.0,
      "7": 4.0,
      "1": 5.4,
      "6": 4.6,
      "9": 5.2,
      "5": 6.0,
      "2": 5.0,
      "3": 8.6,
      "8": 10.0
    },
    "1": {
      "1": 8.0,
      "4": 3.4,
      "8": 2.4,
      "9": 4.4,
      "3": 6.0,
      "6": 4.4,
      "5": 4.2,
      "0": 5.6,
      "2": 8.0,
      "7": 8.6
    },
    "2": {
      "9": 3.6,
      "6": 4.2,
      "4": 3.6,
      "1": 2.8,
      "3": 6.8,
      "0": 5.0,
      "7": 4.0,
      "5": 8.0,
      "8": 7.2,
      "2": 9.8
    },
    "3": {
      "2": 7.8,
      "7": 7.75,
      "6": 2.4,
      "1": 3.5,
      "9": 3.8,
      "5": 4.4,
      "8": 6.0,
      "3": 6.0,
      "0": 7.2,
      "4": 7.0
    },
    "4": {
      "6": 1.0,
      "1": 2.5,
      "0": 3.5,
      "2": 4.25,
      "4": 7.5,
      "9": 4.75,
      "8": 8.25,
      "3": 7.75,
      "7": 7.75,
      "5": 7.75
    },
    "5": {
      "5": 1.25,
      "3": 1.75,
      "6": 3.75,
      "9": 3.25,
      "0": 5.75,
      "4": 6.75,
      "8": 6.5,
      "7": 8.25,
      "2": 9.25,
      "1": 8.5
    },
    "6": {
      "0": 5.0,
      "2": 2.0,
      "9": 4.8,
      "7": 3.0,
      "4": 4.0,
      "3": 5.8,
      "6": 5.2,
      "8": 6.2,
      "5": 9.2,
      "1": 9.8
    },
    "7": {
      "7": 1.6,
      "8": 1.6,
      "0": 2.8,
      "4": 5.6,
      "6": 6.0,
      "1": 6.2,
      "3": 7.4,
      "2": 7.6,
      "5": 6.2,
      "9": 10.0
    },
    "8": {
      "8": 1.0,
      "2": 2.2,
      "5": 2.8,
      "6": 6.4,
      "0": 5.4,
      "7": 5.6,
      "1": 8.2,
      "9": 8.4,
      "3": 7.4,
      "4": 7.6
    },
    "9": {
      "6": 2.4,
      "7": 3.8,
      "5": 5.8,
      "8": 3.2,
      "0": 3.4,
      "9": 6.0,
      "2": 7.0,
      "4": 7.4,
      "1": 6.2,
      "3": 9.8
    },
    "10": {
      "0": 2.4,
      "2": 3.0,
      "6": 5.6,
      "4": 4.0,
      "3": 5.6,
      "7": 7.0,
      "8": 5.6,
      "5": 6.0,
      "9": 7.8,
      "1": 8.0
    },
    "11": {
      "4": 2.2,
      "5": 2.2,
      "3": 5.4,
      "7": 3.4,
      "2": 3.6,
      "8": 7.6,
      "1": 8.2,
      "0": 7.8,
      "9": 7.0,
      "6": 7.6
    },
    "12": {
      "7": 3.2,
      "9": 6.2,
      "6": 4.4,
      "0": 4.2,
      "4": 3.0,
      "2": 4.0,
      "1": 6.6,
      "5": 6.8,
      "8": 8.4,
      "3": 8.2
    },
    "13": {
      "4": 1.4,
      "3": 2.0,
      "1": 2.8,
      "5": 4.6,
      "7": 6.6,
      "2": 6.2,
      "6": 5.6,
      "0": 8.4,
      "8": 8.4,
      "9": 9.0
    },
    "14": {
      "5": 1.8,
      "7": 3.8,
      "8": 5.8,
      "0": 5.0,
      "9": 4.4,
      "3": 6.4,
      "1": 4.8,
      "6": 6.4,
      "4": 6.6,
      "2": 10.0
    },
    "15": {
      "1": 6.4,
      "5": 1.6,
      "6": 2.8,
      "3": 3.8,
      "0": 3.0,
      "2": 6.8,
      "9": 5.0,
      "7": 8.0,
      "8": 9.4,
      "4": 8.2
    },
    "16": {
      "0": 3.0,
      "7": 6.8,
      "8": 6.2,
      "5": 3.6,
      "4": 3.4,
      "6": 3.8,
      "9": 7.4,
      "2": 4.4,
      "1": 7.6,
      "3": 8.8
    },
    "17": {
      "1": 3.0,
      "7": 2.4,
      "3": 2.2,
      "2": 5.6,
      "4": 4.0,
      "5": 5.0,
      "9": 6.2,
      "8": 8.4,
      "6": 9.0,
      "0": 9.2
    },
    "18": {
      "8": 3.4,
      "5": 3.6,
      "2": 2.8,
      "6": 3.0,
      "0": 4.8,
      "9": 8.0,
      "7": 6.4,
      "3": 7.6,
      "4": 6.2,
      "1": 9.2
    },
    "19": {
      "4": 2.0,
      "3": 2.2,
      "0": 4.6,
      "2": 4.4,
      "5": 5.4,
      "7": 5.2,
      "6": 5.8,
      "1": 6.4,
      "8": 9.4,
      "9": 9.6
    },
    "20": {
      "9": 1.4,
      "5": 1.8,
      "7": 3.8,
      "1": 3.0,
      "0": 5.6,
      "3": 6.0,
      "8": 7.4,
      "6": 7.0,
      "4": 9.0,
      "2": 10.0
    },
    "21": {
      "0": 3.4,
      "3": 5.2,
      "2": 5.2,
      "7": 3.8,
      "6": 6.4,
      "5": 3.0,
      "9": 4.4,
      "8": 5.0,
      "4": 9.4,
      "1": 9.2
    },
    "22": {
      "9": 1.0,
      "5": 3.0,
      "7": 3.6,
      "4": 3.6,
      "6": 5.0,
      "1": 7.8,
      "0": 6.8,
      "8": 5.8,
      "3": 8.6,
      "2": 9.8
    },
    "23": {
      "7": 1.0,
      "5": 2.5,
      "4": 2.5,
      "3": 5.75,
      "2": 6.25,
      "1": 8.25,
      "0": 7.0,
      "9": 6.0,
      "8": 7.0,
      "6": 8.75
    },
    "24": {
      "7": 6.8,
      "0": 2.2,
      "9": 5.0,
      "5": 5.2,
      "8": 4.0,
      "4": 3.4,
      "6": 7.4,
      "1": 6.4,
      "3": 7.4,
      "2": 7.2
    },
    "25": {
      "6": 2.0,
      "0": 3.25,
      "1": 2.5,
      "5": 2.25,
      "9": 6.5,
      "3": 6.0,
      "4": 7.25,
      "7": 7.75,
      "2": 9.0,
      "8": 8.5
    },
    "26": {
      "0": 1.4,
      "9": 2.2,
      "2": 2.8,
      "6": 4.0,
      "8": 5.2,
      "1": 6.4,
      "3": 8.2,
      "7": 6.2,
      "5": 8.6,
      "4": 10.0
    },
    "27": {
      "5": 5.0,
      "6": 4.8,
      "2": 4.0,
      "4": 6.2,
      "0": 4.2,
      "3": 4.0,
      "1": 2.2,
      "7": 6.0,
      "9": 9.0,
      "8": 9.6
    },
    "28": {
      "6": 2.0,
      "2": 2.75,
      "4": 2.75,
      "0": 4.0,
      "8": 5.75,
      "5": 5.5,
      "7": 8.75,
      "9": 6.75,
      "3": 7.5,
      "1": 9.25
    },
    "29": {
      "3": 1.6,
      "2": 4.0,
      "5": 3.0,
      "7": 3.2,
      "8": 4.0,
      "6": 7.0,
      "0": 6.4,
      "9": 8.2,
      "1": 9.2,
      "4": 8.4
    },
    "30": {
      "0": 1.0,
      "8": 4.0,
      "9": 3.5,
      "2": 3.0,
      "1": 3.5,
      "4": 6.0,
      "6": 8.0,
      "7": 8.5,
      "3": 9.75,
      "5": 7.75
    },
    "31": {
      "3": 1.25,
      "7": 1.75,
      "2": 4.0,
      "5": 4.0,
      "8": 4.5,
      "9": 6.0,
      "0": 8.0,
      "4": 8.25,
      "6": 8.5,
      "1": 8.75
    },
    "32": {
      "9": 4.5,
      "0": 2.5,
      "3": 6.25,
      "2": 3.75,
      "4": 3.0,
      "5": 7.5,
      "7": 4.0,
      "1": 4.75,
      "8": 8.75,
      "6": 10.0
    },
    "33": {
      "4": 1.6,
      "6": 2.2,
      "5": 3.4,
      "2": 2.8,
      "9": 6.4,
      "3": 6.4,
      "7": 8.8,
      "8": 8.8,
      "1": 6.6,
      "0": 8.0
    },
    "34": {
      "4": 2.4,
      "8": 2.6,
      "5": 1.6,
      "3": 3.4,
      "9": 5.0,
      "1": 7.4,
      "0": 6.6,
      "7": 8.8,
      "6": 7.8,
      "2": 9.4
    },
    "35": {
      "1": 1.0,
      "7": 2.5,
      "9": 4.25,
      "8": 4.0,
      "0": 4.75,
      "5": 4.5,
      "3": 8.5,
      "4": 8.25,
      "2": 8.75,
      "6": 8.5
    },
    "36": {
      "3": 1.8,
      "8": 4.6,
      "0": 1.8,
      "4": 4.2,
      "2": 5.8,
      "1": 5.0,
      "6": 4.8,
      "7": 9.6,
      "9": 8.6,
      "5": 8.8
    },
    "37": {
      "3": 2.4,