{
  "content_diversity": 0.6981446146965027,
  "classifier_auc": 0.7014096016343208,
  "ranking_stability": 0.5147696476964769,
  "feature_coefficients": {
    "word_count": 0.6906864959723331,
    "sentence_count": 0.01691715132996189,
    "avg_sentence_length": -0.039345587236277124,
    "paragraph_count": -0.18365229105517336,
    "heading_density": 0.22265303241130632,
    "list_frequency": 0.28024417849270206,
    "readability": 0.1108102456969294,
    "bold_emphasis_density": -0.363474095264612,
    "citation_density": -0.08726921139083088,
    "statistic_density": -0.12700600665711576,
    "quote_density": -0.0827051985995014,
    "named_source_mentions": -0.0468814888940832,
    "year_mentions": -0.002132714632703787,
    "claim_density": -0.12470018876181131,
    "external_reference_density": -0.10412393637421485,
    "question_density": -0.026573412133299355,
    "query_similarity": 0.06656649948953343,
    "corpus_centroid_similarity": 0.004979799811429672,
    "type_token_ratio": -0.2156510831171305,
    "vocabulary_sophistication": 0.05598052873457473,
    "sentiment_polarity": -0.08171514043411512,
    "avg_word_length": 0.10064771171176225,
    "semantic_uniqueness": -0.08699207119114938,
    "information_density": -0.15450632472605108,
    "specificity_score": 0.33700429229892687
  },
  "avg_ranks": {
    "0": {
      "7": 3.4,
      "0": 3.0,
      "2": 4.2,
      "1": 3.6,
      "5": 5.6,
      "9": 6.4,
      "6": 6.0,
      "4": 4.0,
      "3": 8.8,
      "8": 10.0
    },
    "1": {
      "6": 4.2,
      "3": 4.6,
      "7": 7.6,
      "4": 3.4,
      "5": 3.4,
      "9": 4.2,
      "8": 4.8,
      "0": 9.2,
      "2": 7.4,
      "1": 6.2
    },
    "2": {
      "4": 2.8,
      "5": 3.2,
      "1": 4.0,
      "9": 4.2,
      "6": 4.8,
      "7": 3.2,
      "8": 8.2,
      "3": 6.8,
      "2": 9.4,
      "0": 8.4
    },
    "3": {
      "6": 1.6,
      "1": 1.8,
      "0": 4.4,
      "5": 3.8,
      "8": 6.6,
      "3": 4.2,
      "9": 6.0,
      "4": 7.8,
      "7": 9.6,
      "2": 9.2
    },
    "4": {
      "6": 1.2,
      "1": 2.6,
      "2": 3.0,
      "0": 4.8,
      "5": 4.8,
      "9": 5.6,
      "7": 6.4,
      "3": 8.4,
      "4": 8.6,
      "8": 9.6
    },
    "5": {
      "5": 1.4,
      "3": 2.6,
      "6": 3.0,
      "9": 3.0,
      "4": 5.6,
      "1": 7.2,
      "7": 8.0,
      "2": 9.2,
      "0": 6.6,
      "8": 8.4
    },
    "6": {
      "4": 5.2,
      "8": 5.8,
      "3": 3.6,
      "2": 2.8,
      "6": 5.0,
      "9": 4.0,
      "7": 2.2,
      "0": 7.6,
      "5": 9.6,
      "1": 9.2
    },
    "7": {
      "7": 1.6,
      "8": 1.4,
      "0": 3.0,
      "3": 5.8,
      "2": 6.0,
      "6": 6.4,
      "1": 6.4,
      "9": 9.6,
      "4": 8.2,
      "5": 6.6
    },
    "8": {
      "2": 1.4,
      "8": 2.2,
      "5": 2.4,
      "4": 7.2,
      "0": 5.4,
      "7": 5.6,
      "6": 6.4,
      "1": 8.6,
      "9": 8.0,
      "3": 7.8
    },
    "9": {
      "4": 6.4,
      "9": 4.6,
      "2": 5.2,
      "7": 2.4,
      "0": 4.2,
      "8": 6.4,
      "1": 6.6,
      "5": 6.6,
      "6": 2.6,
      "3": 10.0
    },
    "10": {
      "0": 3.0,
      "2": 3.6,
      "4": 3.8,
      "6": 5.2,
      "7": 5.8,
      "3": 4.8,
      "9": 7.2,
      "1": 7.4,
      "8": 6.0,
      "5": 8.2
    },
    "11": {
      "4": 2.25,
      "2": 3.0,
      "7": 3.75,
      "5": 3.0,
      "0": 6.5,
      "9": 6.5,
      "3": 6.5,
      "8": 9.25,
      "6": 4.75,
      "1": 9.5
    },
    "12": {
      "4": 1.4,
      "5": 3.4,
      "0": 2.4,
      "2": 3.4,
      "7": 6.6,
      "6": 7.6,
      "9": 9.4,
      "1": 5.8,
      "3": 7.6,
      "8": 7.4
    },
    "13": {
      "3": 1.8,
      "1": 2.4,
      "4": 2.4,
      "2": 5.2,
      "5": 3.8,
      "7": 5.6,
      "6": 7.0,
      "0": 7.8,
      "8": 9.2,
      "9": 9.8
    },
    "14": {
      "4": 1.0,
      "7": 3.4,
      "9": 4.4,
      "5": 6.2,
      "0": 5.0,
      "6": 5.0,
      "8": 6.4,
      "1": 7.0,
      "3": 6.6,
      "2": 10.0
    },
    "15": {
      "5": 2.0,
      "6": 1.2,
      "9": 4.2,
      "1": 8.0,
      "3": 5.4,
      "4": 5.8,
      "2": 6.6,
      "7": 7.8,
      "0": 4.4,
      "8": 9.6
    },
    "16": {
      "6": 2.2,
      "8": 4.4,
      "5": 2.8,
      "7": 6.6,
      "4": 4.6,
      "0": 3.8,
      "2": 5.4,
      "1": 7.2,
      "9": 8.0,
      "3": 10.0
    },
    "17": {
      "2": 3.2,
      "5": 4.6,
      "1": 2.2,
      "7": 4.2,
      "3": 3.6,
      "8": 6.2,
      "4": 5.8,
      "9": 7.0,
      "6": 8.6,
      "0": 9.6
    },
    "18": {
      "4": 6.4,
      "2": 2.0,
      "5": 4.2,
      "8": 3.8,
      "6": 4.8,
      "7": 6.6,
      "0": 4.6,
      "1": 7.2,
      "9": 7.6,
      "3": 7.8
    },
    "19": {
      "4": 1.8,
      "3": 2.8,
      "2": 3.4,
      "0": 5.4,
      "5": 5.4,
      "1": 5.4,
      "6": 4.2,
      "7": 7.6,
      "8": 9.2,
      "9": 9.8
    },
    "20": {
      "9": 1.6,
      "1": 3.0,
      "5": 1.8,
      "7": 3.6,
      "3": 6.0,
      "0": 6.2,
      "6": 6.4,
      "4": 8.8,
      "8": 7.6,
      "2": 10.0
    },
    "21": {
      "5": 2.4,
      "7": 2.8,
      "9": 4.2,
      "8": 4.0,
      "3": 5.8,
      "2": 5.0,
      "1": 7.8,
      "6": 6.4,
      "4": 9.8,
      "0": 6.8
    },
    "22": {
      "5": 2.4,
      "9": 2.2,
      "6": 4.8,
      "4": 3.6,
      "7": 3.6,
      "8": 6.4,
      "0": 7.4,
      "3": 6.4,
      "1": 8.2,
      "2": 10.0
    },
    "23": {
      "7": 1.2,
      "5": 1.8,
      "4": 5.0,
      "9": 5.6,
      "8": 4.8,
      "0": 7.2,
      "2": 6.8,
      "3": 7.2,
      "6": 7.0,
      "1": 8.4
    },
    "24": {
      "0": 3.0,
      "5": 4.4,
      "9": 4.6,
      "4": 3.4,
      "1": 4.0,
      "8": 3.6,
      "3": 7.8,
      "2": 7.4,
      "7": 8.8,
      "6": 8.0
    },
    "25": {
      "1": 1.6,
      "6": 2.2,
      "0": 3.4,
      "5": 2.8,
      "8": 5.0,
      "3": 8.0,
      "7": 7.2,
      "4": 6.8,
      "2": 8.8,
      "9": 9.2
    },
    "26": {
      "0": 1.8,
      "6": 5.8,
      "9": 2.2,
      "2": 3.2,
      "1": 4.6,
      "8": 5.2,
      "7": 5.6,
      "5": 8.6,
      "3": 8.8,
      "4": 9.2
    },
    "27": {
      "1": 2.2,
      "3": 3.0,
      "0": 2.6,
      "4": 5.2,
      "7": 7.8,
      "2": 4.4,
      "5": 5.2,
      "6": 6.0,
      "9": 9.0,
      "8": 9.6
    },
    "28": {
      "1": 5.6,
      "0": 2.6,
      "5": 5.4,
      "6": 2.4,
      "4": 4.4,
      "2": 4.0,
      "3": 7.4,
      "8": 5.0,
      "9": 9.0,
      "7": 9.2
    },
    "29": {
      "3": 1.6,
      "5": 2.0,
      "2": 3.8,
      "7": 3.4,
      "8": 4.2,
      "9": 8.8,
      "6": 6.4,
      "0": 7.2,
      "4": 8.0,
      "1": 9.6
    },
    "30": {
      "0": 1.0,
      "2": 3.8,
      "1": 3.6,
      "9": 2.6,
      "8": 4.0,
      "5": 6.6,
      "4": 6.4,
      "6": 8.4,
      "7": 9.0,
      "3": 9.6
    },
    "31": {
      "7": 2.0,
      "3": 1.2,
      "2": 4.2,
      "5": 3.0,
      "8": 4.8,
      "6": 7.4,
      "9": 6.2,
      "0": 8.2,
      "4": 8.0,
      "1": 10.0
    },
    "32": {
      "9": 3.8,
      "7": 3.0,
      "5": 6.6,
      "0": 2.4,
      "1": 3.4,
      "2": 4.6,
      "3": 7.4,
      "8": 8.4,
      "4": 5.4,
      "6": 10.0
    },
    "33": {
      "2": 2.4,
      "5": 2.2,
      "4": 1.8,
      "6": 3.6,
      "1": 6.0,
      "3": 6.6,
      "9": 7.6,
      "7": 7.6,
      "8": 7.2,
      "0": 10.0
    },
    "34": {
      "5": 2.0,
      "3": 2.8,
      "4": 1.8,
      "8": 4.4,
      "1": 4.8,
      "6": 7.8,
      "9": 5.8,
      "0": 7.2,
      "7": 9.0,
      "2": 9.4
    },
    "35": {
      "1": 1.4,
      "9": 4.4,
      "7": 2.4,
      "8": 3.4,
      "5": 4.6,
      "6": 8.4,
      "0": 5.0,
      "3": 8.4,
      "4": 8.0,
      "2": 9.0
    },
    "36": {
      "8": 2.2,
      "0": 2.0,
      "3": 1.8,
      "1": 5.4,
      "6": 6.0,
      "4": 5.2,
      "2": 5.4,
      "9": 8.8,
      "5": 9.4,
      "7": 8.8
    },
    "37": {
      "9": 3.2,
      "3": 2.8,
      "4": 2.4,