{
  "content_diversity": 0.6982813477516174,
  "classifier_auc": 0.7113282642271592,
  "ranking_stability": 0.5191111111111111,
  "feature_coefficients": {
    "word_count": 0.7506568981580319,
    "sentence_count": 0.018608903234883664,
    "avg_sentence_length": -0.1332558322887153,
    "paragraph_count": -0.4686288515077072,
    "heading_density": 0.23292039189758146,
    "list_frequency": -0.0338569833345092,
    "readability": 0.07228235533055723,
    "bold_emphasis_density": 0.06963402495459516,
    "citation_density": -0.11306935752490306,
    "statistic_density": -0.055240118131328134,
    "quote_density": -0.06316435259921305,
    "named_source_mentions": -0.229789924917726,
    "year_mentions": 0.0798664998590204,
    "claim_density": -0.1303414084586442,
    "external_reference_density": -0.10968506411292389,
    "question_density": -0.5052937651009981,
    "query_similarity": 0.13171429132250387,
    "corpus_centroid_similarity": 0.06733786510425993,
    "type_token_ratio": -0.2547699995169002,
    "vocabulary_sophistication": 0.0984752903349222,
    "sentiment_polarity": 0.01830095308086253,
    "avg_word_length": 0.04671830970747586,
    "semantic_uniqueness": -0.15329355835371672,
    "information_density": -0.18401504081303854,
    "specificity_score": 0.3571485005001793
  },
  "avg_ranks": {
    "0": {
      "4": 6.4,
      "0": 3.2,
      "6": 3.6,
      "9": 5.8,
      "1": 3.4,
      "2": 5.4,
      "7": 3.8,
      "5": 5.4,
      "3": 8.4,
      "8": 9.6
    },
    "1": {
      "6": 2.4,
      "8": 4.0,
      "4": 2.8,
      "5": 3.2,
      "9": 4.8,
      "3": 5.2,
      "1": 9.0,
      "2": 6.8,
      "7": 8.4,
      "0": 8.4
    },
    "2": {
      "6": 2.4,
      "9": 3.6,
      "4": 4.6,
      "7": 5.2,
      "5": 3.2,
      "8": 7.2,
      "0": 7.6,
      "2": 9.4,
      "3": 6.8,
      "1": 5.0
    },
    "3": {
      "6": 2.8,
      "1": 1.8,
      "0": 5.8,
      "5": 5.0,
      "9": 2.8,
      "8": 5.8,
      "3": 4.6,
      "4": 7.6,
      "7": 9.6,
      "2": 9.2
    },
    "4": {
      "6": 1.2,
      "0": 4.4,
      "2": 4.2,
      "5": 3.8,
      "9": 4.8,
      "1": 2.6,
      "8": 9.2,
      "7": 7.6,
      "3": 7.8,
      "4": 9.4
    },
    "5": {
      "3": 2.2,
      "5": 2.4,
      "6": 2.6,
      "9": 2.8,
      "0": 5.8,
      "8": 6.4,
      "4": 7.0,
      "1": 7.2,
      "2": 9.4,
      "7": 9.2
    },
    "6": {
      "8": 3.6,
      "4": 4.0,
      "2": 2.2,
      "7": 3.0,
      "9": 6.2,
      "6": 6.2,
      "0": 5.8,
      "3": 5.0,
      "1": 9.0,
      "5": 10.0
    },
    "7": {
      "7": 1.2,
      "8": 2.0,
      "0": 2.8,
      "4": 7.6,
      "1": 4.6,
      "6": 5.6,
      "3": 6.2,
      "2": 7.2,
      "5": 8.0,
      "9": 9.8
    },
    "8": {
      "5": 1.6,
      "8": 2.8,
      "2": 3.4,
      "3": 6.8,
      "7": 6.2,
      "6": 6.8,
      "0": 7.0,
      "1": 8.4,
      "9": 8.6,
      "4": 3.4
    },
    "9": {
      "8": 4.4,
      "7": 3.0,
      "6": 1.8,
      "0": 3.4,
      "4": 4.6,
      "1": 6.0,
      "5": 7.0,
      "9": 6.2,
      "3": 9.8,
      "2": 8.8
    },
    "10": {
      "0": 2.8,
      "2": 3.8,
      "8": 3.6,
      "9": 7.2,
      "1": 7.0,
      "3": 5.8,
      "4": 4.8,
      "7": 5.2,
      "6": 6.6,
      "5": 8.2
    },
    "11": {
      "4": 2.4,
      "2": 3.2,
      "5": 2.2,
      "0": 5.8,
      "7": 3.2,
      "9": 6.2,
      "3": 6.4,
      "1": 8.8,
      "8": 9.0,
      "6": 7.8
    },
    "12": {
      "4": 2.6,
      "2": 2.0,
      "0": 3.4,
      "7": 6.4,
      "6": 6.2,
      "9": 8.2,
      "1": 5.6,
      "5": 4.6,
      "8": 8.4,
      "3": 7.6
    },
    "13": {
      "1": 2.8,
      "3": 2.2,
      "4": 2.0,
      "5": 3.2,
      "2": 5.4,
      "6": 6.6,
      "7": 6.6,
      "0": 7.6,
      "8": 9.0,
      "9": 9.6
    },
    "14": {
      "7": 1.4,
      "1": 4.0,
      "4": 5.6,
      "0": 3.8,
      "9": 3.6,
      "3": 5.0,
      "6": 6.8,
      "5": 8.2,
      "8": 6.6,
      "2": 10.0
    },
    "15": {
      "0": 4.6,
      "5": 1.2,
      "6": 4.4,
      "3": 3.4,
      "9": 4.0,
      "2": 5.8,
      "4": 7.8,
      "7": 5.8,
      "8": 9.8,
      "1": 8.2
    },
    "16": {
      "5": 2.6,
      "0": 2.6,
      "9": 7.0,
      "4": 4.2,
      "6": 3.6,
      "2": 3.8,
      "7": 7.2,
      "8": 5.8,
      "1": 8.2,
      "3": 10.0
    },
    "17": {
      "9": 5.4,
      "5": 3.4,
      "4": 4.0,
      "1": 3.0,
      "7": 3.2,
      "6": 8.0,
      "2": 5.2,
      "8": 6.0,
      "0": 9.6,
      "3": 7.2
    },
    "18": {
      "4": 7.8,
      "2": 1.4,
      "6": 5.6,
      "7": 6.4,
      "1": 7.6,
      "0": 4.6,
      "5": 3.8,
      "8": 3.6,
      "9": 7.8,
      "3": 6.4
    },
    "19": {
      "4": 1.0,
      "3": 4.0,
      "0": 5.2,
      "2": 5.0,
      "1": 5.2,
      "7": 4.6,
      "6": 5.4,
      "5": 5.8,
      "8": 9.4,
      "9": 9.4
    },
    "20": {
      "5": 1.2,
      "9": 2.2,
      "1": 3.0,
      "7": 3.6,
      "3": 6.4,
      "0": 6.6,
      "6": 6.4,
      "8": 7.4,
      "4": 8.2,
      "2": 10.0
    },
    "21": {
      "0": 2.2,
      "5": 3.2,
      "7": 3.6,
      "9": 6.4,
      "8": 4.8,
      "6": 6.4,
      "2": 4.4,
      "3": 6.0,
      "4": 9.4,
      "1": 8.6
    },
    "22": {
      "7": 2.4,
      "4": 2.6,
      "6": 4.0,
      "3": 7.4,
      "8": 4.4,
      "9": 4.4,
      "5": 4.2,
      "0": 7.4,
      "2": 9.4,
      "1": 8.8
    },
    "23": {
      "7": 1.2,
      "5": 2.0,
      "4": 2.8,
      "6": 5.8,
      "9": 5.6,
      "8": 6.2,
      "2": 7.6,
      "3": 7.6,
      "0": 7.0,
      "1": 9.2
    },
    "24": {
      "6": 7.6,
      "8": 3.2,
      "1": 4.2,
      "4": 3.6,
      "3": 5.8,
      "0": 3.4,
      "9": 4.0,
      "7": 9.4,
      "2": 7.2,
      "5": 6.6
    },
    "25": {
      "0": 2.8,
      "6": 2.2,
      "5": 2.8,
      "1": 2.2,
      "9": 7.4,
      "3": 7.0,
      "4": 7.2,
      "7": 8.2,
      "2": 9.2,
      "8": 6.0
    },
    "26": {
      "6": 6.2,
      "9": 1.8,
      "2": 2.4,
      "0": 3.2,
      "8": 5.8,
      "7": 5.6,
      "3": 7.4,
      "5": 8.2,
      "1": 4.6,
      "4": 9.8
    },
    "27": {
      "6": 3.6,
      "2": 1.6,
      "5": 1.8,
      "3": 4.8,
      "1": 4.8,
      "0": 5.8,
      "4": 6.2,
      "7": 7.4,
      "9": 9.2,
      "8": 9.8
    },
    "28": {
      "0": 2.2,
      "2": 2.6,
      "6": 2.8,
      "4": 4.0,
      "7": 8.0,
      "8": 4.6,
      "5": 5.6,
      "9": 8.4,
      "3": 7.2,
      "1": 9.6
    },
    "29": {
      "3": 1.0,
      "2": 3.2,
      "7": 3.2,
      "5": 3.0,
      "8": 4.6,
      "6": 6.2,
      "0": 7.6,
      "9": 8.4,
      "4": 8.4,
      "1": 9.4
    },
    "30": {
      "0": 1.0,
      "5": 5.0,
      "4": 3.4,
      "2": 5.4,
      "9": 4.2,
      "1": 4.2,
      "8": 5.8,
      "3": 8.6,
      "7": 9.0,
      "6": 8.4
    },
    "31": {
      "3": 1.2,
      "7": 1.8,
      "2": 3.8,
      "5": 3.8,
      "8": 5.6,
      "9": 5.2,
      "0": 7.4,
      "6": 7.8,
      "4": 8.4,
      "1": 10.0
    },
    "32": {
      "9": 3.4,
      "0": 4.4,
      "7": 4.6,
      "4": 4.0,
      "2": 4.2,
      "8": 8.0,
      "5": 5.8,
      "1": 3.6,
      "3": 7.0,
      "6": 10.0
    },
    "33": {
      "2": 2.0,
      "5": 2.4,
      "4": 2.2,
      "6": 3.4,
      "3": 6.6,
      "9": 6.4,
      "1": 6.2,
      "8": 7.8,
      "7": 8.4,
      "0": 9.6
    },
    "34": {
      "4": 1.4,
      "5": 2.2,
      "8": 4.6,
      "3": 3.2,
      "9": 5.0,
      "6": 7.6,
      "0": 7.2,
      "1": 5.2,
      "7": 8.6,
      "2": 10.0
    },
    "35": {
      "1": 1.6,
      "7": 2.2,
      "5": 5.4,
      "8": 3.0,
      "0": 4.4,
      "6": 8.8,
      "9": 4.6,
      "4": 8.4,
      "2": 7.8,
      "3": 8.8
    },
    "36": {
      "0": 2.2,
      "6": 4.4,
      "8": 1.6,
      "1": 5.6,
      "2": 5.0,
      "3": 3.2,
      "4": 6.0,
      "9": 8.4,
      "5": 9.4,
      "7": 9.2
    },
    "37": {
      "1": 2.0,
      "7": 2.6,
      "4": 3.2,
      "9": 3.0,