{
  "content_diversity": 0.698169469833374,
  "classifier_auc": 0.7387334014300307,
  "ranking_stability": 0.5092444444444444,
  "feature_coefficients": {
    "word_count": 0.891730899142323,
    "sentence_count": -0.09543979100446269,
    "avg_sentence_length": -0.4072029829079641,
    "paragraph_count": -0.58323120605786,
    "heading_density": 0.2744527734172842,
    "list_frequency": 0.07618495678234449,
    "readability": 0.37059027872994815,
    "bold_emphasis_density": 0.1499362665446739,
    "citation_density": -0.13723210850459913,
    "statistic_density": 0.08985301042935738,
    "quote_density": -0.08900056274961095,
    "named_source_mentions": -0.048998303748252404,
    "year_mentions": 0.03702264910877207,
    "claim_density": 0.010323235389559857,
    "external_reference_density": -0.10237450661662409,
    "question_density": -0.06800918897012347,
    "query_similarity": 0.04462424765380059,
    "corpus_centroid_similarity": 0.1456642273629683,
    "type_token_ratio": -0.28816662549514693,
    "vocabulary_sophistication": 0.09649637464326537,
    "sentiment_polarity": -0.05247188787387131,
    "avg_word_length": -0.000874989653183537,
    "semantic_uniqueness": -0.15511527395281027,
    "information_density": -0.20059963014671262,
    "specificity_score": -0.027168071811903494
  },
  "avg_ranks": {
    "0": {
      "0": 2.6,
      "2": 3.2,
      "5": 5.2,
      "7": 3.4,
      "1": 4.0,
      "6": 5.6,
      "9": 6.4,
      "4": 5.8,
      "3": 8.8,
      "8": 10.0
    },
    "1": {
      "6": 4.0,
      "3": 6.0,
      "7": 7.4,
      "5": 2.8,
      "4": 3.8,
      "9": 4.8,
      "2": 7.8,
      "0": 8.0,
      "8": 2.8,
      "1": 7.6
    },
    "2": {
      "1": 4.0,
      "6": 1.6,
      "9": 2.2,
      "4": 3.2,
      "5": 4.8,
      "8": 7.2,
      "7": 7.4,
      "3": 7.0,
      "0": 8.6,
      "2": 9.0
    },
    "3": {
      "1": 2.2,
      "9": 2.0,
      "3": 3.2,
      "8": 5.0,
      "5": 4.8,
      "0": 5.8,
      "6": 5.6,
      "4": 7.8,
      "7": 9.2,
      "2": 9.4
    },
    "4": {
      "2": 4.0,
      "6": 1.4,
      "5": 4.8,
      "0": 6.2,
      "9": 5.0,
      "1": 2.8,
      "7": 5.6,
      "3": 8.0,
      "8": 9.2,
      "4": 8.0
    },
    "5": {
      "9": 1.8,
      "5": 2.4,
      "6": 3.0,
      "3": 2.8,
      "0": 5.8,
      "7": 8.4,
      "1": 6.4,
      "4": 6.2,
      "8": 8.8,
      "2": 9.4
    },
    "6": {
      "0": 4.6,
      "3": 5.2,
      "4": 5.4,
      "2": 2.8,
      "9": 3.2,
      "8": 6.4,
      "7": 2.8,
      "6": 5.6,
      "1": 9.4,
      "5": 9.6
    },
    "7": {
      "8": 1.0,
      "7": 2.4,
      "0": 2.6,
      "3": 5.2,
      "6": 5.6,
      "1": 6.4,
      "2": 6.2,
      "4": 8.4,
      "5": 7.2,
      "9": 10.0
    },
    "8": {
      "5": 1.8,
      "8": 2.2,
      "2": 2.0,
      "0": 5.6,
      "7": 5.4,
      "6": 6.6,
      "1": 8.0,
      "9": 7.0,
      "3": 8.8,
      "4": 7.6
    },
    "9": {
      "7": 2.6,
      "6": 2.0,
      "8": 4.8,
      "0": 4.0,
      "1": 5.4,
      "5": 5.8,
      "4": 6.8,
      "9": 6.0,
      "2": 7.6,
      "3": 10.0
    },
    "10": {
      "0": 1.6,
      "2": 2.2,
      "8": 4.0,
      "7": 5.0,
      "6": 5.8,
      "4": 5.2,
      "3": 6.2,
      "1": 8.4,
      "9": 8.6,
      "5": 8.0
    },
    "11": {
      "6": 5.4,
      "2": 3.0,
      "4": 3.4,
      "7": 4.4,
      "5": 2.4,
      "3": 6.6,
      "0": 5.0,
      "9": 6.4,
      "1": 8.6,
      "8": 9.8
    },
    "12": {
      "4": 2.4,
      "1": 3.8,
      "5": 3.6,
      "2": 1.6,
      "0": 3.6,
      "6": 7.6,
      "7": 7.4,
      "9": 7.2,
      "3": 8.4,
      "8": 9.4
    },
    "13": {
      "3": 1.2,
      "4": 2.4,
      "1": 2.4,
      "2": 4.6,
      "5": 4.8,
      "6": 6.2,
      "7": 7.0,
      "0": 8.0,
      "8": 9.0,
      "9": 9.4
    },
    "14": {
      "7": 1.4,
      "8": 5.6,
      "0": 3.8,
      "9": 3.0,
      "3": 7.2,
      "4": 3.0,
      "1": 8.0,
      "6": 6.2,
      "5": 6.8,
      "2": 10.0
    },
    "15": {
      "5": 1.2,
      "6": 3.0,
      "0": 4.4,
      "3": 5.2,
      "9": 4.0,
      "2": 5.6,
      "7": 7.2,
      "1": 9.2,
      "4": 5.6,
      "8": 9.6
    },
    "16": {
      "0": 1.6,
      "5": 2.0,
      "6": 4.0,
      "2": 5.4,
      "4": 4.4,
      "9": 6.6,
      "1": 6.0,
      "8": 6.6,
      "7": 8.4,
      "3": 10.0
    },
    "17": {
      "7": 2.0,
      "3": 2.2,
      "4": 6.8,
      "1": 2.6,
      "0": 7.0,
      "9": 5.6,
      "2": 6.6,
      "5": 6.0,
      "6": 7.8,
      "8": 8.4
    },
    "18": {
      "2": 4.0,
      "0": 3.2,
      "6": 4.2,
      "7": 5.4,
      "8": 4.0,
      "5": 3.8,
      "9": 7.0,
      "1": 7.0,
      "3": 8.2,
      "4": 8.2
    },
    "19": {
      "4": 2.4,
      "2": 4.0,
      "3": 1.8,
      "5": 4.6,
      "6": 5.2,
      "7": 6.4,
      "1": 7.0,
      "0": 4.6,
      "8": 9.2,
      "9": 9.8
    },
    "20": {
      "9": 1.2,
      "5": 1.8,
      "1": 3.0,
      "7": 4.0,
      "3": 6.2,
      "0": 6.6,
      "6": 6.4,
      "8": 7.0,
      "4": 8.8,
      "2": 10.0
    },
    "21": {
      "7": 3.0,
      "5": 2.6,
      "8": 5.6,
      "9": 4.4,
      "2": 5.4,
      "3": 6.4,
      "0": 4.0,
      "1": 8.2,
      "6": 5.6,
      "4": 9.8
    },
    "22": {
      "5": 2.0,
      "9": 1.8,
      "7": 5.2,
      "6": 4.8,
      "4": 3.0,
      "3": 8.0,
      "0": 5.8,
      "1": 8.6,
      "8": 6.6,
      "2": 9.2
    },
    "23": {
      "7": 1.4,
      "5": 1.6,
      "4": 4.4,
      "9": 6.4,
      "8": 6.2,
      "6": 7.4,
      "0": 7.0,
      "3": 6.0,
      "2": 6.2,
      "1": 8.4
    },
    "24": {
      "6": 7.6,
      "0": 2.0,
      "5": 3.8,
      "9": 4.8,
      "1": 6.4,
      "2": 6.0,
      "4": 4.8,
      "3": 6.4,
      "8": 3.4,
      "7": 9.8
    },
    "25": {
      "5": 2.2,
      "6": 2.4,
      "0": 3.2,
      "1": 2.2,
      "8": 5.0,
      "2": 8.2,
      "7": 6.8,
      "4": 7.0,
      "3": 8.0,
      "9": 10.0
    },
    "26": {
      "0": 1.2,
      "9": 2.2,
      "2": 3.0,
      "6": 5.0,
      "7": 6.2,
      "1": 5.2,
      "8": 5.6,
      "5": 8.8,
      "4": 9.6,
      "3": 8.2
    },
    "27": {
      "5": 2.4,
      "6": 3.4,
      "2": 3.2,
      "1": 3.6,
      "3": 4.4,
      "4": 6.6,
      "0": 5.6,
      "9": 8.8,
      "7": 7.0,
      "8": 10.0
    },
    "28": {
      "0": 3.8,
      "6": 1.8,
      "4": 2.6,
      "2": 2.8,
      "8": 5.2,
      "5": 6.0,
      "3": 6.0,
      "9": 8.6,
      "7": 8.6,
      "1": 9.6
    },
    "29": {
      "3": 1.8,
      "2": 3.6,
      "5": 2.6,
      "7": 3.8,
      "8": 3.2,
      "6": 6.4,
      "0": 7.8,
      "9": 8.2,
      "4": 7.8,
      "1": 9.8
    },
    "30": {
      "0": 1.0,
      "4": 3.6,
      "5": 3.4,
      "1": 5.0,
      "9": 5.0,
      "2": 4.2,
      "8": 6.2,
      "7": 7.8,
      "6": 9.0,
      "3": 9.8
    },
    "31": {
      "3": 1.4,
      "7": 1.8,
      "8": 4.6,
      "5": 3.4,
      "2": 4.0,
      "9": 6.2,
      "0": 8.0,
      "6": 8.2,
      "4": 7.4,
      "1": 10.0
    },
    "32": {
      "4": 4.4,
      "1": 3.2,
      "2": 3.2,
      "0": 3.8,
      "7": 2.2,
      "5": 7.0,
      "9": 4.8,
      "3": 8.0,
      "8": 8.4,
      "6": 10.0
    },
    "33": {
      "4": 1.4,
      "5": 2.0,
      "6": 3.0,
      "2": 3.6,
      "8": 6.8,
      "1": 5.4,
      "7": 7.4,
      "3": 8.6,
      "9": 7.4,
      "0": 9.4
    },
    "34": {
      "4": 1.4,
      "3": 2.6,
      "5": 2.4,
      "1": 3.8,
      "9": 6.4,
      "8": 6.4,
      "0": 6.2,
      "6": 7.2,
      "2": 8.8,
      "7": 9.8
    },
    "35": {
      "1": 1.0,
      "7": 2.4,
      "5": 3.6,
      "0": 5.0,
      "8": 3.6,
      "9": 5.6,
      "6": 7.4,
      "3": 8.6,
      "2": 9.0,
      "4": 8.8
    },
    "36": {
      "8": 1.8,
      "4": 4.0,
      "0": 2.8,
      "6": 4.8,
      "2": 5.2,
      "1": 6.6,
      "3": 2.8,
      "9": 9.2,
      "5": 9.4,
      "7": 8.4
    },
    "37": {
      "3": 1.8,
      "4": 3.0,
      "7": 3.0,
      "1": 3.6,