{
  "content_diversity": 0.6991629600524902,
  "classifier_auc": 0.7110863991597937,
  "ranking_stability": 0.4978231292517007,
  "feature_coefficients": {
    "word_count": 0.8335705309016709,
    "sentence_count": -0.16382299891123173,
    "avg_sentence_length": -0.2568676184155203,
    "paragraph_count": -0.42710550060887914,
    "heading_density": 0.2054572557049918,
    "list_frequency": 0.09509346263209614,
    "readability": 0.16404450798061637,
    "bold_emphasis_density": -0.10110837842103686,
    "citation_density": -0.16343772457020445,
    "statistic_density": -0.06911662650618197,
    "quote_density": -0.08378974539681082,
    "named_source_mentions": -0.027054893914022934,
    "year_mentions": -0.016033544895731375,
    "claim_density": -0.0678306189438542,
    "external_reference_density": -0.10641639725664019,
    "question_density": -0.2611615624461228,
    "query_similarity": 0.09628998463406335,
    "corpus_centroid_similarity": 0.010301724431094653,
    "type_token_ratio": -0.1166950263270076,
    "vocabulary_sophistication": 0.04506994891287501,
    "sentiment_polarity": -0.06756291602086932,
    "avg_word_length": 0.005391760522397769,
    "semantic_uniqueness": -0.2054929932671988,
    "information_density": -0.10889813240394626,
    "specificity_score": 0.27886933603595515
  },
  "avg_ranks": {
    "0": {
      "4": 4.8,
      "0": 1.8,
      "6": 4.2,
      "5": 2.6,
      "2": 4.8,
      "1": 5.6,
      "7": 6.8,
      "9": 5.6,
      "3": 8.8,
      "8": 10.0
    },
    "1": {
      "8": 3.0,
      "5": 1.8,
      "9": 4.0,
      "4": 2.6,
      "6": 5.0,
      "3": 5.6,
      "2": 7.4,
      "1": 8.0,
      "0": 8.8,
      "7": 8.8
    },
    "2": {
      "1": 3.4,
      "6": 2.2,
      "9": 2.0,
      "5": 4.0,
      "4": 4.4,
      "7": 5.4,
      "3": 7.4,
      "8": 7.4,
      "0": 8.8,
      "2": 10.0
    },
    "3": {
      "1": 2.4,
      "6": 3.6,
      "5": 3.4,
      "3": 5.0,
      "0": 5.0,
      "9": 4.6,
      "4": 7.4,
      "8": 4.6,
      "7": 9.2,
      "2": 9.8
    },
    "4": {
      "6": 1.0,
      "1": 2.2,
      "0": 5.4,
      "2": 4.0,
      "9": 4.4,
      "3": 6.8,
      "4": 8.0,
      "7": 6.8,
      "5": 7.4,
      "8": 9.0
    },
    "5": {
      "0": 5.0,
      "3": 1.2,
      "5": 2.2,
      "6": 3.8,
      "9": 3.6,
      "8": 6.4,
      "1": 7.0,
      "4": 7.8,
      "2": 8.8,
      "7": 9.2
    },
    "6": {
      "7": 3.6,
      "9": 2.6,
      "2": 2.6,
      "6": 6.4,
      "4": 5.0,
      "3": 5.2,
      "0": 6.6,
      "8": 4.8,
      "1": 8.6,
      "5": 9.6
    },
    "7": {
      "8": 2.0,
      "7": 1.4,
      "0": 2.6,
      "6": 6.0,
      "1": 5.2,
      "4": 6.6,
      "3": 6.6,
      "2": 7.4,
      "5": 8.2,
      "9": 9.0
    },
    "8": {
      "2": 1.4,
      "5": 2.4,
      "8": 2.2,
      "3": 7.4,
      "1": 8.0,
      "6": 6.8,
      "7": 5.8,
      "0": 6.0,
      "9": 8.8,
      "4": 6.2
    },
    "9": {
      "6": 2.4,
      "8": 3.0,
      "0": 3.6,
      "5": 6.4,
      "7": 4.0,
      "1": 7.0,
      "9": 6.8,
      "2": 6.4,
      "4": 5.4,
      "3": 10.0
    },
    "10": {
      "0": 2.2,
      "2": 3.2,
      "5": 3.8,
      "8": 3.6,
      "4": 4.4,
      "7": 7.6,
      "6": 7.2,
      "3": 6.4,
      "9": 7.6,
      "1": 9.0
    },
    "11": {
      "6": 8.0,
      "4": 2.8,
      "5": 3.0,
      "2": 3.0,
      "7": 3.6,
      "3": 6.2,
      "0": 4.8,
      "9": 6.4,
      "1": 8.0,
      "8": 9.2
    },
    "12": {
      "4": 2.4,
      "5": 4.2,
      "2": 3.8,
      "0": 4.4,
      "1": 5.4,
      "7": 5.2,
      "6": 5.8,
      "9": 6.4,
      "3": 7.8,
      "8": 9.6
    },
    "13": {
      "4": 1.8,
      "1": 2.0,
      "3": 2.2,
      "5": 5.2,
      "2": 5.0,
      "7": 6.6,
      "6": 6.0,
      "0": 8.0,
      "8": 8.6,
      "9": 9.6
    },
    "14": {
      "7": 4.8,
      "9": 3.0,
      "0": 4.4,
      "5": 3.6,
      "6": 6.8,
      "3": 4.2,
      "8": 6.2,
      "1": 6.2,
      "4": 5.8,
      "2": 10.0
    },
    "15": {
      "6": 2.8,
      "5": 1.6,
      "3": 5.8,
      "9": 5.0,
      "7": 6.6,
      "4": 5.2,
      "2": 8.4,
      "0": 3.8,
      "1": 6.0,
      "8": 9.8
    },
    "16": {
      "4": 2.8,
      "5": 3.0,
      "0": 3.2,
      "9": 6.8,
      "7": 7.0,
      "8": 7.2,
      "1": 6.2,
      "6": 4.6,
      "2": 4.8,
      "3": 9.4
    },
    "17": {
      "1": 2.2,
      "3": 2.4,
      "7": 2.2,
      "2": 6.2,
      "5": 5.0,
      "9": 6.2,
      "4": 6.6,
      "8": 7.6,
      "6": 8.8,
      "0": 7.8
    },
    "18": {
      "4": 6.4,
      "6": 4.0,
      "2": 2.6,
      "5": 3.6,
      "8": 3.4,
      "0": 4.2,
      "7": 7.2,
      "9": 7.0,
      "3": 8.4,
      "1": 8.2
    },
    "19": {
      "4": 1.0,
      "3": 3.0,
      "2": 6.2,
      "1": 5.0,
      "7": 5.4,
      "6": 5.0,
      "5": 5.0,
      "8": 9.2,
      "0": 5.6,
      "9": 9.6
    },
    "20": {
      "9": 2.0,
      "1": 2.4,
      "5": 1.6,
      "7": 4.0,
      "8": 7.6,
      "6": 5.6,
      "0": 6.6,
      "3": 6.4,
      "4": 8.8,
      "2": 10.0
    },
    "21": {
      "0": 2.6,
      "5": 2.8,
      "7": 3.6,
      "9": 5.0,
      "8": 6.6,
      "1": 6.8,
      "6": 6.4,
      "3": 5.6,
      "2": 6.0,
      "4": 9.6
    },
    "22": {
      "9": 2.4,
      "6": 5.4,
      "8": 3.6,
      "4": 3.4,
      "7": 4.2,
      "1": 7.2,
      "5": 4.8,
      "0": 6.6,
      "3": 7.4,
      "2": 10.0
    },
    "23": {
      "7": 1.6,
      "5": 1.4,
      "4": 3.0,
      "2": 6.2,
      "3": 5.8,
      "0": 6.2,
      "9": 6.8,
      "8": 7.0,
      "1": 7.8,
      "6": 9.2
    },
    "24": {
      "4": 3.4,
      "1": 4.8,
      "0": 2.2,
      "2": 6.8,
      "8": 4.2,
      "9": 5.0,
      "5": 5.6,
      "3": 6.8,
      "7": 8.2,
      "6": 8.0
    },
    "25": {
      "1": 1.4,
      "0": 3.4,
      "5": 2.6,
      "6": 2.6,
      "8": 6.0,
      "3": 6.6,
      "4": 7.2,
      "7": 7.4,
      "2": 8.8,
      "9": 9.0
    },
    "26": {
      "9": 2.4,
      "2": 3.0,
      "0": 2.0,
      "8": 4.8,
      "7": 6.0,
      "6": 4.0,
      "5": 7.8,
      "3": 7.8,
      "1": 7.2,
      "4": 10.0
    },
    "27": {
      "1": 3.75,
      "0": 4.75,
      "3": 4.75,
      "4": 6.0,
      "7": 7.0,
      "6": 3.25,
      "2": 3.25,
      "5": 3.25,
      "9": 9.0,
      "8": 10.0
    },
    "28": {
      "9": 4.25,
      "4": 3.0,
      "6": 2.5,
      "2": 3.75,
      "3": 6.75,
      "8": 5.75,
      "5": 6.25,
      "0": 3.75,
      "1": 9.25,
      "7": 9.75
    },
    "29": {
      "3": 1.0,
      "7": 2.75,
      "5": 3.25,
      "8": 5.0,
      "2": 3.25,
      "6": 6.5,
      "1": 8.5,
      "9": 9.0,
      "0": 6.75,
      "4": 9.0
    },
    "30": {
      "0": 1.0,
      "9": 3.0,
      "8": 5.0,
      "1": 4.25,
      "2": 4.5,
      "4": 5.5,
      "5": 5.5,
      "7": 8.5,
      "6": 8.5,
      "3": 9.25
    },
    "31": {
      "4": 6.2,
      "7": 2.0,
      "3": 1.6,
      "2": 4.6,
      "8": 5.0,
      "9": 5.6,
      "5": 4.4,
      "0": 7.6,
      "6": 8.0,
      "1": 10.0
    },
    "32": {
      "7": 3.2,
      "9": 3.8,
      "0": 2.0,
      "4": 3.6,
      "1": 5.2,
      "2": 5.2,
      "3": 7.0,
      "5": 6.2,
      "8": 8.8,
      "6": 10.0
    },
    "33": {
      "2": 1.6,
      "5": 2.8,
      "4": 2.2,
      "6": 3.4,
      "9": 6.4,
      "1": 5.4,
      "0": 8.8,
      "8": 7.6,
      "3": 8.8,
      "7": 8.0
    },
    "34": {
      "5": 1.6,
      "3": 1.8,
      "4": 2.8,
      "8": 3.8,
      "1": 7.6,
      "6": 5.6,
      "0": 7.2,
      "9": 6.2,
      "7": 8.8,
      "2": 9.6
    },
    "35": {
      "7": 1.8,
      "8": 2.2,
      "1": 2.0,
      "0": 4.6,
      "5": 6.0,
      "9": 5.0,
      "2": 8.6,
      "4": 8.4,
      "3": 7.6,
      "6": 8.8
    },
    "36": {
      "0": 1.8,
      "1": 5.4,
      "2": 4.6,
      "8": 3.2,
      "4": 4.6,
      "6": 5.8,
      "3": 2.6,
      "9": 9.0,
      "5": 8.6,
      "7": 9.4
    },
    "37": {
      "3": 1.8,
      "9": 3.6,