{
  "content_diversity": 0.7165096402168274,
  "classifier_auc": 0.6532532364915071,
  "ranking_stability": 0.5411020776874435,
  "feature_coefficients": {
    "word_count": 0.24554197585865625,
    "sentence_count": 0.12916665365218666,
    "avg_sentence_length": -0.28534942336975183,
    "paragraph_count": -0.19367196648792998,
    "heading_density": 0.136209242221618,
    "list_frequency": -0.016930493058553365,
    "readability": 0.21359738975624146,
    "bold_emphasis_density": 0.21821796031262922,
    "citation_density": -0.08258251038021247,
    "statistic_density": -0.16176303336065495,
    "quote_density": -0.3803964499345389,
    "named_source_mentions": -0.09297513416318036,
    "year_mentions": 0.023596367868300844,
    "claim_density": -0.04769053170223198,
    "external_reference_density": -0.12015396020330939,
    "question_density": -0.31545805117268994,
    "query_similarity": 0.0836531186199779,
    "corpus_centroid_similarity": 0.1601058799326257,
    "type_token_ratio": -0.039787248360568295,
    "vocabulary_sophistication": 0.10258818424464228,
    "sentiment_polarity": 0.02855480309288759,
    "avg_word_length": 0.03307188348134472,
    "semantic_uniqueness": -0.18605186152048328,
    "information_density": 0.022065029914760555,
    "specificity_score": 0.3686241357244983
  },
  "avg_ranks": {
    "0": {
      "4": 4.8,
      "0": 2.4,
      "7": 4.0,
      "2": 3.2,
      "6": 5.0,
      "9": 5.8,
      "1": 6.2,
      "5": 5.2,
      "3": 8.4,
      "8": 10.0
    },
    "1": {
      "8": 1.6,
      "6": 4.0,
      "5": 4.2,
      "4": 3.0,
      "7": 6.6,
      "3": 5.6,
      "9": 4.6,
      "2": 8.2,
      "1": 7.6,
      "0": 9.6
    },
    "2": {
      "1": 1.8,
      "6": 2.2,
      "9": 2.4,
      "4": 4.8,
      "7": 5.8,
      "3": 6.6,
      "8": 6.0,
      "5": 7.8,
      "0": 7.8,
      "2": 9.8
    },
    "3": {
      "6": 2.8,
      "1": 2.6,
      "0": 3.6,
      "5": 3.2,
      "3": 4.6,
      "9": 5.0,
      "8": 6.8,
      "4": 7.4,
      "2": 9.2,
      "7": 9.8
    },
    "4": {
      "1": 1.2,
      "6": 1.8,
      "5": 6.6,
      "9": 5.4,
      "2": 3.8,
      "4": 6.6,
      "0": 4.8,
      "3": 8.0,
      "8": 9.4,
      "7": 7.4
    },
    "5": {
      "3": 2.5,
      "5": 2.5,
      "6": 2.5,
      "9": 2.5,
      "0": 5.5,
      "8": 6.5,
      "4": 6.75,
      "1": 7.75,
      "2": 9.5,
      "7": 9.0
    },
    "6": {
      "7": 2.0,
      "8": 5.6,
      "2": 2.8,
      "9": 4.0,
      "6": 5.0,
      "0": 5.6,
      "3": 5.8,
      "4": 5.4,
      "1": 9.0,
      "5": 9.8
    },
    "7": {
      "7": 1.6,
      "8": 2.0,
      "0": 2.4,
      "4": 7.0,
      "1": 4.8,
      "5": 6.6,
      "6": 6.0,
      "3": 7.4,
      "2": 7.2,
      "9": 10.0
    },
    "8": {
      "5": 1.8,
      "2": 2.2,
      "8": 2.6,
      "0": 5.4,
      "7": 5.2,
      "6": 6.4,
      "1": 8.2,
      "9": 8.2,
      "3": 9.2,
      "4": 5.8
    },
    "9": {
      "6": 4.6,
      "0": 2.6,
      "8": 4.4,
      "1": 5.6,
      "5": 6.4,
      "7": 4.6,
      "4": 5.6,
      "9": 5.4,
      "2": 5.8,
      "3": 10.0
    },
    "10": {
      "0": 1.8,
      "2": 2.0,
      "8": 6.4,
      "3": 4.8,
      "4": 5.0,
      "7": 4.8,
      "6": 5.8,
      "9": 7.8,
      "1": 8.4,
      "5": 8.2
    },
    "11": {
      "6": 5.6,
      "5": 2.0,
      "2": 2.4,
      "4": 3.0,
      "7": 4.2,
      "3": 5.8,
      "0": 6.0,
      "9": 7.4,
      "1": 9.2,
      "8": 9.4
    },
    "12": {
      "4": 1.4,
      "5": 2.8,
      "0": 2.8,
      "2": 3.2,
      "1": 5.8,
      "7": 7.0,
      "6": 7.2,
      "9": 8.6,
      "3": 7.0,
      "8": 9.2
    },
    "13": {
      "3": 2.0,
      "4": 1.4,
      "1": 3.0,
      "5": 5.2,
      "2": 4.8,
      "6": 5.8,
      "0": 7.6,
      "9": 9.0,
      "8": 9.6,
      "7": 6.6
    },
    "14": {
      "3": 4.6,
      "9": 2.2,
      "1": 2.8,
      "0": 4.6,
      "8": 6.2,
      "6": 7.6,
      "4": 4.6,
      "5": 7.2,
      "7": 5.2,
      "2": 10.0
    },
    "15": {
      "6": 3.0,
      "5": 1.6,
      "3": 4.6,
      "9": 4.0,
      "0": 4.0,
      "2": 6.2,
      "1": 7.2,
      "4": 7.8,
      "8": 9.4,
      "7": 7.2
    },
    "16": {
      "4": 2.2,
      "5": 2.6,
      "6": 3.4,
      "2": 4.0,
      "0": 3.4,
      "1": 5.8,
      "9": 7.4,
      "8": 7.6,
      "3": 9.6,
      "7": 9.0
    },
    "17": {
      "1": 1.6,
      "0": 2.6,
      "9": 4.8,
      "2": 3.6,
      "8": 6.6,
      "7": 8.4,
      "3": 7.2,
      "5": 7.4,
      "6": 8.4,
      "4": 4.4
    },
    "18": {
      "8": 2.2,
      "5": 2.8,
      "1": 7.0,
      "0": 3.0,
      "9": 7.2,
      "3": 6.8,
      "6": 5.0,
      "2": 3.8,
      "7": 7.8,
      "4": 9.4
    },
    "19": {
      "4": 2.0,
      "3": 1.8,
      "7": 5.2,
      "2": 3.0,
      "0": 4.4,
      "5": 4.8,
      "6": 8.0,
      "1": 7.2,
      "8": 9.4,
      "9": 9.2
    },
    "20": {
      "9": 1.4,
      "5": 2.0,
      "1": 2.6,
      "7": 4.0,
      "3": 5.6,
      "8": 6.6,
      "0": 6.6,
      "6": 7.2,
      "4": 9.0,
      "2": 10.0
    },
    "21": {
      "5": 1.2,
      "7": 2.2,
      "8": 3.4,
      "9": 4.8,
      "0": 5.0,
      "2": 7.0,
      "6": 7.2,
      "3": 6.4,
      "1": 8.2,
      "4": 9.6
    },
    "22": {
      "9": 3.0,
      "6": 4.0,
      "4": 4.6,
      "7": 5.0,
      "8": 2.6,
      "5": 4.8,
      "0": 4.8,
      "1": 7.6,
      "2": 9.4,
      "3": 9.2
    },
    "23": {
      "7": 1.0,
      "5": 2.0,
      "4": 3.0,
      "9": 4.8,
      "8": 5.8,
      "3": 6.4,
      "2": 8.0,
      "0": 7.8,
      "1": 8.0,
      "6": 8.2
    },
    "24": {
      "0": 1.4,
      "9": 2.4,
      "5": 6.0,
      "8": 4.0,
      "1": 3.6,
      "4": 7.0,
      "2": 5.8,
      "3": 7.2,
      "6": 8.0,
      "7": 9.6
    },
    "25": {
      "1": 1.6,
      "0": 2.4,
      "5": 2.6,
      "6": 3.4,
      "8": 5.0,
      "3": 7.8,
      "4": 7.2,
      "7": 7.0,
      "2": 8.8,
      "9": 9.2
    },
    "26": {
      "9": 1.6,
      "2": 2.2,
      "0": 3.0,
      "7": 5.4,
      "6": 5.2,
      "8": 5.8,
      "1": 6.4,
      "5": 8.2,
      "4": 8.8,
      "3": 8.4
    },
    "27": {
      "5": 2.0,
      "2": 1.6,
      "6": 2.4,
      "1": 4.4,
      "3": 6.8,
      "4": 6.4,
      "7": 6.2,
      "0": 6.2,
      "8": 9.4,
      "9": 9.6
    },
    "28": {
      "3": 5.8,
      "0": 2.6,
      "6": 3.4,
      "2": 3.0,
      "4": 3.2,
      "5": 6.0,
      "9": 8.0,
      "8": 4.4,
      "7": 9.0,
      "1": 9.6
    },
    "29": {
      "3": 1.0,
      "5": 2.6,
      "7": 3.6,
      "8": 5.0,
      "2": 3.0,
      "6": 6.2,
      "1": 8.6,
      "4": 8.2,
      "9": 8.4,
      "0": 8.4
    },
    "30": {
      "0": 2.2,
      "1": 3.2,
      "9": 3.8,
      "2": 3.4,
      "8": 4.4,
      "4": 5.2,
      "5": 5.8,
      "7": 8.4,
      "6": 9.4,
      "3": 9.2
    },
    "31": {
      "3": 1.2,
      "5": 2.8,
      "2": 3.6,
      "7": 2.6,
      "8": 5.4,
      "9": 5.4,
      "6": 8.0,
      "0": 7.4,
      "4": 8.6,
      "1": 10.0
    },
    "32": {
      "1": 2.2,
      "7": 3.4,
      "2": 4.6,
      "4": 3.8,
      "0": 5.4,
      "9": 3.2,
      "3": 6.6,
      "5": 7.2,
      "8": 8.6,
      "6": 10.0
    },
    "33": {
      "4": 2.0,
      "5": 1.2,
      "2": 3.4,
      "6": 3.4,
      "8": 8.0,
      "9": 6.2,
      "7": 7.4,
      "3": 7.2,
      "1": 8.2,
      "0": 8.0
    },
    "34": {
      "5": 2.2,
      "3": 2.4,
      "4": 1.8,
      "8": 4.6,
      "6": 7.2,
      "9": 5.6,
      "1": 6.2,
      "2": 8.2,
      "0": 7.0,
      "7": 9.8
    },
    "35": {
      "1": 2.25,
      "7": 1.5,
      "5": 2.75,
      "0": 4.75,
      "9": 5.5,
      "3": 7.0,
      "8": 4.5,
      "2": 9.0,
      "4": 9.0,
      "6": 8.75
    },
    "36": {
      "0": 1.8,
      "3": 1.2,
      "2": 4.0,
      "6": 5.4,
      "8": 4.4,
      "4": 6.0,
      "1": 6.0,
      "7": 7.6,
      "9": 9.2,
      "5": 9.4
    },
    "37": {
      "3": 2.6,
      "7": 2.4,
      "1": 3.0,