{
  "content_diversity": 0.6985856294631958,
  "classifier_auc": 0.6963232349471268,
  "ranking_stability": 0.5204444444444444,
  "feature_coefficients": {
    "word_count": 0.733264244875189,
    "sentence_count": -0.17427440781734263,
    "avg_sentence_length": -0.10060161830341811,
    "paragraph_count": -0.39581510410330406,
    "heading_density": 0.20998793222358084,
    "list_frequency": 0.0964422881045401,
    "readability": 0.001967362179784254,
    "bold_emphasis_density": -0.04291585955620558,
    "citation_density": -0.07290263460933112,
    "statistic_density": -0.08595812364968501,
    "quote_density": -0.22164466598604332,
    "named_source_mentions": -0.271051670582615,
    "year_mentions": 0.08314359093479577,
    "claim_density": -0.2070382784242684,
    "external_reference_density": -0.10746435685153112,
    "question_density": -0.004112962546437454,
    "query_similarity": 0.0706455399064456,
    "corpus_centroid_similarity": -0.013749627678652118,
    "type_token_ratio": -0.15931829026986738,
    "vocabulary_sophistication": -0.01167440414331081,
    "sentiment_polarity": 0.03324787814944731,
    "avg_word_length": -0.003500642771964474,
    "semantic_uniqueness": -0.1286443714150174,
    "information_density": -0.002602400855732597,
    "specificity_score": 0.4952425086878793
  },
  "avg_ranks": {
    "0": {
      "7": 3.6,
      "0": 3.0,
      "2": 2.8,
      "1": 4.0,
      "5": 3.6,
      "6": 5.0,
      "9": 6.0,
      "3": 8.6,
      "4": 8.4,
      "8": 10.0
    },
    "1": {
      "8": 1.8,
      "9": 5.2,
      "4": 4.6,
      "6": 4.2,
      "5": 3.0,
      "3": 5.0,
      "2": 7.6,
      "7": 7.0,
      "0": 8.6,
      "1": 8.0
    },
    "2": {
      "5": 2.4,
      "9": 4.2,
      "6": 4.0,
      "4": 2.6,
      "1": 3.4,
      "7": 4.8,
      "8": 7.6,
      "0": 8.6,
      "3": 8.2,
      "2": 9.2
    },
    "3": {
      "9": 3.4,
      "6": 1.6,
      "1": 2.2,
      "3": 4.6,
      "5": 4.2,
      "0": 6.0,
      "8": 6.0,
      "4": 8.0,
      "2": 9.6,
      "7": 9.4
    },
    "4": {
      "6": 1.2,
      "2": 3.4,
      "1": 3.0,
      "0": 5.2,
      "9": 5.2,
      "5": 4.0,
      "7": 7.2,
      "3": 8.4,
      "8": 9.0,
      "4": 8.4
    },
    "5": {
      "9": 3.0,
      "6": 3.6,
      "5": 2.2,
      "3": 2.0,
      "0": 4.8,
      "8": 7.4,
      "1": 7.4,
      "4": 6.8,
      "7": 8.2,
      "2": 9.6
    },
    "6": {
      "7": 2.0,
      "2": 3.2,
      "9": 4.0,
      "4": 4.2,
      "5": 8.2,
      "3": 5.0,
      "6": 6.0,
      "0": 7.6,
      "1": 9.6,
      "8": 5.2
    },
    "7": {
      "7": 1.8,
      "8": 2.2,
      "0": 2.0,
      "3": 6.8,
      "2": 7.0,
      "6": 6.4,
      "1": 6.6,
      "9": 9.6,
      "5": 5.0,
      "4": 7.6
    },
    "8": {
      "8": 2.4,
      "5": 2.2,
      "2": 2.0,
      "0": 6.2,
      "7": 6.4,
      "6": 6.2,
      "1": 7.8,
      "9": 8.4,
      "4": 4.4,
      "3": 9.0
    },
    "9": {
      "6": 1.8,
      "4": 5.6,
      "0": 3.6,
      "7": 2.8,
      "9": 6.4,
      "2": 7.2,
      "8": 4.2,
      "1": 6.0,
      "5": 7.4,
      "3": 10.0
    },
    "10": {
      "0": 1.6,
      "2": 1.8,
      "4": 5.8,
      "3": 6.0,
      "7": 4.6,
      "6": 5.6,
      "1": 7.0,
      "9": 5.4,
      "8": 7.2,
      "5": 10.0
    },
    "11": {
      "4": 1.8,
      "5": 2.0,
      "2": 3.2,
      "7": 4.0,
      "0": 5.8,
      "1": 8.0,
      "9": 6.4,
      "3": 6.6,
      "8": 9.8,
      "6": 7.4
    },
    "12": {
      "4": 1.6,
      "7": 5.0,
      "6": 6.0,
      "5": 3.8,
      "1": 5.0,
      "0": 3.2,
      "2": 5.0,
      "3": 7.4,
      "8": 8.4,
      "9": 9.6
    },
    "13": {
      "1": 2.8,
      "3": 1.6,
      "4": 1.8,
      "5": 4.8,
      "2": 5.6,
      "7": 6.8,
      "6": 6.4,
      "0": 7.0,
      "8": 9.2,
      "9": 9.0
    },
    "14": {
      "4": 2.6,
      "1": 5.2,
      "9": 2.8,
      "8": 6.6,
      "3": 5.2,
      "6": 4.6,
      "7": 4.6,
      "5": 7.6,
      "0": 6.0,
      "2": 9.8
    },
    "15": {
      "5": 1.2,
      "0": 4.0,
      "2": 6.2,
      "3": 5.0,
      "9": 4.0,
      "4": 6.6,
      "7": 7.6,
      "1": 6.4,
      "6": 4.0,
      "8": 10.0
    },
    "16": {
      "6": 4.4,
      "5": 2.6,
      "4": 2.4,
      "2": 5.6,
      "0": 3.8,
      "1": 4.0,
      "8": 6.8,
      "7": 8.0,
      "9": 7.4,
      "3": 10.0
    },
    "17": {
      "4": 4.2,
      "1": 2.8,
      "5": 5.6,
      "2": 6.2,
      "7": 2.8,
      "3": 4.0,
      "6": 7.6,
      "8": 7.8,
      "9": 5.8,
      "0": 8.2
    },
    "18": {
      "0": 4.0,
      "6": 4.6,
      "8": 2.6,
      "2": 2.2,
      "5": 3.4,
      "7": 7.2,
      "1": 7.4,
      "9": 7.6,
      "4": 8.0,
      "3": 8.0
    },
    "19": {
      "4": 1.8,
      "2": 3.0,
      "6": 5.2,
      "3": 2.8,
      "7": 5.6,
      "5": 7.0,
      "1": 5.6,
      "9": 7.2,
      "0": 7.2,
      "8": 9.6
    },
    "20": {
      "5": 1.4,
      "9": 2.0,
      "1": 2.8,
      "7": 3.8,
      "6": 6.4,
      "0": 6.0,
      "3": 6.0,
      "8": 7.6,
      "4": 9.0,
      "2": 10.0
    },
    "21": {
      "7": 2.2,
      "5": 2.8,
      "9": 4.8,
      "8": 5.6,
      "6": 6.2,
      "2": 5.0,
      "0": 3.0,
      "3": 7.0,
      "4": 9.2,
      "1": 9.2
    },
    "22": {
      "9": 1.2,
      "5": 1.8,
      "4": 3.8,
      "7": 4.0,
      "6": 5.8,
      "3": 6.8,
      "0": 6.4,
      "8": 7.0,
      "1": 8.2,
      "2": 10.0
    },
    "23": {
      "5": 2.8,
      "7": 3.2,
      "4": 4.2,
      "6": 7.8,
      "8": 5.0,
      "9": 4.4,
      "2": 7.0,
      "3": 6.4,
      "1": 6.0,
      "0": 8.2
    },
    "24": {
      "1": 3.0,
      "0": 2.6,
      "9": 4.2,
      "5": 5.6,
      "4": 5.0,
      "8": 3.0,
      "2": 7.6,
      "3": 6.6,
      "7": 7.6,
      "6": 9.8
    },
    "25": {
      "1": 1.6,
      "6": 1.6,
      "0": 3.6,
      "5": 3.2,
      "8": 5.4,
      "3": 6.8,
      "7": 8.2,
      "4": 8.0,
      "2": 9.4,
      "9": 7.2
    },
    "26": {
      "0": 2.8,
      "2": 2.0,
      "9": 2.0,
      "8": 4.4,
      "7": 5.0,
      "6": 6.0,
      "5": 7.8,
      "3": 8.6,
      "1": 6.4,
      "4": 10.0
    },
    "27": {
      "1": 2.8,
      "0": 3.8,
      "3": 4.0,
      "4": 5.0,
      "7": 6.0,
      "2": 4.8,
      "6": 4.2,
      "5": 5.4,
      "9": 9.2,
      "8": 9.8
    },
    "28": {
      "4": 3.0,
      "6": 3.2,
      "0": 2.4,
      "2": 3.6,
      "8": 4.8,
      "3": 7.6,
      "5": 6.8,
      "9": 4.8,
      "7": 9.0,
      "1": 9.8
    },
    "29": {
      "3": 1.0,
      "2": 2.6,
      "5": 2.8,
      "7": 4.0,
      "8": 4.6,
      "6": 6.2,
      "0": 7.4,
      "4": 8.6,
      "1": 8.2,
      "9": 9.6
    },
    "30": {
      "0": 1.0,
      "1": 2.2,
      "9": 3.6,
      "8": 4.0,
      "2": 4.6,
      "4": 6.4,
      "5": 6.2,
      "7": 8.2,
      "6": 9.2,
      "3": 9.6
    },
    "31": {
      "7": 1.8,
      "3": 2.2,
      "2": 4.2,
      "5": 3.0,
      "8": 4.4,
      "0": 7.6,
      "9": 5.6,
      "4": 8.0,
      "6": 8.2,
      "1": 10.0
    },
    "32": {
      "9": 3.4,
      "5": 5.6,
      "0": 3.2,
      "7": 4.6,
      "2": 4.4,
      "4": 2.8,
      "1": 4.6,
      "8": 8.4,
      "3": 8.0,
      "6": 10.0
    },
    "33": {
      "6": 2.4,
      "4": 1.8,
      "5": 2.6,
      "1": 6.6,
      "2": 3.4,
      "9": 6.8,
      "8": 7.0,
      "7": 8.2,
      "3": 7.2,
      "0": 9.0
    },
    "34": {
      "5": 1.4,
      "3": 2.0,
      "4": 2.6,
      "8": 5.0,
      "0": 6.8,
      "1": 6.0,
      "9": 5.8,
      "7": 8.4,
      "6": 7.0,
      "2": 10.0
    },
    "35": {
      "1": 1.0,
      "9": 4.2,
      "7": 2.6,
      "0": 4.2,
      "5": 5.8,
      "8": 3.8,
      "6": 8.2,
      "4": 8.2,
      "2": 8.4,
      "3": 8.6
    },
    "36": {
      "3": 1.2,
      "0": 1.8,
      "8": 4.6,
      "2": 4.2,
      "6": 4.0,
      "1": 6.8,
      "4": 5.6,
      "5": 8.6,
      "7": 9.0,
      "9": 9.2
    },
    "37": {
      "3": 1.4,
      "9": 3.8,
      "4": 3.0,