{
  "content_diversity": 0.6989282965660095,
  "classifier_auc": 0.6888427773343975,
  "ranking_stability": 0.5059587813620071,
  "feature_coefficients": {
    "word_count": 0.6457512176573601,
    "sentence_count": -0.0030296048230497516,
    "avg_sentence_length": -0.5847641304312584,
    "paragraph_count": -0.6015048407884703,
    "heading_density": 0.12810942169514847,
    "list_frequency": 0.038271824266457644,
    "readability": 0.4076369685919046,
    "bold_emphasis_density": 0.0938908149846704,
    "citation_density": -0.09627014903038665,
    "statistic_density": -0.07448339547674743,
    "quote_density": 0.010663625390400396,
    "named_source_mentions": -0.27950312886848083,
    "year_mentions": 0.05814706933943942,
    "claim_density": -0.0382752389703763,
    "external_reference_density": -0.09776053320316973,
    "question_density": -0.5410774517602023,
    "query_similarity": -0.018317820834232047,
    "corpus_centroid_similarity": 0.050983521445672336,
    "type_token_ratio": -0.11529352793430196,
    "vocabulary_sophistication": 0.11775757958511752,
    "sentiment_polarity": 0.023628819553105498,
    "avg_word_length": -0.011065288252726213,
    "semantic_uniqueness": -0.2646351146194383,
    "information_density": 0.12945519779501258,
    "specificity_score": 0.3700900055012527
  },
  "avg_ranks": {
    "0": {
      "7": 2.8,
      "0": 5.0,
      "1": 2.4,
      "6": 3.6,
      "5": 5.0,
      "2": 6.0,
      "9": 5.0,
      "4": 6.8,
      "3": 8.4,
      "8": 10.0
    },
    "1": {
      "8": 5.2,
      "5": 2.4,
      "4": 3.6,
      "9": 4.4,
      "6": 4.2,
      "0": 6.4,
      "2": 6.6,
      "3": 5.6,
      "1": 7.8,
      "7": 8.8
    },
    "2": {
      "4": 3.2,
      "1": 3.4,
      "6": 4.0,
      "9": 3.4,
      "7": 3.8,
      "5": 6.4,
      "8": 6.4,
      "3": 8.2,
      "0": 7.8,
      "2": 8.4
    },
    "3": {
      "6": 3.8,
      "1": 3.4,
      "9": 3.4,
      "8": 3.8,
      "0": 5.2,
      "5": 4.8,
      "3": 4.8,
      "4": 6.8,
      "7": 9.2,
      "2": 9.8
    },
    "4": {
      "6": 1.2,
      "1": 2.8,
      "4": 8.2,
      "7": 6.8,
      "9": 5.0,
      "2": 4.6,
      "0": 6.2,
      "3": 7.2,
      "8": 8.2,
      "5": 4.8
    },
    "5": {
      "3": 2.0,
      "5": 2.6,
      "9": 2.6,
      "6": 2.8,
      "4": 6.4,
      "1": 6.4,
      "2": 9.2,
      "0": 7.0,
      "8": 7.2,
      "7": 8.8
    },
    "6": {
      "4": 3.4,
      "3": 4.8,
      "2": 2.0,
      "8": 4.0,
      "9": 5.2,
      "5": 8.6,
      "7": 3.8,
      "0": 6.0,
      "6": 7.8,
      "1": 9.4
    },
    "7": {
      "7": 1.2,
      "8": 2.0,
      "0": 2.8,
      "5": 6.0,
      "2": 5.2,
      "3": 5.8,
      "6": 7.6,
      "1": 7.8,
      "4": 6.6,
      "9": 10.0
    },
    "8": {
      "4": 5.8,
      "5": 2.4,
      "8": 2.2,
      "2": 2.0,
      "7": 5.2,
      "0": 5.4,
      "6": 6.8,
      "9": 8.6,
      "3": 8.4,
      "1": 8.2
    },
    "9": {
      "4": 1.2,
      "9": 3.0,
      "6": 5.0,
      "0": 4.8,
      "8": 4.6,
      "7": 5.4,
      "2": 5.8,
      "5": 8.6,
      "1": 6.6,
      "3": 10.0
    },
    "10": {
      "5": 8.2,
      "6": 5.6,
      "4": 4.0,
      "7": 5.6,
      "3": 5.2,
      "2": 3.2,
      "0": 3.8,
      "8": 5.0,
      "9": 7.2,
      "1": 7.2
    },
    "11": {
      "5": 1.8,
      "4": 2.2,
      "9": 6.0,
      "2": 3.8,
      "7": 4.2,
      "3": 6.6,
      "0": 4.8,
      "8": 9.0,
      "1": 9.0,
      "6": 7.6
    },
    "12": {
      "4": 1.8,
      "5": 3.2,
      "0": 2.4,
      "2": 2.8,
      "1": 4.8,
      "7": 7.4,
      "6": 7.6,
      "9": 8.8,
      "3": 7.8,
      "8": 8.4
    },
    "13": {
      "3": 2.8,
      "4": 1.8,
      "5": 3.6,
      "1": 2.8,
      "2": 4.6,
      "6": 6.4,
      "7": 6.2,
      "0": 8.2,
      "9": 9.2,
      "8": 9.4
    },
    "14": {
      "9": 5.2,
      "8": 5.8,
      "7": 3.8,
      "0": 4.0,
      "6": 6.2,
      "1": 5.4,
      "5": 5.8,
      "4": 4.0,
      "3": 4.8,
      "2": 10.0
    },
    "15": {
      "5": 1.6,
      "4": 6.0,
      "3": 3.8,
      "9": 3.4,
      "0": 4.4,
      "6": 3.8,
      "2": 6.0,
      "7": 8.2,
      "1": 8.0,
      "8": 9.8
    },
    "16": {
      "5": 2.0,
      "0": 4.2,
      "4": 3.6,
      "6": 4.6,
      "7": 6.6,
      "1": 6.0,
      "2": 5.6,
      "8": 6.2,
      "9": 6.2,
      "3": 10.0
    },
    "17": {
      "3": 5.2,
      "7": 2.8,
      "5": 3.4,
      "9": 4.2,
      "2": 4.8,
      "8": 5.6,
      "1": 4.0,
      "4": 6.8,
      "6": 8.6,
      "0": 9.6
    },
    "18": {
      "1": 5.4,
      "0": 5.0,
      "8": 2.2,
      "5": 3.4,
      "3": 7.0,
      "9": 5.8,
      "7": 7.8,
      "6": 7.0,
      "2": 3.2,
      "4": 8.2
    },
    "19": {
      "3": 2.0,
      "4": 1.4,
      "2": 3.0,
      "5": 5.8,
      "1": 6.2,
      "6": 6.0,
      "0": 5.4,
      "7": 6.6,
      "9": 9.2,
      "8": 9.4
    },
    "20": {
      "9": 1.0,
      "5": 2.0,
      "7": 3.8,
      "1": 3.2,
      "3": 6.2,
      "8": 7.6,
      "0": 6.4,
      "6": 6.2,
      "4": 8.6,
      "2": 10.0
    },
    "21": {
      "5": 2.8,
      "8": 4.2,
      "7": 2.4,
      "9": 5.8,
      "0": 3.0,
      "2": 4.2,
      "1": 7.6,
      "3": 6.2,
      "6": 9.4,
      "4": 9.4
    },
    "22": {
      "9": 1.0,
      "7": 4.4,
      "6": 4.4,
      "8": 5.6,
      "4": 4.0,
      "0": 6.6,
      "1": 7.8,
      "3": 7.6,
      "5": 3.6,
      "2": 10.0
    },
    "23": {
      "7": 1.0,
      "5": 2.2,
      "4": 2.8,
      "3": 7.0,
      "1": 8.2,
      "0": 8.0,
      "2": 7.6,
      "9": 5.2,
      "8": 5.8,
      "6": 7.2
    },
    "24": {
      "4": 3.2,
      "8": 2.6,
      "0": 2.4,
      "9": 4.8,
      "5": 5.6,
      "1": 3.4,
      "2": 7.6,
      "3": 6.4,
      "6": 9.0,
      "7": 10.0
    },
    "25": {
      "1": 2.4,
      "6": 1.8,
      "0": 3.0,
      "5": 2.8,
      "9": 6.0,
      "8": 5.8,
      "7": 8.2,
      "4": 8.0,
      "2": 9.6,
      "3": 7.4
    },
    "26": {
      "2": 2.2,
      "9": 2.4,
      "7": 5.0,
      "1": 5.0,
      "8": 4.8,
      "0": 2.6,
      "6": 6.0,
      "3": 8.6,
      "5": 8.6,
      "4": 9.8
    },
    "27": {
      "5": 4.4,
      "2": 4.8,
      "6": 5.2,
      "1": 2.4,
      "0": 3.0,
      "3": 4.6,
      "4": 4.8,
      "7": 7.2,
      "9": 9.0,
      "8": 9.6
    },
    "28": {
      "0": 3.0,
      "8": 3.8,
      "2": 3.0,
      "6": 2.4,
      "4": 3.0,
      "5": 5.8,
      "3": 7.4,
      "9": 7.8,
      "7": 9.0,
      "1": 9.8
    },
    "29": {
      "2": 2.8,
      "3": 1.2,
      "5": 2.6,
      "7": 3.6,
      "4": 7.8,
      "6": 6.4,
      "0": 8.0,
      "8": 5.4,
      "9": 8.0,
      "1": 9.2
    },
    "30": {
      "0": 1.2,
      "1": 3.4,
      "8": 4.6,
      "2": 5.2,
      "9": 4.8,
      "4": 5.0,
      "5": 4.6,
      "3": 9.0,
      "6": 8.8,
      "7": 8.4
    },
    "31": {
      "3": 1.4,
      "7": 1.8,
      "5": 3.4,
      "8": 4.6,
      "9": 5.8,
      "2": 4.8,
      "6": 7.4,
      "0": 8.2,
      "1": 9.8,
      "4": 7.8
    },
    "32": {
      "4": 3.0,
      "3": 7.0,
      "7": 2.8,
      "1": 3.0,
      "0": 4.4,
      "2": 3.6,
      "9": 6.6,
      "5": 6.2,
      "8": 8.4,
      "6": 10.0
    },
    "33": {
      "5": 2.4,
      "2": 2.2,
      "6": 3.2,
      "4": 2.2,
      "1": 5.8,
      "3": 7.6,
      "9": 6.6,
      "7": 7.4,
      "0": 9.4,
      "8": 8.2
    },
    "34": {
      "4": 1.8,
      "5": 1.6,
      "3": 2.6,
      "8": 4.0,
      "1": 5.6,
      "0": 6.0,
      "9": 6.8,
      "6": 8.0,
      "2": 9.6,
      "7": 9.0
    },
    "35": {
      "1": 1.8,
      "7": 1.6,
      "9": 4.0,
      "5": 5.0,
      "0": 5.0,
      "8": 3.6,
      "3": 8.2,
      "4": 8.6,
      "6": 7.4,
      "2": 9.8
    },
    "36": {
      "0": 2.0,
      "3": 2.2,
      "2": 5.0,
      "4": 4.2,
      "8": 4.4,
      "6": 4.2,
      "1": 6.0,
      "9": 8.2,
      "5": 9.0,
      "7": 9.8
    },
    "37": {
      "9": 2.8,
      "4": 2.8,
      "1": 3.6,
      "7": 3.2,