{
  "content_diversity": 0.6970857381820679,
  "classifier_auc": 0.7041684545426004,
  "ranking_stability": 0.5457730746619635,
  "feature_coefficients": {
    "word_count": 0.6527107792715111,
    "sentence_count": 0.13004778732209032,
    "avg_sentence_length": -0.010786769327995013,
    "paragraph_count": -0.47376733925907755,
    "heading_density": 0.21382151893068735,
    "list_frequency": 0.10955976360745645,
    "readability": -0.006110919768771866,
    "bold_emphasis_density": -0.0727589460205167,
    "citation_density": 0.0061903474830491,
    "statistic_density": -0.12879587418904573,
    "quote_density": -0.14943451361363444,
    "named_source_mentions": -0.0007986545841965724,
    "year_mentions": 0.0773961536967565,
    "claim_density": -0.008571428036097941,
    "external_reference_density": -0.09631065745235488,
    "question_density": -0.08575971374644772,
    "query_similarity": 0.06333897489785768,
    "corpus_centroid_similarity": 0.03584340830383718,
    "type_token_ratio": -0.08059606762419388,
    "vocabulary_sophistication": -0.03249818895368334,
    "sentiment_polarity": -0.14013446063814622,
    "avg_word_length": 0.027660546235067345,
    "semantic_uniqueness": -0.2102101649008866,
    "information_density": -0.05971215492930267,
    "specificity_score": 0.23551564550572135
  },
  "avg_ranks": {
    "0": {
      "4": 7.0,
      "1": 2.4,
      "5": 3.6,
      "2": 2.6,
      "7": 5.2,
      "0": 6.2,
      "9": 4.6,
      "6": 4.8,
      "3": 8.6,
      "8": 10.0
    },
    "1": {
      "5": 3.4,
      "4": 3.8,
      "6": 3.6,
      "2": 7.4,
      "9": 4.0,
      "3": 5.4,
      "7": 8.0,
      "0": 7.4,
      "1": 7.2,
      "8": 4.8
    },
    "2": {
      "1": 3.8,
      "9": 2.0,
      "6": 2.2,
      "4": 4.2,
      "5": 5.4,
      "7": 4.0,
      "3": 6.6,
      "8": 7.8,
      "2": 9.6,
      "0": 9.4
    },
    "3": {
      "3": 3.6,
      "1": 1.6,
      "6": 2.8,
      "9": 5.2,
      "5": 4.0,
      "0": 4.6,
      "4": 7.8,
      "8": 6.4,
      "2": 9.2,
      "7": 9.8
    },
    "4": {
      "6": 1.0,
      "1": 2.2,
      "0": 4.6,
      "2": 3.2,
      "9": 4.6,
      "5": 6.4,
      "7": 7.6,
      "8": 8.8,
      "3": 8.0,
      "4": 8.6
    },
    "5": {
      "9": 2.4,
      "6": 2.2,
      "5": 2.4,
      "3": 3.0,
      "0": 5.8,
      "1": 6.8,
      "8": 6.2,
      "7": 9.4,
      "4": 7.4,
      "2": 9.4
    },
    "6": {
      "7": 2.5,
      "2": 2.25,
      "6": 5.0,
      "0": 6.5,
      "8": 5.0,
      "3": 4.0,
      "4": 5.5,
      "9": 5.5,
      "1": 8.75,
      "5": 10.0
    },
    "7": {
      "7": 1.0,
      "8": 2.0,
      "0": 3.0,
      "4": 5.8,
      "3": 5.4,
      "2": 6.0,
      "1": 7.0,
      "6": 6.0,
      "5": 9.2,
      "9": 9.6
    },
    "8": {
      "8": 2.2,
      "5": 2.4,
      "2": 2.0,
      "4": 5.8,
      "6": 6.6,
      "0": 5.4,
      "7": 6.0,
      "1": 8.4,
      "9": 7.6,
      "3": 8.6
    },
    "9": {
      "6": 2.0,
      "0": 4.0,
      "8": 5.0,
      "7": 4.75,
      "4": 2.5,
      "5": 7.75,
      "1": 7.5,
      "9": 5.0,
      "2": 6.5,
      "3": 10.0
    },
    "10": {
      "2": 2.0,
      "0": 1.4,
      "6": 5.0,
      "3": 5.2,
      "4": 4.8,
      "7": 5.4,
      "9": 8.6,
      "1": 8.0,
      "8": 4.6,
      "5": 10.0
    },
    "11": {
      "6": 6.25,
      "5": 2.5,
      "2": 3.0,
      "7": 4.25,
      "4": 2.5,
      "9": 7.5,
      "3": 5.5,
      "0": 5.25,
      "1": 9.0,
      "8": 9.25
    },
    "12": {
      "4": 2.0,
      "0": 3.25,
      "2": 3.75,
      "5": 4.5,
      "1": 4.5,
      "7": 5.5,
      "6": 6.5,
      "3": 6.75,
      "8": 8.75,
      "9": 9.5
    },
    "13": {
      "3": 2.0,
      "1": 1.75,
      "4": 2.5,
      "5": 4.75,
      "2": 4.75,
      "7": 5.75,
      "6": 7.0,
      "0": 9.5,
      "9": 8.25,
      "8": 8.75
    },
    "14": {
      "7": 3.2,
      "9": 3.6,
      "0": 4.0,
      "8": 5.6,
      "1": 6.4,
      "5": 5.4,
      "6": 3.4,
      "4": 7.0,
      "3": 6.4,
      "2": 10.0
    },
    "15": {
      "5": 1.2,
      "6": 3.4,
      "9": 4.2,
      "3": 5.6,
      "0": 4.8,
      "1": 6.8,
      "2": 5.4,
      "4": 6.8,
      "7": 7.0,
      "8": 9.8
    },
    "16": {
      "5": 3.0,
      "0": 3.2,
      "6": 3.4,
      "2": 4.2,
      "4": 3.0,
      "8": 7.4,
      "9": 6.6,
      "1": 6.2,
      "7": 8.0,
      "3": 10.0
    },
    "17": {
      "3": 4.8,
      "7": 2.8,
      "1": 2.4,
      "5": 4.0,
      "2": 6.2,
      "9": 5.8,
      "8": 6.0,
      "4": 6.0,
      "6": 8.6,
      "0": 8.4
    },
    "18": {
      "2": 1.4,
      "8": 2.2,
      "1": 7.0,
      "5": 3.6,
      "0": 4.6,
      "6": 4.8,
      "7": 7.2,
      "3": 7.4,
      "9": 7.2,
      "4": 9.6
    },
    "19": {
      "2": 2.2,
      "5": 5.2,
      "1": 5.6,
      "3": 3.4,
      "7": 5.0,
      "4": 2.0,
      "6": 6.2,
      "9": 9.6,
      "0": 6.6,
      "8": 9.2
    },
    "20": {
      "5": 1.75,
      "9": 2.25,
      "7": 2.5,
      "1": 3.5,
      "3": 6.75,
      "6": 5.5,
      "0": 6.0,
      "8": 7.75,
      "4": 9.0,
      "2": 10.0
    },
    "21": {
      "0": 4.75,
      "3": 5.5,
      "2": 6.25,
      "6": 8.25,
      "7": 3.0,
      "5": 3.25,
      "9": 4.0,
      "4": 8.25,
      "8": 5.0,
      "1": 6.75
    },
    "22": {
      "9": 1.2,
      "5": 2.4,
      "7": 3.6,
      "4": 3.2,
      "6": 4.8,
      "8": 6.2,
      "3": 8.0,
      "0": 7.4,
      "1": 8.6,
      "2": 9.6
    },
    "23": {
      "7": 1.4,
      "9": 5.2,
      "4": 3.0,
      "2": 5.0,
      "0": 6.6,
      "6": 8.8,
      "8": 5.8,
      "1": 8.4,
      "3": 7.6,
      "5": 3.2
    },
    "24": {
      "8": 4.6,
      "9": 2.8,
      "5": 4.0,
      "0": 2.2,
      "1": 4.2,
      "4": 5.2,
      "3": 7.0,
      "2": 7.6,
      "7": 9.4,
      "6": 8.0
    },
    "25": {
      "1": 1.4,
      "6": 2.0,
      "0": 3.8,
      "5": 2.8,
      "3": 7.4,
      "4": 6.8,
      "7": 7.0,
      "2": 8.0,
      "8": 6.8,
      "9": 9.0
    },
    "26": {
      "0": 2.6,
      "9": 1.6,
      "2": 2.2,
      "6": 6.6,
      "1": 6.2,
      "8": 4.4,
      "7": 5.8,
      "5": 8.0,
      "3": 7.6,
      "4": 10.0
    },
    "27": {
      "3": 3.0,
      "1": 2.6,
      "5": 3.6,
      "2": 3.4,
      "6": 5.0,
      "0": 4.6,
      "4": 5.8,
      "7": 8.4,
      "9": 8.8,
      "8": 9.8
    },
    "28": {
      "9": 6.6,
      "0": 2.8,
      "2": 3.6,
      "6": 1.8,
      "4": 3.0,
      "5": 6.8,
      "8": 5.0,
      "3": 7.2,
      "1": 9.6,
      "7": 8.6
    },
    "29": {
      "3": 2.6,
      "5": 2.0,
      "8": 4.0,
      "7": 3.0,
      "2": 4.4,
      "6": 6.4,
      "4": 5.8,
      "9": 9.4,
      "0": 8.0,
      "1": 9.4
    },
    "30": {
      "0": 1.0,
      "8": 4.2,
      "2": 4.2,
      "1": 3.0,
      "9": 4.2,
      "5": 5.6,
      "4": 5.8,
      "7": 8.8,
      "6": 8.6,
      "3": 9.6
    },
    "31": {
      "7": 2.4,
      "3": 1.4,
      "5": 2.6,
      "2": 4.0,
      "8": 4.8,
      "9": 6.2,
      "4": 8.0,
      "0": 7.8,
      "6": 7.8,
      "1": 10.0
    },
    "32": {
      "4": 2.4,
      "1": 2.2,
      "9": 5.6,
      "7": 4.4,
      "0": 3.8,
      "2": 4.4,
      "3": 8.2,
      "8": 8.2,
      "5": 5.8,
      "6": 10.0
    },
    "33": {
      "4": 2.2,
      "5": 3.0,
      "6": 2.8,
      "2": 2.2,
      "9": 6.8,
      "3": 7.2,
      "7": 8.8,
      "8": 7.0,
      "1": 5.6,
      "0": 9.4
    },
    "34": {
      "4": 2.2,
      "3": 2.0,
      "5": 1.8,
      "8": 4.0,
      "1": 6.0,
      "0": 6.6,
      "6": 7.2,
      "9": 6.4,
      "2": 9.4,
      "7": 9.4
    },
    "35": {
      "1": 1.8,
      "5": 4.8,
      "7": 2.8,
      "8": 2.4,
      "0": 5.6,
      "9": 4.0,
      "6": 7.4,
      "3": 9.0,
      "2": 8.4,
      "4": 8.8
    },
    "36": {
      "3": 1.0,
      "0": 2.6,
      "8": 3.4,
      "2": 4.2,
      "4": 5.8,
      "6": 5.4,
      "1": 5.6,
      "7": 8.6,
      "9": 8.6,
      "5": 9.8
    },
    "37": {
      "9": 3.6,
      "4": 1.6,