{
  "content_diversity": 0.7065590620040894,
  "classifier_auc": 0.6765877238318184,
  "ranking_stability": 0.5125509959203264,
  "feature_coefficients": {
    "word_count": 0.5761135808660562,
    "sentence_count": -0.04838603023686556,
    "avg_sentence_length": 0.1571401105629561,
    "paragraph_count": -0.26609055524188385,
    "heading_density": 0.23041038456273596,
    "list_frequency": 0.34532840116618774,
    "readability": -0.1588090394742304,
    "bold_emphasis_density": -0.14332888166859403,
    "citation_density": -0.1289379482097627,
    "statistic_density": -0.08996096786953219,
    "quote_density": -0.13686879976703653,
    "named_source_mentions": -0.037009822522223304,
    "year_mentions": -0.06373220161060028,
    "claim_density": -0.0010708824230942105,
    "external_reference_density": -0.11111073256286622,
    "question_density": -0.16484805081914922,
    "query_similarity": 0.09261691931049183,
    "corpus_centroid_similarity": 0.15396171923791882,
    "type_token_ratio": -0.09389232500808617,
    "vocabulary_sophistication": 0.027180759388978445,
    "sentiment_polarity": 0.07006031005027077,
    "avg_word_length": 0.20886188197359434,
    "semantic_uniqueness": -0.20273462011934584,
    "information_density": 0.10867065741195012,
    "specificity_score": 0.3512876426259531
  },
  "avg_ranks": {
    "0": {
      "4": 4.8,
      "7": 3.4,
      "6": 4.8,
      "5": 5.2,
      "0": 2.4,
      "2": 4.0,
      "9": 5.6,
      "1": 5.8,
      "3": 9.0,
      "8": 10.0
    },
    "1": {
      "1": 7.6,
      "5": 3.4,
      "4": 4.0,
      "8": 2.6,
      "6": 3.6,
      "3": 5.0,
      "9": 4.4,
      "0": 9.0,
      "7": 7.4,
      "2": 8.0
    },
    "2": {
      "7": 2.0,
      "4": 3.0,
      "0": 7.333333333333333,
      "1": 4.333333333333333,
      "9": 2.6666666666666665,
      "6": 4.0,
      "5": 7.0,
      "8": 6.666666666666667,
      "3": 8.333333333333334,
      "2": 9.666666666666666
    },
    "3": {
      "5": 2.8,
      "0": 3.4,
      "1": 2.4,
      "6": 2.8,
      "9": 5.6,
      "3": 4.8,
      "8": 6.6,
      "4": 7.6,
      "7": 9.2,
      "2": 9.8
    },
    "4": {
      "1": 1.5,
      "6": 1.5,
      "5": 5.25,
      "2": 4.25,
      "9": 5.0,
      "0": 5.25,
      "7": 6.5,
      "3": 7.5,
      "4": 8.5,
      "8": 9.75
    },
    "5": {
      "3": 1.6,
      "5": 2.2,
      "9": 2.8,
      "6": 3.8,
      "0": 5.0,
      "8": 6.8,
      "1": 7.2,
      "4": 7.2,
      "2": 9.2,
      "7": 9.2
    },
    "6": {
      "7": 1.0,
      "2": 2.4,
      "6": 5.0,
      "9": 5.2,
      "3": 5.6,
      "8": 5.8,
      "0": 5.8,
      "4": 5.6,
      "1": 9.2,
      "5": 9.4
    },
    "7": {
      "8": 1.4,
      "7": 1.8,
      "0": 2.8,
      "5": 6.8,
      "4": 7.2,
      "1": 5.0,
      "2": 7.6,
      "3": 6.4,
      "6": 6.0,
      "9": 10.0
    },
    "8": {
      "4": 4.0,
      "2": 2.2,
      "5": 3.0,
      "8": 2.0,
      "7": 5.2,
      "0": 5.8,
      "6": 6.6,
      "3": 9.2,
      "1": 8.4,
      "9": 8.6
    },
    "9": {
      "6": 3.0,
      "8": 3.6,
      "0": 3.8,
      "7": 3.2,
      "1": 6.2,
      "2": 6.4,
      "4": 6.4,
      "9": 5.6,
      "5": 7.2,
      "3": 9.6
    },
    "10": {
      "5": 6.4,
      "0": 3.6,
      "2": 5.0,
      "7": 3.4,
      "6": 5.2,
      "4": 4.6,
      "3": 4.6,
      "9": 7.0,
      "1": 7.0,
      "8": 8.2
    },
    "11": {
      "4": 1.8,
      "5": 2.0,
      "2": 2.4,
      "7": 3.8,
      "3": 6.4,
      "9": 7.0,
      "0": 5.8,
      "8": 8.4,
      "1": 8.2,
      "6": 9.2
    },
    "12": {
      "2": 1.6,
      "0": 2.6,
      "4": 3.4,
      "7": 6.0,
      "6": 6.6,
      "9": 8.4,
      "5": 5.6,
      "1": 6.2,
      "3": 6.4,
      "8": 8.2
    },
    "13": {
      "4": 2.2,
      "3": 1.6,
      "1": 2.6,
      "2": 5.0,
      "5": 4.4,
      "7": 5.8,
      "6": 6.4,
      "0": 8.6,
      "8": 9.4,
      "9": 9.0
    },
    "14": {
      "5": 3.8,
      "1": 3.0,
      "3": 3.4,
      "7": 4.4,
      "9": 4.6,
      "6": 6.6,
      "0": 6.0,
      "4": 5.2,
      "8": 8.2,
      "2": 9.8
    },
    "15": {
      "5": 1.0,
      "0": 3.2,
      "6": 3.8,
      "9": 4.0,
      "3": 5.4,
      "1": 6.8,
      "2": 6.4,
      "7": 7.6,
      "8": 9.4,
      "4": 7.4
    },
    "16": {
      "0": 1.0,
      "5": 3.0,
      "4": 3.8,
      "8": 5.8,
      "9": 5.4,
      "1": 5.4,
      "2": 6.0,
      "6": 5.8,
      "7": 9.0,
      "3": 9.8
    },
    "17": {
      "1": 1.25,
      "9": 3.5,
      "6": 4.75,
      "4": 4.25,
      "2": 4.5,
      "5": 5.5,
      "3": 7.5,
      "7": 9.0,
      "8": 5.25,
      "0": 9.5
    },
    "18": {
      "2": 2.0,
      "8": 3.2,
      "5": 3.4,
      "6": 4.0,
      "7": 7.8,
      "0": 3.6,
      "1": 8.0,
      "9": 8.0,
      "3": 8.2,
      "4": 6.8
    },
    "19": {
      "3": 1.6,
      "2": 3.6,
      "5": 4.2,
      "7": 5.2,
      "4": 2.4,
      "9": 9.2,
      "0": 6.4,
      "1": 6.4,
      "6": 6.8,
      "8": 9.2
    },
    "20": {
      "1": 2.0,
      "5": 1.8,
      "9": 2.2,
      "7": 4.0,
      "0": 5.6,
      "6": 6.0,
      "8": 6.8,
      "3": 7.8,
      "4": 8.8,
      "2": 10.0
    },
    "21": {
      "0": 4.0,
      "5": 1.2,
      "8": 3.2,
      "9": 4.6,
      "7": 3.2,
      "3": 6.0,
      "2": 6.8,
      "6": 7.4,
      "4": 9.4,
      "1": 9.2
    },
    "22": {
      "9": 1.0,
      "4": 2.5,
      "0": 7.25,
      "6": 5.5,
      "7": 3.25,
      "1": 6.5,
      "5": 5.5,
      "8": 5.25,
      "3": 9.25,
      "2": 9.0
    },
    "23": {
      "7": 1.4,
      "5": 1.6,
      "4": 3.0,
      "0": 7.2,
      "1": 8.0,
      "3": 7.0,
      "2": 8.6,
      "8": 5.8,
      "9": 5.2,
      "6": 7.2
    },
    "24": {
      "0": 2.0,
      "9": 4.0,
      "5": 6.4,
      "8": 2.2,
      "1": 3.6,
      "4": 5.6,
      "2": 6.6,
      "7": 8.4,
      "3": 7.0,
      "6": 9.2
    },
    "25": {
      "6": 2.0,
      "0": 3.0,
      "5": 2.8,
      "1": 2.2,
      "4": 6.4,
      "7": 7.4,
      "2": 7.4,
      "3": 8.0,
      "8": 7.6,
      "9": 8.2
    },
    "26": {
      "2": 2.6,
      "9": 1.8,
      "0": 1.8,
      "7": 4.6,
      "6": 5.6,
      "5": 7.4,
      "8": 5.8,
      "1": 7.6,
      "4": 9.4,
      "3": 8.4
    },
    "27": {
      "2": 3.75,
      "6": 4.75,
      "5": 5.0,
      "1": 2.5,
      "3": 3.75,
      "0": 4.5,
      "4": 5.25,
      "7": 6.5,
      "8": 9.5,
      "9": 9.5
    },
    "28": {
      "4": 2.0,
      "0": 3.0,
      "2": 2.8,
      "8": 5.0,
      "6": 2.6,
      "3": 7.2,
      "5": 5.8,
      "7": 9.0,
      "9": 8.0,
      "1": 9.6
    },
    "29": {
      "3": 1.8,
      "2": 3.0,
      "5": 2.8,
      "7": 3.0,
      "8": 4.4,
      "4": 7.4,
      "6": 7.2,
      "0": 7.8,
      "9": 8.4,
      "1": 9.2
    },
    "30": {
      "0": 3.0,
      "8": 4.4,
      "9": 4.4,
      "1": 3.8,
      "2": 4.6,
      "5": 3.8,
      "4": 4.0,
      "7": 8.4,
      "6": 9.0,
      "3": 9.6
    },
    "31": {
      "3": 1.2,
      "5": 3.2,
      "7": 2.0,
      "2": 5.0,
      "9": 6.0,
      "8": 4.4,
      "6": 7.4,
      "4": 7.6,
      "0": 8.2,
      "1": 10.0
    },
    "32": {
      "2": 5.2,
      "7": 4.0,
      "0": 2.4,
      "1": 3.4,
      "5": 6.6,
      "9": 4.0,
      "4": 3.2,
      "8": 8.8,
      "3": 7.6,
      "6": 9.8
    },
    "33": {
      "5": 1.8,
      "4": 2.0,
      "6": 3.2,
      "2": 4.6,
      "3": 6.2,
      "7": 7.0,
      "9": 6.8,
      "0": 9.2,
      "8": 8.4,
      "1": 5.8
    },
    "34": {
      "8": 3.2,
      "5": 1.4,
      "3": 2.6,
      "4": 3.0,
      "1": 6.2,
      "9": 5.4,
      "0": 6.8,
      "7": 9.4,
      "6": 7.6,
      "2": 9.4
    },
    "35": {
      "1": 1.0,
      "7": 2.0,
      "9": 4.2,
      "8": 4.6,
      "0": 4.4,
      "5": 5.2,
      "4": 8.0,
      "6": 9.0,
      "3": 7.6,
      "2": 9.0
    },
    "36": {
      "0": 2.2,
      "3": 1.2,
      "8": 4.4,
      "6": 4.8,
      "4": 5.8,
      "2": 4.6,
      "1": 5.0,
      "9": 8.6,
      "7": 9.2,