{
  "content_diversity": 0.7014821171760559,
  "classifier_auc": 0.6956464278240949,
  "ranking_stability": 0.5211555555555555,
  "feature_coefficients": {
    "word_count": 0.5298209344839384,
    "sentence_count": 0.11273807984033611,
    "avg_sentence_length": -0.09310801032666907,
    "paragraph_count": -0.4651274169323861,
    "heading_density": 0.22972534789534052,
    "list_frequency": 0.39283770395356543,
    "readability": 0.19325004524394032,
    "bold_emphasis_density": -0.3684716543870844,
    "citation_density": -0.09336523666614994,
    "statistic_density": -0.005976406426885914,
    "quote_density": -0.08829516977420986,
    "named_source_mentions": -0.2639666864359255,
    "year_mentions": 0.07790899055013324,
    "claim_density": -0.10731265405359375,
    "external_reference_density": -0.10027940082512905,
    "question_density": -0.4073743385010064,
    "query_similarity": -0.09109853179584587,
    "corpus_centroid_similarity": 0.11372385253395893,
    "type_token_ratio": -0.2310030084073954,
    "vocabulary_sophistication": 0.011232326250118153,
    "sentiment_polarity": 0.04253590850072992,
    "avg_word_length": 0.15403378270922727,
    "semantic_uniqueness": -0.1787064245233644,
    "information_density": -0.1113292911566626,
    "specificity_score": 0.2892346236178454
  },
  "avg_ranks": {
    "0": {
      "0": 2.4,
      "7": 3.8,
      "5": 2.6,
      "1": 3.6,
      "2": 3.8,
      "4": 7.8,
      "6": 6.2,
      "9": 6.0,
      "3": 8.8,
      "8": 10.0
    },
    "1": {
      "4": 1.4,
      "8": 2.4,
      "9": 3.8,
      "6": 5.2,
      "3": 5.8,
      "5": 3.6,
      "7": 8.2,
      "0": 9.4,
      "2": 6.8,
      "1": 8.4
    },
    "2": {
      "1": 2.6,
      "9": 1.4,
      "6": 2.4,
      "4": 4.0,
      "5": 5.6,
      "7": 5.6,
      "8": 8.0,
      "3": 8.4,
      "2": 9.6,
      "0": 7.4
    },
    "3": {
      "2": 8.0,
      "7": 7.8,
      "3": 4.6,
      "6": 3.2,
      "1": 3.0,
      "9": 5.2,
      "8": 6.0,
      "5": 3.8,
      "0": 7.0,
      "4": 6.4
    },
    "4": {
      "6": 1.2,
      "1": 1.8,
      "5": 4.6,
      "3": 5.4,
      "2": 4.0,
      "9": 5.4,
      "0": 6.6,
      "7": 7.4,
      "8": 9.0,
      "4": 9.6
    },
    "5": {
      "6": 2.4,
      "9": 3.0,
      "3": 3.2,
      "5": 2.2,
      "0": 4.6,
      "8": 7.2,
      "1": 6.6,
      "4": 7.6,
      "7": 8.8,
      "2": 9.4
    },
    "6": {
      "2": 1.6,
      "7": 2.4,
      "6": 6.2,
      "4": 3.8,
      "8": 6.6,
      "9": 4.2,
      "0": 7.0,
      "3": 5.2,
      "1": 8.8,
      "5": 9.2
    },
    "7": {
      "0": 2.2,
      "8": 1.8,
      "7": 2.0,
      "6": 6.0,
      "3": 6.6,
      "2": 7.2,
      "1": 6.2,
      "5": 6.6,
      "4": 6.4,
      "9": 10.0
    },
    "8": {
      "4": 5.6,
      "2": 2.0,
      "5": 2.4,
      "8": 2.2,
      "6": 5.8,
      "0": 5.8,
      "7": 5.2,
      "1": 7.6,
      "9": 8.8,
      "3": 9.6
    },
    "9": {
      "6": 2.0,
      "8": 3.2,
      "5": 4.8,
      "0": 2.6,
      "7": 5.4,
      "1": 6.6,
      "9": 5.2,
      "2": 8.0,
      "3": 9.4,
      "4": 7.8
    },
    "10": {
      "7": 4.4,
      "0": 1.8,
      "2": 2.0,
      "3": 5.0,
      "4": 4.4,
      "6": 6.6,
      "9": 8.2,
      "1": 7.6,
      "8": 5.0,
      "5": 10.0
    },
    "11": {
      "6": 5.8,
      "4": 1.8,
      "5": 3.2,
      "3": 6.0,
      "7": 4.0,
      "0": 5.0,
      "2": 4.4,
      "8": 9.0,
      "9": 6.8,
      "1": 9.0
    },
    "12": {
      "0": 3.6,
      "4": 2.4,
      "2": 2.2,
      "5": 4.6,
      "1": 5.2,
      "3": 7.6,
      "8": 8.6,
      "9": 7.8,
      "6": 6.8,
      "7": 6.2
    },
    "13": {
      "4": 1.6,
      "1": 2.8,
      "3": 2.0,
      "2": 5.8,
      "6": 6.0,
      "7": 5.6,
      "5": 4.4,
      "0": 7.8,
      "9": 9.4,
      "8": 9.6
    },
    "14": {
      "4": 5.4,
      "6": 4.2,
      "3": 4.0,
      "1": 3.0,
      "9": 4.4,
      "7": 5.0,
      "5": 6.2,
      "0": 5.2,
      "8": 7.6,
      "2": 10.0
    },
    "15": {
      "5": 1.6,
      "6": 3.2,
      "3": 4.4,
      "9": 4.2,
      "0": 3.2,
      "8": 7.8,
      "2": 8.2,
      "1": 8.2,
      "4": 6.8,
      "7": 7.4
    },
    "16": {
      "2": 5.0,
      "6": 4.6,
      "5": 1.6,
      "4": 3.4,
      "0": 3.2,
      "7": 5.6,
      "1": 6.6,
      "9": 8.0,
      "3": 9.8,
      "8": 7.2
    },
    "17": {
      "1": 1.6,
      "7": 2.4,
      "3": 4.4,
      "9": 4.2,
      "4": 3.8,
      "2": 5.8,
      "5": 7.6,
      "8": 6.8,
      "6": 9.0,
      "0": 9.4
    },
    "18": {
      "1": 6.4,
      "0": 4.2,
      "5": 3.0,
      "8": 2.8,
      "2": 2.6,
      "6": 6.2,
      "7": 7.4,
      "9": 8.2,
      "4": 7.2,
      "3": 7.0
    },
    "19": {
      "4": 2.8,
      "3": 2.4,
      "0": 6.2,
      "2": 6.0,
      "1": 4.8,
      "7": 3.8,
      "6": 4.8,
      "5": 5.2,
      "8": 9.2,
      "9": 9.8
    },
    "20": {
      "9": 2.4,
      "1": 2.0,
      "5": 1.6,
      "7": 4.0,
      "0": 5.8,
      "6": 5.6,
      "3": 7.6,
      "8": 7.0,
      "4": 9.0,
      "2": 10.0
    },
    "21": {
      "5": 1.8,
      "9": 4.2,
      "8": 4.4,
      "7": 3.2,
      "3": 5.2,
      "0": 4.4,
      "2": 6.4,
      "1": 9.4,
      "4": 7.8,
      "6": 8.2
    },
    "22": {
      "9": 1.8,
      "4": 2.4,
      "7": 4.4,
      "6": 4.8,
      "8": 6.6,
      "1": 7.2,
      "5": 3.2,
      "0": 6.2,
      "3": 8.6,
      "2": 9.8
    },
    "23": {
      "5": 1.6,
      "7": 1.4,
      "4": 3.0,
      "8": 5.6,
      "9": 5.4,
      "6": 7.2,
      "3": 6.8,
      "2": 7.8,
      "0": 7.0,
      "1": 9.2
    },
    "24": {
      "1": 2.6,
      "0": 1.8,
      "4": 4.4,
      "8": 4.8,
      "3": 6.4,
      "2": 7.2,
      "9": 4.8,
      "6": 9.0,
      "5": 4.2,
      "7": 9.8
    },
    "25": {
      "1": 1.6,
      "6": 2.0,
      "5": 2.6,
      "0": 3.8,
      "8": 6.4,
      "3": 6.4,
      "4": 7.6,
      "2": 9.0,
      "7": 8.6,
      "9": 7.0
    },
    "26": {
      "2": 2.4,
      "9": 2.0,
      "0": 2.6,
      "8": 4.2,
      "7": 4.8,
      "6": 6.6,
      "5": 7.6,
      "3": 8.2,
      "1": 6.6,
      "4": 10.0
    },
    "27": {
      "5": 4.0,
      "2": 3.4,
      "6": 4.6,
      "1": 2.4,
      "0": 3.4,
      "3": 4.8,
      "4": 5.6,
      "7": 7.8,
      "9": 9.0,
      "8": 10.0
    },
    "28": {
      "0": 2.4,
      "4": 2.2,
      "2": 2.8,
      "6": 3.4,
      "8": 4.4,
      "5": 6.2,
      "3": 6.8,
      "9": 8.2,
      "7": 8.6,
      "1": 10.0
    },
    "29": {
      "7": 2.8,
      "5": 2.8,
      "8": 4.0,
      "2": 3.4,
      "3": 2.0,
      "6": 6.4,
      "4": 7.2,
      "9": 8.6,
      "0": 8.4,
      "1": 9.4
    },
    "30": {
      "0": 1.0,
      "2": 3.0,
      "1": 3.6,
      "8": 4.6,
      "4": 5.2,
      "5": 5.8,
      "9": 4.8,
      "3": 9.6,
      "7": 8.4,
      "6": 9.0
    },
    "31": {
      "3": 2.4,
      "7": 2.0,
      "9": 4.2,
      "2": 4.0,
      "5": 4.0,
      "8": 4.4,
      "6": 7.6,
      "0": 7.4,
      "4": 9.0,
      "1": 10.0
    },
    "32": {
      "4": 3.4,
      "0": 3.6,
      "2": 4.0,
      "7": 3.2,
      "1": 5.4,
      "9": 3.6,
      "8": 7.8,
      "5": 5.2,
      "3": 8.8,
      "6": 10.0
    },
    "33": {
      "6": 2.8,
      "5": 2.2,
      "4": 2.4,
      "2": 2.6,
      "1": 6.4,
      "9": 6.4,
      "7": 8.2,
      "3": 6.6,
      "8": 8.2,
      "0": 9.2
    },
    "34": {
      "4": 1.4,
      "8": 4.4,
      "3": 3.0,
      "5": 2.4,
      "1": 5.8,
      "6": 6.8,
      "0": 6.4,
      "9": 5.8,
      "7": 9.4,
      "2": 9.6
    },
    "35": {
      "1": 1.6,
      "7": 1.8,
      "9": 4.0,
      "8": 4.4,
      "0": 5.2,
      "5": 4.0,
      "3": 7.6,
      "2": 9.0,
      "4": 8.4,
      "6": 9.0
    },
    "36": {
      "3": 1.6,
      "0": 2.0,
      "2": 4.0,
      "4": 3.6,
      "6": 5.8,
      "1": 6.4,
      "8": 4.6,
      "9": 8.0,
      "5": 9.0,
      "7": 10.0
    },
    "37": {
      "3": 3.4,
      "9": 3.4,
      "4": 2.8,
      "7": 2.2,