{
  "content_diversity": 0.6969248056411743,
  "classifier_auc": 0.7253319713993872,
  "ranking_stability": 0.510311111111111,
  "feature_coefficients": {
    "word_count": 0.7698240748039831,
    "sentence_count": -0.07096486156667367,
    "avg_sentence_length": -0.2168506817433031,
    "paragraph_count": -0.6827758943049766,
    "heading_density": 0.24920712923756894,
    "list_frequency": 0.07247398726917964,
    "readability": 0.11778054908735397,
    "bold_emphasis_density": 0.2919291764069745,
    "citation_density": -0.05429054315605127,
    "statistic_density": -0.01627088674483217,
    "quote_density": -0.04294407933289376,
    "named_source_mentions": 0.02510010964928857,
    "year_mentions": 0.06431887246941563,
    "claim_density": 0.0035991763864071185,
    "external_reference_density": -0.10941900825151761,
    "question_density": -0.08770493565625179,
    "query_similarity": 0.05747093046036447,
    "corpus_centroid_similarity": 0.09300173597231236,
    "type_token_ratio": -0.2538879741053301,
    "vocabulary_sophistication": -0.011061957260658213,
    "sentiment_polarity": -0.028440175259254293,
    "avg_word_length": -0.011315274538848117,
    "semantic_uniqueness": -0.10166717435764813,
    "information_density": 0.011349373219784518,
    "specificity_score": 0.06782106320387105
  },
  "avg_ranks": {
    "0": {
      "5": 4.0,
      "2": 3.6,
      "6": 5.2,
      "1": 3.6,
      "9": 4.6,
      "0": 5.2,
      "7": 3.4,
      "4": 6.4,
      "3": 9.0,
      "8": 10.0
    },
    "1": {
      "5": 2.2,
      "4": 2.4,
      "9": 4.2,
      "6": 5.2,
      "8": 3.0,
      "2": 6.8,
      "3": 5.8,
      "1": 7.2,
      "0": 9.4,
      "7": 8.8
    },
    "2": {
      "6": 2.2,
      "9": 2.8,
      "7": 3.8,
      "5": 5.0,
      "1": 3.4,
      "4": 4.8,
      "8": 6.6,
      "3": 7.4,
      "0": 9.6,
      "2": 9.4
    },
    "3": {
      "3": 4.0,
      "9": 4.0,
      "1": 3.2,
      "6": 3.0,
      "0": 4.2,
      "5": 4.2,
      "8": 7.0,
      "4": 6.6,
      "2": 9.0,
      "7": 9.8
    },
    "4": {
      "6": 1.0,
      "1": 2.0,
      "0": 5.0,
      "2": 4.0,
      "9": 4.4,
      "5": 7.6,
      "7": 7.4,
      "3": 7.2,
      "4": 8.0,
      "8": 8.4
    },
    "5": {
      "9": 2.6,
      "6": 2.8,
      "5": 1.8,
      "3": 2.8,
      "1": 7.8,
      "7": 8.2,
      "4": 7.4,
      "0": 5.6,
      "2": 8.8,
      "8": 7.2
    },
    "6": {
      "8": 4.6,
      "7": 2.2,
      "4": 6.6,
      "3": 5.0,
      "9": 3.6,
      "2": 3.0,
      "0": 6.8,
      "1": 8.2,
      "6": 5.8,
      "5": 9.2
    },
    "7": {
      "8": 1.4,
      "0": 2.8,
      "7": 1.8,
      "5": 7.2,
      "1": 5.2,
      "4": 6.8,
      "2": 6.6,
      "3": 6.8,
      "6": 6.4,
      "9": 10.0
    },
    "8": {
      "8": 2.0,
      "2": 1.8,
      "5": 2.2,
      "4": 6.4,
      "0": 5.6,
      "7": 5.4,
      "6": 7.2,
      "9": 8.8,
      "1": 8.0,
      "3": 7.6
    },
    "9": {
      "6": 2.8,
      "4": 3.6,
      "2": 4.2,
      "9": 4.8,
      "0": 4.4,
      "8": 7.0,
      "1": 7.8,
      "7": 4.8,
      "5": 5.6,
      "3": 10.0
    },
    "10": {
      "0": 2.6,
      "2": 4.2,
      "4": 4.8,
      "3": 4.6,
      "9": 6.0,
      "1": 7.8,
      "7": 5.0,
      "8": 7.0,
      "6": 5.8,
      "5": 7.2
    },
    "11": {
      "4": 2.6,
      "0": 5.4,
      "5": 3.2,
      "2": 5.0,
      "7": 3.6,
      "9": 6.2,
      "3": 6.4,
      "8": 9.4,
      "6": 4.0,
      "1": 9.2
    },
    "12": {
      "4": 1.2,
      "7": 4.6,
      "6": 5.2,
      "1": 4.8,
      "5": 5.4,
      "0": 4.8,
      "2": 3.2,
      "9": 8.4,
      "8": 8.8,
      "3": 8.6
    },
    "13": {
      "1": 3.2,
      "5": 2.4,
      "4": 3.2,
      "3": 2.0,
      "2": 4.8,
      "7": 6.4,
      "0": 7.8,
      "9": 9.2,
      "8": 9.4,
      "6": 6.6
    },
    "14": {
      "4": 4.6,
      "6": 4.0,
      "1": 4.2,
      "0": 3.6,
      "9": 4.8,
      "3": 4.6,
      "5": 6.2,
      "8": 7.2,
      "7": 5.8,
      "2": 10.0
    },
    "15": {
      "0": 2.4,
      "5": 1.8,
      "6": 4.0,
      "4": 5.6,
      "9": 4.6,
      "3": 6.4,
      "2": 6.8,
      "7": 6.4,
      "1": 7.0,
      "8": 10.0
    },
    "16": {
      "2": 4.4,
      "6": 4.6,
      "5": 2.8,
      "0": 3.2,
      "4": 3.6,
      "1": 4.6,
      "8": 7.0,
      "7": 8.4,
      "9": 6.4,
      "3": 10.0
    },
    "17": {
      "2": 5.4,
      "1": 2.2,
      "7": 4.0,
      "3": 5.2,
      "9": 4.6,
      "8": 6.2,
      "5": 3.4,
      "4": 5.8,
      "6": 8.4,
      "0": 9.8
    },
    "18": {
      "6": 5.0,
      "7": 6.6,
      "0": 4.0,
      "5": 3.6,
      "8": 3.4,
      "1": 6.0,
      "9": 7.6,
      "2": 2.4,
      "3": 8.8,
      "4": 7.6
    },
    "19": {
      "4": 1.0,
      "0": 6.6,
      "3": 3.6,
      "2": 3.2,
      "1": 5.0,
      "5": 4.6,
      "7": 7.4,
      "6": 5.8,
      "8": 9.2,
      "9": 8.6
    },
    "20": {
      "5": 3.4,
      "7": 2.6,
      "1": 2.8,
      "9": 1.6,
      "3": 6.0,
      "6": 6.0,
      "0": 5.8,
      "8": 7.8,
      "4": 9.0,
      "2": 10.0
    },
    "21": {
      "0": 5.2,
      "2": 5.8,
      "3": 5.4,
      "6": 6.4,
      "4": 8.6,
      "7": 3.4,
      "5": 2.6,
      "8": 4.8,
      "9": 3.2,
      "1": 9.6
    },
    "22": {
      "5": 3.0,
      "9": 2.2,
      "4": 2.6,
      "7": 3.2,
      "6": 4.8,
      "8": 5.6,
      "0": 6.8,
      "3": 7.8,
      "1": 9.0,
      "2": 10.0
    },
    "23": {
      "7": 1.2,
      "5": 1.8,
      "4": 3.0,
      "9": 5.2,
      "8": 5.6,
      "6": 5.6,
      "2": 7.2,
      "0": 8.2,
      "3": 8.2,
      "1": 9.0
    },
    "24": {
      "0": 2.6,
      "9": 2.6,
      "5": 4.6,
      "8": 3.6,
      "4": 4.0,
      "2": 6.4,
      "3": 7.2,
      "6": 9.2,
      "7": 9.4,
      "1": 5.4
    },
    "25": {
      "1": 2.4,
      "5": 2.0,
      "0": 3.0,
      "6": 2.6,
      "9": 7.8,
      "8": 7.2,
      "7": 6.6,
      "4": 6.6,
      "3": 8.6,
      "2": 8.2
    },
    "26": {
      "2": 1.4,
      "9": 2.0,
      "8": 4.6,
      "0": 3.6,
      "7": 5.4,
      "1": 7.4,
      "6": 4.2,
      "3": 8.2,
      "5": 8.2,
      "4": 10.0
    },
    "27": {
      "1": 1.2,
      "3": 3.8,
      "0": 5.2,
      "4": 4.8,
      "7": 7.0,
      "2": 4.8,
      "5": 4.6,
      "6": 4.6,
      "9": 9.2,
      "8": 9.8
    },
    "28": {
      "4": 2.6,
      "6": 1.4,
      "2": 3.2,
      "0": 3.2,
      "8": 5.8,
      "3": 7.2,
      "5": 5.4,
      "9": 7.8,
      "1": 9.4,
      "7": 9.0
    },
    "29": {
      "3": 2.2,
      "5": 2.0,
      "7": 2.8,
      "2": 4.4,
      "8": 3.8,
      "6": 5.8,
      "4": 8.0,
      "0": 7.6,
      "9": 9.0,
      "1": 9.4
    },
    "30": {
      "0": 1.0,
      "9": 4.2,
      "1": 2.8,
      "2": 3.2,
      "8": 4.6,
      "4": 5.4,
      "5": 6.8,
      "6": 9.0,
      "7": 9.2,
      "3": 8.8
    },
    "31": {
      "7": 1.4,
      "3": 1.6,
      "2": 3.8,
      "5": 3.2,
      "8": 5.4,
      "9": 6.0,
      "4": 8.2,
      "0": 7.8,
      "6": 7.6,
      "1": 10.0
    },
    "32": {
      "9": 2.8,
      "5": 4.0,
      "7": 2.8,
      "0": 3.2,
      "2": 4.8,
      "4": 5.6,
      "3": 7.2,
      "1": 5.6,
      "8": 9.0,
      "6": 10.0
    },
    "33": {
      "4": 1.2,
      "2": 2.8,
      "5": 3.0,
      "6": 3.0,
      "8": 8.2,
      "3": 7.0,
      "9": 6.6,
      "1": 6.6,
      "7": 7.6,
      "0": 9.0
    },
    "34": {
      "5": 1.8,
      "3": 2.6,
      "4": 2.2,
      "8": 3.6,
      "9": 5.2,
      "1": 6.4,
      "0": 6.8,
      "6": 7.6,
      "7": 9.2,
      "2": 9.6
    },
    "35": {
      "1": 1.8,
      "7": 2.0,
      "8": 2.8,
      "9": 5.0,
      "5": 5.2,
      "0": 5.2,
      "6": 8.0,
      "3": 7.6,
      "4": 8.8,
      "2": 8.6
    },
    "36": {
      "0": 1.8,
      "8": 2.6,
      "3": 2.4,
      "2": 4.2,
      "4": 5.0,
      "6": 5.8,
      "1": 6.2,
      "9": 8.4,
      "5": 9.0,
      "7": 9.6
    },
    "37": {
      "4": 2.8,
      "7": 3.0,
      "1": 2.6,