{
  "content_diversity": 0.3745044469833374,
  "classifier_auc": 0.8097594556574313,
  "ranking_stability": 0.5901906090190608,
  "feature_coefficients": {
    "word_count": -0.19329048079381275,
    "sentence_count": 0.17025752326483604,
    "avg_sentence_length": -0.32263881670747047,
    "paragraph_count": -0.5538002901185787,
    "heading_density": 0.18808531682413632,
    "list_frequency": 0.21659231633996975,
    "readability": 0.4353853348023447,
    "bold_emphasis_density": -0.7900929807699698,
    "citation_density": -0.12240019227054066,
    "statistic_density": 0.004106541261093634,
    "quote_density": -0.19633897877246995,
    "named_source_mentions": 0.26743476028659807,
    "year_mentions": -0.07531867912879883,
    "claim_density": 0.14270175931825763,
    "external_reference_density": 0.0,
    "question_density": -0.0024342895323685473,
    "query_similarity": 0.7519642121841494,
    "corpus_centroid_similarity": 0.22407718495859735,
    "type_token_ratio": -0.5373234664889391,
    "vocabulary_sophistication": -0.1298363696193028,
    "sentiment_polarity": -0.15846137804384383,
    "avg_word_length": 0.0018069744224197153,
    "semantic_uniqueness": 0.2407430303102117,
    "information_density": 0.0020771224510297654,
    "specificity_score": -0.15478533936002567
  },
  "avg_ranks": {
    "0": {
      "7": 1.8,
      "4": 1.4,
      "6": 4.2,
      "8": 4.0,
      "2": 7.4,
      "9": 5.0,
      "3": 7.4,
      "5": 6.4,
      "1": 7.4,
      "0": 10.0
    },
    "1": {
      "9": 1.2,
      "6": 1.8,
      "1": 3.8,
      "5": 4.2,
      "8": 5.4,
      "2": 6.6,
      "4": 5.6,
      "0": 7.4,
      "3": 9.2,
      "7": 9.8
    },
    "2": {
      "1": 2.6,
      "7": 2.0,
      "5": 2.6,
      "8": 4.8,
      "9": 3.4,
      "6": 6.0,
      "3": 7.2,
      "4": 7.4,
      "2": 9.0,
      "0": 10.0
    },
    "3": {
      "0": 5.4,
      "2": 6.0,
      "3": 7.2,
      "8": 2.2,
      "9": 3.6,
      "6": 5.4,
      "1": 5.8,
      "5": 6.0,
      "7": 8.0,
      "4": 5.4
    },
    "4": {
      "6": 2.2,
      "7": 2.0,
      "2": 3.2,
      "8": 5.0,
      "9": 3.4,
      "1": 5.4,
      "4": 6.8,
      "0": 8.2,
      "3": 9.0,
      "5": 9.8
    },
    "5": {
      "8": 1.2,
      "7": 1.8,
      "0": 4.0,
      "4": 3.8,
      "3": 6.2,
      "2": 7.8,
      "1": 6.8,
      "9": 7.4,
      "5": 7.8,
      "6": 8.2
    },
    "6": {
      "5": 5.0,
      "2": 2.6,
      "0": 2.6,
      "1": 3.2,
      "8": 4.0,
      "3": 4.0,
      "6": 7.0,
      "9": 8.0,
      "4": 9.0,
      "7": 9.6
    },
    "7": {
      "7": 1.2,
      "1": 2.4,
      "6": 2.6,
      "9": 5.0,
      "0": 6.4,
      "8": 4.8,
      "2": 7.0,
      "5": 6.8,
      "4": 9.8,
      "3": 9.0
    },
    "8": {
      "2": 1.6,
      "5": 2.8,
      "1": 2.6,
      "3": 3.0,
      "0": 5.6,
      "7": 6.6,
      "6": 6.2,
      "4": 8.6,
      "9": 8.2,
      "8": 9.8
    },
    "9": {
      "5": 1.2,
      "6": 1.8,
      "7": 4.0,
      "9": 7.2,
      "8": 6.2,
      "3": 6.8,
      "2": 6.0,
      "1": 6.8,
      "0": 7.0,
      "4": 8.0
    },
    "10": {
      "2": 1.6,
      "1": 3.2,
      "5": 2.8,
      "7": 4.6,
      "8": 6.2,
      "4": 6.4,
      "9": 4.4,
      "3": 6.8,
      "6": 9.2,
      "0": 9.8
    },
    "11": {
      "9": 5.2,
      "5": 4.4,
      "8": 5.0,
      "7": 5.6,
      "2": 5.6,
      "3": 4.6,
      "0": 2.8,
      "1": 3.8,
      "4": 8.0,
      "6": 10.0
    },
    "12": {
      "8": 1.0,
      "5": 2.2,
      "7": 3.2,
      "6": 5.0,
      "2": 6.6,
      "0": 6.2,
      "4": 7.0,
      "1": 7.6,
      "3": 7.4,
      "9": 8.8
    },
    "13": {
      "0": 1.0,
      "1": 2.0,
      "2": 3.6,
      "3": 4.2,
      "7": 5.6,
      "5": 6.2,
      "8": 7.4,
      "6": 7.6,
      "4": 7.8,
      "9": 9.6
    },
    "14": {
      "4": 1.2,
      "6": 1.8,
      "5": 3.0,
      "8": 4.2,
      "3": 5.8,
      "0": 6.2,
      "7": 7.6,
      "9": 7.8,
      "2": 8.6,
      "1": 8.8
    },
    "15": {
      "8": 2.2,
      "1": 6.0,
      "3": 1.8,
      "9": 2.8,
      "0": 6.0,
      "6": 7.2,
      "5": 8.6,
      "7": 4.6,
      "2": 7.6,
      "4": 8.2
    },
    "16": {
      "2": 1.0,
      "7": 2.25,
      "3": 3.0,
      "5": 4.5,
      "4": 4.25,
      "0": 6.75,
      "1": 6.5,
      "9": 7.75,
      "6": 9.25,
      "8": 9.75
    },
    "17": {
      "4": 1.2,
      "5": 1.8,
      "3": 5.8,
      "0": 5.2,
      "7": 6.0,
      "2": 4.8,
      "1": 4.6,
      "8": 7.0,
      "9": 8.6,
      "6": 10.0
    },
    "18": {
      "0": 1.0,
      "9": 8.4,
      "2": 5.8,
      "6": 6.8,
      "1": 3.6,
      "8": 7.6,
      "7": 4.2,
      "5": 4.8,
      "3": 5.0,
      "4": 7.8
    },
    "19": {
      "0": 1.0,
      "2": 3.8,
      "4": 4.0,
      "1": 5.0,
      "3": 5.2,
      "5": 3.6,
      "7": 7.0,
      "8": 8.8,
      "9": 9.4,
      "6": 7.2
    },
    "20": {
      "0": 1.0,
      "2": 3.4,
      "5": 3.0,
      "4": 7.6,
      "7": 4.0,
      "1": 4.8,
      "8": 5.4,
      "6": 7.4,
      "3": 9.0,
      "9": 9.4
    },
    "21": {
      "0": 1.0,
      "5": 2.0,
      "1": 3.2,
      "6": 6.4,
      "2": 4.4,
      "3": 5.4,
      "9": 7.0,
      "4": 7.6,
      "8": 8.8,
      "7": 9.2
    },
    "22": {
      "1": 1.4,
      "5": 2.8,
      "4": 2.4,
      "8": 4.4,
      "7": 5.0,
      "2": 6.8,
      "0": 7.2,
      "6": 7.4,
      "9": 8.0,
      "3": 9.6
    },
    "23": {
      "6": 1.6,
      "8": 1.4,
      "0": 4.4,
      "3": 4.0,
      "7": 7.2,
      "2": 4.6,
      "4": 7.2,
      "9": 6.0,
      "1": 9.0,
      "5": 9.6
    },
    "24": {
      "4": 6.2,
      "3": 8.2,
      "1": 3.6,
      "6": 6.8,
      "5": 8.0,
      "0": 3.8,
      "7": 4.8,
      "8": 3.8,
      "2": 3.2,
      "9": 6.6
    },
    "25": {
      "7": 1.2,
      "1": 1.8,
      "6": 4.4,
      "0": 6.0,
      "4": 5.8,
      "2": 4.4,
      "5": 6.6,
      "8": 6.2,
      "9": 9.4,
      "3": 9.2
    },
    "26": {
      "4": 1.0,
      "3": 2.4,
      "0": 4.2,
      "2": 4.4,
      "9": 5.6,
      "6": 5.0,
      "1": 9.0,
      "5": 7.6,
      "7": 6.4,
      "8": 9.4
    },
    "27": {
      "3": 1.0,
      "4": 4.0,
      "5": 3.6,
      "9": 6.6,
      "2": 5.4,
      "6": 6.8,
      "1": 5.2,
      "0": 6.2,
      "8": 6.2,
      "7": 10.0
    },
    "28": {
      "3": 1.8,
      "7": 2.2,
      "0": 3.2,
      "8": 3.6,
      "6": 5.4,
      "2": 7.0,
      "4": 7.2,
      "5": 7.2,
      "1": 7.4,
      "9": 10.0
    },
    "29": {
      "0": 1.0,
      "6": 5.2,
      "1": 3.4,
      "2": 3.4,
      "9": 4.0,
      "4": 5.4,
      "3": 8.6,
      "7": 8.0,
      "5": 8.0,
      "8": 8.0
    },
    "30": {
      "6": 2.0,
      "0": 3.0,
      "9": 3.0,
      "1": 4.6,
      "8": 3.4,
      "5": 5.4,
      "2": 8.4,
      "4": 9.0,
      "7": 7.8,
      "3": 8.4
    },
    "31": {
      "6": 1.8,
      "3": 2.8,
      "9": 1.4,
      "4": 5.4,
      "1": 4.4,
      "7": 7.2,
      "5": 7.6,
      "2": 6.6,
      "8": 8.6,
      "0": 9.2
    },
    "32": {
      "2": 1.0,
      "4": 3.0,
      "7": 4.4,
      "0": 5.0,
      "1": 3.8,
      "5": 6.8,
      "9": 8.0,
      "3": 4.2,
      "8": 9.4,
      "6": 9.4
    },
    "33": {
      "5": 5.6,
      "3": 6.2,
      "0": 1.8,
      "2": 3.0,
      "9": 4.0,
      "6": 5.0,
      "7": 6.8,
      "4": 6.0,
      "8": 6.6,
      "1": 10.0
    },
    "34": {
      "8": 2.6,
      "1": 3.2,
      "0": 2.6,
      "4": 4.8,
      "2": 5.4,
      "6": 5.0,
      "5": 4.4,
      "9": 8.0,
      "7": 9.0,
      "3": 10.0
    },
    "35": {
      "3": 3.6,
      "7": 3.4,
      "1": 1.4,
      "2": 2.4,
      "4": 6.8,
      "8": 5.2,
      "9": 6.4,
      "0": 8.0,
      "6": 8.8,
      "5": 9.0
    },
    "36": {
      "9": 2.2,
      "2": 1.8,
      "4": 2.0,
      "5": 4.6,
      "6": 4.4,
      "3": 6.8,
      "0": 7.8,
      "1": 7.0,
      "7": 9.0,
      "8": 9.4
    },
    "37": {
      "6": 3.2,
      "0": 1.4,
      "9": 2.0,
      "1": 7.0,