{
  "content_diversity": 0.36174604296684265,
  "classifier_auc": 0.7981724392041267,
  "ranking_stability": 0.5796441458255569,
  "feature_coefficients": {
    "word_count": 0.025173423460349023,
    "sentence_count": -0.010857606289479746,
    "avg_sentence_length": -0.41388465905748545,
    "paragraph_count": -0.3045998071627037,
    "heading_density": 0.08853069925938219,
    "list_frequency": -0.16950971723246525,
    "readability": 0.5290818765272002,
    "bold_emphasis_density": -0.400624845943924,
    "citation_density": -0.29929326686581453,
    "statistic_density": -0.15334822460592518,
    "quote_density": -0.6687586858316894,
    "named_source_mentions": 0.21708592320003328,
    "year_mentions": -0.03427926076637292,
    "claim_density": 0.15899189103845368,
    "external_reference_density": 0.0,
    "question_density": -0.041894291842595514,
    "query_similarity": 0.8273691595136732,
    "corpus_centroid_similarity": 0.11790973116565662,
    "type_token_ratio": -0.4073470315807865,
    "vocabulary_sophistication": -0.1471558169362743,
    "sentiment_polarity": -0.0547636118692091,
    "avg_word_length": -0.0736908473627737,
    "semantic_uniqueness": 0.36096079229665057,
    "information_density": 0.004151273933190784,
    "specificity_score": -0.021394796260785668
  },
  "avg_ranks": {
    "0": {
      "4": 2.2,
      "7": 1.6,
      "6": 4.8,
      "5": 5.0,
      "9": 4.0,
      "8": 5.6,
      "3": 7.0,
      "2": 6.2,
      "1": 8.8,
      "0": 9.8
    },
    "1": {
      "9": 1.0,
      "6": 2.0,
      "1": 3.6,
      "8": 4.4,
      "2": 6.2,
      "4": 6.4,
      "5": 4.8,
      "0": 7.6,
      "3": 9.4,
      "7": 9.6
    },
    "2": {
      "1": 1.4,
      "5": 2.0,
      "7": 2.6,
      "9": 5.0,
      "8": 4.8,
      "6": 5.2,
      "4": 7.8,
      "3": 7.6,
      "2": 8.6,
      "0": 10.0
    },
    "3": {
      "8": 2.0,
      "9": 3.4,
      "4": 3.8,
      "6": 4.4,
      "5": 5.0,
      "1": 5.2,
      "0": 6.6,
      "7": 7.8,
      "2": 7.8,
      "3": 9.0
    },
    "4": {
      "7": 1.8,
      "2": 3.8,
      "9": 2.6,
      "6": 2.6,
      "8": 4.8,
      "1": 6.0,
      "0": 7.2,
      "4": 7.6,
      "3": 8.6,
      "5": 10.0
    },
    "5": {
      "8": 1.2,
      "7": 1.8,
      "0": 3.4,
      "4": 4.0,
      "5": 6.0,
      "3": 8.4,
      "1": 6.4,
      "6": 8.6,
      "2": 7.8,
      "9": 7.4
    },
    "6": {
      "2": 2.4,
      "0": 3.0,
      "1": 2.4,
      "3": 4.4,
      "5": 4.0,
      "8": 5.4,
      "7": 9.4,
      "9": 7.6,
      "6": 7.2,
      "4": 9.2
    },
    "7": {
      "7": 1.0,
      "1": 2.0,
      "9": 4.2,
      "0": 4.0,
      "8": 4.6,
      "6": 5.8,
      "5": 8.2,
      "2": 7.0,
      "3": 8.8,
      "4": 9.4
    },
    "8": {
      "1": 1.6,
      "5": 3.4,
      "2": 1.8,
      "3": 3.4,
      "6": 5.2,
      "7": 6.6,
      "0": 6.8,
      "9": 7.8,
      "4": 8.4,
      "8": 10.0
    },
    "9": {
      "5": 1.0,
      "6": 2.0,
      "7": 3.8,
      "2": 6.4,
      "9": 8.6,
      "8": 5.2,
      "3": 5.8,
      "4": 4.8,
      "0": 8.6,
      "1": 8.8
    },
    "10": {
      "2": 1.2,
      "5": 2.8,
      "1": 2.4,
      "3": 6.2,
      "7": 6.0,
      "4": 7.6,
      "9": 4.8,
      "0": 7.6,
      "8": 8.0,
      "6": 8.4
    },
    "11": {
      "2": 3.4,
      "3": 3.2,
      "0": 4.2,
      "1": 4.0,
      "9": 6.2,
      "7": 5.4,
      "8": 4.8,
      "5": 5.4,
      "4": 8.4,
      "6": 10.0
    },
    "12": {
      "8": 1.0,
      "5": 3.8,
      "7": 5.2,
      "6": 5.2,
      "0": 5.8,
      "1": 7.0,
      "4": 5.8,
      "9": 5.8,
      "3": 7.0,
      "2": 8.4
    },
    "13": {
      "0": 1.0,
      "1": 2.0,
      "2": 4.0,
      "3": 3.8,
      "9": 8.6,
      "8": 6.4,
      "5": 6.4,
      "4": 8.8,
      "7": 6.2,
      "6": 7.8
    },
    "14": {
      "6": 1.6,
      "4": 1.4,
      "8": 3.8,
      "5": 3.2,
      "3": 6.0,
      "9": 7.2,
      "7": 7.0,
      "0": 6.8,
      "1": 9.4,
      "2": 8.6
    },
    "15": {
      "8": 2.8,
      "3": 1.6,
      "9": 2.6,
      "1": 6.8,
      "0": 6.2,
      "6": 6.8,
      "2": 5.8,
      "7": 6.0,
      "4": 8.0,
      "5": 8.4
    },
    "16": {
      "2": 1.0,
      "3": 2.2,
      "4": 4.2,
      "7": 3.6,
      "5": 4.6,
      "9": 7.0,
      "0": 6.2,
      "1": 7.2,
      "6": 9.6,
      "8": 9.4
    },
    "17": {
      "4": 1.0,
      "1": 3.0,
      "2": 3.2,
      "0": 5.6,
      "5": 4.4,
      "8": 6.8,
      "7": 6.0,
      "9": 8.6,
      "3": 6.6,
      "6": 9.8
    },
    "18": {
      "0": 1.2,
      "1": 3.2,
      "3": 4.6,
      "5": 4.8,
      "9": 6.4,
      "2": 6.2,
      "6": 7.2,
      "7": 4.0,
      "4": 8.0,
      "8": 9.4
    },
    "19": {
      "4": 4.6,
      "3": 5.8,
      "1": 2.8,
      "0": 1.8,
      "2": 4.0,
      "5": 5.0,
      "6": 6.8,
      "7": 8.8,
      "8": 6.6,
      "9": 8.8
    },
    "20": {
      "0": 1.0,
      "4": 5.0,
      "1": 3.8,
      "2": 3.6,
      "5": 4.2,
      "7": 4.4,
      "3": 8.8,
      "8": 6.4,
      "6": 8.0,
      "9": 9.8
    },
    "21": {
      "0": 1.2,
      "5": 2.8,
      "1": 5.2,
      "6": 6.8,
      "2": 5.4,
      "3": 6.8,
      "9": 5.4,
      "4": 6.6,
      "8": 7.2,
      "7": 7.6
    },
    "22": {
      "1": 1.2,
      "5": 2.4,
      "4": 3.0,
      "8": 4.6,
      "7": 5.6,
      "2": 6.6,
      "6": 8.4,
      "9": 6.4,
      "0": 7.8,
      "3": 9.0
    },
    "23": {
      "8": 1.4,
      "6": 1.6,
      "0": 4.2,
      "3": 4.0,
      "2": 3.8,
      "9": 7.4,
      "7": 6.8,
      "1": 8.6,
      "4": 7.8,
      "5": 9.4
    },
    "24": {
      "5": 7.6,
      "1": 4.2,
      "0": 3.8,
      "7": 4.2,
      "9": 5.4,
      "2": 4.6,
      "8": 5.4,
      "4": 5.4,
      "6": 7.4,
      "3": 7.0
    },
    "25": {
      "7": 1.0,
      "1": 2.0,
      "2": 4.4,
      "5": 5.0,
      "6": 4.6,
      "0": 6.4,
      "4": 6.0,
      "8": 9.4,
      "3": 7.8,
      "9": 8.4
    },
    "26": {
      "4": 1.0,
      "2": 4.0,
      "0": 2.8,
      "3": 2.6,
      "6": 6.2,
      "9": 4.8,
      "7": 6.8,
      "8": 8.0,
      "5": 8.8,
      "1": 10.0
    },
    "27": {
      "3": 1.0,
      "5": 2.8,
      "4": 2.8,
      "8": 6.2,
      "1": 7.0,
      "0": 7.2,
      "9": 8.8,
      "2": 5.6,
      "6": 7.8,
      "7": 5.8
    },
    "28": {
      "3": 1.2,
      "7": 1.8,
      "0": 3.6,
      "8": 5.0,
      "5": 7.0,
      "1": 7.6,
      "4": 6.6,
      "2": 6.4,
      "6": 5.8,
      "9": 10.0
    },
    "29": {
      "0": 1.0,
      "6": 4.0,
      "2": 3.2,
      "9": 4.4,
      "4": 5.8,
      "8": 4.8,
      "3": 7.8,
      "1": 6.6,
      "7": 8.6,
      "5": 8.8
    },
    "30": {
      "0": 1.5,
      "6": 2.25,
      "8": 3.75,
      "9": 2.75,
      "1": 4.75,
      "3": 6.5,
      "7": 6.5,
      "2": 8.75,
      "4": 9.25,
      "5": 9.0
    },
    "31": {
      "9": 1.0,
      "3": 2.8,
      "6": 2.4,
      "1": 5.0,
      "0": 6.2,
      "7": 7.6,
      "4": 4.8,
      "8": 9.4,
      "2": 7.0,
      "5": 8.8
    },
    "32": {
      "2": 1.4,
      "4": 2.8,
      "7": 5.2,
      "3": 5.6,
      "1": 3.8,
      "0": 7.0,
      "8": 9.0,
      "5": 4.4,
      "9": 6.2,
      "6": 9.6
    },
    "33": {
      "3": 5.4,
      "0": 2.2,
      "5": 6.6,
      "2": 4.4,
      "9": 4.2,
      "6": 4.4,
      "8": 6.2,
      "4": 6.0,
      "7": 5.6,
      "1": 10.0
    },
    "34": {
      "0": 2.6,
      "1": 2.4,
      "8": 4.4,
      "9": 6.2,
      "7": 8.0,
      "5": 4.8,
      "6": 4.6,
      "4": 6.2,
      "2": 5.8,
      "3": 10.0
    },
    "35": {
      "1": 2.0,
      "2": 2.6,
      "3": 2.6,
      "7": 3.2,
      "4": 6.8,
      "9": 7.2,
      "6": 6.6,
      "5": 7.6,
      "0": 7.4,
      "8": 9.0
    },
    "36": {
      "4": 2.2,
      "2": 2.2,
      "9": 1.8,
      "6": 4.6,
      "3": 5.2,
      "5": 5.0,
      "8": 8.4,
      "0": 8.8,
      "1": 8.4,
      "7": 8.4
    },
    "37": {
      "6": 1.75,
      "1": 4.0,
      "0": 3.25,
      "9": 3.0,