{
  "content_diversity": 0.3596349358558655,
  "classifier_auc": 0.7740653402112503,
  "ranking_stability": 0.600022652622041,
  "feature_coefficients": {
    "word_count": -0.17271105641080733,
    "sentence_count": 0.1505973029846703,
    "avg_sentence_length": -0.24571644820342411,
    "paragraph_count": -0.4420980416738247,
    "heading_density": -0.07534914526599375,
    "list_frequency": -0.24060899880862122,
    "readability": 0.3077329431916499,
    "bold_emphasis_density": -0.03134481851580056,
    "citation_density": -0.41568785140517295,
    "statistic_density": -0.10546490217689455,
    "quote_density": 0.004694484422923122,
    "named_source_mentions": 0.2519434258914425,
    "year_mentions": 0.025317543596120047,
    "claim_density": 0.10595118537548807,
    "external_reference_density": 0.0,
    "question_density": 0.005635113981451987,
    "query_similarity": 0.8242386150820775,
    "corpus_centroid_similarity": 0.13018199025290908,
    "type_token_ratio": -0.28140775299319687,
    "vocabulary_sophistication": -0.009409980227599639,
    "sentiment_polarity": -0.08929253439930158,
    "avg_word_length": -0.41820799134319653,
    "semantic_uniqueness": 0.4114716354170343,
    "information_density": 0.1977052319816789,
    "specificity_score": -0.04996560870291932
  },
  "avg_ranks": {
    "0": {
      "4": 1.2,
      "7": 2.0,
      "6": 3.8,
      "9": 3.8,
      "8": 5.4,
      "0": 9.2,
      "5": 7.2,
      "2": 6.2,
      "3": 7.2,
      "1": 9.0
    },
    "1": {
      "9": 1.2,
      "6": 1.8,
      "5": 3.4,
      "1": 4.0,
      "8": 4.6,
      "2": 6.6,
      "4": 6.6,
      "0": 7.8,
      "7": 9.6,
      "3": 9.4
    },
    "2": {
      "1": 1.4,
      "7": 2.0,
      "5": 2.6,
      "9": 4.0,
      "8": 5.0,
      "6": 6.0,
      "3": 7.2,
      "4": 8.2,
      "2": 8.6,
      "0": 10.0
    },
    "3": {
      "8": 2.0,
      "9": 3.8,
      "6": 4.6,
      "4": 4.8,
      "1": 6.0,
      "5": 5.8,
      "7": 8.2,
      "0": 5.0,
      "2": 8.2,
      "3": 6.6
    },
    "4": {
      "9": 3.0,
      "7": 2.2,
      "2": 3.2,
      "6": 2.4,
      "8": 4.4,
      "1": 6.2,
      "0": 7.2,
      "4": 7.6,
      "3": 8.8,
      "5": 10.0
    },
    "5": {
      "8": 1.2,
      "7": 1.8,
      "0": 3.4,
      "4": 3.6,
      "5": 6.4,
      "1": 6.6,
      "6": 7.8,
      "2": 7.8,
      "3": 7.6,
      "9": 8.8
    },
    "6": {
      "1": 2.6,
      "0": 3.0,
      "2": 2.2,
      "5": 4.8,
      "3": 3.4,
      "8": 5.0,
      "6": 7.4,
      "9": 7.8,
      "4": 8.8,
      "7": 10.0
    },
    "7": {
      "7": 1.0,
      "1": 2.0,
      "6": 4.2,
      "4": 8.4,
      "2": 7.2,
      "8": 4.4,
      "0": 5.0,
      "9": 5.6,
      "5": 7.8,
      "3": 9.4
    },
    "8": {
      "1": 1.4,
      "2": 1.8,
      "6": 4.8,
      "3": 4.6,
      "5": 3.8,
      "7": 5.2,
      "9": 7.6,
      "0": 7.0,
      "4": 8.8,
      "8": 10.0
    },
    "9": {
      "5": 1.2,
      "6": 1.8,
      "4": 4.0,
      "7": 3.4,
      "0": 7.0,
      "1": 7.6,
      "2": 7.8,
      "9": 8.8,
      "3": 6.2,
      "8": 7.2
    },
    "10": {
      "2": 1.0,
      "1": 2.8,
      "5": 3.0,
      "9": 6.8,
      "7": 5.4,
      "3": 4.6,
      "6": 7.2,
      "4": 6.4,
      "8": 8.4,
      "0": 9.4
    },
    "11": {
      "3": 3.8,
      "2": 4.4,
      "0": 4.4,
      "1": 4.2,
      "4": 7.0,
      "5": 4.4,
      "8": 5.8,
      "7": 6.0,
      "9": 5.0,
      "6": 10.0
    },
    "12": {
      "8": 1.0,
      "5": 2.2,
      "4": 4.2,
      "7": 3.0,
      "6": 8.0,
      "0": 8.2,
      "2": 8.4,
      "3": 6.0,
      "9": 7.2,
      "1": 6.8
    },
    "13": {
      "0": 1.0,
      "1": 2.0,
      "2": 4.2,
      "3": 3.8,
      "5": 7.2,
      "4": 7.0,
      "7": 5.8,
      "6": 7.6,
      "9": 9.8,
      "8": 6.6
    },
    "14": {
      "4": 1.4,
      "6": 1.6,
      "5": 3.0,
      "8": 4.0,
      "2": 7.8,
      "1": 9.0,
      "0": 6.4,
      "7": 7.0,
      "9": 7.4,
      "3": 7.4
    },
    "15": {
      "3": 1.5,
      "9": 2.5,
      "7": 5.25,
      "2": 6.0,
      "8": 2.5,
      "0": 6.25,
      "6": 7.5,
      "1": 6.5,
      "4": 8.0,
      "5": 9.0
    },
    "16": {
      "2": 1.0,
      "3": 2.0,
      "7": 3.0,
      "4": 4.666666666666667,
      "1": 6.333333333333333,
      "0": 5.333333333333333,
      "5": 5.666666666666667,
      "6": 9.0,
      "9": 8.333333333333334,
      "8": 9.666666666666666
    },
    "17": {
      "4": 1.0,
      "5": 3.6,
      "1": 2.8,
      "2": 3.0,
      "3": 5.8,
      "0": 5.4,
      "7": 8.2,
      "8": 8.0,
      "9": 8.2,
      "6": 9.0
    },
    "18": {
      "0": 1.4,
      "9": 7.4,
      "7": 3.4,
      "1": 2.8,
      "4": 4.6,
      "5": 5.8,
      "3": 6.0,
      "8": 8.6,
      "2": 7.2,
      "6": 7.8
    },
    "19": {
      "0": 1.2,
      "4": 3.6,
      "3": 4.0,
      "1": 3.4,
      "2": 5.0,
      "7": 9.0,
      "6": 6.6,
      "5": 5.0,
      "8": 8.0,
      "9": 9.2
    },
    "20": {
      "0": 1.0,
      "5": 2.6,
      "4": 4.0,
      "2": 3.6,
      "7": 6.0,
      "1": 4.4,
      "8": 6.6,
      "6": 8.4,
      "3": 8.4,
      "9": 10.0
    },
    "21": {
      "0": 1.2,
      "5": 2.2,
      "6": 5.2,
      "1": 4.2,
      "2": 6.2,
      "3": 6.8,
      "9": 6.2,
      "4": 6.8,
      "8": 8.0,
      "7": 8.2
    },
    "22": {
      "1": 1.2,
      "4": 3.0,
      "5": 3.0,
      "8": 4.4,
      "0": 4.8,
      "9": 7.8,
      "2": 6.4,
      "7": 6.0,
      "3": 9.2,
      "6": 9.2
    },
    "23": {
      "8": 1.0,
      "6": 2.0,
      "2": 4.2,
      "3": 5.0,
      "7": 5.6,
      "0": 4.0,
      "9": 6.4,
      "4": 8.2,
      "5": 9.4,
      "1": 9.2
    },
    "24": {
      "5": 3.2,
      "0": 3.6,
      "1": 4.2,
      "7": 5.8,
      "9": 5.6,
      "2": 4.6,
      "8": 5.2,
      "6": 5.2,
      "4": 8.8,
      "3": 8.8
    },
    "25": {
      "7": 1.8333333333333333,
      "1": 2.0,
      "6": 4.6,
      "0": 5.6,
      "4": 6.6,
      "5": 7.2,
      "2": 5.0,
      "9": 7.5,
      "8": 6.8,
      "3": 9.0
    },
    "26": {
      "4": 2.6,
      "3": 2.6,
      "0": 4.6,
      "9": 4.4,
      "6": 3.2,
      "2": 4.8,
      "5": 8.2,
      "7": 6.4,
      "8": 8.2,
      "1": 10.0
    },
    "27": {
      "3": 1.0,
      "7": 2.8,
      "6": 3.2,
      "2": 5.0,
      "4": 5.0,
      "5": 4.8,
      "8": 7.6,
      "0": 7.4,
      "1": 8.4,
      "9": 9.8
    },
    "28": {
      "3": 1.2,
      "7": 2.4,
      "0": 3.6,
      "4": 5.0,
      "2": 5.2,
      "8": 5.6,
      "6": 7.0,
      "5": 7.6,
      "1": 7.4,
      "9": 10.0
    },
    "29": {
      "0": 1.2,
      "1": 6.0,
      "4": 4.4,
      "6": 3.0,
      "2": 3.8,
      "9": 4.4,
      "7": 9.4,
      "3": 7.2,
      "8": 6.8,
      "5": 8.8
    },
    "30": {
      "0": 1.2,
      "9": 2.0,
      "6": 3.0,
      "1": 4.0,
      "8": 5.0,
      "7": 8.4,
      "3": 8.6,
      "5": 7.4,
      "4": 8.0,
      "2": 7.4
    },
    "31": {
      "9": 1.0,
      "6": 2.8,
      "3": 2.2,
      "1": 4.4,
      "8": 7.0,
      "2": 6.0,
      "7": 7.6,
      "5": 8.6,
      "0": 7.4,
      "4": 8.0
    },
    "32": {
      "2": 1.2,
      "1": 3.0,
      "3": 4.0,
      "5": 5.2,
      "4": 3.8,
      "7": 6.2,
      "0": 6.8,
      "6": 9.0,
      "8": 9.6,
      "9": 6.2
    },
    "33": {
      "6": 3.6,
      "9": 3.6,
      "0": 2.8,
      "5": 5.0,
      "2": 5.0,
      "3": 5.8,
      "4": 5.8,
      "8": 7.4,
      "7": 6.0,
      "1": 10.0
    },
    "34": {
      "0": 3.0,
      "1": 2.4,
      "8": 3.2,
      "5": 4.2,
      "6": 4.4,
      "4": 5.6,
      "2": 6.2,
      "3": 9.6,
      "9": 7.2,
      "7": 9.2
    },
    "35": {
      "3": 1.8,
      "7": 2.8,
      "1": 2.8,
      "2": 2.6,
      "8": 7.2,
      "6": 7.2,
      "4": 6.6,
      "0": 7.2,
      "9": 8.0,
      "5": 8.8
    },
    "36": {
      "2": 1.6,
      "9": 1.8,
      "4": 2.6,
      "5": 5.0,
      "3": 6.6,
      "6": 6.2,
      "1": 6.6,
      "7": 8.8,
      "8": 9.0,