{
  "content_diversity": 0.38318824768066406,
  "classifier_auc": 0.8436059936133627,
  "ranking_stability": 0.6019804260218767,
  "feature_coefficients": {
    "word_count": 0.009576508941104086,
    "sentence_count": 0.09478548471245019,
    "avg_sentence_length": -0.17412374399151087,
    "paragraph_count": -0.22320692263073624,
    "heading_density": 0.1635219502097329,
    "list_frequency": -0.21500031092875618,
    "readability": 0.4654745941291625,
    "bold_emphasis_density": -1.1660222585973115,
    "citation_density": -0.03777532751379517,
    "statistic_density": 0.04597351865314611,
    "quote_density": -0.169584010513149,
    "named_source_mentions": 0.18154383256980666,
    "year_mentions": -0.08349604480983921,
    "claim_density": 0.06522366863112045,
    "external_reference_density": 0.0,
    "question_density": 0.2008181543599582,
    "query_similarity": 0.7903523261881767,
    "corpus_centroid_similarity": 0.17734788456671335,
    "type_token_ratio": -0.523668605727087,
    "vocabulary_sophistication": -0.23734511613466577,
    "sentiment_polarity": -0.22554442666494035,
    "avg_word_length": 0.03145507209041945,
    "semantic_uniqueness": 0.24274950471738538,
    "information_density": 0.12834930574390338,
    "specificity_score": -0.04366402543918889
  },
  "avg_ranks": {
    "0": {
      "4": 2.2,
      "8": 4.8,
      "7": 1.8,
      "6": 5.4,
      "2": 5.4,
      "9": 3.8,
      "3": 7.8,
      "5": 5.8,
      "1": 8.0,
      "0": 10.0
    },
    "1": {
      "9": 1.2,
      "6": 1.8,
      "5": 5.2,
      "4": 5.8,
      "1": 4.0,
      "0": 7.2,
      "2": 5.8,
      "8": 5.0,
      "3": 9.6,
      "7": 9.4
    },
    "2": {
      "5": 1.4,
      "7": 2.4,
      "1": 2.2,
      "4": 6.6,
      "3": 6.4,
      "6": 4.8,
      "8": 6.0,
      "2": 7.6,
      "9": 7.6,
      "0": 10.0
    },
    "3": {
      "0": 2.6,
      "9": 2.2,
      "2": 4.8,
      "8": 2.6,
      "1": 7.0,
      "5": 6.8,
      "7": 8.0,
      "6": 5.8,
      "4": 5.2,
      "3": 10.0
    },
    "4": {
      "6": 1.0,
      "7": 2.6,
      "2": 4.0,
      "8": 4.8,
      "9": 4.8,
      "1": 3.8,
      "3": 8.6,
      "4": 8.0,
      "0": 7.8,
      "5": 9.6
    },
    "5": {
      "8": 1.4,
      "7": 1.6,
      "0": 4.2,
      "4": 4.8,
      "9": 5.0,
      "5": 5.4,
      "1": 7.2,
      "2": 8.6,
      "3": 7.4,
      "6": 9.4
    },
    "6": {
      "3": 3.6,
      "5": 4.6,
      "0": 3.4,
      "1": 2.6,
      "2": 2.4,
      "8": 4.8,
      "6": 8.0,
      "9": 7.2,
      "4": 8.6,
      "7": 9.8
    },
    "7": {
      "7": 1.2,
      "1": 3.0,
      "6": 2.4,
      "9": 4.4,
      "8": 5.2,
      "2": 7.0,
      "0": 6.0,
      "5": 7.8,
      "3": 8.4,
      "4": 9.6
    },
    "8": {
      "5": 2.2,
      "1": 1.6,
      "3": 3.6,
      "2": 2.6,
      "9": 6.6,
      "6": 5.8,
      "7": 6.4,
      "0": 7.4,
      "4": 8.8,
      "8": 10.0
    },
    "9": {
      "5": 1.5,
      "6": 1.5,
      "4": 5.5,
      "0": 7.0,
      "1": 7.5,
      "2": 6.75,
      "3": 5.25,
      "8": 6.25,
      "7": 4.5,
      "9": 9.25
    },
    "10": {
      "2": 1.0,
      "7": 4.0,
      "3": 5.8,
      "8": 7.2,
      "1": 4.0,
      "4": 6.8,
      "5": 4.0,
      "9": 4.8,
      "6": 7.6,
      "0": 9.8
    },
    "11": {
      "1": 2.6,
      "0": 2.8,
      "3": 3.8,
      "2": 1.8,
      "9": 4.8,
      "7": 7.2,
      "8": 7.4,
      "5": 7.0,
      "4": 7.6,
      "6": 10.0
    },
    "12": {
      "8": 1.0,
      "7": 5.8,
      "5": 4.8,
      "4": 5.0,
      "1": 7.0,
      "9": 6.2,
      "3": 6.4,
      "6": 5.6,
      "0": 6.0,
      "2": 7.2
    },
    "13": {
      "0": 1.0,
      "1": 2.0,
      "5": 5.75,
      "2": 3.25,
      "3": 4.25,
      "7": 5.75,
      "8": 6.5,
      "6": 8.0,
      "9": 9.25,
      "4": 9.25
    },
    "14": {
      "4": 1.0,
      "6": 2.0,
      "5": 3.0,
      "8": 4.2,
      "3": 4.8,
      "0": 6.2,
      "9": 7.6,
      "7": 7.8,
      "2": 8.8,
      "1": 9.6
    },
    "15": {
      "8": 1.4,
      "3": 1.8,
      "9": 3.6,
      "2": 4.6,
      "7": 4.0,
      "0": 6.8,
      "6": 6.8,
      "1": 7.0,
      "4": 9.6,
      "5": 9.4
    },
    "16": {
      "2": 1.0,
      "3": 2.2,
      "5": 4.4,
      "7": 3.2,
      "0": 6.0,
      "4": 5.2,
      "9": 8.0,
      "1": 7.6,
      "6": 7.8,
      "8": 9.6
    },
    "17": {
      "4": 1.0,
      "1": 4.8,
      "2": 5.4,
      "8": 7.0,
      "5": 4.2,
      "7": 5.6,
      "0": 4.4,
      "3": 5.4,
      "9": 8.0,
      "6": 9.2
    },
    "18": {
      "0": 1.0,
      "7": 2.4,
      "1": 3.2,
      "5": 4.4,
      "3": 4.6,
      "9": 9.0,
      "2": 6.4,
      "6": 7.4,
      "4": 7.8,
      "8": 8.8
    },
    "19": {
      "0": 1.0,
      "5": 2.4,
      "2": 3.4,
      "1": 4.8,
      "3": 4.6,
      "4": 4.8,
      "8": 8.0,
      "9": 9.0,
      "6": 7.8,
      "7": 9.2
    },
    "20": {
      "0": 1.0,
      "5": 3.0,
      "1": 4.0,
      "8": 5.4,
      "2": 4.0,
      "7": 4.4,
      "3": 9.0,
      "4": 6.6,
      "6": 8.2,
      "9": 9.4
    },
    "21": {
      "0": 1.0,
      "5": 2.0,
      "9": 3.0,
      "4": 4.2,
      "8": 4.8,
      "1": 6.0,
      "3": 7.2,
      "2": 7.8,
      "7": 9.6,
      "6": 9.4
    },
    "22": {
      "1": 1.4,
      "4": 2.2,
      "5": 3.0,
      "8": 4.4,
      "7": 5.4,
      "0": 7.2,
      "2": 6.8,
      "9": 7.6,
      "6": 8.8,
      "3": 8.2
    },
    "23": {
      "8": 1.0,
      "6": 2.2,
      "3": 4.0,
      "2": 3.6,
      "7": 5.4,
      "5": 8.8,
      "0": 5.4,
      "9": 7.4,
      "4": 7.6,
      "1": 9.6
    },
    "24": {
      "4": 5.6,
      "7": 4.6,
      "0": 3.6,
      "8": 3.6,
      "9": 4.4,
      "2": 3.4,
      "6": 7.8,
      "3": 9.6,
      "5": 7.4,
      "1": 5.0
    },
    "25": {
      "7": 1.2,
      "1": 1.8,
      "8": 3.8,
      "5": 4.0,
      "2": 4.2,
      "4": 7.0,
      "6": 7.0,
      "0": 7.0,
      "9": 9.2,
      "3": 9.8
    },
    "26": {
      "4": 1.0,
      "6": 3.2,
      "0": 2.8,
      "2": 5.8,
      "3": 4.6,
      "9": 4.2,
      "7": 6.4,
      "5": 8.4,
      "8": 8.8,
      "1": 9.8
    },
    "27": {
      "3": 1.0,
      "4": 3.75,
      "5": 3.25,
      "1": 4.75,
      "0": 5.25,
      "8": 5.75,
      "2": 6.0,
      "6": 8.75,
      "7": 9.75,
      "9": 6.75
    },
    "28": {
      "7": 1.4,
      "0": 2.8,
      "4": 6.0,
      "2": 6.2,
      "3": 2.6,
      "8": 4.8,
      "6": 7.0,
      "1": 7.0,
      "5": 7.2,
      "9": 10.0
    },
    "29": {
      "0": 1.0,
      "1": 3.0,
      "2": 2.4,
      "9": 4.6,
      "6": 5.4,
      "4": 5.4,
      "3": 8.2,
      "8": 8.2,
      "5": 7.4,
      "7": 9.4
    },
    "30": {
      "0": 1.5,
      "6": 1.5,
      "5": 4.0,
      "9": 3.5,
      "8": 5.5,
      "1": 5.0,
      "2": 8.5,
      "4": 9.5,
      "3": 8.0,
      "7": 8.0
    },
    "31": {
      "9": 1.0,
      "6": 2.0,
      "3": 3.8,
      "1": 4.4,
      "0": 8.0,
      "4": 5.0,
      "2": 6.4,
      "7": 7.8,
      "5": 7.2,
      "8": 9.4
    },
    "32": {
      "2": 1.0,
      "4": 3.4,
      "5": 5.0,
      "0": 4.2,
      "1": 4.2,
      "7": 6.2,
      "3": 4.8,
      "9": 7.2,
      "8": 9.6,
      "6": 9.4
    },
    "33": {
      "0": 1.8,
      "9": 2.8,
      "2": 4.4,
      "7": 4.8,
      "6": 3.8,
      "4": 6.2,
      "8": 6.8,
      "5": 6.8,
      "3": 7.6,
      "1": 10.0
    },
    "34": {
      "0": 2.4,
      "1": 3.4,
      "8": 3.2,
      "5": 5.0,
      "6": 5.6,
      "2": 7.0,
      "4": 5.2,
      "9": 7.4,
      "3": 5.8,
      "7": 10.0
    },
    "35": {
      "1": 1.8,
      "2": 2.0,
      "3": 3.0,
      "7": 3.6,
      "6": 6.8,
      "0": 6.6,
      "8": 5.8,
      "9": 8.4,
      "4": 7.2,
      "5": 9.8
    },
    "36": {
      "2": 1.6,
      "9": 2.6,
      "4": 1.8,
      "3": 4.8,
      "6": 5.0,
      "5": 6.0,
      "0": 7.0,
      "1": 7.8,
      "7": 8.6,
      "8": 9.8
    },
    "37": {
      "9": 2.4,
      "0": 2.2,
      "3": 4.0,
      "6": 3.2,