{
  "content_diversity": 0.35680827498435974,
  "classifier_auc": 0.7520865326834478,
  "ranking_stability": 0.6013386880856759,
  "feature_coefficients": {
    "word_count": 0.22458554836269318,
    "sentence_count": -0.03537121270134492,
    "avg_sentence_length": -0.6592774624064036,
    "paragraph_count": -0.4534949247461178,
    "heading_density": 0.22030099991308633,
    "list_frequency": 0.2940302039736484,
    "readability": 0.6571033157076293,
    "bold_emphasis_density": -0.5327126677806496,
    "citation_density": -0.04209412048197442,
    "statistic_density": -0.19511548374382406,
    "quote_density": -0.030125635212962496,
    "named_source_mentions": 0.12840391706957002,
    "year_mentions": 0.13568093748980445,
    "claim_density": -0.014051125315452904,
    "external_reference_density": 0.0,
    "question_density": 0.04255689060025336,
    "query_similarity": 0.7076665049768487,
    "corpus_centroid_similarity": -0.06790286077029763,
    "type_token_ratio": -0.2619266118670033,
    "vocabulary_sophistication": 0.00958145056780519,
    "sentiment_polarity": -0.061343946080691845,
    "avg_word_length": -0.0697500443282216,
    "semantic_uniqueness": 0.41574393158238826,
    "information_density": 0.22228267398467083,
    "specificity_score": 0.04443804230913518
  },
  "avg_ranks": {
    "0": {
      "7": 1.4,
      "4": 1.8,
      "9": 4.4,
      "5": 7.2,
      "3": 6.8,
      "6": 4.8,
      "2": 5.4,
      "8": 6.0,
      "1": 7.4,
      "0": 9.8
    },
    "1": {
      "9": 1.4,
      "6": 1.6,
      "1": 3.6,
      "5": 3.4,
      "8": 5.4,
      "2": 6.2,
      "4": 6.4,
      "7": 9.0,
      "0": 8.4,
      "3": 9.6
    },
    "2": {
      "1": 1.0,
      "7": 2.6,
      "5": 2.8,
      "9": 4.2,
      "8": 5.4,
      "6": 5.6,
      "3": 7.4,
      "4": 7.6,
      "2": 8.4,
      "0": 10.0
    },
    "3": {
      "0": 3.8,
      "8": 3.8,
      "1": 4.8,
      "5": 4.6,
      "9": 3.6,
      "7": 7.2,
      "6": 6.8,
      "4": 7.0,
      "2": 6.4,
      "3": 7.0
    },
    "4": {
      "9": 2.8,
      "2": 2.4,
      "7": 1.8,
      "6": 3.4,
      "1": 5.0,
      "8": 5.6,
      "4": 8.0,
      "0": 7.2,
      "3": 8.8,
      "5": 10.0
    },
    "5": {
      "7": 1.6,
      "8": 1.4,
      "3": 6.8,
      "4": 3.8,
      "0": 4.0,
      "6": 8.2,
      "5": 5.4,
      "2": 8.2,
      "1": 6.8,
      "9": 8.8
    },
    "6": {
      "0": 1.6,
      "1": 2.2,
      "2": 3.4,
      "8": 4.8,
      "3": 4.0,
      "5": 5.0,
      "9": 7.4,
      "7": 9.4,
      "4": 9.0,
      "6": 8.2
    },
    "7": {
      "7": 1.0,
      "1": 2.2,
      "0": 4.8,
      "8": 4.0,
      "9": 5.4,
      "2": 6.8,
      "5": 7.4,
      "6": 4.4,
      "3": 9.6,
      "4": 9.4
    },
    "8": {
      "2": 1.8,
      "1": 1.6,
      "3": 4.2,
      "6": 4.8,
      "5": 3.0,
      "0": 5.6,
      "7": 7.2,
      "4": 8.6,
      "9": 8.2,
      "8": 10.0
    },
    "9": {
      "5": 1.6,
      "6": 1.8,
      "0": 7.0,
      "1": 8.8,
      "4": 3.0,
      "3": 6.0,
      "8": 6.2,
      "2": 7.8,
      "7": 5.2,
      "9": 7.6
    },
    "10": {
      "2": 1.0,
      "5": 3.2,
      "1": 2.4,
      "9": 4.6,
      "7": 5.6,
      "6": 7.0,
      "3": 5.2,
      "8": 7.6,
      "4": 8.6,
      "0": 9.8
    },
    "11": {
      "3": 2.4,
      "0": 3.0,
      "1": 3.6,
      "4": 6.0,
      "2": 2.8,
      "9": 5.0,
      "5": 7.2,
      "7": 7.6,
      "8": 7.4,
      "6": 10.0
    },
    "12": {
      "8": 1.0,
      "5": 2.0,
      "1": 5.8,
      "4": 3.8,
      "7": 4.6,
      "9": 5.8,
      "3": 6.0,
      "2": 8.8,
      "6": 8.2,
      "0": 9.0
    },
    "13": {
      "0": 1.0,
      "1": 2.0,
      "6": 7.2,
      "3": 4.6,
      "2": 3.4,
      "8": 7.0,
      "7": 5.8,
      "5": 6.0,
      "9": 9.4,
      "4": 8.6
    },
    "14": {
      "6": 1.2,
      "4": 1.8,
      "5": 3.0,
      "8": 4.2,
      "0": 5.8,
      "3": 6.0,
      "1": 9.0,
      "2": 8.4,
      "9": 7.6,
      "7": 8.0
    },
    "15": {
      "3": 1.2,
      "9": 2.2,
      "8": 6.0,
      "6": 4.6,
      "0": 4.8,
      "1": 5.0,
      "2": 6.4,
      "7": 6.2,
      "5": 9.4,
      "4": 9.2
    },
    "16": {
      "2": 1.0,
      "3": 2.0,
      "5": 3.0,
      "7": 4.4,
      "4": 4.6,
      "0": 6.0,
      "1": 7.2,
      "9": 7.8,
      "8": 9.6,
      "6": 9.4
    },
    "17": {
      "4": 1.0,
      "5": 2.4,
      "7": 6.4,
      "0": 5.0,
      "3": 5.2,
      "2": 4.2,
      "1": 4.8,
      "8": 8.2,
      "9": 8.4,
      "6": 9.4
    },
    "18": {
      "0": 1.0,
      "1": 2.4,
      "2": 6.0,
      "6": 7.0,
      "5": 4.8,
      "3": 4.6,
      "7": 4.8,
      "8": 8.0,
      "4": 6.4,
      "9": 10.0
    },
    "19": {
      "8": 7.4,
      "9": 7.6,
      "3": 3.6,
      "4": 5.4,
      "0": 2.0,
      "5": 4.6,
      "1": 5.6,
      "2": 3.4,
      "6": 7.6,
      "7": 7.8
    },
    "20": {
      "0": 1.0,
      "5": 3.6,
      "4": 5.0,
      "7": 4.8,
      "6": 7.6,
      "1": 3.2,
      "2": 4.2,
      "3": 7.4,
      "8": 8.8,
      "9": 9.4
    },
    "21": {
      "0": 2.6,
      "5": 3.6,
      "6": 3.4,
      "2": 5.8,
      "1": 3.0,
      "3": 5.8,
      "9": 7.6,
      "4": 8.2,
      "8": 8.6,
      "7": 6.4
    },
    "22": {
      "1": 1.0,
      "4": 2.6,
      "5": 3.0,
      "0": 8.0,
      "8": 4.0,
      "7": 4.8,
      "2": 6.2,
      "6": 7.8,
      "9": 8.0,
      "3": 9.6
    },
    "23": {
      "8": 1.2,
      "6": 1.8,
      "3": 4.6,
      "2": 6.0,
      "7": 4.8,
      "4": 7.8,
      "1": 8.4,
      "0": 4.6,
      "9": 7.4,
      "5": 8.4
    },
    "24": {
      "5": 4.2,
      "1": 3.8,
      "0": 4.0,
      "7": 5.4,
      "8": 5.2,
      "2": 5.0,
      "9": 6.2,
      "6": 5.4,
      "4": 5.8,
      "3": 10.0
    },
    "25": {
      "7": 1.2,
      "1": 1.8,
      "2": 4.2,
      "5": 4.4,
      "4": 6.0,
      "0": 5.2,
      "6": 6.2,
      "3": 9.0,
      "9": 9.2,
      "8": 7.8
    },
    "26": {
      "4": 2.4,
      "2": 3.4,
      "3": 3.6,
      "9": 4.6,
      "0": 5.0,
      "7": 6.0,
      "5": 8.2,
      "6": 4.4,
      "8": 7.4,
      "1": 10.0
    },
    "27": {
      "3": 1.0,
      "7": 5.8,
      "4": 3.6,
      "5": 3.8,
      "1": 5.6,
      "8": 5.0,
      "0": 6.2,
      "9": 8.6,
      "6": 7.8,
      "2": 7.6
    },
    "28": {
      "7": 2.2,
      "3": 2.4,
      "8": 4.0,
      "0": 3.6,
      "1": 6.0,
      "5": 6.2,
      "9": 8.8,
      "6": 7.2,
      "2": 7.2,
      "4": 7.4
    },
    "29": {
      "0": 1.0,
      "2": 3.2,
      "9": 3.4,
      "1": 6.4,
      "5": 8.2,
      "6": 5.0,
      "4": 5.6,
      "8": 5.4,
      "3": 7.0,
      "7": 9.8
    },
    "30": {
      "0": 1.4,
      "9": 1.6,
      "1": 4.6,
      "8": 4.2,
      "6": 3.8,
      "3": 8.0,
      "7": 8.2,
      "5": 8.2,
      "2": 7.4,
      "4": 7.6
    },
    "31": {
      "9": 1.0,
      "3": 2.4,
      "6": 4.0,
      "1": 4.6,
      "5": 7.2,
      "7": 7.4,
      "2": 6.8,
      "0": 7.2,
      "8": 8.4,
      "4": 6.0
    },
    "32": {
      "2": 1.0,
      "0": 6.2,
      "1": 3.6,
      "3": 5.0,
      "7": 5.4,
      "9": 5.8,
      "5": 4.6,
      "4": 4.4,
      "6": 9.0,
      "8": 10.0
    },
    "33": {
      "0": 2.0,
      "9": 2.6,
      "7": 5.0,
      "6": 3.4,
      "2": 4.4,
      "8": 5.8,
      "4": 5.6,
      "5": 7.6,
      "3": 8.6,
      "1": 10.0
    },
    "34": {
      "0": 3.0,
      "1": 2.8,
      "6": 2.8,
      "5": 3.4,
      "4": 4.8,
      "2": 6.4,
      "8": 4.8,
      "9": 8.0,
      "7": 9.2,
      "3": 9.8
    },
    "35": {
      "2": 2.6,
      "1": 2.4,
      "3": 1.8,
      "7": 3.2,
      "9": 7.4,
      "8": 7.6,
      "4": 6.6,
      "0": 7.4,
      "6": 6.4,
      "5": 9.6
    },
    "36": {
      "4": 2.2,
      "9": 1.8,
      "2": 2.0,
      "6": 4.8,
      "5": 4.8,
      "3": 7.0,
      "7": 7.4,
      "0": 7.8,
      "8": 8.8,
      "1": 8.4
    },
    "37": {
      "6": 1.4,
      "3": 5.4,
      "9": 4.8,
      "0": 3.6,
      "8": 6.0,