{
  "content_diversity": 0.38113176822662354,
  "classifier_auc": 0.8280582560023569,
  "ranking_stability": 0.589875769186114,
  "feature_coefficients": {
    "word_count": -0.07918461501820281,
    "sentence_count": 0.13882662943862337,
    "avg_sentence_length": -0.21836699923835434,
    "paragraph_count": -0.4252526451277839,
    "heading_density": 0.15449029869634154,
    "list_frequency": 0.2818264407254403,
    "readability": 0.37720136790610587,
    "bold_emphasis_density": -1.1120772217630293,
    "citation_density": -0.07403881521795022,
    "statistic_density": 0.001063885009975528,
    "quote_density": -0.3140714352825023,
    "named_source_mentions": 0.27245554393783417,
    "year_mentions": 0.07240778772423809,
    "claim_density": 0.19855790367465376,
    "external_reference_density": 0.0,
    "question_density": 0.12912204347446787,
    "query_similarity": 0.6165698462564594,
    "corpus_centroid_similarity": 0.21334051028116569,
    "type_token_ratio": -0.49727067929666,
    "vocabulary_sophistication": -0.22156359115443477,
    "sentiment_polarity": -0.14074283459214848,
    "avg_word_length": 0.1972917359527074,
    "semantic_uniqueness": 0.37663919323919637,
    "information_density": 0.16812458351647833,
    "specificity_score": -0.16349099116033705
  },
  "avg_ranks": {
    "0": {
      "5": 5.4,
      "9": 3.4,
      "7": 2.0,
      "6": 3.8,
      "4": 2.2,
      "8": 6.2,
      "3": 6.2,
      "2": 7.2,
      "1": 8.6,
      "0": 10.0
    },
    "1": {
      "9": 1.2,
      "6": 1.8,
      "5": 4.0,
      "4": 6.0,
      "1": 4.0,
      "2": 6.0,
      "0": 7.4,
      "8": 5.6,
      "7": 9.8,
      "3": 9.2
    },
    "2": {
      "1": 1.0,
      "5": 2.2,
      "7": 2.8,
      "6": 4.2,
      "3": 6.0,
      "4": 6.6,
      "8": 7.6,
      "9": 6.2,
      "2": 8.4,
      "0": 10.0
    },
    "3": {
      "9": 2.8,
      "8": 2.8,
      "4": 4.0,
      "6": 4.2,
      "5": 6.4,
      "1": 6.6,
      "7": 8.0,
      "0": 4.2,
      "3": 9.6,
      "2": 6.4
    },
    "4": {
      "7": 2.2,
      "1": 4.0,
      "8": 4.8,
      "2": 4.8,
      "9": 3.2,
      "6": 2.4,
      "0": 7.0,
      "4": 7.6,
      "3": 9.4,
      "5": 9.6
    },
    "5": {
      "8": 1.0,
      "7": 2.0,
      "5": 7.6,
      "0": 3.6,
      "4": 3.8,
      "2": 7.4,
      "6": 7.6,
      "1": 6.8,
      "3": 7.6,
      "9": 7.6
    },
    "6": {
      "1": 2.8,
      "2": 2.6,
      "0": 3.6,
      "3": 3.4,
      "5": 2.8,
      "8": 6.0,
      "9": 7.4,
      "6": 7.6,
      "4": 9.2,
      "7": 9.6
    },
    "7": {
      "7": 1.2,
      "1": 2.4,
      "8": 4.2,
      "6": 2.6,
      "0": 5.0,
      "9": 5.8,
      "2": 7.4,
      "5": 7.6,
      "4": 9.6,
      "3": 9.2
    },
    "8": {
      "1": 2.4,
      "2": 1.4,
      "6": 4.6,
      "5": 3.8,
      "3": 3.6,
      "7": 5.2,
      "9": 7.4,
      "0": 7.6,
      "4": 9.0,
      "8": 10.0
    },
    "9": {
      "5": 1.2,
      "6": 1.8,
      "4": 5.4,
      "8": 5.4,
      "3": 5.2,
      "7": 5.4,
      "2": 6.4,
      "0": 7.2,
      "1": 7.8,
      "9": 9.2
    },
    "10": {
      "2": 1.0,
      "1": 2.4,
      "3": 5.8,
      "6": 8.0,
      "5": 3.6,
      "9": 4.0,
      "8": 5.8,
      "7": 6.8,
      "0": 9.8,
      "4": 7.8
    },
    "11": {
      "1": 3.8,
      "0": 3.6,
      "4": 6.6,
      "3": 5.4,
      "2": 5.0,
      "9": 5.6,
      "8": 5.2,
      "7": 5.0,
      "5": 5.4,
      "6": 9.4
    },
    "12": {
      "8": 1.0,
      "5": 4.2,
      "4": 3.0,
      "7": 4.6,
      "1": 4.8,
      "9": 6.0,
      "3": 6.4,
      "6": 7.2,
      "0": 9.0,
      "2": 8.8
    },
    "13": {
      "1": 1.6,
      "2": 2.8,
      "0": 1.6,
      "3": 4.0,
      "7": 5.6,
      "5": 6.0,
      "6": 8.6,
      "8": 7.4,
      "4": 8.6,
      "9": 8.8
    },
    "14": {
      "4": 1.2,
      "6": 1.8,
      "5": 3.0,
      "8": 4.2,
      "3": 4.8,
      "1": 8.2,
      "2": 8.4,
      "7": 8.0,
      "9": 7.8,
      "0": 7.6
    },
    "15": {
      "3": 1.4,
      "9": 2.4,
      "8": 3.6,
      "2": 7.2,
      "7": 6.0,
      "1": 5.0,
      "6": 5.8,
      "0": 5.0,
      "5": 9.2,
      "4": 9.4
    },
    "16": {
      "2": 1.0,
      "3": 2.0,
      "7": 3.25,
      "4": 4.25,
      "5": 5.5,
      "1": 6.25,
      "9": 8.0,
      "0": 6.25,
      "6": 9.0,
      "8": 9.5
    },
    "17": {
      "4": 1.0,
      "5": 3.6,
      "1": 3.6,
      "2": 3.8,
      "7": 6.2,
      "8": 5.6,
      "9": 7.4,
      "3": 8.0,
      "0": 6.4,
      "6": 9.4
    },
    "18": {
      "0": 1.0,
      "7": 3.8,
      "4": 7.4,
      "6": 7.0,
      "2": 6.4,
      "1": 3.2,
      "5": 4.6,
      "3": 4.8,
      "8": 8.0,
      "9": 8.8
    },
    "19": {
      "0": 1.8,
      "4": 3.2,
      "2": 3.0,
      "1": 3.0,
      "3": 5.4,
      "7": 7.8,
      "6": 7.6,
      "5": 5.8,
      "8": 8.4,
      "9": 9.0
    },
    "20": {
      "0": 1.0,
      "2": 4.2,
      "5": 3.6,
      "8": 7.0,
      "7": 4.4,
      "1": 3.2,
      "6": 6.0,
      "4": 7.2,
      "9": 8.8,
      "3": 9.6
    },
    "21": {
      "0": 1.0,
      "5": 2.0,
      "1": 4.4,
      "2": 6.2,
      "3": 5.6,
      "6": 6.6,
      "9": 5.4,
      "4": 6.6,
      "8": 7.2,
      "7": 10.0
    },
    "22": {
      "1": 2.4,
      "8": 3.2,
      "5": 3.2,
      "4": 2.8,
      "7": 5.0,
      "2": 5.0,
      "3": 8.8,
      "9": 8.2,
      "6": 8.2,
      "0": 8.2
    },
    "23": {
      "6": 1.8,
      "8": 1.2,
      "2": 4.6,
      "3": 4.2,
      "0": 4.8,
      "4": 7.2,
      "7": 6.6,
      "9": 6.8,
      "1": 9.4,
      "5": 8.4
    },
    "24": {
      "4": 4.6,
      "9": 5.4,
      "2": 3.6,
      "8": 3.8,
      "1": 3.8,
      "0": 5.0,
      "7": 5.6,
      "6": 6.4,
      "5": 7.4,
      "3": 9.4
    },
    "25": {
      "7": 1.2,
      "1": 1.8,
      "2": 3.4,
      "5": 4.2,
      "8": 5.4,
      "6": 6.2,
      "0": 6.8,
      "4": 7.4,
      "3": 9.4,
      "9": 9.2
    },
    "26": {
      "4": 1.0,
      "2": 4.0,
      "6": 2.2,
      "3": 4.2,
      "0": 4.2,
      "9": 5.4,
      "7": 7.0,
      "1": 9.2,
      "5": 8.6,
      "8": 9.2
    },
    "27": {
      "3": 1.0,
      "1": 3.6,
      "0": 3.4,
      "5": 3.8,
      "8": 4.6,
      "4": 5.6,
      "2": 8.2,
      "6": 8.0,
      "9": 9.0,
      "7": 7.8
    },
    "28": {
      "3": 1.0,
      "6": 4.8,
      "8": 5.8,
      "7": 2.6,
      "0": 3.2,
      "2": 6.2,
      "4": 6.0,
      "5": 7.6,
      "1": 7.8,
      "9": 10.0
    },
    "29": {
      "0": 1.0,
      "1": 2.4,
      "7": 6.2,
      "2": 3.4,
      "4": 6.4,
      "9": 5.8,
      "6": 6.2,
      "8": 8.4,
      "3": 7.0,
      "5": 8.2
    },
    "30": {
      "6": 2.2,
      "0": 2.4,
      "9": 3.2,
      "1": 3.2,
      "8": 6.6,
      "5": 4.2,
      "4": 7.6,
      "2": 7.4,
      "3": 8.8,
      "7": 9.4
    },
    "31": {
      "9": 1.2,
      "6": 2.0,
      "3": 2.8,
      "1": 4.2,
      "4": 5.6,
      "0": 7.0,
      "2": 6.2,
      "7": 8.8,
      "5": 8.2,
      "8": 9.0
    },
    "32": {
      "2": 1.0,
      "3": 4.6,
      "1": 3.8,
      "7": 5.0,
      "0": 6.6,
      "4": 3.6,
      "5": 4.6,
      "9": 6.8,
      "8": 9.4,
      "6": 9.6
    },
    "33": {
      "0": 1.0,
      "3": 4.6,
      "9": 3.4,
      "6": 5.2,
      "7": 5.4,
      "2": 4.0,
      "5": 6.8,
      "4": 7.2,
      "8": 8.2,
      "1": 9.2
    },
    "34": {
      "1": 1.6,
      "0": 1.8,
      "9": 6.0,
      "8": 3.4,
      "5": 5.0,
      "6": 4.8,
      "2": 7.2,
      "4": 6.2,
      "7": 9.2,
      "3": 9.8
    },
    "35": {
      "2": 1.6,
      "1": 1.4,
      "9": 6.8,
      "3": 3.6,
      "7": 4.2,
      "4": 6.4,
      "0": 7.8,
      "6": 8.2,
      "5": 8.4,
      "8": 6.6
    },
    "36": {
      "4": 2.6,
      "9": 1.4,
      "2": 2.0,
      "3": 5.4,
      "6": 6.2,
      "1": 7.2,
      "0": 7.4,
      "7": 8.2,
      "5": 5.2,
      "8": 9.4
    },
    "37": {
      "6": 4.0,
      "0": 1.2,
      "9": 2.6,
      "3": 3.8,
      "1": 6.8,