{
  "content_diversity": 0.38388556241989136,
  "classifier_auc": 0.8130301279907578,
  "ranking_stability": 0.5822762033288349,
  "feature_coefficients": {
    "word_count": 0.4082930862710856,
    "sentence_count": -0.3124216107446795,
    "avg_sentence_length": -0.4248542728370193,
    "paragraph_count": -0.1821908588146574,
    "heading_density": 0.13599706607639375,
    "list_frequency": -0.08194150660868275,
    "readability": 0.4721303881551796,
    "bold_emphasis_density": -1.0358779819958064,
    "citation_density": -0.21559610540671123,
    "statistic_density": 0.056844371515405105,
    "quote_density": -0.2280063280342112,
    "named_source_mentions": 0.15784307414949808,
    "year_mentions": 0.06482535796905677,
    "claim_density": 0.12429676295412696,
    "external_reference_density": 0.0,
    "question_density": 0.04398032061754226,
    "query_similarity": 0.6933273666842954,
    "corpus_centroid_similarity": 0.1971133291125774,
    "type_token_ratio": -0.39044506292419895,
    "vocabulary_sophistication": -0.2536903276572614,
    "sentiment_polarity": -0.1140251076323071,
    "avg_word_length": -0.353980544817443,
    "semantic_uniqueness": 0.38347103258974835,
    "information_density": 0.016314632578264713,
    "specificity_score": -0.14267803437967413
  },
  "avg_ranks": {
    "0": {
      "7": 1.6,
      "4": 1.6,
      "6": 2.8,
      "9": 5.0,
      "8": 5.4,
      "1": 7.6,
      "3": 7.2,
      "2": 6.8,
      "5": 8.2,
      "0": 8.8
    },
    "1": {
      "9": 1.0,
      "6": 2.2,
      "5": 4.8,
      "1": 3.6,
      "8": 4.6,
      "2": 5.0,
      "0": 7.8,
      "4": 7.0,
      "3": 9.6,
      "7": 9.4
    },
    "2": {
      "5": 2.0,
      "1": 2.0,
      "7": 2.0,
      "6": 4.8,
      "3": 6.2,
      "4": 6.4,
      "8": 6.6,
      "2": 7.6,
      "9": 7.4,
      "0": 10.0
    },
    "3": {
      "0": 4.0,
      "9": 3.8,
      "8": 2.8,
      "4": 4.2,
      "6": 5.2,
      "5": 4.8,
      "1": 5.0,
      "7": 6.6,
      "2": 8.8,
      "3": 9.8
    },
    "4": {
      "6": 1.0,
      "7": 3.0,
      "9": 3.2,
      "8": 4.4,
      "1": 4.6,
      "2": 4.8,
      "4": 7.2,
      "0": 8.4,
      "3": 8.4,
      "5": 10.0
    },
    "5": {
      "8": 1.6,
      "7": 1.4,
      "4": 3.8,
      "0": 4.0,
      "1": 6.0,
      "9": 6.2,
      "3": 9.2,
      "2": 8.0,
      "6": 8.8,
      "5": 6.0
    },
    "6": {
      "5": 3.6,
      "2": 2.4,
      "1": 3.4,
      "0": 3.2,
      "8": 4.4,
      "3": 4.0,
      "9": 7.2,
      "6": 7.8,
      "4": 9.0,
      "7": 10.0
    },
    "7": {
      "7": 1.0,
      "1": 2.6,
      "6": 2.8,
      "8": 5.2,
      "2": 7.0,
      "9": 5.6,
      "0": 5.0,
      "5": 7.2,
      "4": 9.6,
      "3": 9.0
    },
    "8": {
      "1": 1.2,
      "2": 2.4,
      "5": 3.2,
      "3": 3.4,
      "0": 6.8,
      "7": 6.0,
      "6": 5.6,
      "9": 7.6,
      "4": 8.8,
      "8": 10.0
    },
    "9": {
      "5": 1.4,
      "6": 1.6,
      "3": 6.8,
      "2": 5.6,
      "7": 4.8,
      "0": 7.0,
      "1": 6.8,
      "8": 7.0,
      "4": 5.0,
      "9": 9.0
    },
    "10": {
      "2": 1.0,
      "5": 3.4,
      "9": 5.0,
      "1": 4.6,
      "7": 6.0,
      "3": 5.6,
      "8": 6.0,
      "4": 5.4,
      "0": 9.2,
      "6": 8.8
    },
    "11": {
      "2": 4.2,
      "9": 5.8,
      "3": 5.2,
      "0": 3.4,
      "1": 3.6,
      "7": 4.4,
      "8": 5.4,
      "5": 5.8,
      "4": 8.6,
      "6": 8.6
    },
    "12": {
      "8": 1.0,
      "4": 3.2,
      "0": 6.0,
      "6": 5.8,
      "7": 6.0,
      "1": 6.0,
      "9": 6.6,
      "3": 7.2,
      "2": 7.6,
      "5": 5.6
    },
    "13": {
      "0": 1.0,
      "1": 2.0,
      "2": 3.4,
      "3": 4.2,
      "7": 5.4,
      "8": 6.8,
      "9": 8.4,
      "4": 9.0,
      "5": 6.2,
      "6": 8.6
    },
    "14": {
      "6": 1.6,
      "4": 1.4,
      "5": 3.2,
      "8": 3.8,
      "3": 5.0,
      "9": 6.8,
      "7": 7.0,
      "0": 7.2,
      "1": 9.4,
      "2": 9.6
    },
    "15": {
      "8": 2.2,
      "3": 1.6,
      "9": 2.2,
      "1": 7.0,
      "0": 6.2,
      "6": 6.6,
      "7": 5.0,
      "2": 5.2,
      "5": 9.2,
      "4": 9.8
    },
    "16": {
      "2": 1.0,
      "3": 2.25,
      "7": 3.0,
      "5": 4.5,
      "4": 4.5,
      "0": 6.0,
      "1": 8.25,
      "6": 7.25,
      "9": 9.0,
      "8": 9.25
    },
    "17": {
      "4": 1.0,
      "5": 2.4,
      "2": 3.8,
      "1": 4.4,
      "8": 6.8,
      "7": 7.2,
      "9": 7.8,
      "3": 6.2,
      "0": 6.0,
      "6": 9.4
    },
    "18": {
      "0": 1.2,
      "1": 3.0,
      "7": 2.2,
      "5": 5.0,
      "3": 4.8,
      "6": 7.0,
      "2": 6.4,
      "8": 7.8,
      "4": 8.6,
      "9": 9.0
    },
    "19": {
      "0": 1.0,
      "3": 5.0,
      "4": 5.2,
      "2": 2.8,
      "1": 4.8,
      "5": 3.8,
      "8": 7.8,
      "9": 8.8,
      "6": 7.6,
      "7": 8.2
    },
    "20": {
      "0": 1.0,
      "1": 4.8,
      "9": 7.6,
      "7": 3.2,
      "5": 3.0,
      "2": 4.0,
      "4": 7.6,
      "8": 6.6,
      "6": 7.6,
      "3": 9.6
    },
    "21": {
      "0": 1.2,
      "5": 2.8,
      "9": 6.2,
      "8": 8.6,
      "4": 6.2,
      "1": 4.0,
      "2": 6.0,
      "3": 5.4,
      "6": 6.8,
      "7": 7.8
    },
    "22": {
      "1": 1.0,
      "4": 2.2,
      "5": 3.2,
      "8": 3.8,
      "7": 4.8,
      "2": 6.2,
      "6": 7.8,
      "3": 8.2,
      "9": 8.6,
      "0": 9.2
    },
    "23": {
      "6": 1.6,
      "8": 1.4,
      "0": 4.6,
      "3": 4.6,
      "2": 4.4,
      "9": 6.4,
      "7": 6.8,
      "4": 8.2,
      "5": 7.4,
      "1": 9.6
    },
    "24": {
      "2": 2.2,
      "8": 3.0,
      "0": 3.8,
      "1": 4.0,
      "7": 4.8,
      "9": 5.4,
      "4": 7.4,
      "6": 7.2,
      "5": 7.4,
      "3": 9.8
    },
    "25": {
      "7": 1.0,
      "1": 2.0,
      "2": 3.25,
      "5": 4.25,
      "8": 4.5,
      "0": 7.25,
      "6": 7.25,
      "4": 6.5,
      "9": 9.75,
      "3": 9.25
    },
    "26": {
      "4": 1.0,
      "9": 3.2,
      "0": 2.8,
      "3": 4.6,
      "7": 5.6,
      "6": 4.6,
      "5": 8.4,
      "2": 6.4,
      "8": 9.2,
      "1": 9.2
    },
    "27": {
      "3": 1.0,
      "0": 4.6,
      "1": 5.2,
      "8": 5.4,
      "5": 3.6,
      "4": 4.4,
      "2": 5.8,
      "6": 8.4,
      "9": 8.6,
      "7": 8.0
    },
    "28": {
      "3": 1.4,
      "0": 3.4,
      "1": 5.8,
      "5": 6.4,
      "7": 2.2,
      "4": 5.6,
      "2": 5.8,
      "8": 6.2,
      "6": 8.2,
      "9": 10.0
    },
    "29": {
      "0": 1.0,
      "2": 2.4,
      "9": 5.2,
      "4": 4.8,
      "6": 5.4,
      "5": 7.6,
      "1": 4.0,
      "8": 7.2,
      "7": 9.0,
      "3": 8.4
    },
    "30": {
      "0": 1.4,
      "6": 2.2,
      "8": 4.8,
      "9": 2.6,
      "1": 4.6,
      "5": 5.8,
      "2": 6.6,
      "4": 8.8,
      "7": 8.8,
      "3": 9.4
    },
    "31": {
      "9": 1.0,
      "6": 2.2,
      "3": 2.8,
      "4": 5.4,
      "1": 4.8,
      "2": 6.4,
      "8": 6.8,
      "0": 8.2,
      "7": 8.4,
      "5": 9.0
    },
    "32": {
      "2": 1.0,
      "4": 3.6,
      "1": 2.6,
      "0": 6.6,
      "7": 5.8,
      "9": 6.0,
      "3": 5.6,
      "5": 4.8,
      "6": 9.0,
      "8": 10.0
    },
    "33": {
      "0": 2.2,
      "6": 3.6,
      "9": 3.4,
      "4": 6.2,
      "8": 6.6,
      "2": 3.8,
      "7": 5.8,
      "5": 5.4,
      "3": 8.0,
      "1": 10.0
    },
    "34": {
      "2": 4.2,
      "6": 3.8,
      "5": 3.6,
      "4": 5.6,
      "1": 3.4,
      "0": 3.2,
      "8": 5.2,
      "9": 7.2,
      "3": 9.8,
      "7": 9.0
    },
    "35": {
      "1": 1.2,
      "2": 1.8,
      "9": 7.0,
      "7": 4.8,
      "3": 4.8,
      "0": 6.6,
      "8": 6.2,
      "4": 7.4,
      "6": 6.8,
      "5": 8.4
    },
    "36": {
      "2": 1.8,
      "9": 2.0,
      "4": 2.2,
      "5": 4.6,
      "3": 5.4,
      "6": 6.4,
      "1": 7.0,
      "0": 7.4,
      "7": 9.0,
      "8": 9.2
    },
    "37": {
      "0": 2.8,
      "8": 6.0,
      "5": 5.0,
      "3": 4.8,
      "9": 3.6,