{
  "content_diversity": 0.36330077052116394,
  "classifier_auc": 0.790864477161193,
  "ranking_stability": 0.6145048309178743,
  "feature_coefficients": {
    "word_count": 0.11735817732139268,
    "sentence_count": -0.03446237425925299,
    "avg_sentence_length": -0.3511659393068447,
    "paragraph_count": -0.5137969826049632,
    "heading_density": 0.13920851728669553,
    "list_frequency": 0.02806541476414597,
    "readability": 0.4343963558944641,
    "bold_emphasis_density": -0.2523234720830124,
    "citation_density": -0.17089724556961786,
    "statistic_density": -0.022228269664465707,
    "quote_density": -0.25701439623846184,
    "named_source_mentions": 0.12092827412795701,
    "year_mentions": -0.0058209175606080184,
    "claim_density": 0.0024300065273989676,
    "external_reference_density": 0.0,
    "question_density": -0.0017533048857957959,
    "query_similarity": 0.8499571522937512,
    "corpus_centroid_similarity": 0.13369776735824315,
    "type_token_ratio": -0.4507853965960969,
    "vocabulary_sophistication": -0.19586234710785688,
    "sentiment_polarity": -0.15445487096847282,
    "avg_word_length": -0.45226250955282227,
    "semantic_uniqueness": 0.2685271870187095,
    "information_density": 0.11112451754694591,
    "specificity_score": -0.04518981467625864
  },
  "avg_ranks": {
    "0": {
      "7": 1.6,
      "4": 2.6,
      "6": 3.8,
      "8": 6.4,
      "9": 4.6,
      "1": 5.6,
      "5": 4.4,
      "2": 7.6,
      "3": 8.4,
      "0": 10.0
    },
    "1": {
      "9": 1.0,
      "6": 2.0,
      "5": 4.6,
      "8": 4.0,
      "2": 5.4,
      "1": 4.4,
      "4": 7.0,
      "0": 7.6,
      "7": 9.0,
      "3": 10.0
    },
    "2": {
      "1": 1.0,
      "5": 2.25,
      "7": 2.75,
      "9": 5.0,
      "6": 4.75,
      "8": 5.25,
      "4": 7.5,
      "3": 7.5,
      "2": 9.0,
      "0": 10.0
    },
    "3": {
      "9": 2.0,
      "8": 2.6,
      "4": 3.4,
      "6": 3.6,
      "5": 4.6,
      "1": 4.8,
      "7": 7.0,
      "2": 8.8,
      "0": 8.6,
      "3": 9.6
    },
    "4": {
      "6": 1.0,
      "7": 2.0,
      "2": 3.6,
      "8": 4.8,
      "9": 4.0,
      "1": 5.6,
      "0": 7.8,
      "4": 7.4,
      "3": 8.8,
      "5": 10.0
    },
    "5": {
      "8": 1.4,
      "7": 1.6,
      "0": 3.2,
      "4": 3.8,
      "5": 7.6,
      "9": 6.2,
      "1": 7.4,
      "2": 7.6,
      "3": 7.2,
      "6": 9.0
    },
    "6": {
      "3": 1.6,
      "5": 4.0,
      "2": 2.8,
      "0": 3.0,
      "1": 5.0,
      "8": 5.4,
      "6": 8.4,
      "9": 7.8,
      "4": 7.4,
      "7": 9.6
    },
    "7": {
      "7": 1.0,
      "1": 2.0,
      "9": 4.6,
      "8": 3.4,
      "0": 4.8,
      "6": 6.0,
      "5": 8.0,
      "2": 6.6,
      "3": 9.8,
      "4": 8.8
    },
    "8": {
      "2": 1.2,
      "1": 2.2,
      "3": 2.8,
      "5": 3.8,
      "6": 5.2,
      "9": 7.6,
      "7": 6.2,
      "0": 7.6,
      "4": 8.4,
      "8": 10.0
    },
    "9": {
      "5": 1.2,
      "6": 1.8,
      "7": 4.0,
      "4": 5.0,
      "8": 6.2,
      "3": 5.6,
      "9": 7.2,
      "2": 7.8,
      "0": 8.0,
      "1": 8.2
    },
    "10": {
      "2": 1.0,
      "5": 2.5,
      "1": 2.5,
      "9": 4.75,
      "7": 4.75,
      "3": 5.75,
      "6": 7.75,
      "4": 7.75,
      "8": 8.25,
      "0": 10.0
    },
    "11": {
      "0": 2.75,
      "1": 2.25,
      "3": 3.25,
      "2": 6.25,
      "9": 7.75,
      "4": 6.25,
      "5": 5.5,
      "7": 5.75,
      "8": 5.25,
      "6": 10.0
    },
    "12": {
      "8": 1.0,
      "5": 3.6,
      "7": 6.6,
      "4": 4.4,
      "1": 5.0,
      "3": 5.6,
      "9": 7.0,
      "6": 6.6,
      "2": 7.8,
      "0": 7.4
    },
    "13": {
      "0": 1.0,
      "1": 2.2,
      "2": 3.2,
      "3": 3.8,
      "7": 6.6,
      "8": 7.4,
      "5": 7.2,
      "4": 8.2,
      "9": 9.0,
      "6": 6.4
    },
    "14": {
      "4": 1.2,
      "6": 1.8,
      "8": 3.4,
      "3": 5.8,
      "5": 3.8,
      "2": 7.8,
      "1": 8.4,
      "0": 6.8,
      "9": 7.8,
      "7": 8.2
    },
    "15": {
      "8": 1.8,
      "3": 1.6,
      "9": 3.6,
      "0": 4.2,
      "6": 4.8,
      "1": 6.2,
      "2": 7.4,
      "7": 7.2,
      "4": 9.2,
      "5": 9.0
    },
    "16": {
      "2": 1.0,
      "3": 2.4,
      "5": 3.4,
      "0": 4.8,
      "7": 4.0,
      "4": 5.4,
      "1": 7.2,
      "9": 7.8,
      "6": 9.4,
      "8": 9.6
    },
    "17": {
      "4": 1.0,
      "5": 3.8,
      "8": 6.2,
      "2": 3.8,
      "1": 4.4,
      "7": 5.8,
      "9": 8.8,
      "0": 5.6,
      "3": 6.4,
      "6": 9.2
    },
    "18": {
      "0": 1.0,
      "7": 2.0,
      "2": 5.0,
      "6": 6.0,
      "1": 4.0,
      "3": 5.0,
      "5": 5.5,
      "9": 8.25,
      "4": 8.5,
      "8": 9.75
    },
    "19": {
      "0": 1.6,
      "4": 3.0,
      "3": 4.2,
      "1": 4.2,
      "2": 3.8,
      "5": 4.6,
      "8": 7.4,
      "9": 8.4,
      "6": 8.8,
      "7": 9.0
    },
    "20": {
      "0": 1.0,
      "1": 2.6,
      "5": 3.4,
      "2": 3.6,
      "7": 4.6,
      "4": 7.4,
      "3": 9.2,
      "6": 7.0,
      "8": 6.8,
      "9": 9.4
    },
    "21": {
      "0": 1.0,
      "5": 2.0,
      "1": 4.4,
      "6": 6.8,
      "3": 6.4,
      "2": 6.0,
      "4": 6.2,
      "9": 5.6,
      "8": 7.4,
      "7": 9.2
    },
    "22": {
      "1": 1.0,
      "4": 2.2,
      "5": 2.8,
      "8": 4.6,
      "7": 5.6,
      "0": 7.0,
      "9": 6.6,
      "6": 8.4,
      "2": 7.6,
      "3": 9.2
    },
    "23": {
      "8": 1.2,
      "6": 2.0,
      "3": 4.0,
      "2": 3.4,
      "7": 6.6,
      "0": 5.0,
      "9": 6.8,
      "4": 7.6,
      "1": 8.8,
      "5": 9.6
    },
    "24": {
      "3": 8.0,
      "2": 3.8,
      "9": 5.0,
      "8": 5.0,
      "0": 4.0,
      "1": 4.2,
      "7": 5.6,
      "6": 5.8,
      "4": 6.8,
      "5": 6.8
    },
    "25": {
      "1": 1.4,
      "7": 1.6,
      "2": 4.0,
      "5": 5.0,
      "8": 6.2,
      "4": 6.2,
      "0": 6.6,
      "6": 5.8,
      "3": 9.0,
      "9": 9.2
    },
    "26": {
      "4": 1.0,
      "3": 2.2,
      "0": 3.6,
      "2": 4.2,
      "6": 5.4,
      "9": 5.4,
      "7": 6.4,
      "5": 8.4,
      "1": 9.0,
      "8": 9.4
    },
    "27": {
      "3": 1.0,
      "7": 5.5,
      "6": 2.25,
      "2": 3.75,
      "4": 4.75,
      "5": 4.75,
      "0": 8.25,
      "8": 7.0,
      "1": 8.0,
      "9": 9.75
    },
    "28": {
      "8": 4.8,
      "7": 1.8,
      "3": 1.6,
      "6": 6.4,
      "1": 6.6,
      "5": 6.8,
      "0": 4.6,
      "4": 6.6,
      "2": 6.8,
      "9": 9.0
    },
    "29": {
      "0": 1.0,
      "1": 3.2,
      "9": 4.4,
      "2": 4.4,
      "4": 5.2,
      "6": 4.2,
      "8": 6.4,
      "7": 8.0,
      "3": 9.4,
      "5": 8.8
    },
    "30": {
      "9": 2.0,
      "0": 1.6,
      "1": 4.2,
      "6": 2.8,
      "8": 4.6,
      "2": 7.2,
      "4": 8.4,
      "5": 6.8,
      "3": 8.2,
      "7": 9.2
    },
    "31": {
      "9": 1.0,
      "3": 2.5,
      "4": 5.5,
      "6": 2.75,
      "0": 6.25,
      "2": 6.25,
      "1": 6.0,
      "8": 7.75,
      "5": 8.0,
      "7": 9.0
    },
    "32": {
      "2": 1.75,
      "9": 6.5,
      "4": 3.0,
      "5": 4.0,
      "3": 4.5,
      "7": 5.75,
      "0": 5.5,
      "1": 5.0,
      "6": 9.0,
      "8": 10.0
    },
    "33": {
      "3": 6.0,
      "5": 7.4,
      "0": 2.2,
      "4": 3.6,
      "8": 6.0,
      "2": 4.4,
      "9": 3.6,
      "6": 5.0,
      "7": 7.0,
      "1": 9.8
    },
    "34": {
      "8": 2.0,
      "4": 4.0,
      "2": 5.75,
      "5": 3.0,
      "6": 3.5,
      "1": 5.0,
      "0": 5.0,
      "9": 8.75,
      "7": 8.75,
      "3": 9.25
    },
    "35": {
      "7": 4.0,
      "3": 3.0,
      "1": 2.0,
      "2": 2.4,
      "8": 7.2,
      "4": 7.0,
      "6": 8.2,
      "9": 5.2,
      "0": 7.0,
      "5": 9.0
    },
    "36": {
      "2": 1.8,
      "9": 1.8,
      "4": 2.4,
      "5": 5.8,
      "8": 8.6,
      "6": 4.8,
      "3": 6.4,
      "1": 7.6,
      "0": 7.2,
      "7": 8.6
    },
    "37": {
      "0": 2.2,
      "9": 2.4,