{
  "content_diversity": 0.3524780869483948,
  "classifier_auc": 0.7774172954757146,
  "ranking_stability": 0.6163053297199638,
  "feature_coefficients": {
    "word_count": 0.2691054408155349,
    "sentence_count": -0.3598300734502992,
    "avg_sentence_length": -0.9720456767815582,
    "paragraph_count": -0.6994655046931646,
    "heading_density": -0.8527716484600607,
    "list_frequency": 0.06976166668792624,
    "readability": 0.8015332886062986,
    "bold_emphasis_density": -0.16697260742342793,
    "citation_density": -0.08168434359744833,
    "statistic_density": -0.07178749696122672,
    "quote_density": -0.017407516168717524,
    "named_source_mentions": 0.2413591821950457,
    "year_mentions": -0.022416571362005824,
    "claim_density": 0.13270659122695555,
    "external_reference_density": 0.0,
    "question_density": -0.03916093582974169,
    "query_similarity": 0.9547008965776181,
    "corpus_centroid_similarity": 0.007451772515720317,
    "type_token_ratio": 0.018517442913192753,
    "vocabulary_sophistication": -0.18626562787904768,
    "sentiment_polarity": -0.08625084989835557,
    "avg_word_length": 0.13512578155368557,
    "semantic_uniqueness": 0.4906448559421908,
    "information_density": 0.025186454576324062,
    "specificity_score": -0.09963355538973347
  },
  "avg_ranks": {
    "0": {
      "7": 1.2,
      "4": 1.8,
      "6": 3.8,
      "2": 5.8,
      "3": 6.0,
      "8": 5.2,
      "9": 5.0,
      "1": 8.8,
      "5": 7.4,
      "0": 10.0
    },
    "1": {
      "9": 1.2,
      "6": 2.2,
      "5": 5.6,
      "1": 3.8,
      "8": 4.6,
      "2": 5.4,
      "4": 6.0,
      "0": 7.6,
      "3": 8.8,
      "7": 9.8
    },
    "2": {
      "1": 1.8,
      "7": 2.4,
      "5": 2.6,
      "6": 5.0,
      "9": 4.0,
      "8": 5.2,
      "2": 8.6,
      "3": 7.6,
      "4": 7.8,
      "0": 10.0
    },
    "3": {
      "6": 4.2,
      "9": 3.4,
      "4": 5.8,
      "8": 3.2,
      "5": 2.6,
      "1": 4.8,
      "7": 5.4,
      "0": 6.6,
      "3": 9.8,
      "2": 9.2
    },
    "4": {
      "6": 1.8,
      "7": 2.0,
      "2": 3.0,
      "9": 3.4,
      "8": 5.0,
      "0": 6.8,
      "3": 7.8,
      "1": 6.8,
      "4": 8.4,
      "5": 10.0
    },
    "5": {
      "7": 1.6,
      "8": 1.4,
      "4": 3.8,
      "0": 3.2,
      "5": 7.0,
      "3": 7.4,
      "2": 7.0,
      "1": 6.2,
      "9": 8.8,
      "6": 8.6
    },
    "6": {
      "0": 3.0,
      "1": 2.4,
      "2": 2.4,
      "5": 3.0,
      "3": 5.4,
      "8": 4.8,
      "9": 7.4,
      "6": 8.0,
      "7": 9.8,
      "4": 8.8
    },
    "7": {
      "7": 1.0,
      "1": 2.0,
      "6": 4.2,
      "8": 3.8,
      "0": 4.8,
      "9": 6.6,
      "2": 6.4,
      "5": 7.8,
      "4": 8.6,
      "3": 9.8
    },
    "8": {
      "1": 1.6,
      "2": 2.0,
      "5": 2.8,
      "3": 4.0,
      "6": 4.6,
      "7": 6.0,
      "0": 7.0,
      "9": 8.0,
      "4": 9.0,
      "8": 10.0
    },
    "9": {
      "6": 1.6,
      "5": 1.4,
      "4": 3.0,
      "7": 5.8,
      "8": 5.4,
      "3": 4.8,
      "1": 8.2,
      "0": 8.8,
      "9": 8.0,
      "2": 8.0
    },
    "10": {
      "2": 1.0,
      "5": 3.2,
      "1": 4.2,
      "9": 4.6,
      "6": 5.4,
      "7": 5.6,
      "3": 5.6,
      "4": 7.6,
      "8": 7.8,
      "0": 10.0
    },
    "11": {
      "2": 2.4,
      "9": 4.8,
      "3": 3.4,
      "1": 2.8,
      "0": 3.4,
      "7": 6.6,
      "8": 6.8,
      "5": 7.6,
      "4": 7.2,
      "6": 10.0
    },
    "12": {
      "8": 1.0,
      "7": 2.6,
      "4": 4.4,
      "1": 7.2,
      "3": 6.6,
      "6": 6.4,
      "0": 7.2,
      "2": 8.0,
      "5": 3.6,
      "9": 8.0
    },
    "13": {
      "0": 1.0,
      "3": 3.8,
      "1": 2.2,
      "2": 3.2,
      "5": 6.6,
      "8": 6.4,
      "4": 7.4,
      "7": 5.8,
      "9": 9.0,
      "6": 9.6
    },
    "14": {
      "0": 5.2,
      "2": 7.0,
      "9": 6.8,
      "7": 7.0,
      "1": 8.0,
      "6": 2.8,
      "4": 2.6,
      "5": 4.2,
      "8": 5.4,
      "3": 6.0
    },
    "15": {
      "3": 1.0,
      "9": 2.0,
      "8": 3.8,
      "1": 3.6,
      "6": 5.8,
      "0": 5.4,
      "4": 8.2,
      "7": 7.4,
      "2": 8.0,
      "5": 9.8
    },
    "16": {
      "2": 1.0,
      "3": 2.0,
      "5": 3.2,
      "4": 4.0,
      "7": 4.8,
      "0": 6.2,
      "9": 7.4,
      "1": 7.4,
      "8": 9.8,
      "6": 9.2
    },
    "17": {
      "4": 1.0,
      "5": 2.4,
      "2": 3.6,
      "1": 3.8,
      "0": 5.4,
      "3": 5.2,
      "9": 7.6,
      "7": 7.4,
      "8": 9.2,
      "6": 9.4
    },
    "18": {
      "0": 1.0,
      "1": 3.2,
      "3": 4.6,
      "5": 5.6,
      "7": 2.6,
      "4": 5.0,
      "2": 7.2,
      "6": 8.2,
      "8": 8.6,
      "9": 9.0
    },
    "19": {
      "0": 3.4,
      "5": 5.0,
      "3": 5.2,
      "2": 3.8,
      "4": 4.6,
      "1": 5.2,
      "8": 3.6,
      "9": 6.0,
      "6": 8.4,
      "7": 9.8
    },
    "20": {
      "0": 1.0,
      "2": 3.8,
      "1": 3.2,
      "5": 2.6,
      "8": 7.6,
      "7": 5.0,
      "3": 7.4,
      "4": 6.0,
      "6": 8.4,
      "9": 10.0
    },
    "21": {
      "7": 4.6,
      "0": 3.6,
      "5": 3.8,
      "1": 3.6,
      "2": 6.2,
      "3": 6.0,
      "9": 6.2,
      "8": 8.0,
      "4": 7.4,
      "6": 5.6
    },
    "22": {
      "1": 1.6,
      "5": 3.0,
      "4": 2.4,
      "8": 4.6,
      "7": 5.4,
      "0": 5.8,
      "2": 7.4,
      "9": 6.6,
      "6": 8.2,
      "3": 10.0
    },
    "23": {
      "8": 1.0,
      "6": 2.0,
      "3": 3.25,
      "0": 5.0,
      "2": 4.0,
      "4": 8.0,
      "9": 6.75,
      "7": 6.5,
      "5": 9.25,
      "1": 9.25
    },
    "24": {
      "5": 5.0,
      "0": 4.0,
      "1": 4.5,
      "7": 5.0,
      "8": 4.75,
      "2": 5.25,
      "9": 6.0,
      "4": 4.75,
      "6": 5.75,
      "3": 10.0
    },
    "25": {
      "7": 1.4,
      "1": 1.6,
      "2": 5.0,
      "8": 7.4,
      "6": 4.8,
      "0": 5.4,
      "4": 5.8,
      "9": 7.8,
      "5": 7.2,
      "3": 8.6
    },
    "26": {
      "4": 1.0,
      "3": 2.6,
      "0": 3.8,
      "9": 5.6,
      "2": 4.2,
      "7": 6.4,
      "6": 4.6,
      "8": 8.6,
      "5": 8.2,
      "1": 10.0
    },
    "27": {
      "3": 1.0,
      "7": 3.6,
      "2": 6.0,
      "6": 6.4,
      "4": 4.0,
      "5": 4.2,
      "8": 6.8,
      "1": 6.2,
      "0": 6.8,
      "9": 10.0
    },
    "28": {
      "7": 1.8,
      "3": 1.8,
      "0": 3.6,
      "4": 6.0,
      "2": 6.6,
      "5": 8.0,
      "1": 7.4,
      "8": 5.0,
      "6": 5.2,
      "9": 9.6
    },
    "29": {
      "0": 1.0,
      "8": 5.2,
      "2": 3.0,
      "4": 5.6,
      "3": 7.4,
      "9": 4.8,
      "6": 5.4,
      "1": 5.4,
      "7": 8.4,
      "5": 8.8
    },
    "30": {
      "6": 1.8,
      "0": 1.8,
      "8": 4.0,
      "9": 2.6,
      "1": 5.0,
      "2": 7.2,
      "7": 8.4,
      "3": 8.6,
      "5": 6.8,
      "4": 8.8
    },
    "31": {
      "9": 1.0,
      "6": 2.2,
      "3": 2.8,
      "4": 6.4,
      "1": 4.4,
      "0": 6.4,
      "5": 7.6,
      "2": 7.0,
      "7": 7.4,
      "8": 9.8
    },
    "32": {
      "2": 1.0,
      "4": 3.6,
      "5": 4.0,
      "1": 4.4,
      "9": 5.6,
      "0": 7.2,
      "3": 5.4,
      "7": 5.6,
      "6": 8.2,
      "8": 10.0
    },
    "33": {
      "0": 1.0,
      "9": 3.6,
      "6": 3.8,
      "4": 5.0,
      "8": 6.0,
      "7": 7.6,
      "2": 6.6,
      "5": 5.2,
      "3": 6.2,
      "1": 10.0
    },
    "34": {
      "0": 3.0,
      "1": 2.8,
      "6": 2.6,
      "5": 3.2,
      "8": 4.6,
      "9": 7.8,
      "4": 5.6,
      "2": 6.6,
      "7": 8.8,
      "3": 10.0
    },
    "35": {
      "2": 1.2,
      "1": 1.8,
      "9": 5.8,
      "3": 3.2,
      "7": 4.2,
      "6": 7.0,
      "0": 6.8,
      "4": 7.8,
      "8": 8.4,
      "5": 8.8
    },
    "36": {
      "4": 2.2,
      "2": 1.8,
      "9": 2.0,
      "3": 5.0,
      "5": 5.2,
      "6": 5.4,
      "0": 7.2,
      "1": 8.6,
      "7": 8.8,
      "8": 8.8
    },
    "37": {
      "0": 1.0,
      "9": 2.6,
      "5": 4.6,
      "6": 2.8,