{
  "content_diversity": 0.3818374276161194,
  "classifier_auc": 0.841755786113328,
  "ranking_stability": 0.5828953434762563,
  "feature_coefficients": {
    "word_count": 0.25628728960029146,
    "sentence_count": -0.07503070493092752,
    "avg_sentence_length": -0.3176980639705281,
    "paragraph_count": -0.4519449208949224,
    "heading_density": 0.060847560150096514,
    "list_frequency": -0.1640922043529466,
    "readability": 0.4134805736820413,
    "bold_emphasis_density": -1.2449166880344753,
    "citation_density": -0.06229483674027634,
    "statistic_density": 0.03624567597732225,
    "quote_density": -0.4393201897051047,
    "named_source_mentions": -0.03752083750002996,
    "year_mentions": -0.0011421505379430202,
    "claim_density": 0.056062684191246916,
    "external_reference_density": 0.0,
    "question_density": 0.02974856741278015,
    "query_similarity": 0.5434084167806637,
    "corpus_centroid_similarity": 0.22616586887124548,
    "type_token_ratio": -0.3873235742794996,
    "vocabulary_sophistication": -0.2673532859653235,
    "sentiment_polarity": -0.08068301419090398,
    "avg_word_length": 0.044917096590791634,
    "semantic_uniqueness": 0.2298386771713799,
    "information_density": 0.11273947114858136,
    "specificity_score": 0.12691126307878917
  },
  "avg_ranks": {
    "0": {
      "7": 1.4,
      "4": 2.4,
      "8": 2.4,
      "3": 6.4,
      "1": 7.6,
      "2": 6.2,
      "5": 7.8,
      "6": 4.6,
      "9": 6.2,
      "0": 10.0
    },
    "1": {
      "6": 1.8,
      "9": 1.4,
      "5": 5.0,
      "1": 4.6,
      "8": 5.6,
      "2": 5.8,
      "4": 6.8,
      "0": 7.8,
      "7": 8.2,
      "3": 8.0
    },
    "2": {
      "1": 1.4,
      "5": 2.4,
      "7": 2.2,
      "9": 7.0,
      "6": 4.8,
      "4": 6.4,
      "3": 6.2,
      "8": 6.0,
      "2": 8.6,
      "0": 10.0
    },
    "3": {
      "9": 2.2,
      "8": 1.6,
      "5": 4.2,
      "4": 3.8,
      "6": 4.4,
      "1": 4.8,
      "7": 7.4,
      "0": 7.6,
      "2": 9.0,
      "3": 10.0
    },
    "4": {
      "6": 2.4,
      "9": 2.2,
      "1": 4.2,
      "7": 2.6,
      "2": 4.2,
      "8": 5.4,
      "4": 7.2,
      "0": 9.2,
      "3": 8.4,
      "5": 9.2
    },
    "5": {
      "7": 1.2,
      "8": 1.8,
      "0": 4.4,
      "4": 4.2,
      "9": 5.8,
      "5": 6.0,
      "1": 7.6,
      "3": 7.0,
      "2": 7.8,
      "6": 9.2
    },
    "6": {
      "2": 2.2,
      "1": 3.0,
      "0": 3.2,
      "8": 5.6,
      "3": 3.6,
      "5": 3.6,
      "6": 7.6,
      "9": 7.6,
      "4": 8.6,
      "7": 10.0
    },
    "7": {
      "7": 1.0,
      "1": 2.0,
      "6": 3.2,
      "9": 4.8,
      "0": 5.8,
      "8": 4.6,
      "2": 7.2,
      "5": 8.2,
      "4": 9.0,
      "3": 9.2
    },
    "8": {
      "1": 1.6,
      "2": 2.2,
      "9": 6.0,
      "5": 4.4,
      "3": 3.2,
      "6": 6.0,
      "7": 5.8,
      "0": 7.2,
      "4": 8.6,
      "8": 10.0
    },
    "9": {
      "6": 1.6,
      "5": 1.4,
      "7": 4.4,
      "2": 6.2,
      "8": 5.0,
      "3": 4.8,
      "9": 6.2,
      "4": 6.8,
      "0": 9.2,
      "1": 9.4
    },
    "10": {
      "2": 1.2,
      "9": 5.6,
      "5": 5.0,
      "1": 5.0,
      "4": 6.4,
      "3": 6.4,
      "8": 5.0,
      "7": 6.6,
      "6": 5.2,
      "0": 8.6
    },
    "11": {
      "5": 6.2,
      "1": 2.6,
      "0": 2.8,
      "8": 6.0,
      "7": 6.6,
      "2": 3.8,
      "3": 4.6,
      "9": 4.6,
      "4": 7.8,
      "6": 10.0
    },
    "12": {
      "8": 1.0,
      "5": 2.8,
      "4": 3.6,
      "7": 6.8,
      "9": 6.2,
      "3": 6.2,
      "0": 7.0,
      "2": 8.2,
      "6": 7.0,
      "1": 6.2
    },
    "13": {
      "0": 1.0,
      "1": 2.0,
      "3": 4.0,
      "2": 3.2,
      "6": 6.8,
      "7": 6.2,
      "5": 6.0,
      "4": 9.0,
      "8": 7.2,
      "9": 9.6
    },
    "14": {
      "4": 1.2,
      "6": 1.8,
      "5": 3.2,
      "8": 4.4,
      "3": 4.4,
      "1": 7.6,
      "0": 7.6,
      "2": 8.6,
      "7": 8.2,
      "9": 8.0
    },
    "15": {
      "3": 1.8,
      "9": 2.2,
      "8": 2.0,
      "1": 5.4,
      "6": 5.8,
      "0": 5.6,
      "7": 7.2,
      "2": 7.0,
      "5": 8.6,
      "4": 9.4
    },
    "16": {
      "2": 1.0,
      "7": 3.4,
      "4": 4.0,
      "3": 2.6,
      "0": 5.8,
      "5": 4.4,
      "1": 7.2,
      "6": 8.6,
      "9": 8.0,
      "8": 10.0
    },
    "17": {
      "4": 1.0,
      "5": 2.6,
      "1": 5.0,
      "2": 5.2,
      "0": 4.2,
      "3": 4.8,
      "7": 6.6,
      "8": 7.2,
      "9": 8.4,
      "6": 10.0
    },
    "18": {
      "0": 2.8,
      "7": 1.8,
      "1": 3.4,
      "9": 5.4,
      "3": 5.4,
      "5": 5.6,
      "6": 7.2,
      "2": 7.0,
      "4": 7.6,
      "8": 8.8
    },
    "19": {
      "0": 1.0,
      "5": 2.0,
      "3": 6.0,
      "1": 4.0,
      "4": 4.8,
      "2": 3.8,
      "8": 7.8,
      "9": 8.0,
      "6": 8.4,
      "7": 9.2
    },
    "20": {
      "0": 1.0,
      "5": 3.0,
      "7": 4.0,
      "1": 4.6,
      "6": 7.8,
      "9": 9.0,
      "8": 6.2,
      "4": 6.4,
      "2": 4.4,
      "3": 8.6
    },
    "21": {
      "7": 8.2,
      "0": 1.2,
      "5": 2.2,
      "6": 6.4,
      "1": 4.8,
      "2": 6.4,
      "3": 6.6,
      "9": 5.6,
      "4": 6.2,
      "8": 7.4
    },
    "22": {
      "4": 2.0,
      "1": 2.4,
      "5": 3.0,
      "7": 5.0,
      "8": 4.2,
      "0": 7.0,
      "2": 5.4,
      "3": 9.0,
      "6": 7.6,
      "9": 9.4
    },
    "23": {
      "6": 1.6,
      "8": 1.4,
      "0": 5.4,
      "2": 3.2,
      "7": 5.8,
      "3": 4.8,
      "9": 7.4,
      "4": 8.4,
      "5": 7.0,
      "1": 10.0
    },
    "24": {
      "6": 4.8,
      "2": 3.2,
      "0": 5.0,
      "1": 6.0,
      "7": 5.2,
      "8": 3.8,
      "9": 4.4,
      "5": 6.0,
      "3": 8.0,
      "4": 8.6
    },
    "25": {
      "7": 1.2,
      "1": 1.8,
      "2": 3.0,
      "5": 4.0,
      "8": 5.0,
      "4": 6.6,
      "0": 7.4,
      "6": 7.6,
      "3": 8.8,
      "9": 9.6
    },
    "26": {
      "4": 1.0,
      "0": 3.8,
      "3": 4.0,
      "9": 6.2,
      "6": 4.0,
      "7": 4.8,
      "2": 5.0,
      "5": 8.0,
      "8": 8.8,
      "1": 9.4
    },
    "27": {
      "3": 1.0,
      "5": 3.8,
      "0": 6.8,
      "1": 6.8,
      "8": 6.8,
      "4": 4.6,
      "2": 5.4,
      "6": 6.0,
      "9": 7.8,
      "7": 6.0
    },
    "28": {
      "7": 1.8,
      "0": 3.0,
      "3": 1.6,
      "4": 5.6,
      "2": 5.4,
      "1": 6.8,
      "5": 7.8,
      "6": 6.8,
      "8": 6.2,
      "9": 10.0
    },
    "29": {
      "0": 1.2,
      "1": 3.0,
      "2": 2.0,
      "4": 5.8,
      "6": 5.0,
      "9": 5.6,
      "7": 7.8,
      "5": 7.4,
      "8": 7.8,
      "3": 9.4
    },
    "30": {
      "0": 2.4,
      "6": 1.8,
      "9": 2.4,
      "1": 4.4,
      "8": 5.4,
      "7": 7.6,
      "3": 8.2,
      "5": 5.6,
      "2": 8.2,
      "4": 9.0
    },
    "31": {
      "9": 1.0,
      "6": 2.4,
      "3": 3.6,
      "1": 4.2,
      "4": 4.8,
      "8": 8.0,
      "7": 8.2,
      "2": 6.4,
      "5": 8.2,
      "0": 8.2
    },
    "32": {
      "2": 1.6,
      "1": 3.6,
      "4": 3.4,
      "5": 5.2,
      "3": 4.0,
      "0": 5.8,
      "9": 6.6,
      "7": 5.8,
      "8": 9.6,
      "6": 9.4
    },
    "33": {
      "0": 1.2,
      "3": 5.6,
      "2": 4.6,
      "9": 3.8,
      "6": 4.6,
      "4": 6.6,
      "8": 7.2,
      "7": 6.4,
      "5": 5.0,
      "1": 10.0
    },
    "34": {
      "1": 2.4,
      "0": 3.4,
      "9": 5.8,
      "8": 5.2,
      "6": 3.8,
      "5": 3.6,
      "2": 6.6,
      "4": 5.2,
      "7": 9.4,
      "3": 9.6
    },
    "35": {
      "1": 1.4,
      "2": 1.6,
      "5": 8.0,
      "9": 7.6,
      "6": 7.0,
      "3": 4.0,
      "7": 4.6,
      "0": 6.2,
      "8": 7.0,
      "4": 7.6
    },
    "36": {
      "4": 2.0,
      "2": 2.0,
      "9": 2.0,
      "6": 5.4,
      "3": 4.4,
      "8": 8.2,
      "5": 6.2,
      "1": 8.0,
      "7": 8.6,
      "0": 8.2
    },
    "37": {
      "0": 3.2,
      "9": 3.2,
      "3": 4.8,
      "6": 2.0,
      "8": 6.4,