{
  "content_diversity": 0.37726131081581116,
  "classifier_auc": 0.8030919750550805,
  "ranking_stability": 0.5840996168582376,
  "feature_coefficients": {
    "word_count": -0.002819084883832533,
    "sentence_count": 0.23695058751253334,
    "avg_sentence_length": -0.36544875163762247,
    "paragraph_count": -0.45648124512893773,
    "heading_density": 0.16229806687102502,
    "list_frequency": 0.10777952181677174,
    "readability": 0.6149517344084422,
    "bold_emphasis_density": -0.7836622588537904,
    "citation_density": -0.07821731198208162,
    "statistic_density": 0.09375942167980028,
    "quote_density": -0.2502246305192102,
    "named_source_mentions": 0.17737267185378117,
    "year_mentions": 0.0979068075705424,
    "claim_density": 0.004133369784174497,
    "external_reference_density": 0.0,
    "question_density": 0.07780454777456852,
    "query_similarity": 0.5751521799597871,
    "corpus_centroid_similarity": 0.09077410282990699,
    "type_token_ratio": -0.2842362200737363,
    "vocabulary_sophistication": -0.05699233635123532,
    "sentiment_polarity": -0.022833286868386683,
    "avg_word_length": -0.5714014698770878,
    "semantic_uniqueness": 0.16566177383691874,
    "information_density": 0.10760450127711807,
    "specificity_score": -0.16635021627308128
  },
  "avg_ranks": {
    "0": {
      "4": 2.4,
      "7": 2.2,
      "6": 3.6,
      "9": 4.2,
      "8": 5.0,
      "1": 7.2,
      "5": 6.0,
      "3": 8.2,
      "2": 7.2,
      "0": 9.0
    },
    "1": {
      "9": 1.4,
      "6": 2.0,
      "5": 3.8,
      "1": 3.8,
      "8": 5.6,
      "2": 6.2,
      "4": 6.4,
      "0": 6.8,
      "3": 9.2,
      "7": 9.8
    },
    "2": {
      "1": 1.8,
      "7": 2.0,
      "5": 2.2,
      "8": 5.0,
      "6": 5.8,
      "9": 5.6,
      "3": 6.6,
      "4": 7.2,
      "2": 8.8,
      "0": 10.0
    },
    "3": {
      "0": 2.4,
      "2": 5.2,
      "9": 3.4,
      "8": 3.0,
      "6": 5.8,
      "5": 5.6,
      "1": 6.2,
      "4": 6.8,
      "7": 8.2,
      "3": 8.4
    },
    "4": {
      "6": 1.0,
      "7": 3.0,
      "2": 4.0,
      "9": 3.2,
      "8": 3.8,
      "1": 6.4,
      "4": 7.0,
      "5": 9.6,
      "3": 9.0,
      "0": 8.0
    },
    "5": {
      "8": 1.4,
      "7": 1.6,
      "0": 3.4,
      "4": 3.6,
      "9": 7.0,
      "1": 6.0,
      "2": 7.8,
      "3": 8.0,
      "6": 9.6,
      "5": 6.6
    },
    "6": {
      "0": 1.8,
      "2": 1.8,
      "1": 3.0,
      "5": 3.4,
      "3": 5.4,
      "8": 5.6,
      "9": 7.2,
      "6": 7.8,
      "4": 9.2,
      "7": 9.8
    },
    "7": {
      "7": 1.0,
      "1": 2.4,
      "6": 2.6,
      "5": 7.8,
      "9": 4.6,
      "0": 5.4,
      "8": 6.2,
      "2": 7.4,
      "3": 7.6,
      "4": 10.0
    },
    "8": {
      "2": 1.25,
      "5": 3.25,
      "1": 2.25,
      "3": 3.25,
      "6": 5.5,
      "7": 6.0,
      "0": 6.75,
      "4": 9.0,
      "9": 8.0,
      "8": 9.75
    },
    "9": {
      "6": 1.6,
      "5": 1.4,
      "3": 5.0,
      "7": 4.4,
      "2": 6.8,
      "0": 7.4,
      "1": 7.6,
      "8": 6.4,
      "9": 7.6,
      "4": 6.8
    },
    "10": {
      "2": 1.0,
      "1": 2.2,
      "5": 3.2,
      "9": 5.6,
      "7": 4.2,
      "3": 5.8,
      "8": 6.6,
      "4": 7.4,
      "6": 9.0,
      "0": 10.0
    },
    "11": {
      "7": 3.0,
      "8": 4.0,
      "5": 3.8,
      "0": 4.8,
      "1": 4.2,
      "2": 4.6,
      "3": 7.0,
      "9": 5.4,
      "4": 8.2,
      "6": 10.0
    },
    "12": {
      "8": 1.0,
      "4": 4.2,
      "1": 5.6,
      "7": 6.8,
      "3": 5.6,
      "9": 5.6,
      "6": 5.6,
      "0": 7.0,
      "2": 9.0,
      "5": 4.6
    },
    "13": {
      "0": 1.0,
      "1": 2.0,
      "2": 4.2,
      "3": 4.4,
      "5": 5.2,
      "6": 7.6,
      "8": 5.8,
      "7": 7.2,
      "9": 8.8,
      "4": 8.8
    },
    "14": {
      "4": 1.6,
      "6": 1.4,
      "5": 3.0,
      "8": 4.0,
      "3": 5.6,
      "0": 6.6,
      "2": 7.8,
      "1": 8.6,
      "9": 8.2,
      "7": 8.2
    },
    "15": {
      "8": 1.4,
      "3": 1.8,
      "9": 2.8,
      "7": 5.4,
      "6": 6.6,
      "1": 5.8,
      "0": 6.0,
      "4": 9.0,
      "5": 9.6,
      "2": 6.6
    },
    "16": {
      "2": 1.0,
      "3": 2.0,
      "5": 5.25,
      "7": 3.25,
      "4": 4.75,
      "1": 5.75,
      "0": 6.0,
      "9": 8.75,
      "6": 9.0,
      "8": 9.25
    },
    "17": {
      "4": 1.2,
      "1": 3.4,
      "2": 4.4,
      "8": 6.8,
      "7": 5.6,
      "5": 5.4,
      "9": 8.6,
      "6": 7.4,
      "0": 6.0,
      "3": 6.2
    },
    "18": {
      "0": 1.8,
      "1": 2.6,
      "7": 3.0,
      "4": 5.0,
      "2": 6.6,
      "6": 7.6,
      "5": 5.8,
      "3": 5.0,
      "9": 8.8,
      "8": 8.8
    },
    "19": {
      "1": 2.8,
      "4": 3.4,
      "2": 4.4,
      "0": 1.6,
      "3": 4.6,
      "5": 4.2,
      "9": 8.6,
      "8": 8.0,
      "7": 9.0,
      "6": 8.4
    },
    "20": {
      "0": 1.0,
      "7": 3.8,
      "5": 3.2,
      "6": 6.4,
      "8": 5.8,
      "1": 4.2,
      "2": 4.4,
      "3": 9.0,
      "4": 7.4,
      "9": 9.8
    },
    "21": {
      "0": 2.0,
      "9": 5.2,
      "4": 6.4,
      "8": 7.0,
      "5": 3.8,
      "1": 4.0,
      "2": 5.8,
      "3": 6.0,
      "6": 7.2,
      "7": 7.6
    },
    "22": {
      "1": 1.2,
      "5": 2.6,
      "2": 5.8,
      "0": 4.8,
      "8": 4.6,
      "7": 5.8,
      "4": 4.4,
      "9": 7.6,
      "6": 9.0,
      "3": 9.2
    },
    "23": {
      "8": 1.0,
      "6": 2.0,
      "3": 4.25,
      "2": 3.5,
      "0": 4.25,
      "7": 6.75,
      "9": 6.75,
      "4": 8.0,
      "5": 8.75,
      "1": 9.75
    },
    "24": {
      "2": 2.2,
      "8": 3.0,
      "1": 4.4,
      "0": 4.2,
      "7": 5.2,
      "9": 5.0,
      "5": 8.6,
      "4": 6.2,
      "6": 6.6,
      "3": 9.6
    },
    "25": {
      "7": 1.25,
      "1": 1.75,
      "8": 3.0,
      "2": 4.0,
      "5": 5.0,
      "6": 6.25,
      "0": 6.75,
      "3": 9.25,
      "4": 8.25,
      "9": 9.5
    },
    "26": {
      "5": 5.0,
      "7": 3.25,
      "2": 4.0,
      "3": 4.75,
      "0": 4.75,
      "9": 6.5,
      "6": 3.5,
      "8": 8.25,
      "1": 9.5,
      "4": 5.5
    },
    "27": {
      "3": 1.0,
      "5": 4.6,
      "4": 4.8,
      "8": 4.2,
      "0": 4.6,
      "1": 4.4,
      "9": 8.4,
      "2": 6.4,
      "6": 7.4,
      "7": 9.2
    },
    "28": {
      "3": 1.0,
      "7": 2.6,
      "4": 6.2,
      "2": 6.8,
      "0": 3.6,
      "8": 4.2,
      "6": 5.2,
      "5": 7.8,
      "1": 7.6,
      "9": 10.0
    },
    "29": {
      "0": 1.0,
      "2": 2.8,
      "9": 5.4,
      "4": 5.0,
      "1": 3.4,
      "8": 6.8,
      "6": 5.0,
      "7": 7.2,
      "5": 8.6,
      "3": 9.8
    },
    "30": {
      "8": 3.2,
      "6": 1.8,
      "0": 2.2,
      "9": 3.4,
      "5": 6.2,
      "1": 5.0,
      "7": 7.6,
      "3": 8.2,
      "2": 8.2,
      "4": 9.2
    },
    "31": {
      "9": 1.0,
      "6": 2.0,
      "1": 4.2,
      "3": 3.2,
      "8": 7.2,
      "2": 6.6,
      "5": 7.8,
      "4": 5.8,
      "7": 8.4,
      "0": 8.8
    },
    "32": {
      "2": 1.6,
      "1": 3.0,
      "4": 4.0,
      "5": 4.4,
      "7": 4.8,
      "3": 5.4,
      "0": 5.4,
      "9": 7.4,
      "8": 9.2,
      "6": 9.8
    },
    "33": {
      "2": 4.4,
      "0": 1.4,
      "9": 4.2,
      "6": 5.2,
      "4": 5.8,
      "8": 6.8,
      "7": 6.0,
      "5": 4.8,
      "3": 6.4,
      "1": 10.0
    },
    "34": {
      "1": 1.6,
      "0": 1.8,
      "5": 4.8,
      "6": 5.0,
      "4": 6.0,
      "2": 6.6,
      "8": 4.2,
      "9": 6.8,
      "7": 8.2,
      "3": 10.0
    },
    "35": {
      "3": 2.8,
      "7": 3.4,
      "1": 2.2,
      "2": 2.8,
      "0": 6.6,
      "6": 7.2,
      "4": 7.6,
      "8": 4.6,
      "9": 9.0,
      "5": 8.8
    },
    "36": {
      "9": 1.6,
      "4": 2.2,
      "2": 2.2,
      "5": 4.8,
      "6": 5.4,
      "3": 7.8,
      "7": 8.0,
      "0": 6.8,
      "1": 7.4,
      "8": 8.8
    },
    "37": {
      "9": 2.8,
      "0": 1.4,
      "8": 3.6,