{
  "content_diversity": 0.3750835061073303,
  "classifier_auc": 0.8081696934988272,
  "ranking_stability": 0.6057841792409694,
  "feature_coefficients": {
    "word_count": 0.03876435761214266,
    "sentence_count": -0.11089576632253095,
    "avg_sentence_length": -0.45110636352949124,
    "paragraph_count": -0.37123122043095674,
    "heading_density": 0.14489240361553377,
    "list_frequency": 0.0895865343764326,
    "readability": 0.5300552932226532,
    "bold_emphasis_density": -0.8072768189396973,
    "citation_density": -0.08387101074557018,
    "statistic_density": 0.023350835147179685,
    "quote_density": -0.35846088610969,
    "named_source_mentions": 0.01800314026712955,
    "year_mentions": 0.028702163161296663,
    "claim_density": 0.023224981407216256,
    "external_reference_density": 0.0,
    "question_density": -0.03209588733353928,
    "query_similarity": 0.5882369126799831,
    "corpus_centroid_similarity": 0.14262884957723204,
    "type_token_ratio": -0.5535841907623744,
    "vocabulary_sophistication": -0.20275918105021482,
    "sentiment_polarity": -0.15256201553370316,
    "avg_word_length": -0.6824299158775703,
    "semantic_uniqueness": 0.18431127948956288,
    "information_density": 0.13100110971927012,
    "specificity_score": 0.10414434135977899
  },
  "avg_ranks": {
    "0": {
      "4": 1.6,
      "7": 1.8,
      "6": 3.8,
      "9": 3.8,
      "2": 5.8,
      "8": 5.8,
      "5": 5.4,
      "1": 8.6,
      "3": 8.4,
      "0": 10.0
    },
    "1": {
      "9": 1.6,
      "6": 1.8,
      "5": 2.6,
      "1": 4.0,
      "8": 5.4,
      "4": 6.8,
      "0": 7.2,
      "2": 6.6,
      "7": 9.4,
      "3": 9.6
    },
    "2": {
      "1": 1.4,
      "5": 2.0,
      "7": 2.6,
      "9": 5.2,
      "6": 5.0,
      "8": 6.6,
      "3": 6.8,
      "4": 6.6,
      "2": 8.8,
      "0": 10.0
    },
    "3": {
      "6": 2.4,
      "8": 2.6,
      "9": 2.0,
      "0": 7.4,
      "2": 8.2,
      "1": 4.4,
      "5": 5.4,
      "7": 8.2,
      "4": 5.6,
      "3": 8.8
    },
    "4": {
      "7": 1.6,
      "2": 3.8,
      "9": 3.6,
      "6": 2.0,
      "8": 4.2,
      "1": 5.8,
      "3": 9.0,
      "0": 8.0,
      "4": 7.4,
      "5": 9.6
    },
    "5": {
      "8": 1.4,
      "7": 1.6,
      "9": 5.4,
      "0": 3.8,
      "4": 4.0,
      "1": 6.0,
      "5": 7.6,
      "2": 8.2,
      "3": 8.0,
      "6": 9.0
    },
    "6": {
      "3": 4.4,
      "5": 3.6,
      "0": 2.2,
      "1": 2.8,
      "2": 2.4,
      "8": 5.8,
      "6": 7.4,
      "9": 7.6,
      "4": 8.8,
      "7": 10.0
    },
    "7": {
      "7": 1.2,
      "1": 2.6,
      "6": 2.4,
      "9": 3.8,
      "0": 5.6,
      "8": 5.4,
      "2": 7.0,
      "5": 8.0,
      "3": 9.0,
      "4": 10.0
    },
    "8": {
      "5": 3.2,
      "2": 1.6,
      "1": 1.8,
      "3": 3.8,
      "6": 4.8,
      "7": 6.2,
      "0": 6.8,
      "9": 8.2,
      "4": 8.6,
      "8": 10.0
    },
    "9": {
      "6": 1.6,
      "5": 1.4,
      "7": 3.6,
      "2": 7.6,
      "4": 4.8,
      "8": 5.8,
      "3": 6.0,
      "9": 8.4,
      "0": 7.6,
      "1": 8.2
    },
    "10": {
      "5": 4.0,
      "2": 1.4,
      "9": 5.6,
      "1": 3.4,
      "3": 5.2,
      "7": 5.2,
      "8": 5.6,
      "4": 6.6,
      "6": 8.8,
      "0": 9.2
    },
    "11": {
      "2": 3.4,
      "9": 5.2,
      "1": 2.2,
      "0": 2.4,
      "3": 2.6,
      "5": 6.4,
      "7": 7.0,
      "8": 7.6,
      "4": 8.2,
      "6": 10.0
    },
    "12": {
      "8": 1.0,
      "5": 2.2,
      "4": 6.4,
      "1": 7.0,
      "3": 6.8,
      "9": 7.4,
      "7": 4.2,
      "0": 6.4,
      "6": 5.8,
      "2": 7.8
    },
    "13": {
      "0": 1.0,
      "1": 2.0,
      "2": 3.2,
      "3": 3.8,
      "7": 6.2,
      "5": 6.8,
      "8": 6.6,
      "6": 7.8,
      "4": 7.8,
      "9": 9.8
    },
    "14": {
      "6": 2.8333333333333335,
      "4": 1.4,
      "5": 3.4,
      "8": 4.0,
      "3": 4.6,
      "0": 6.4,
      "9": 7.6,
      "7": 8.2,
      "1": 8.8,
      "2": 9.0
    },
    "15": {
      "3": 1.4,
      "9": 2.0,
      "8": 4.8,
      "7": 5.2,
      "2": 5.8,
      "0": 4.8,
      "6": 5.0,
      "1": 7.4,
      "5": 9.4,
      "4": 9.2
    },
    "16": {
      "2": 1.0,
      "3": 2.0,
      "4": 4.0,
      "7": 3.4,
      "5": 5.4,
      "1": 6.2,
      "0": 6.2,
      "9": 8.6,
      "6": 8.4,
      "8": 9.8
    },
    "17": {
      "4": 1.0,
      "5": 2.0,
      "7": 6.5,
      "2": 4.75,
      "1": 4.75,
      "0": 4.75,
      "3": 5.25,
      "6": 9.25,
      "9": 7.25,
      "8": 9.5
    },
    "18": {
      "0": 1.0,
      "7": 3.8,
      "1": 3.6,
      "5": 6.8,
      "3": 5.0,
      "4": 6.4,
      "2": 5.4,
      "6": 7.0,
      "8": 7.8,
      "9": 8.2
    },
    "19": {
      "0": 2.2,
      "5": 4.2,
      "2": 3.4,
      "1": 3.8,
      "3": 4.6,
      "4": 5.2,
      "8": 8.4,
      "9": 9.0,
      "6": 6.8,
      "7": 7.4
    },
    "20": {
      "0": 1.0,
      "5": 2.8,
      "2": 3.8,
      "8": 6.4,
      "1": 3.6,
      "7": 4.6,
      "4": 6.0,
      "6": 8.2,
      "3": 9.6,
      "9": 9.0
    },
    "21": {
      "0": 1.0,
      "5": 3.2,
      "1": 5.2,
      "3": 6.0,
      "2": 6.2,
      "6": 7.4,
      "9": 4.2,
      "4": 5.2,
      "8": 6.8,
      "7": 9.8
    },
    "22": {
      "0": 2.8,
      "1": 1.4,
      "5": 3.0,
      "4": 2.8,
      "8": 5.4,
      "7": 6.0,
      "2": 6.8,
      "6": 8.8,
      "9": 8.2,
      "3": 9.8
    },
    "23": {
      "6": 1.4,
      "8": 1.6,
      "2": 4.8,
      "0": 4.6,
      "3": 3.8,
      "7": 5.6,
      "9": 7.6,
      "4": 7.8,
      "5": 7.8,
      "1": 10.0
    },
    "24": {
      "2": 2.0,
      "8": 2.6,
      "0": 3.8,
      "1": 3.6,
      "7": 4.6,
      "9": 4.4,
      "4": 8.2,
      "6": 7.6,
      "5": 9.2,
      "3": 9.0
    },
    "25": {
      "1": 1.8,
      "7": 1.2,
      "2": 3.8,
      "5": 4.8,
      "6": 5.8,
      "0": 7.0,
      "4": 6.2,
      "3": 9.2,
      "8": 6.6,
      "9": 8.6
    },
    "26": {
      "4": 2.75,
      "3": 2.5,
      "2": 4.25,
      "9": 5.0,
      "6": 3.25,
      "0": 4.75,
      "5": 7.5,
      "7": 6.0,
      "1": 9.75,
      "8": 9.25
    },
    "27": {
      "3": 1.0,
      "5": 4.5,
      "4": 4.5,
      "1": 5.5,
      "0": 5.25,
      "8": 5.75,
      "6": 6.0,
      "2": 7.0,
      "7": 6.25,
      "9": 9.25
    },
    "28": {
      "7": 2.4,
      "3": 1.2,
      "0": 5.4,
      "2": 7.4,
      "4": 7.6,
      "8": 3.6,
      "5": 6.2,
      "1": 6.0,
      "6": 5.6,
      "9": 9.6
    },
    "29": {
      "0": 1.0,
      "2": 2.5,
      "1": 2.75,
      "8": 5.75,
      "5": 6.5,
      "9": 6.25,
      "4": 7.25,
      "6": 5.5,
      "3": 9.25,
      "7": 8.25
    },
    "30": {
      "8": 3.2,
      "6": 2.0,
      "9": 2.8,
      "0": 2.4,
      "5": 5.4,
      "1": 5.2,
      "7": 8.6,
      "3": 8.8,
      "2": 7.4,
      "4": 9.2
    },
    "31": {
      "9": 1.0,
      "6": 2.0,
      "3": 3.0,
      "4": 5.8,
      "1": 4.6,
      "5": 7.4,
      "2": 6.2,
      "0": 8.0,
      "7": 7.4,
      "8": 9.6
    },
    "32": {
      "2": 1.0,
      "3": 3.6,
      "1": 3.2,
      "0": 4.2,
      "5": 6.0,
      "4": 4.6,
      "7": 6.6,
      "9": 7.0,
      "8": 9.2,
      "6": 9.6
    },
    "33": {
      "0": 1.0,
      "9": 2.2,
      "6": 3.8,
      "5": 6.8,
      "4": 5.4,
      "2": 4.4,
      "8": 6.6,
      "7": 7.0,
      "3": 7.8,
      "1": 10.0
    },
    "34": {
      "1": 1.8,
      "0": 1.6,
      "6": 5.0,
      "5": 4.4,
      "4": 5.0,
      "2": 6.0,
      "9": 8.2,
      "8": 5.2,
      "7": 8.0,
      "3": 9.8
    },
    "35": {
      "2": 2.0,
      "1": 2.0,
      "3": 2.75,
      "7": 3.25,
      "4": 6.0,
      "8": 6.25,
      "0": 7.25,
      "6": 8.25,
      "5": 9.0,
      "9": 8.25
    },
    "36": {
      "9": 1.6,
      "2": 2.4,
      "4": 2.0,
      "3": 7.2,
      "5": 5.8,
      "6": 5.2,
      "0": 7.0,
      "1": 6.4,
      "7": 7.8,
      "8": 9.6
    },
    "37": {
      "0": 1.6,
      "9": 2.0,