{
  "content_diversity": 0.38492387533187866,
  "classifier_auc": 0.8383366550406909,
  "ranking_stability": 0.5816014394961764,
  "feature_coefficients": {
    "word_count": 0.12805427061472038,
    "sentence_count": -0.02504870241214012,
    "avg_sentence_length": -0.1475167948325837,
    "paragraph_count": -0.3687236261419105,
    "heading_density": 0.027965265245999016,
    "list_frequency": -0.0016424245363856173,
    "readability": 0.1921753734245003,
    "bold_emphasis_density": -1.1588048435508724,
    "citation_density": -0.011024373466847762,
    "statistic_density": -0.07968608161371296,
    "quote_density": -0.47370477975534053,
    "named_source_mentions": 0.2612148367312828,
    "year_mentions": -0.03908263574356648,
    "claim_density": 0.054245529173513184,
    "external_reference_density": 0.0,
    "question_density": -0.003989811104901664,
    "query_similarity": 0.588152446213457,
    "corpus_centroid_similarity": 0.09672381989853401,
    "type_token_ratio": -0.47515644465398216,
    "vocabulary_sophistication": -0.19623829855715827,
    "sentiment_polarity": -0.19715825540281132,
    "avg_word_length": -0.029031474425225377,
    "semantic_uniqueness": 0.17252399304206026,
    "information_density": 0.07984264926231717,
    "specificity_score": -0.08849922938216022
  },
  "avg_ranks": {
    "0": {
      "4": 1.4,
      "7": 1.6,
      "6": 4.8,
      "5": 6.8,
      "9": 3.6,
      "2": 5.4,
      "8": 5.6,
      "3": 7.0,
      "1": 8.8,
      "0": 10.0
    },
    "1": {
      "9": 1.0,
      "6": 2.0,
      "5": 4.0,
      "1": 3.8,
      "8": 4.8,
      "2": 5.8,
      "4": 7.2,
      "0": 7.4,
      "7": 9.6,
      "3": 9.4
    },
    "2": {
      "5": 1.2,
      "7": 2.4,
      "1": 2.4,
      "6": 4.6,
      "4": 6.0,
      "3": 6.2,
      "8": 6.4,
      "2": 8.8,
      "9": 7.0,
      "0": 10.0
    },
    "3": {
      "0": 2.4,
      "2": 4.8,
      "7": 7.4,
      "1": 5.4,
      "5": 5.6,
      "8": 6.0,
      "4": 4.8,
      "6": 5.4,
      "9": 4.6,
      "3": 8.6
    },
    "4": {
      "6": 1.8,
      "1": 4.8,
      "8": 4.0,
      "2": 3.6,
      "7": 2.4,
      "9": 4.4,
      "0": 7.4,
      "4": 8.2,
      "3": 8.6,
      "5": 9.8
    },
    "5": {
      "8": 1.0,
      "7": 2.0,
      "4": 4.0,
      "0": 4.6,
      "9": 5.0,
      "1": 8.4,
      "2": 8.0,
      "6": 7.2,
      "3": 7.4,
      "5": 7.4
    },
    "6": {
      "2": 3.0,
      "0": 3.2,
      "1": 3.4,
      "5": 3.2,
      "8": 4.0,
      "9": 7.6,
      "3": 4.8,
      "6": 7.2,
      "4": 9.2,
      "7": 9.4
    },
    "7": {
      "6": 2.0,
      "7": 1.4,
      "1": 2.6,
      "5": 7.0,
      "0": 5.6,
      "8": 5.2,
      "2": 7.0,
      "9": 5.6,
      "3": 9.2,
      "4": 9.4
    },
    "8": {
      "1": 1.2,
      "2": 2.0,
      "5": 4.0,
      "3": 3.2,
      "6": 5.2,
      "0": 7.2,
      "7": 6.0,
      "4": 8.6,
      "9": 7.6,
      "8": 10.0
    },
    "9": {
      "6": 1.4,
      "5": 1.6,
      "4": 5.6,
      "3": 4.8,
      "8": 5.4,
      "7": 4.2,
      "1": 8.0,
      "0": 8.2,
      "2": 7.8,
      "9": 8.0
    },
    "10": {
      "2": 1.0,
      "7": 5.4,
      "3": 6.0,
      "8": 5.6,
      "5": 2.6,
      "9": 5.8,
      "1": 4.2,
      "4": 6.4,
      "6": 8.2,
      "0": 9.8
    },
    "11": {
      "3": 3.2,
      "1": 2.8,
      "0": 3.0,
      "2": 3.4,
      "9": 7.0,
      "5": 5.6,
      "7": 6.0,
      "8": 5.8,
      "4": 8.4,
      "6": 9.8
    },
    "12": {
      "8": 1.0,
      "5": 2.2,
      "7": 2.8,
      "4": 5.0,
      "1": 7.0,
      "9": 6.6,
      "3": 6.4,
      "2": 8.0,
      "0": 8.0,
      "6": 8.0
    },
    "13": {
      "0": 1.0,
      "1": 2.0,
      "2": 3.2,
      "3": 3.8,
      "5": 6.6,
      "7": 6.2,
      "8": 6.4,
      "9": 9.2,
      "6": 8.0,
      "4": 8.6
    },
    "14": {
      "6": 1.4,
      "4": 1.6,
      "5": 3.0,
      "8": 4.4,
      "3": 4.6,
      "7": 6.8,
      "9": 6.6,
      "0": 7.6,
      "2": 9.4,
      "1": 9.6
    },
    "15": {
      "3": 1.2,
      "9": 2.6,
      "8": 2.6,
      "7": 5.8,
      "6": 6.8,
      "0": 5.8,
      "1": 6.2,
      "4": 7.6,
      "2": 6.8,
      "5": 9.6
    },
    "16": {
      "2": 1.0,
      "4": 3.2,
      "7": 3.8,
      "3": 2.4,
      "5": 5.0,
      "0": 6.4,
      "1": 6.2,
      "9": 8.2,
      "6": 8.8,
      "8": 10.0
    },
    "17": {
      "5": 1.6,
      "4": 1.4,
      "1": 4.0,
      "2": 5.0,
      "0": 5.6,
      "3": 6.2,
      "8": 5.8,
      "9": 7.0,
      "7": 8.4,
      "6": 10.0
    },
    "18": {
      "0": 1.2,
      "7": 2.2,
      "6": 6.8,
      "2": 7.0,
      "1": 3.0,
      "5": 4.8,
      "3": 5.0,
      "4": 7.4,
      "8": 8.2,
      "9": 9.4
    },
    "19": {
      "4": 3.6,
      "3": 5.4,
      "2": 3.6,
      "1": 4.6,
      "0": 2.0,
      "9": 8.0,
      "8": 7.8,
      "5": 4.6,
      "6": 7.0,
      "7": 8.4
    },
    "20": {
      "0": 1.2,
      "2": 2.4,
      "7": 4.4,
      "5": 3.6,
      "8": 6.2,
      "3": 8.4,
      "4": 6.6,
      "1": 5.2,
      "6": 8.6,
      "9": 8.4
    },
    "21": {
      "0": 1.8,
      "9": 3.8,
      "4": 4.4,
      "8": 5.6,
      "5": 3.4,
      "6": 6.4,
      "3": 7.4,
      "2": 7.6,
      "1": 6.4,
      "7": 8.2
    },
    "22": {
      "1": 2.2,
      "0": 7.4,
      "4": 2.6,
      "5": 3.8,
      "8": 4.0,
      "7": 4.2,
      "9": 7.8,
      "2": 5.6,
      "6": 8.2,
      "3": 9.2
    },
    "23": {
      "8": 1.2,
      "6": 1.8,
      "0": 3.6,
      "2": 4.4,
      "3": 4.0,
      "9": 6.8,
      "4": 7.8,
      "7": 6.8,
      "1": 9.8,
      "5": 8.8
    },
    "24": {
      "6": 6.0,
      "0": 3.0,
      "5": 4.8,
      "1": 3.0,
      "9": 5.4,
      "2": 4.6,
      "4": 7.4,
      "8": 6.0,
      "3": 9.0,
      "7": 5.8
    },
    "25": {
      "7": 1.2,
      "1": 1.8,
      "2": 3.2,
      "5": 3.8,
      "4": 6.4,
      "0": 6.2,
      "6": 7.2,
      "9": 9.2,
      "8": 7.6,
      "3": 8.4
    },
    "26": {
      "4": 1.0,
      "6": 2.8,
      "0": 3.8,
      "9": 4.6,
      "3": 5.0,
      "2": 5.6,
      "7": 5.8,
      "8": 8.2,
      "5": 8.2,
      "1": 10.0
    },
    "27": {
      "3": 1.0,
      "5": 3.6,
      "4": 3.8,
      "9": 7.6,
      "8": 5.6,
      "1": 5.2,
      "0": 5.4,
      "7": 8.4,
      "2": 6.6,
      "6": 7.8
    },
    "28": {
      "3": 1.0,
      "7": 2.0,
      "0": 3.4,
      "4": 4.0,
      "2": 4.6,
      "6": 6.0,
      "8": 7.4,
      "1": 8.4,
      "5": 8.2,
      "9": 10.0
    },
    "29": {
      "4": 4.2,
      "0": 1.2,
      "2": 2.4,
      "1": 4.6,
      "6": 5.6,
      "9": 5.0,
      "8": 6.8,
      "3": 8.2,
      "7": 8.4,
      "5": 8.6
    },
    "30": {
      "1": 4.0,
      "6": 1.6,
      "8": 3.8,
      "0": 2.4,
      "9": 3.2,
      "5": 6.6,
      "2": 7.0,
      "7": 8.4,
      "3": 9.0,
      "4": 9.0
    },
    "31": {
      "9": 1.0,
      "6": 2.0,
      "3": 3.6,
      "1": 5.4,
      "2": 5.6,
      "0": 7.4,
      "7": 6.6,
      "4": 6.8,
      "5": 8.4,
      "8": 8.2
    },
    "32": {
      "1": 2.6,
      "2": 2.2,
      "3": 4.0,
      "0": 6.0,
      "4": 2.8,
      "5": 4.4,
      "7": 6.6,
      "9": 7.4,
      "6": 9.2,
      "8": 9.8
    },
    "33": {
      "3": 5.6,
      "0": 1.6,
      "2": 5.0,
      "9": 3.6,
      "6": 3.8,
      "4": 6.6,
      "8": 7.2,
      "7": 6.4,
      "5": 5.2,
      "1": 10.0
    },
    "34": {
      "0": 3.8,
      "1": 3.6,
      "8": 3.4,
      "6": 3.6,
      "5": 3.8,
      "4": 4.0,
      "2": 5.8,
      "9": 8.6,
      "7": 8.4,
      "3": 10.0
    },
    "35": {
      "1": 1.2,
      "2": 1.8,
      "9": 5.6,
      "5": 8.6,
      "0": 7.0,
      "6": 6.2,
      "4": 7.6,
      "3": 5.2,
      "7": 5.4,
      "8": 6.4
    },
    "36": {
      "2": 2.0,
      "9": 2.2,
      "4": 1.8,
      "3": 5.2,
      "6": 5.6,
      "5": 6.0,
      "1": 7.4,
      "7": 8.6,
      "8": 8.4,
      "0": 7.8
    },
    "37": {
      "6": 2.2,
      "2": 7.0,
      "9": 2.8,
      "4": 7.8,