{
  "content_diversity": 0.3675166666507721,
  "classifier_auc": 0.7728724000149371,
  "ranking_stability": 0.5954185854292123,
  "feature_coefficients": {
    "word_count": -0.17729488820099143,
    "sentence_count": 0.21199512447441993,
    "avg_sentence_length": -0.19280866459565665,
    "paragraph_count": -0.3744876614952634,
    "heading_density": 0.16294914543337893,
    "list_frequency": -0.18532292495833977,
    "readability": 0.346266848288693,
    "bold_emphasis_density": -0.12894359541377717,
    "citation_density": -0.07759568466346703,
    "statistic_density": 0.0019463286355232404,
    "quote_density": -0.2674979287218706,
    "named_source_mentions": 0.29256104259190696,
    "year_mentions": 0.017997972170539823,
    "claim_density": 0.227423624289426,
    "external_reference_density": 0.0,
    "question_density": 0.04795432491929909,
    "query_similarity": 0.7284659155408505,
    "corpus_centroid_similarity": 0.10791002588212661,
    "type_token_ratio": -0.38440668737424416,
    "vocabulary_sophistication": -0.14083329154214894,
    "sentiment_polarity": -0.09994598398650457,
    "avg_word_length": 0.0062024004260465785,
    "semantic_uniqueness": 0.2741174050657817,
    "information_density": -0.014550790378019427,
    "specificity_score": -0.26055865755994184
  },
  "avg_ranks": {
    "0": {
      "5": 4.75,
      "4": 1.25,
      "7": 2.25,
      "6": 3.5,
      "8": 4.75,
      "9": 5.0,
      "2": 6.75,
      "3": 9.0,
      "1": 8.0,
      "0": 9.75
    },
    "1": {
      "9": 1.4,
      "6": 1.6,
      "5": 4.2,
      "1": 4.0,
      "8": 4.6,
      "2": 5.4,
      "4": 6.8,
      "0": 8.0,
      "3": 9.4,
      "7": 9.6
    },
    "2": {
      "5": 2.8,
      "7": 2.6,
      "1": 1.4,
      "9": 3.2,
      "8": 5.4,
      "6": 5.6,
      "4": 7.6,
      "3": 7.8,
      "2": 8.6,
      "0": 10.0
    },
    "3": {
      "6": 3.8,
      "8": 3.2,
      "5": 5.0,
      "9": 4.4,
      "1": 5.8,
      "4": 5.2,
      "7": 6.6,
      "2": 6.0,
      "0": 5.0,
      "3": 10.0
    },
    "4": {
      "6": 2.0,
      "1": 3.75,
      "9": 3.25,
      "7": 3.0,
      "2": 3.5,
      "8": 5.5,
      "0": 7.5,
      "4": 7.5,
      "5": 9.75,
      "3": 9.25
    },
    "5": {
      "7": 1.8,
      "8": 1.2,
      "0": 3.6,
      "4": 4.6,
      "5": 5.4,
      "6": 8.2,
      "2": 7.4,
      "1": 7.2,
      "3": 6.8,
      "9": 8.8
    },
    "6": {
      "3": 2.8,
      "8": 4.6,
      "5": 4.0,
      "1": 3.2,
      "0": 3.4,
      "2": 3.0,
      "6": 7.8,
      "4": 8.6,
      "9": 7.8,
      "7": 9.8
    },
    "7": {
      "7": 1.2,
      "1": 2.2,
      "6": 4.0,
      "8": 4.2,
      "0": 5.0,
      "9": 5.6,
      "2": 7.4,
      "5": 6.4,
      "4": 9.2,
      "3": 9.8
    },
    "8": {
      "2": 1.2,
      "1": 1.8,
      "5": 3.6,
      "3": 3.8,
      "6": 5.2,
      "7": 5.4,
      "0": 7.0,
      "9": 8.2,
      "4": 8.8,
      "8": 10.0
    },
    "9": {
      "5": 1.4,
      "6": 1.6,
      "4": 4.8,
      "3": 5.0,
      "8": 6.0,
      "7": 3.8,
      "0": 8.2,
      "1": 9.2,
      "9": 7.4,
      "2": 7.6
    },
    "10": {
      "2": 1.0,
      "1": 2.6,
      "5": 2.8,
      "9": 5.0,
      "7": 5.8,
      "3": 6.0,
      "6": 7.8,
      "4": 6.0,
      "8": 8.0,
      "0": 10.0
    },
    "11": {
      "0": 2.75,
      "1": 3.25,
      "8": 2.75,
      "7": 3.25,
      "5": 3.0,
      "4": 7.0,
      "3": 7.25,
      "2": 7.75,
      "9": 9.0,
      "6": 9.0
    },
    "12": {
      "8": 1.0,
      "5": 3.4,
      "7": 4.0,
      "6": 4.8,
      "0": 5.6,
      "3": 6.2,
      "9": 7.2,
      "4": 6.6,
      "1": 6.8,
      "2": 9.4
    },
    "13": {
      "0": 1.0,
      "1": 2.0,
      "2": 4.0,
      "3": 4.2,
      "8": 7.0,
      "7": 6.4,
      "4": 8.4,
      "6": 6.6,
      "5": 6.0,
      "9": 9.4
    },
    "14": {
      "4": 1.0,
      "6": 2.0,
      "5": 3.4,
      "8": 3.6,
      "0": 6.2,
      "9": 7.0,
      "7": 7.2,
      "3": 5.6,
      "2": 9.2,
      "1": 9.8
    },
    "15": {
      "8": 2.2,
      "3": 1.4,
      "9": 2.4,
      "2": 6.4,
      "7": 6.2,
      "6": 6.0,
      "0": 5.8,
      "1": 5.6,
      "4": 9.2,
      "5": 9.8
    },
    "16": {
      "2": 1.0,
      "3": 2.2,
      "5": 3.8,
      "7": 3.8,
      "4": 4.2,
      "0": 7.2,
      "1": 6.4,
      "9": 7.4,
      "8": 9.6,
      "6": 9.4
    },
    "17": {
      "4": 1.0,
      "1": 2.4,
      "2": 3.4,
      "5": 3.4,
      "0": 6.2,
      "3": 7.2,
      "7": 7.4,
      "6": 8.8,
      "9": 8.2,
      "8": 7.0
    },
    "18": {
      "0": 2.4,
      "7": 3.8,
      "1": 2.4,
      "3": 3.8,
      "5": 4.4,
      "4": 7.4,
      "2": 5.6,
      "6": 7.6,
      "8": 9.2,
      "9": 8.4
    },
    "19": {
      "0": 1.6,
      "1": 2.2,
      "2": 4.4,
      "5": 4.8,
      "4": 4.6,
      "3": 6.0,
      "8": 6.6,
      "9": 7.4,
      "6": 7.8,
      "7": 9.6
    },
    "20": {
      "0": 1.0,
      "1": 3.6,
      "2": 2.8,
      "5": 4.0,
      "7": 4.2,
      "8": 7.0,
      "4": 7.8,
      "6": 7.0,
      "3": 9.6,
      "9": 8.0
    },
    "21": {
      "0": 1.0,
      "5": 3.0,
      "4": 3.4,
      "9": 3.0,
      "8": 4.6,
      "2": 7.6,
      "3": 7.4,
      "1": 6.6,
      "6": 8.4,
      "7": 10.0
    },
    "22": {
      "0": 5.2,
      "1": 2.2,
      "4": 2.4,
      "5": 2.0,
      "8": 4.4,
      "7": 6.0,
      "9": 7.6,
      "2": 7.4,
      "3": 9.4,
      "6": 8.4
    },
    "23": {
      "6": 1.6,
      "8": 1.4,
      "0": 4.0,
      "7": 5.6,
      "3": 4.2,
      "4": 7.4,
      "2": 4.8,
      "5": 8.6,
      "9": 7.6,
      "1": 9.8
    },
    "24": {
      "8": 2.6,
      "2": 2.4,
      "1": 3.6,
      "0": 3.8,
      "7": 5.2,
      "6": 7.0,
      "5": 6.0,
      "9": 6.8,
      "4": 7.8,
      "3": 9.8
    },
    "25": {
      "7": 1.2,
      "1": 1.8,
      "2": 4.6,
      "4": 4.2,
      "0": 5.8,
      "6": 5.6,
      "5": 6.8,
      "8": 8.0,
      "9": 7.8,
      "3": 9.2
    },
    "26": {
      "4": 1.0,
      "2": 2.8,
      "3": 2.6,
      "0": 3.8,
      "9": 6.2,
      "6": 6.2,
      "7": 6.2,
      "5": 7.2,
      "8": 9.0,
      "1": 10.0
    },
    "27": {
      "3": 1.0,
      "8": 5.6,
      "1": 6.4,
      "0": 6.6,
      "5": 5.8,
      "4": 5.6,
      "9": 9.0,
      "7": 4.0,
      "2": 5.4,
      "6": 5.6
    },
    "28": {
      "3": 1.0,
      "7": 2.0,
      "0": 3.2,
      "4": 6.4,
      "2": 7.0,
      "8": 4.2,
      "6": 6.2,
      "9": 9.6,
      "5": 7.6,
      "1": 7.8
    },
    "29": {
      "0": 1.0,
      "8": 5.4,
      "9": 5.0,
      "2": 2.8,
      "4": 5.0,
      "6": 5.6,
      "1": 4.4,
      "7": 8.8,
      "5": 8.0,
      "3": 9.0
    },
    "30": {
      "6": 1.8,
      "0": 1.6,
      "9": 3.6,
      "1": 6.0,
      "8": 5.0,
      "7": 7.6,
      "3": 7.4,
      "2": 7.2,
      "4": 8.2,
      "5": 6.6
    },
    "31": {
      "9": 1.0,
      "6": 2.0,
      "3": 3.0,
      "0": 7.2,
      "1": 5.4,
      "8": 8.0,
      "2": 6.4,
      "5": 7.2,
      "7": 7.6,
      "4": 7.2
    },
    "32": {
      "2": 1.0,
      "1": 3.2,
      "3": 4.2,
      "7": 5.0,
      "4": 3.8,
      "5": 4.8,
      "9": 8.0,
      "0": 6.2,
      "8": 9.0,
      "6": 9.8
    },
    "33": {
      "0": 1.0,
      "9": 3.4,
      "6": 4.4,
      "7": 5.4,
      "4": 5.8,
      "8": 6.4,
      "3": 6.8,
      "5": 6.6,
      "2": 5.2,
      "1": 10.0
    },
    "34": {
      "0": 3.6,
      "1": 3.8,
      "8": 5.6,
      "6": 2.4,
      "5": 3.0,
      "4": 4.6,
      "9": 7.4,
      "7": 8.8,
      "2": 6.0,
      "3": 9.8
    },
    "35": {
      "1": 1.6,
      "2": 2.2,
      "3": 3.2,
      "7": 3.8,
      "4": 5.4,
      "8": 6.4,
      "0": 8.0,
      "9": 7.2,
      "6": 8.0,
      "5": 9.2
    },
    "36": {
      "4": 2.4,
      "2": 2.0,
      "9": 1.6,
      "3": 6.0,
      "6": 5.2,
      "5": 4.4,
      "0": 7.0,
      "1": 7.6,
      "7": 9.0,
      "8": 9.8
    },
    "37": {
      "0": 1.8,
      "9": 1.6,
      "6": 3.2,
      "3": 4.0,