{
  "content_diversity": 0.3600565791130066,
  "classifier_auc": 0.7865431072036749,
  "ranking_stability": 0.5941023826374144,
  "feature_coefficients": {
    "word_count": -0.024959917628848985,
    "sentence_count": 0.06661749236085447,
    "avg_sentence_length": -0.3711823175090288,
    "paragraph_count": -0.22631774685098682,
    "heading_density": 0.12661150086857695,
    "list_frequency": -0.32058217114526893,
    "readability": 0.417211775664386,
    "bold_emphasis_density": -0.17009056777084572,
    "citation_density": -0.23300701040651145,
    "statistic_density": -0.06802344767738398,
    "quote_density": -0.38195705668628605,
    "named_source_mentions": 0.15158985133026337,
    "year_mentions": -0.05768463430158991,
    "claim_density": 0.1784710942953352,
    "external_reference_density": 0.0,
    "question_density": -0.19194888221906997,
    "query_similarity": 0.7616473201395458,
    "corpus_centroid_similarity": 0.13834205075683756,
    "type_token_ratio": -0.42249179306700246,
    "vocabulary_sophistication": -0.25734623438226883,
    "sentiment_polarity": -0.12344885763632726,
    "avg_word_length": -0.39613067274816893,
    "semantic_uniqueness": 0.307498187648922,
    "information_density": 0.11885658470823197,
    "specificity_score": 0.022664222612441536
  },
  "avg_ranks": {
    "0": {
      "7": 1.4,
      "4": 1.6,
      "6": 3.6,
      "2": 4.4,
      "3": 8.0,
      "9": 5.4,
      "8": 5.2,
      "5": 7.6,
      "1": 8.2,
      "0": 9.6
    },
    "1": {
      "9": 1.0,
      "6": 2.0,
      "1": 4.0,
      "2": 5.8,
      "8": 4.6,
      "0": 6.8,
      "4": 7.0,
      "5": 4.8,
      "3": 9.4,
      "7": 9.6
    },
    "2": {
      "1": 1.4,
      "5": 2.4,
      "7": 2.2,
      "9": 5.0,
      "8": 5.4,
      "6": 5.4,
      "3": 7.0,
      "4": 7.2,
      "2": 9.0,
      "0": 10.0
    },
    "3": {
      "6": 3.8,
      "9": 2.8,
      "8": 2.8,
      "1": 3.0,
      "5": 3.0,
      "4": 6.0,
      "7": 7.0,
      "3": 9.0,
      "2": 9.4,
      "0": 8.2
    },
    "4": {
      "1": 4.6,
      "6": 3.0,
      "7": 2.0,
      "2": 3.0,
      "9": 2.8,
      "0": 7.0,
      "4": 7.6,
      "8": 6.0,
      "3": 9.0,
      "5": 10.0
    },
    "5": {
      "8": 1.25,
      "7": 1.75,
      "0": 3.5,
      "4": 4.25,
      "3": 6.75,
      "5": 6.75,
      "6": 9.0,
      "2": 7.75,
      "1": 7.25,
      "9": 6.75
    },
    "6": {
      "2": 2.0,
      "0": 2.4,
      "1": 2.2,
      "8": 6.0,
      "5": 4.4,
      "3": 4.8,
      "9": 6.8,
      "6": 7.4,
      "4": 9.2,
      "7": 9.8
    },
    "7": {
      "7": 1.0,
      "1": 2.0,
      "6": 3.8,
      "0": 4.8,
      "8": 4.0,
      "9": 6.0,
      "5": 8.4,
      "2": 7.2,
      "4": 7.8,
      "3": 10.0
    },
    "8": {
      "2": 1.6,
      "1": 1.4,
      "5": 3.4,
      "7": 5.8,
      "3": 3.8,
      "6": 5.8,
      "0": 6.8,
      "9": 7.8,
      "4": 8.6,
      "8": 10.0
    },
    "9": {
      "6": 1.6,
      "5": 1.4,
      "7": 4.4,
      "3": 5.2,
      "8": 6.2,
      "2": 5.8,
      "4": 5.2,
      "9": 8.2,
      "0": 8.2,
      "1": 8.8
    },
    "10": {
      "2": 1.0,
      "1": 2.2,
      "5": 2.8,
      "9": 4.8,
      "7": 5.4,
      "3": 5.6,
      "4": 7.2,
      "8": 7.2,
      "6": 8.8,
      "0": 10.0
    },
    "11": {
      "9": 3.75,
      "2": 5.25,
      "3": 2.25,
      "8": 5.5,
      "7": 5.5,
      "5": 7.5,
      "1": 3.5,
      "0": 4.0,
      "4": 7.75,
      "6": 10.0
    },
    "12": {
      "8": 1.0,
      "5": 5.4,
      "3": 5.6,
      "9": 5.4,
      "4": 4.0,
      "1": 5.4,
      "6": 6.8,
      "2": 7.8,
      "0": 7.0,
      "7": 6.6
    },
    "13": {
      "0": 1.0,
      "1": 2.4,
      "2": 3.8,
      "3": 3.4,
      "7": 4.6,
      "8": 6.0,
      "4": 8.4,
      "5": 7.4,
      "6": 8.2,
      "9": 9.8
    },
    "14": {
      "4": 1.4,
      "6": 1.6,
      "5": 3.4,
      "8": 3.6,
      "3": 5.8,
      "0": 7.0,
      "9": 7.8,
      "7": 7.4,
      "1": 9.0,
      "2": 8.0
    },
    "15": {
      "8": 2.6,
      "3": 1.2,
      "9": 2.2,
      "0": 4.8,
      "6": 5.8,
      "1": 5.8,
      "2": 7.2,
      "7": 7.4,
      "4": 8.2,
      "5": 9.8
    },
    "16": {
      "3": 1.75,
      "2": 1.25,
      "4": 3.75,
      "5": 3.5,
      "7": 4.75,
      "0": 6.25,
      "1": 6.75,
      "8": 9.5,
      "9": 8.25,
      "6": 9.25
    },
    "17": {
      "4": 1.0,
      "5": 3.4,
      "2": 4.8,
      "1": 4.0,
      "6": 8.0,
      "7": 5.2,
      "0": 6.2,
      "3": 7.2,
      "9": 8.8,
      "8": 6.4
    },
    "18": {
      "0": 2.6,
      "7": 3.2,
      "1": 2.8,
      "3": 4.4,
      "5": 4.2,
      "6": 7.6,
      "2": 7.0,
      "9": 7.8,
      "4": 6.4,
      "8": 9.0
    },
    "19": {
      "4": 3.6,
      "2": 3.0,
      "3": 3.6,
      "0": 2.6,
      "1": 4.6,
      "5": 6.0,
      "7": 8.4,
      "6": 8.2,
      "8": 7.0,
      "9": 8.0
    },
    "20": {
      "0": 1.0,
      "2": 2.8,
      "1": 4.6,
      "5": 3.2,
      "8": 7.0,
      "7": 4.8,
      "6": 7.8,
      "4": 6.2,
      "3": 8.4,
      "9": 9.2
    },
    "21": {
      "0": 1.4,
      "9": 4.8,
      "4": 5.4,
      "8": 6.6,
      "5": 4.8,
      "1": 4.8,
      "6": 7.8,
      "2": 6.4,
      "3": 6.6,
      "7": 6.4
    },
    "22": {
      "1": 1.2,
      "4": 1.8,
      "5": 4.0,
      "9": 6.6,
      "8": 3.6,
      "7": 5.0,
      "2": 6.4,
      "0": 8.4,
      "6": 8.0,
      "3": 10.0
    },
    "23": {
      "6": 1.4,
      "8": 1.6,
      "3": 4.4,
      "2": 4.2,
      "7": 5.2,
      "0": 5.0,
      "9": 7.2,
      "4": 7.4,
      "1": 9.8,
      "5": 8.8
    },
    "24": {
      "5": 7.0,
      "7": 4.5,
      "0": 4.5,
      "1": 4.5,
      "6": 6.5,
      "3": 9.0,
      "9": 4.5,
      "4": 5.0,
      "8": 4.75,
      "2": 4.75
    },
    "25": {
      "7": 1.2,
      "1": 1.8,
      "5": 4.6,
      "2": 4.8,
      "6": 4.8,
      "0": 5.6,
      "4": 6.2,
      "3": 8.4,
      "9": 8.2,
      "8": 9.4
    },
    "26": {
      "4": 1.0,
      "0": 3.0,
      "3": 3.0,
      "2": 4.4,
      "9": 4.6,
      "6": 5.4,
      "7": 6.8,
      "8": 8.2,
      "5": 8.6,
      "1": 10.0
    },
    "27": {
      "3": 1.0,
      "4": 2.8,
      "5": 3.0,
      "7": 8.6,
      "2": 6.4,
      "6": 7.0,
      "9": 7.6,
      "1": 6.2,
      "8": 5.8,
      "0": 6.6
    },
    "28": {
      "3": 1.2,
      "7": 1.8,
      "0": 3.8,
      "2": 5.0,
      "4": 5.6,
      "8": 4.2,
      "6": 7.6,
      "9": 9.6,
      "1": 8.0,
      "5": 8.2
    },
    "29": {
      "0": 1.0,
      "2": 3.4,
      "9": 3.6,
      "3": 8.2,
      "4": 4.8,
      "8": 7.0,
      "1": 5.6,
      "6": 4.8,
      "5": 9.0,
      "7": 7.6
    },
    "30": {
      "0": 1.8,
      "9": 1.8,
      "1": 4.8,
      "6": 3.8,
      "2": 7.4,
      "5": 6.6,
      "8": 4.4,
      "3": 7.8,
      "7": 7.6,
      "4": 9.0
    },
    "31": {
      "9": 1.0,
      "3": 2.2,
      "6": 2.8,
      "4": 5.4,
      "0": 7.4,
      "1": 5.2,
      "5": 8.0,
      "2": 7.0,
      "7": 8.6,
      "8": 7.4
    },
    "32": {
      "2": 1.25,
      "1": 4.25,
      "3": 4.25,
      "0": 4.0,
      "7": 4.75,
      "4": 4.0,
      "5": 5.5,
      "9": 8.0,
      "8": 9.25,
      "6": 9.75
    },
    "33": {
      "0": 2.0,
      "5": 3.0,
      "3": 3.3333333333333335,
      "9": 4.0,
      "6": 5.0,
      "7": 4.666666666666667,
      "2": 6.666666666666667,
      "8": 8.0,
      "4": 8.333333333333334,
      "1": 10.0
    },
    "34": {
      "1": 2.2,
      "0": 2.8,
      "8": 3.4,
      "9": 5.6,
      "6": 4.6,
      "5": 5.2,
      "4": 5.4,
      "2": 6.8,
      "7": 9.0,
      "3": 10.0
    },
    "35": {
      "2": 2.4,
      "1": 1.8,
      "3": 1.8,
      "7": 4.0,
      "5": 8.2,
      "6": 7.4,
      "0": 7.4,
      "8": 7.4,
      "4": 6.2,
      "9": 8.4
    },
    "36": {
      "2": 1.8,
      "9": 2.0,
      "5": 4.4,
      "0": 6.6,
      "7": 7.8,
      "6": 5.2,
      "4": 3.0,
      "8": 8.6,
      "3": 6.8,
      "1": 8.8
    },