{
  "content_diversity": 0.34845438599586487,
  "classifier_auc": 0.760506095467033,
  "ranking_stability": 0.59718820861678,
  "feature_coefficients": {
    "word_count": 0.21351380378957974,
    "sentence_count": 0.04783553171764335,
    "avg_sentence_length": -0.9713934680296442,
    "paragraph_count": 0.0,
    "heading_density": -0.33036480215529546,
    "list_frequency": -0.34554899713719645,
    "readability": 0.9015146845164739,
    "bold_emphasis_density": -0.08226402218169697,
    "citation_density": -0.06786517079173986,
    "statistic_density": -0.056488441680661326,
    "quote_density": 0.0,
    "named_source_mentions": 0.026516919544168245,
    "year_mentions": -0.032590754058291496,
    "claim_density": 0.005508279095524998,
    "external_reference_density": 0.0,
    "question_density": -0.06025883632806372,
    "query_similarity": 0.9620769616883518,
    "corpus_centroid_similarity": 0.033079792532014755,
    "type_token_ratio": 0.015682252099717704,
    "vocabulary_sophistication": 0.027782446605373677,
    "sentiment_polarity": -0.12056974319093429,
    "avg_word_length": 0.0829000600832985,
    "semantic_uniqueness": 0.5861965033261102,
    "information_density": 0.04335730226779119,
    "specificity_score": 0.07107537227521334
  },
  "avg_ranks": {
    "0": {
      "4": 1.25,
      "7": 2.0,
      "6": 3.25,
      "9": 5.0,
      "8": 6.0,
      "5": 7.0,
      "2": 5.5,
      "3": 7.25,
      "1": 7.75,
      "0": 10.0
    },
    "1": {
      "9": 1.0,
      "6": 2.0,
      "0": 7.0,
      "1": 4.0,
      "8": 5.2,
      "2": 5.8,
      "5": 4.0,
      "4": 7.0,
      "3": 9.6,
      "7": 9.4
    },
    "2": {
      "1": 1.4,
      "7": 2.8,
      "5": 2.2,
      "9": 4.6,
      "8": 4.4,
      "6": 5.6,
      "3": 7.8,
      "4": 7.6,
      "2": 8.6,
      "0": 10.0
    },
    "3": {
      "8": 2.25,
      "6": 5.0,
      "4": 6.0,
      "9": 3.25,
      "5": 5.0,
      "1": 6.0,
      "7": 7.75,
      "0": 4.5,
      "2": 5.5,
      "3": 9.75
    },
    "4": {
      "9": 3.0,
      "7": 1.4,
      "2": 3.0,
      "6": 2.6,
      "8": 5.6,
      "3": 8.0,
      "1": 6.6,
      "0": 7.4,
      "4": 7.4,
      "5": 10.0
    },
    "5": {
      "7": 1.6,
      "8": 1.4,
      "5": 4.4,
      "0": 3.2,
      "4": 5.0,
      "1": 6.4,
      "6": 8.4,
      "2": 8.4,
      "3": 8.6,
      "9": 7.6
    },
    "6": {
      "0": 3.0,
      "2": 2.0,
      "1": 2.8,
      "5": 3.6,
      "8": 5.0,
      "3": 4.8,
      "9": 7.6,
      "6": 7.8,
      "4": 8.4,
      "7": 10.0
    },
    "7": {
      "7": 1.4,
      "1": 1.6,
      "8": 3.6,
      "0": 5.4,
      "9": 5.2,
      "2": 6.6,
      "6": 4.8,
      "5": 7.6,
      "4": 9.2,
      "3": 9.6
    },
    "8": {
      "5": 2.4,
      "2": 2.0,
      "1": 1.8,
      "3": 4.0,
      "7": 5.8,
      "6": 5.2,
      "0": 7.0,
      "9": 8.0,
      "4": 9.0,
      "8": 9.8
    },
    "9": {
      "6": 1.8,
      "5": 1.2,
      "4": 3.8,
      "7": 6.2,
      "1": 8.8,
      "0": 8.6,
      "3": 5.2,
      "8": 5.4,
      "9": 6.4,
      "2": 7.6
    },
    "10": {
      "2": 1.0,
      "5": 3.4,
      "9": 3.8,
      "1": 4.6,
      "3": 4.8,
      "7": 6.4,
      "6": 5.0,
      "4": 8.2,
      "0": 9.8,
      "8": 8.0
    },
    "11": {
      "3": 5.4,
      "1": 3.8,
      "0": 4.4,
      "4": 8.0,
      "2": 3.0,
      "5": 3.8,
      "7": 5.6,
      "8": 5.8,
      "9": 5.2,
      "6": 10.0
    },
    "12": {
      "8": 1.0,
      "4": 5.4,
      "1": 6.8,
      "0": 5.4,
      "6": 5.6,
      "2": 7.0,
      "7": 4.6,
      "3": 7.4,
      "9": 7.6,
      "5": 4.2
    },
    "13": {
      "0": 1.0,
      "1": 2.5,
      "2": 3.5,
      "3": 3.5,
      "7": 4.5,
      "5": 6.5,
      "8": 7.25,
      "4": 8.25,
      "6": 8.75,
      "9": 9.25
    },
    "14": {
      "6": 1.6,
      "4": 1.4,
      "5": 3.0,
      "8": 4.8,
      "0": 6.0,
      "3": 6.0,
      "7": 7.2,
      "9": 7.2,
      "2": 8.8,
      "1": 9.0
    },
    "15": {
      "3": 1.2,
      "9": 2.2,
      "1": 5.4,
      "0": 4.2,
      "6": 5.4,
      "8": 4.2,
      "7": 6.8,
      "2": 6.6,
      "5": 9.4,
      "4": 9.6
    },
    "16": {
      "2": 1.0,
      "3": 2.0,
      "7": 4.25,
      "9": 5.5,
      "4": 5.5,
      "0": 4.75,
      "5": 5.0,
      "6": 8.5,
      "1": 8.5,
      "8": 10.0
    },
    "17": {
      "4": 1.2,
      "7": 2.6,
      "2": 4.4,
      "1": 4.2,
      "0": 5.8,
      "3": 6.4,
      "5": 4.4,
      "9": 8.8,
      "8": 7.2,
      "6": 10.0
    },
    "18": {
      "1": 2.4,
      "0": 2.8,
      "7": 3.4,
      "3": 4.2,
      "5": 4.8,
      "2": 7.8,
      "6": 8.0,
      "8": 8.2,
      "9": 7.6,
      "4": 5.8
    },
    "19": {
      "0": 2.2,
      "5": 5.2,
      "2": 3.6,
      "1": 4.6,
      "4": 2.4,
      "3": 5.4,
      "8": 6.4,
      "9": 6.2,
      "6": 9.0,
      "7": 10.0
    },
    "20": {
      "0": 1.0,
      "2": 3.6,
      "1": 3.4,
      "5": 2.6,
      "4": 5.6,
      "6": 7.6,
      "3": 7.0,
      "8": 8.4,
      "7": 6.4,
      "9": 9.4
    },
    "21": {
      "7": 6.4,
      "1": 4.4,
      "6": 6.6,
      "3": 6.8,
      "2": 6.6,
      "5": 3.2,
      "0": 3.0,
      "9": 5.0,
      "4": 6.0,
      "8": 7.0
    },
    "22": {
      "1": 1.2,
      "4": 2.8,
      "5": 3.0,
      "8": 4.6,
      "7": 5.6,
      "2": 7.0,
      "0": 5.4,
      "6": 8.2,
      "3": 9.0,
      "9": 8.2
    },
    "23": {
      "8": 1.2,
      "6": 1.8,
      "0": 3.0,
      "2": 4.4,
      "7": 6.0,
      "9": 6.0,
      "3": 6.8,
      "4": 8.4,
      "5": 8.2,
      "1": 9.2
    },
    "24": {
      "8": 2.4,
      "2": 2.6,
      "9": 4.8,
      "1": 4.4,
      "0": 5.0,
      "7": 5.6,
      "6": 5.6,
      "5": 8.8,
      "4": 6.0,
      "3": 9.8
    },
    "25": {
      "1": 1.6,
      "7": 1.4,
      "2": 4.0,
      "5": 5.6,
      "6": 4.6,
      "0": 5.8,
      "4": 6.6,
      "3": 8.8,
      "9": 8.4,
      "8": 8.2
    },
    "26": {
      "4": 1.0,
      "6": 4.8,
      "3": 2.6,
      "9": 4.8,
      "0": 3.8,
      "2": 4.8,
      "7": 6.4,
      "5": 9.0,
      "8": 8.4,
      "1": 9.4
    },
    "27": {
      "3": 1.0,
      "1": 2.8,
      "8": 4.2,
      "0": 4.4,
      "9": 7.2,
      "5": 4.2,
      "4": 5.4,
      "7": 8.2,
      "2": 8.6,
      "6": 9.0
    },
    "28": {
      "3": 1.0,
      "7": 2.2,
      "8": 5.0,
      "0": 3.4,
      "4": 5.8,
      "2": 6.4,
      "6": 6.2,
      "5": 7.6,
      "1": 7.4,
      "9": 10.0
    },
    "29": {
      "0": 1.0,
      "6": 3.6,
      "4": 5.0,
      "2": 3.2,
      "1": 5.8,
      "9": 4.0,
      "5": 8.4,
      "7": 9.2,
      "8": 6.8,
      "3": 8.0
    },
    "30": {
      "6": 2.8,
      "0": 1.2,
      "9": 2.2,
      "5": 5.4,
      "8": 4.8,
      "1": 5.6,
      "2": 7.0,
      "4": 9.0,
      "7": 8.4,
      "3": 8.6
    },
    "31": {
      "6": 1.8,
      "9": 1.6,
      "3": 2.6,
      "1": 5.6,
      "4": 5.2,
      "0": 6.8,
      "5": 7.4,
      "2": 6.6,
      "8": 8.8,
      "7": 8.6
    },
    "32": {
      "2": 1.0,
      "5": 4.2,
      "4": 4.0,
      "3": 3.8,
      "1": 4.6,
      "7": 5.8,
      "0": 4.8,
      "6": 9.0,
      "9": 8.0,
      "8": 9.8
    },
    "33": {
      "0": 1.0,
      "9": 3.2,
      "6": 4.2,
      "7": 6.6,
      "2": 5.0,
      "8": 6.0,
      "4": 5.8,
      "5": 5.6,
      "3": 7.8,
      "1": 9.8
    },
    "34": {
      "1": 2.4,
      "0": 3.0,
      "8": 2.2,
      "7": 6.2,
      "6": 5.2,
      "5": 5.0,
      "4": 6.0,
      "2": 7.4,
      "9": 7.6,
      "3": 10.0
    },
    "35": {
      "7": 3.4,
      "3": 2.4,
      "1": 1.6,
      "2": 2.6,
      "4": 7.8,
      "6": 6.6,
      "0": 6.2,
      "9": 6.2,
      "5": 8.4,
      "8": 9.8
    },
    "36": {
      "9": 1.2,
      "4": 2.8,
      "2": 2.0,
      "3": 4.8,
      "5": 4.2,
      "6": 7.2,
      "0": 7.6,
      "1": 7.4,
      "7": 8.0,
      "8": 9.8
    },
    "37": {
      "0": 3.4,
      "8": 5.2,
      "5": 3.8,
      "6": 2.4,
      "9": 3.4,
      "3": 6.0,