{
  "content_diversity": 0.3858671188354492,
  "classifier_auc": 0.8361385200187568,
  "ranking_stability": 0.55437641723356,
  "feature_coefficients": {
    "word_count": 0.06092040811664695,
    "sentence_count": -0.08972152093780347,
    "avg_sentence_length": -0.28233631347714844,
    "paragraph_count": -0.10406184327062006,
    "heading_density": 0.04850778616595429,
    "list_frequency": -0.05447305709758768,
    "readability": 0.3556531836701738,
    "bold_emphasis_density": -1.3759808658799255,
    "citation_density": -0.049090529427010324,
    "statistic_density": 0.020421341270861065,
    "quote_density": -0.38128245309892017,
    "named_source_mentions": 0.22856771516749935,
    "year_mentions": 0.08222243385958761,
    "claim_density": 0.061647871894919395,
    "external_reference_density": 0.0,
    "question_density": 0.02920570415386462,
    "query_similarity": 0.711051586011273,
    "corpus_centroid_similarity": 0.23216201648761942,
    "type_token_ratio": -0.47487738624253445,
    "vocabulary_sophistication": -0.2478542762578878,
    "sentiment_polarity": -0.21751356668187322,
    "avg_word_length": -0.40929680397078355,
    "semantic_uniqueness": 0.3520365640022765,
    "information_density": -0.022990502312407003,
    "specificity_score": -0.026869835155878007
  },
  "avg_ranks": {
    "0": {
      "4": 1.4,
      "7": 1.6,
      "0": 7.0,
      "9": 4.2,
      "6": 4.4,
      "8": 7.0,
      "2": 6.2,
      "5": 6.8,
      "1": 8.6,
      "3": 7.8
    },
    "1": {
      "5": 2.25,
      "6": 2.25,
      "9": 1.5,
      "1": 4.5,
      "2": 5.75,
      "8": 4.75,
      "4": 7.5,
      "0": 7.5,
      "7": 9.25,
      "3": 9.75
    },
    "2": {
      "5": 1.4,
      "7": 2.6,
      "1": 2.0,
      "8": 4.6,
      "6": 6.2,
      "9": 5.0,
      "3": 7.8,
      "4": 7.2,
      "2": 8.4,
      "0": 9.8
    },
    "3": {
      "9": 2.8,
      "8": 3.6,
      "4": 4.4,
      "6": 5.0,
      "5": 4.2,
      "1": 4.8,
      "0": 6.4,
      "2": 7.6,
      "7": 7.0,
      "3": 9.2
    },
    "4": {
      "6": 3.0,
      "7": 2.4,
      "2": 3.0,
      "9": 2.2,
      "8": 4.8,
      "4": 7.4,
      "1": 5.8,
      "0": 7.6,
      "3": 8.8,
      "5": 10.0
    },
    "5": {
      "7": 1.6,
      "8": 1.4,
      "0": 4.0,
      "4": 5.0,
      "5": 5.8,
      "9": 6.4,
      "2": 6.2,
      "1": 7.4,
      "3": 8.2,
      "6": 9.0
    },
    "6": {
      "2": 2.0,
      "1": 2.8,
      "0": 3.0,
      "5": 2.2,
      "8": 5.4,
      "9": 7.2,
      "3": 6.0,
      "4": 8.8,
      "6": 7.6,
      "7": 10.0
    },
    "7": {
      "7": 1.0,
      "1": 2.2,
      "6": 3.0,
      "8": 5.0,
      "9": 5.0,
      "0": 5.2,
      "2": 7.2,
      "5": 7.4,
      "3": 9.4,
      "4": 9.6
    },
    "8": {
      "1": 1.6,
      "2": 1.8,
      "3": 3.6,
      "5": 3.0,
      "7": 6.2,
      "9": 6.2,
      "0": 7.0,
      "6": 6.6,
      "4": 9.0,
      "8": 10.0
    },
    "9": {
      "5": 1.4,
      "6": 1.6,
      "2": 5.8,
      "4": 3.6,
      "8": 5.6,
      "3": 6.2,
      "7": 4.4,
      "0": 8.0,
      "1": 9.0,
      "9": 9.4
    },
    "10": {
      "6": 7.4,
      "2": 1.2,
      "1": 3.8,
      "5": 3.8,
      "4": 6.2,
      "8": 6.0,
      "3": 5.4,
      "7": 5.4,
      "9": 5.8,
      "0": 10.0
    },
    "11": {
      "7": 2.8,
      "8": 3.4,
      "5": 2.4,
      "0": 3.6,
      "1": 3.8,
      "2": 6.8,
      "3": 7.2,
      "9": 6.6,
      "4": 8.4,
      "6": 10.0
    },
    "12": {
      "8": 1.0,
      "7": 4.5,
      "0": 7.0,
      "6": 5.5,
      "9": 7.25,
      "3": 6.75,
      "1": 6.0,
      "4": 4.25,
      "2": 7.75,
      "5": 5.0
    },
    "13": {
      "0": 1.0,
      "1": 2.5,
      "2": 3.5,
      "3": 3.75,
      "7": 5.0,
      "8": 6.5,
      "6": 7.25,
      "5": 6.5,
      "9": 9.0,
      "4": 10.0
    },
    "14": {
      "4": 1.0,
      "6": 2.0,
      "5": 3.2,
      "3": 4.4,
      "8": 4.4,
      "0": 6.4,
      "7": 7.4,
      "9": 7.2,
      "1": 9.2,
      "2": 9.8
    },
    "15": {
      "8": 2.6,
      "3": 1.8,
      "9": 2.4,
      "0": 4.4,
      "6": 6.2,
      "1": 7.4,
      "7": 5.0,
      "2": 6.6,
      "5": 8.8,
      "4": 9.8
    },
    "16": {
      "2": 1.0,
      "3": 3.0,
      "5": 4.0,
      "7": 2.8,
      "4": 4.6,
      "0": 6.2,
      "1": 6.4,
      "6": 9.0,
      "9": 8.2,
      "8": 9.8
    },
    "17": {
      "4": 1.2,
      "5": 1.8,
      "1": 4.4,
      "2": 4.2,
      "8": 6.6,
      "7": 6.8,
      "0": 6.2,
      "3": 6.8,
      "9": 7.2,
      "6": 9.8
    },
    "18": {
      "1": 2.6,
      "3": 4.6,
      "5": 4.4,
      "0": 1.8,
      "7": 2.6,
      "2": 7.0,
      "6": 8.0,
      "8": 8.0,
      "4": 6.0,
      "9": 10.0
    },
    "19": {
      "0": 2.0,
      "5": 4.2,
      "2": 3.2,
      "1": 3.8,
      "4": 3.4,
      "3": 4.4,
      "7": 9.2,
      "6": 9.0,
      "9": 7.8,
      "8": 8.0
    },
    "20": {
      "0": 1.0,
      "5": 3.4,
      "1": 5.0,
      "4": 6.8,
      "2": 2.8,
      "7": 4.4,
      "8": 5.6,
      "6": 7.2,
      "9": 9.4,
      "3": 9.4
    },
    "21": {
      "1": 4.0,
      "6": 6.2,
      "5": 4.4,
      "0": 2.6,
      "2": 6.2,
      "3": 6.0,
      "7": 7.2,
      "9": 4.6,
      "4": 5.8,
      "8": 8.0
    },
    "22": {
      "5": 2.4,
      "1": 2.0,
      "4": 2.0,
      "8": 4.2,
      "7": 4.8,
      "2": 6.6,
      "9": 8.0,
      "6": 8.4,
      "3": 8.0,
      "0": 8.6
    },
    "23": {
      "8": 1.0,
      "6": 2.0,
      "2": 3.4,
      "0": 5.8,
      "3": 4.2,
      "7": 5.8,
      "4": 7.8,
      "9": 7.0,
      "5": 8.0,
      "1": 10.0
    },
    "24": {
      "7": 2.0,
      "0": 2.6,
      "3": 6.4,
      "9": 6.0,
      "1": 3.6,
      "6": 8.0,
      "5": 4.6,
      "4": 8.8,
      "2": 6.2,
      "8": 6.8
    },
    "25": {
      "1": 1.8,
      "7": 1.2,
      "4": 5.6,
      "6": 5.6,
      "0": 5.6,
      "2": 4.4,
      "5": 6.4,
      "8": 6.0,
      "9": 9.2,
      "3": 9.2
    },
    "26": {
      "4": 2.4,
      "9": 2.8,
      "0": 2.6,
      "3": 4.2,
      "7": 6.0,
      "2": 6.8,
      "6": 4.6,
      "8": 8.2,
      "5": 7.4,
      "1": 10.0
    },
    "27": {
      "3": 1.0,
      "9": 6.6,
      "0": 6.8,
      "8": 6.0,
      "1": 5.6,
      "5": 3.8,
      "4": 4.0,
      "2": 6.2,
      "6": 7.4,
      "7": 7.6
    },
    "28": {
      "3": 2.2,
      "7": 1.8,
      "0": 3.2,
      "6": 7.4,
      "8": 5.2,
      "5": 6.8,
      "1": 7.0,
      "2": 6.4,
      "4": 5.2,
      "9": 9.8
    },
    "29": {
      "0": 1.0,
      "2": 2.2,
      "5": 7.6,
      "1": 3.2,
      "4": 5.0,
      "9": 5.4,
      "6": 5.6,
      "7": 6.6,
      "8": 8.8,
      "3": 9.6
    },
    "30": {
      "0": 2.6,
      "6": 2.2,
      "9": 2.6,
      "8": 5.0,
      "5": 5.4,
      "1": 3.6,
      "2": 7.6,
      "3": 8.6,
      "7": 8.4,
      "4": 9.0
    },
    "31": {
      "9": 1.0,
      "6": 2.0,
      "3": 3.2,
      "1": 3.8,
      "4": 7.0,
      "7": 8.2,
      "2": 6.2,
      "5": 7.2,
      "0": 7.6,
      "8": 8.8
    },
    "32": {
      "2": 1.2,
      "4": 3.0,
      "5": 4.0,
      "1": 3.0,
      "3": 6.4,
      "7": 6.0,
      "0": 5.8,
      "9": 6.6,
      "8": 9.4,
      "6": 9.6
    },
    "33": {
      "0": 1.8,
      "9": 3.2,
      "6": 4.0,
      "7": 4.8,
      "5": 6.0,
      "3": 5.0,
      "1": 9.4,
      "2": 6.6,
      "4": 6.6,
      "8": 7.6
    },
    "34": {
      "2": 3.6,
      "5": 3.8,
      "6": 3.6,
      "4": 4.6,
      "0": 4.2,
      "1": 4.4,
      "8": 5.6,
      "9": 7.2,
      "3": 8.2,
      "7": 9.8
    },
    "35": {
      "2": 2.4,
      "1": 2.2,
      "3": 2.6,
      "7": 3.6,
      "8": 5.0,
      "4": 6.2,
      "6": 7.2,
      "5": 9.2,
      "9": 8.4,
      "0": 8.2
    },
    "36": {
      "4": 2.6,
      "9": 1.2,
      "2": 2.2,
      "3": 7.6,
      "6": 5.6,
      "5": 6.2,
      "0": 6.0,
      "1": 7.0,
      "7": 7.0,
      "8": 9.6
    },
    "37": {
      "0": 2.0,
      "9": 2.8,
      "6": 2.4,
      "3": 4.8,