{
  "content_diversity": 0.3704662621021271,
  "classifier_auc": 0.8069565217391304,
  "ranking_stability": 0.597789291882556,
  "feature_coefficients": {
    "word_count": -0.06979542337697021,
    "sentence_count": 0.134053325029599,
    "avg_sentence_length": -0.30483267943294073,
    "paragraph_count": -0.5192313102611941,
    "heading_density": 0.2686253661123691,
    "list_frequency": 0.2670189400090584,
    "readability": 0.4891071513463318,
    "bold_emphasis_density": -0.4664235736694541,
    "citation_density": -0.14704348509948426,
    "statistic_density": 0.1714068267090235,
    "quote_density": -0.3109581498972159,
    "named_source_mentions": 0.32967758998151564,
    "year_mentions": 0.06710747750581868,
    "claim_density": -0.09680037207312955,
    "external_reference_density": 0.0,
    "question_density": -0.00958777073327614,
    "query_similarity": 0.8652653700646836,
    "corpus_centroid_similarity": 0.240918994486454,
    "type_token_ratio": -0.46598249837530675,
    "vocabulary_sophistication": -0.17778831225658917,
    "sentiment_polarity": -0.1350781909876606,
    "avg_word_length": -0.6608791747031787,
    "semantic_uniqueness": 0.3140703254140828,
    "information_density": 0.040933656068658265,
    "specificity_score": -0.14663365260675673
  },
  "avg_ranks": {
    "0": {
      "4": 1.0,
      "6": 4.8,
      "7": 2.2,
      "8": 4.8,
      "1": 7.0,
      "2": 5.4,
      "9": 5.4,
      "5": 7.2,
      "3": 7.6,
      "0": 9.6
    },
    "1": {
      "9": 1.0,
      "6": 2.0,
      "5": 4.8,
      "1": 3.8,
      "8": 5.0,
      "2": 6.0,
      "4": 5.8,
      "0": 7.6,
      "3": 9.8,
      "7": 9.2
    },
    "2": {
      "5": 1.75,
      "7": 1.75,
      "1": 2.75,
      "9": 3.75,
      "6": 5.75,
      "4": 7.0,
      "3": 7.0,
      "8": 6.25,
      "2": 9.0,
      "0": 10.0
    },
    "3": {
      "6": 3.0,
      "4": 4.8,
      "8": 2.2,
      "1": 6.0,
      "5": 5.4,
      "9": 3.6,
      "7": 7.8,
      "2": 7.8,
      "0": 6.2,
      "3": 8.2
    },
    "4": {
      "6": 2.2,
      "7": 2.8,
      "2": 2.6,
      "8": 5.0,
      "9": 3.2,
      "1": 5.6,
      "4": 7.8,
      "0": 7.0,
      "3": 8.8,
      "5": 10.0
    },
    "5": {
      "8": 1.0,
      "7": 2.0,
      "4": 3.4,
      "0": 3.6,
      "1": 5.6,
      "3": 8.4,
      "2": 6.6,
      "6": 8.2,
      "9": 7.6,
      "5": 8.6
    },
    "6": {
      "8": 4.4,
      "1": 2.8,
      "2": 2.8,
      "0": 2.2,
      "5": 5.4,
      "3": 4.0,
      "9": 7.2,
      "6": 7.2,
      "7": 9.8,
      "4": 9.2
    },
    "7": {
      "6": 2.25,
      "7": 1.25,
      "1": 2.5,
      "9": 4.5,
      "8": 5.0,
      "2": 7.5,
      "0": 5.75,
      "5": 8.0,
      "3": 8.25,
      "4": 10.0
    },
    "8": {
      "2": 1.2,
      "1": 2.0,
      "0": 6.0,
      "3": 3.8,
      "5": 3.4,
      "6": 5.4,
      "9": 7.4,
      "7": 6.8,
      "8": 9.6,
      "4": 9.4
    },
    "9": {
      "6": 1.2,
      "5": 1.8,
      "7": 3.2,
      "3": 5.8,
      "8": 6.0,
      "9": 7.2,
      "4": 5.4,
      "1": 8.2,
      "0": 8.4,
      "2": 7.8
    },
    "10": {
      "2": 1.2,
      "1": 2.6,
      "5": 3.8,
      "9": 4.4,
      "8": 6.6,
      "7": 4.6,
      "3": 6.6,
      "6": 7.6,
      "4": 7.6,
      "0": 10.0
    },
    "11": {
      "8": 4.2,
      "7": 4.4,
      "5": 3.6,
      "1": 2.6,
      "0": 3.2,
      "9": 7.4,
      "2": 6.6,
      "3": 5.4,
      "4": 7.6,
      "6": 10.0
    },
    "12": {
      "8": 1.0,
      "5": 2.25,
      "7": 3.5,
      "0": 5.75,
      "6": 5.25,
      "1": 6.75,
      "4": 6.0,
      "3": 7.75,
      "9": 7.75,
      "2": 9.0
    },
    "13": {
      "0": 1.0,
      "1": 2.0,
      "2": 4.8,
      "8": 5.8,
      "3": 3.8,
      "7": 5.8,
      "5": 6.8,
      "4": 8.2,
      "9": 9.4,
      "6": 7.4
    },
    "14": {
      "8": 3.2,
      "4": 1.6,
      "6": 1.8,
      "5": 3.4,
      "3": 6.0,
      "1": 7.8,
      "0": 6.6,
      "9": 7.2,
      "7": 7.8,
      "2": 9.6
    },
    "15": {
      "3": 1.4,
      "9": 2.6,
      "8": 3.2,
      "1": 5.2,
      "2": 6.4,
      "7": 6.6,
      "0": 5.2,
      "6": 5.8,
      "5": 9.6,
      "4": 9.0
    },
    "16": {
      "2": 1.0,
      "7": 3.4,
      "3": 2.4,
      "5": 4.0,
      "4": 4.2,
      "0": 6.2,
      "9": 8.2,
      "1": 7.0,
      "6": 9.0,
      "8": 9.6
    },
    "17": {
      "4": 1.0,
      "5": 3.6,
      "7": 4.0,
      "0": 4.8,
      "3": 6.4,
      "2": 4.6,
      "1": 4.8,
      "8": 7.0,
      "9": 8.8,
      "6": 10.0
    },
    "18": {
      "0": 2.4,
      "7": 1.8,
      "1": 3.2,
      "5": 5.4,
      "3": 5.2,
      "8": 8.0,
      "2": 6.6,
      "6": 7.6,
      "4": 5.6,
      "9": 9.2
    },
    "19": {
      "4": 4.2,
      "3": 5.0,
      "2": 3.6,
      "1": 4.2,
      "0": 1.8,
      "8": 7.8,
      "9": 8.0,
      "5": 3.2,
      "7": 8.8,
      "6": 8.4
    },
    "20": {
      "0": 1.0,
      "5": 2.8,
      "2": 2.6,
      "7": 4.2,
      "1": 5.0,
      "6": 7.6,
      "8": 6.4,
      "4": 7.2,
      "9": 9.6,
      "3": 8.6
    },
    "21": {
      "0": 1.2,
      "5": 2.2,
      "1": 5.8,
      "3": 6.2,
      "2": 6.0,
      "6": 6.2,
      "7": 7.0,
      "9": 5.8,
      "4": 6.8,
      "8": 7.8
    },
    "22": {
      "1": 1.2,
      "4": 2.4,
      "5": 3.0,
      "8": 4.6,
      "7": 6.0,
      "2": 6.2,
      "9": 7.8,
      "0": 5.6,
      "6": 9.2,
      "3": 9.0
    },
    "23": {
      "8": 1.2,
      "6": 2.0,
      "2": 4.2,
      "3": 3.8,
      "1": 7.6,
      "9": 6.4,
      "0": 4.6,
      "4": 8.4,
      "7": 7.4,
      "5": 9.4
    },
    "24": {
      "2": 4.2,
      "8": 4.4,
      "1": 4.8,
      "0": 4.6,
      "7": 5.0,
      "6": 6.8,
      "9": 5.8,
      "5": 5.6,
      "4": 5.4,
      "3": 8.4
    },
    "25": {
      "7": 1.4,
      "1": 1.6,
      "2": 3.2,
      "5": 3.8,
      "8": 6.2,
      "6": 6.6,
      "0": 6.0,
      "4": 7.2,
      "3": 9.4,
      "9": 9.6
    },
    "26": {
      "4": 1.0,
      "2": 3.0,
      "3": 2.6,
      "0": 3.4,
      "9": 5.4,
      "6": 6.2,
      "7": 6.4,
      "5": 8.4,
      "8": 8.6,
      "1": 10.0
    },
    "27": {
      "3": 1.0,
      "5": 3.8,
      "4": 3.6,
      "1": 5.0,
      "8": 5.4,
      "0": 5.8,
      "2": 6.6,
      "9": 6.6,
      "6": 7.4,
      "7": 9.8
    },
    "28": {
      "3": 1.0,
      "7": 2.4,
      "0": 4.4,
      "2": 6.4,
      "4": 7.0,
      "8": 3.6,
      "6": 5.2,
      "5": 7.4,
      "1": 7.6,
      "9": 10.0
    },
    "29": {
      "0": 1.0,
      "8": 6.4,
      "9": 3.6,
      "2": 2.8,
      "4": 5.2,
      "1": 5.0,
      "3": 8.4,
      "6": 6.0,
      "5": 9.2,
      "7": 7.4
    },
    "30": {
      "0": 1.4,
      "6": 3.0,
      "9": 1.8,
      "1": 3.8,
      "8": 5.4,
      "5": 5.6,
      "2": 8.0,
      "4": 8.6,
      "7": 8.6,
      "3": 8.8
    },
    "31": {
      "9": 1.0,
      "6": 2.4,
      "3": 2.6,
      "0": 6.8,
      "5": 7.4,
      "1": 4.6,
      "7": 8.0,
      "2": 7.0,
      "4": 5.8,
      "8": 9.4
    },
    "32": {
      "2": 1.0,
      "4": 4.2,
      "5": 4.8,
      "7": 4.6,
      "1": 3.8,
      "0": 6.0,
      "9": 6.8,
      "3": 4.8,
      "8": 9.4,
      "6": 9.6
    },
    "33": {
      "0": 1.4,
      "3": 4.0,
      "5": 4.6,
      "2": 5.2,
      "7": 5.8,
      "9": 3.6,
      "4": 6.8,
      "8": 7.8,
      "6": 5.8,
      "1": 10.0
    },
    "34": {
      "1": 4.0,
      "0": 4.2,
      "9": 7.0,
      "5": 2.4,
      "6": 3.4,
      "2": 4.6,
      "4": 4.8,
      "8": 5.6,
      "3": 9.8,
      "7": 9.2
    },
    "35": {
      "2": 1.6,
      "1": 1.4,
      "3": 4.0,
      "7": 4.2,
      "9": 7.8,
      "0": 7.4,
      "4": 6.8,
      "8": 6.2,
      "5": 7.4,
      "6": 8.2
    },
    "36": {
      "2": 1.6,
      "9": 1.8,
      "4": 2.6,
      "5": 4.4,
      "6": 5.0,
      "8": 8.4,
      "0": 7.4,
      "1": 7.6,
      "7": 9.0,
      "3": 7.2
    },
    "37": {
      "0": 1.2,
      "9": 1.8,
      "5": 5.2,
      "1": 6.0,