{
  "content_diversity": 0.3795565962791443,
  "classifier_auc": 0.8240923605993613,
  "ranking_stability": 0.5937129730383266,
  "feature_coefficients": {
    "word_count": -0.035984837207945666,
    "sentence_count": 0.03573099525015507,
    "avg_sentence_length": -0.42169478125660853,
    "paragraph_count": -0.36233392093156974,
    "heading_density": 0.21092929022573412,
    "list_frequency": 0.4451270032623236,
    "readability": 0.6974825789888411,
    "bold_emphasis_density": -1.2794994253860552,
    "citation_density": -0.04807929675119407,
    "statistic_density": 0.17980114407784192,
    "quote_density": -0.1848582898964653,
    "named_source_mentions": 0.28624853746686735,
    "year_mentions": -0.0016885908347202046,
    "claim_density": -0.03384233500911019,
    "external_reference_density": 0.0,
    "question_density": -0.011717560016689848,
    "query_similarity": 0.6172321154286998,
    "corpus_centroid_similarity": 0.1581972265915219,
    "type_token_ratio": -0.44294133505003724,
    "vocabulary_sophistication": -0.20680301459089334,
    "sentiment_polarity": -0.1981434079417152,
    "avg_word_length": -0.2192647950446175,
    "semantic_uniqueness": 0.15234236137656304,
    "information_density": 0.06525592953798355,
    "specificity_score": -0.15569999777290333
  },
  "avg_ranks": {
    "0": {
      "7": 1.8,
      "4": 1.8,
      "8": 3.8,
      "6": 3.8,
      "3": 6.6,
      "9": 5.6,
      "2": 7.6,
      "5": 6.8,
      "1": 8.0,
      "0": 9.2
    },
    "1": {
      "9": 1.2,
      "6": 1.8,
      "5": 4.2,
      "1": 3.6,
      "8": 5.0,
      "2": 6.6,
      "4": 6.2,
      "0": 7.4,
      "7": 9.4,
      "3": 9.6
    },
    "2": {
      "5": 2.4,
      "7": 1.8,
      "1": 1.8,
      "6": 5.4,
      "9": 4.6,
      "4": 7.2,
      "3": 7.0,
      "2": 8.6,
      "8": 6.2,
      "0": 10.0
    },
    "3": {
      "6": 4.6,
      "4": 4.8,
      "8": 3.2,
      "5": 3.8,
      "9": 2.6,
      "1": 6.0,
      "2": 8.6,
      "7": 6.4,
      "0": 5.4,
      "3": 9.6
    },
    "4": {
      "6": 1.8,
      "7": 1.6,
      "9": 3.6,
      "8": 4.8,
      "1": 5.8,
      "2": 3.4,
      "3": 8.6,
      "0": 8.0,
      "4": 7.6,
      "5": 9.8
    },
    "5": {
      "8": 1.6,
      "7": 1.4,
      "0": 3.6,
      "4": 4.2,
      "3": 8.0,
      "9": 5.8,
      "2": 7.8,
      "1": 6.2,
      "6": 8.8,
      "5": 7.6
    },
    "6": {
      "3": 4.6,
      "2": 2.4,
      "0": 3.0,
      "1": 3.6,
      "5": 3.6,
      "8": 4.0,
      "6": 7.2,
      "4": 8.0,
      "9": 8.8,
      "7": 9.8
    },
    "7": {
      "6": 2.2,
      "7": 1.2,
      "1": 2.6,
      "8": 5.0,
      "0": 5.8,
      "3": 9.0,
      "9": 5.4,
      "2": 7.6,
      "5": 7.0,
      "4": 9.2
    },
    "8": {
      "2": 2.25,
      "1": 1.25,
      "6": 5.25,
      "3": 3.75,
      "5": 3.5,
      "7": 5.5,
      "0": 6.75,
      "9": 7.75,
      "8": 9.75,
      "4": 9.25
    },
    "9": {
      "6": 1.8,
      "5": 1.6,
      "7": 5.2,
      "3": 4.4,
      "8": 4.6,
      "9": 7.6,
      "4": 6.0,
      "2": 7.2,
      "1": 8.2,
      "0": 8.4
    },
    "10": {
      "2": 1.0,
      "1": 3.0,
      "9": 3.5,
      "5": 2.5,
      "8": 6.25,
      "7": 6.5,
      "4": 7.25,
      "3": 7.0,
      "6": 8.0,
      "0": 10.0
    },
    "11": {
      "3": 3.2,
      "0": 2.8,
      "1": 3.4,
      "2": 2.2,
      "9": 4.6,
      "5": 6.8,
      "7": 6.4,
      "8": 6.6,
      "4": 9.0,
      "6": 10.0
    },
    "12": {
      "8": 1.0,
      "5": 2.0,
      "4": 5.0,
      "1": 5.8,
      "9": 8.4,
      "3": 6.8,
      "6": 5.2,
      "2": 8.2,
      "0": 6.4,
      "7": 6.2
    },
    "13": {
      "0": 1.0,
      "1": 2.0,
      "2": 3.0,
      "3": 4.0,
      "6": 6.8,
      "7": 7.2,
      "8": 6.6,
      "5": 7.0,
      "4": 7.6,
      "9": 9.8
    },
    "14": {
      "4": 1.2,
      "6": 1.8,
      "8": 4.0,
      "5": 3.2,
      "3": 4.8,
      "0": 6.6,
      "7": 7.4,
      "9": 7.0,
      "2": 9.4,
      "1": 9.6
    },
    "15": {
      "8": 2.8,
      "9": 2.2,
      "3": 1.6,
      "7": 5.6,
      "2": 5.8,
      "0": 5.4,
      "1": 6.2,
      "6": 7.4,
      "4": 8.4,
      "5": 9.6
    },
    "16": {
      "2": 1.0,
      "3": 2.4,
      "5": 3.8,
      "7": 3.2,
      "4": 5.0,
      "0": 6.0,
      "1": 6.6,
      "6": 8.4,
      "8": 9.6,
      "9": 9.0
    },
    "17": {
      "5": 1.5,
      "4": 1.5,
      "1": 3.25,
      "2": 4.5,
      "3": 5.5,
      "0": 5.5,
      "7": 8.0,
      "8": 7.75,
      "9": 8.75,
      "6": 8.75
    },
    "18": {
      "0": 1.2,
      "7": 2.8,
      "3": 4.0,
      "5": 4.6,
      "1": 4.0,
      "9": 8.2,
      "2": 7.2,
      "6": 8.2,
      "8": 8.2,
      "4": 6.6
    },
    "19": {
      "0": 1.0,
      "5": 4.8,
      "2": 3.6,
      "1": 2.8,
      "4": 3.4,
      "3": 5.4,
      "6": 8.2,
      "8": 8.4,
      "9": 9.4,
      "7": 8.0
    },
    "20": {
      "0": 1.0,
      "2": 2.2,
      "5": 3.8,
      "1": 3.6,
      "7": 5.2,
      "4": 7.6,
      "6": 6.6,
      "8": 6.4,
      "3": 8.6,
      "9": 10.0
    },
    "21": {
      "0": 2.0,
      "9": 5.0,
      "5": 2.4,
      "8": 7.0,
      "4": 6.4,
      "1": 4.0,
      "3": 6.4,
      "2": 7.0,
      "6": 5.4,
      "7": 9.4
    },
    "22": {
      "1": 1.6,
      "4": 1.8,
      "5": 2.6,
      "0": 7.0,
      "9": 7.4,
      "8": 4.6,
      "7": 5.4,
      "2": 6.6,
      "6": 8.4,
      "3": 9.6
    },
    "23": {
      "8": 1.4,
      "6": 1.6,
      "2": 4.0,
      "3": 4.4,
      "0": 4.8,
      "5": 8.2,
      "9": 6.0,
      "7": 7.4,
      "4": 8.4,
      "1": 8.8
    },
    "24": {
      "4": 4.8,
      "8": 3.6,
      "6": 6.0,
      "7": 5.6,
      "3": 9.0,
      "2": 3.4,
      "0": 5.0,
      "1": 4.8,
      "9": 5.2,
      "5": 7.6
    },
    "25": {
      "7": 1.0,
      "1": 2.0,
      "8": 5.2,
      "2": 4.4,
      "5": 5.0,
      "0": 6.2,
      "6": 5.6,
      "4": 6.8,
      "3": 9.4,
      "9": 9.4
    },
    "26": {
      "4": 1.0,
      "0": 3.5,
      "3": 4.25,
      "2": 5.5,
      "9": 4.75,
      "6": 3.0,
      "7": 6.25,
      "5": 8.0,
      "8": 8.75,
      "1": 10.0
    },
    "27": {
      "3": 1.0,
      "4": 3.6,
      "5": 3.4,
      "2": 5.6,
      "6": 6.6,
      "1": 6.2,
      "8": 5.8,
      "0": 6.4,
      "9": 8.6,
      "7": 7.8
    },
    "28": {
      "3": 1.4,
      "6": 6.2,
      "8": 5.4,
      "0": 3.2,
      "7": 2.4,
      "2": 6.2,
      "4": 5.6,
      "1": 7.0,
      "5": 7.6,
      "9": 10.0
    },
    "29": {
      "0": 1.0,
      "1": 3.6,
      "2": 3.4,
      "9": 3.8,
      "6": 3.8,
      "4": 5.6,
      "7": 8.0,
      "8": 8.6,
      "5": 7.8,
      "3": 9.4
    },
    "30": {
      "0": 1.6,
      "6": 2.4,
      "9": 2.0,
      "5": 5.2,
      "1": 4.4,
      "8": 5.4,
      "2": 7.8,
      "7": 8.4,
      "3": 8.6,
      "4": 9.2
    },
    "31": {
      "9": 1.0,
      "6": 2.5,
      "1": 5.25,
      "3": 2.75,
      "4": 7.5,
      "5": 6.75,
      "2": 5.5,
      "7": 6.5,
      "0": 7.5,
      "8": 9.75
    },
    "32": {
      "2": 1.0,
      "4": 3.2,
      "7": 4.0,
      "3": 5.0,
      "1": 5.2,
      "0": 4.4,
      "9": 7.6,
      "5": 5.6,
      "6": 9.2,
      "8": 9.8
    },
    "33": {
      "0": 1.25,
      "2": 3.25,
      "9": 3.5,
      "6": 4.5,
      "7": 6.0,
      "4": 7.25,
      "8": 8.25,
      "5": 5.75,
      "3": 6.0,
      "1": 9.25
    },
    "34": {
      "4": 4.25,
      "6": 3.75,
      "5": 3.75,
      "2": 6.25,
      "1": 3.75,
      "0": 3.25,
      "8": 4.75,
      "9": 8.25,
      "7": 9.5,
      "3": 7.5
    },
    "35": {
      "2": 1.8,
      "1": 2.4,
      "9": 8.2,
      "0": 5.2,
      "7": 4.4,
      "3": 3.6,
      "6": 7.8,
      "8": 5.6,
      "4": 6.8,
      "5": 9.2
    },
    "36": {
      "9": 1.4,
      "2": 2.0,
      "4": 3.2,
      "6": 5.8,
      "0": 6.8,
      "1": 6.6,
      "7": 7.8,
      "5": 6.0,
      "8": 8.8,
      "3": 6.6
    },
    "37": {
      "9": 2.0,
      "0": 2.6,
      "3": 4.4,