{
  "content_diversity": 0.3910903036594391,
  "classifier_auc": 0.7901614906832298,
  "ranking_stability": 0.6444914756025867,
  "feature_coefficients": {
    "word_count": 0.3361005381173088,
    "sentence_count": 0.4964391732989066,
    "avg_sentence_length": 0.16945219376293738,
    "paragraph_count": -0.9286732660698036,
    "heading_density": 0.0966407990387411,
    "list_frequency": 0.28165299554214296,
    "readability": 0.08171940369096062,
    "bold_emphasis_density": 0.035569402154186906,
    "citation_density": 0.06530378462524862,
    "statistic_density": 0.023917036831295983,
    "quote_density": 0.05834201277648973,
    "named_source_mentions": -0.2209578003024985,
    "year_mentions": -0.19856177729151808,
    "claim_density": -0.0651222075479063,
    "external_reference_density": 0.0,
    "question_density": -0.07258035164735663,
    "query_similarity": 0.940240341136029,
    "corpus_centroid_similarity": 0.1928395310828735,
    "type_token_ratio": -0.21357846806245007,
    "vocabulary_sophistication": -0.0283273621210255,
    "sentiment_polarity": 0.00350634325329399,
    "avg_word_length": -0.28757294681051865,
    "semantic_uniqueness": 0.28111955757085455,
    "information_density": -0.08370832480663064,
    "specificity_score": 0.33501867840267124
  },
  "avg_ranks": {
    "0": {
      "6": 2.8,
      "2": 1.4,
      "5": 2.0,
      "4": 4.2,
      "0": 4.8,
      "3": 6.2,
      "1": 7.0,
      "7": 7.6
    },
    "1": {
      "0": 1.2,
      "7": 2.0,
      "8": 3.2,
      "1": 5.4,
      "4": 6.6,
      "2": 7.6,
      "6": 5.4,
      "9": 6.0,
      "5": 7.8,
      "3": 9.8
    },
    "2": {
      "7": 1.4,
      "5": 1.6,
      "4": 4.4,
      "3": 4.4,
      "8": 3.6,
      "6": 5.6,
      "0": 7.2,
      "1": 8.2,
      "2": 8.6
    },
    "3": {
      "6": 1.0,
      "2": 2.4,
      "4": 5.0,
      "5": 5.4,
      "8": 3.0,
      "1": 6.2,
      "0": 7.2,
      "3": 8.8,
      "7": 6.0,
      "9": 10.0
    },
    "4": {
      "2": 2.4,
      "1": 1.4,
      "5": 2.6,
      "4": 4.2,
      "0": 6.6,
      "3": 6.0,
      "6": 5.8,
      "7": 7.0
    },
    "5": {
      "7": 1.4,
      "4": 2.2,
      "5": 2.4,
      "2": 4.4,
      "3": 6.0,
      "1": 8.4,
      "8": 7.4,
      "0": 6.2,
      "6": 6.6
    },
    "6": {
      "8": 1.4,
      "5": 2.4,
      "6": 5.6,
      "3": 3.6,
      "4": 5.0,
      "7": 3.6,
      "0": 6.8,
      "2": 8.8,
      "1": 7.8
    },
    "7": {
      "5": 1.6,
      "1": 1.4,
      "4": 4.0,
      "7": 3.2,
      "3": 4.8,
      "2": 6.0,
      "6": 7.0,
      "8": 8.4,
      "0": 8.6
    },
    "8": {
      "4": 1.0,
      "2": 2.4,
      "3": 4.4,
      "5": 4.8,
      "1": 3.6,
      "9": 5.8,
      "8": 7.0,
      "0": 8.4,
      "7": 8.4,
      "6": 9.2
    },
    "9": {
      "1": 5.6,
      "7": 6.0,
      "0": 7.6,
      "5": 6.8,
      "9": 3.4,
      "6": 3.8,
      "3": 2.6,
      "4": 3.4,
      "8": 9.8,
      "2": 6.0
    },
    "10": {
      "1": 1.0,
      "8": 3.6,
      "2": 2.2,
      "5": 3.8,
      "0": 5.2,
      "7": 6.0,
      "4": 7.8,
      "3": 7.8,
      "6": 7.6
    },
    "11": {
      "2": 1.0,
      "0": 2.0,
      "7": 3.25,
      "4": 3.75,
      "5": 6.5,
      "6": 6.75,
      "1": 7.0,
      "3": 5.75
    },
    "12": {
      "8": 1.8,
      "6": 2.0,
      "4": 4.4,
      "0": 2.8,
      "9": 4.2,
      "5": 5.8,
      "3": 7.0,
      "7": 9.0,
      "1": 9.2,
      "2": 8.8
    },
    "13": {
      "6": 1.0,
      "7": 2.0,
      "0": 3.4,
      "4": 6.2,
      "3": 4.6,
      "2": 4.8,
      "1": 6.6,
      "5": 8.6,
      "8": 7.8
    },
    "14": {
      "6": 1.2,
      "3": 5.2,
      "9": 3.0,
      "7": 3.6,
      "8": 2.8,
      "1": 6.2,
      "0": 7.2,
      "2": 8.4,
      "4": 9.2,
      "5": 8.2
    },
    "15": {
      "7": 1.0,
      "3": 5.6,
      "1": 4.8,
      "2": 4.2,
      "0": 4.0,
      "8": 4.2,
      "6": 7.0,
      "4": 7.2,
      "5": 7.0
    },
    "16": {
      "3": 2.0,
      "0": 3.6,
      "1": 3.8,
      "6": 2.0,
      "8": 3.6,
      "5": 7.6,
      "4": 8.0,
      "7": 6.6,
      "2": 7.8
    },
    "17": {
      "0": 3.6,
      "4": 1.8,
      "1": 2.0,
      "2": 3.6,
      "3": 4.2,
      "5": 6.4,
      "7": 6.4,
      "6": 8.0
    },
    "18": {
      "8": 2.25,
      "4": 3.0,
      "0": 4.25,
      "3": 5.75,
      "1": 7.0,
      "9": 8.5,
      "7": 5.5,
      "6": 3.25,
      "2": 6.25,
      "5": 9.25
    },
    "19": {
      "3": 1.8,
      "6": 3.0,
      "8": 2.2,
      "0": 4.2,
      "4": 4.8,
      "1": 5.8,
      "7": 7.2,
      "2": 7.0,
      "5": 9.0
    },
    "20": {
      "0": 1.8,
      "5": 3.0,
      "1": 4.6,
      "4": 4.8,
      "2": 5.8,
      "6": 5.4,
      "3": 5.0,
      "7": 5.6
    },
    "21": {
      "4": 1.4,
      "6": 1.6,
      "1": 3.0,
      "8": 4.4,
      "7": 5.6,
      "0": 6.6,
      "2": 6.4,
      "3": 7.0,
      "5": 9.0
    },
    "22": {
      "6": 1.4,
      "7": 3.0,
      "5": 2.4,
      "0": 3.2,
      "4": 6.8,
      "8": 6.6,
      "1": 8.4,
      "9": 6.6,
      "3": 6.6,
      "2": 10.0
    },
    "23": {
      "6": 2.0,
      "0": 2.0,
      "2": 4.8,
      "4": 5.0,
      "3": 3.2,
      "1": 4.8,
      "5": 6.2,
      "7": 8.0,
      "8": 9.0
    },
    "24": {
      "5": 1.75,
      "2": 3.75,
      "8": 3.75,
      "1": 2.25,
      "0": 3.5,
      "4": 7.0,
      "3": 7.25,
      "7": 7.5,
      "6": 8.25
    },
    "25": {
      "5": 1.0,
      "7": 2.0,
      "8": 3.6,
      "0": 4.8,
      "1": 4.6,
      "3": 5.0,
      "2": 7.6,
      "4": 8.0,
      "6": 8.4
    },
    "26": {
      "4": 1.0,
      "0": 4.4,
      "6": 4.0,
      "3": 5.2,
      "1": 5.4,
      "8": 4.4,
      "7": 5.8,
      "2": 6.0,
      "5": 8.8
    },
    "27": {
      "7": 2.0,
      "0": 3.6,
      "3": 5.4,
      "8": 4.4,
      "5": 6.0,
      "2": 4.0,
      "6": 7.0,
      "4": 4.6,
      "1": 8.0,
      "9": 10.0
    },
    "28": {
      "0": 1.8,
      "7": 2.8,
      "4": 3.8,
      "9": 5.8,
      "2": 6.4,
      "8": 6.2,
      "1": 6.6,
      "6": 6.4,
      "5": 8.0,
      "3": 7.2
    },
    "29": {
      "0": 1.0,
      "2": 2.2,
      "6": 7.0,
      "8": 4.8,
      "5": 4.0,
      "4": 6.2,
      "1": 8.2,
      "9": 5.2,
      "7": 8.8,
      "3": 7.6
    },
    "30": {
      "5": 1.6,
      "3": 1.8,
      "8": 3.6,
      "6": 4.6,
      "4": 4.8,
      "0": 8.2,
      "2": 6.6,
      "7": 5.4,
      "1": 8.4
    },
    "31": {
      "0": 5.2,
      "8": 4.2,
      "4": 2.6,
      "9": 2.8,
      "1": 3.8,
      "5": 7.0,
      "6": 5.2,
      "2": 6.2,
      "7": 8.2,
      "3": 9.8
    },
    "32": {
      "8": 1.6,
      "0": 2.6,
      "2": 3.6,
      "7": 3.6,
      "6": 5.0,
      "4": 8.0,
      "9": 8.2,
      "3": 6.2,
      "1": 8.2,
      "5": 8.0
    },
    "33": {
      "6": 2.4,
      "3": 3.2,
      "1": 4.0,
      "0": 5.0,
      "9": 4.8,
      "8": 8.2,
      "7": 5.8,
      "4": 7.2,
      "2": 5.2,
      "5": 9.2
    },
    "34": {
      "8": 3.6,
      "3": 1.6,
      "2": 4.2,
      "4": 3.0,
      "5": 4.0,
      "7": 7.4,
      "1": 6.0,
      "9": 6.4,
      "0": 8.8,
      "6": 10.0
    },
    "35": {
      "2": 1.6,
      "1": 2.4,
      "5": 2.8,
      "0": 3.2,
      "3": 5.0,
      "6": 6.0,
      "7": 7.6,
      "4": 7.4
    },
    "36": {
      "7": 1.6,
      "8": 2.4,
      "9": 2.8,
      "0": 4.4,
      "4": 3.8,
      "3": 6.2,
      "1": 7.8,
      "2": 7.2,
      "6": 8.8,
      "5": 10.0
    },
    "37": {
      "7": 1.8,
      "5": 3.0,
      "8": 4.6,
      "9": 4.8,
      "1": 4.8,
      "2": 4.8,
      "4": 4.2,
      "0": 8.8,
      "6": 9.0,
      "3": 9.2
    },
    "38": {
      "9": 1.2,
      "1": 6.0,
      "3": 2.4,
      "8": 5.2,
      "6": 3.2,
      "2": 4.2,
      "0": 8.0,
      "7": 6.2,
      "4": 9.4,
      "5": 9.2
    },
    "39": {
      "5": 2.2,
      "7": 1.6,
      "1": 2.4,
      "8": 4.6,
      "0": 5.4,
      "3": 6.0,
      "4": 8.4,
      "9": 6.4,
      "2": 8.4,