{
  "content_diversity": 0.3900652229785919,
  "classifier_auc": 0.7523726708074534,
  "ranking_stability": 0.6456222222222221,
  "feature_coefficients": {
    "word_count": 0.13519671715874576,
    "sentence_count": -0.0702533944079206,
    "avg_sentence_length": 0.026796336941854265,
    "paragraph_count": 0.0,
    "heading_density": -0.5975187918296008,
    "list_frequency": -0.3198884311363547,
    "readability": -0.35209925344417103,
    "bold_emphasis_density": -0.2787489936922671,
    "citation_density": -0.05710980382062362,
    "statistic_density": -0.21542833393059702,
    "quote_density": 0.16746886160057053,
    "named_source_mentions": -0.09440110362832382,
    "year_mentions": -0.03999132432715005,
    "claim_density": 0.14379793023470963,
    "external_reference_density": 0.0,
    "question_density": -0.15057000482629143,
    "query_similarity": 0.9371978469119588,
    "corpus_centroid_similarity": 0.3323262546998704,
    "type_token_ratio": 0.15598951404903544,
    "vocabulary_sophistication": 0.18388921419721635,
    "sentiment_polarity": 0.07581488129643207,
    "avg_word_length": -0.005788734634719917,
    "semantic_uniqueness": 0.2210268379123851,
    "information_density": 0.0014322104657193031,
    "specificity_score": -0.02887185558874019
  },
  "avg_ranks": {
    "0": {
      "2": 1.8,
      "5": 2.0,
      "4": 3.8,
      "6": 2.4,
      "0": 5.4,
      "3": 7.2,
      "1": 6.8,
      "7": 6.6
    },
    "1": {
      "0": 1.6,
      "8": 3.2,
      "1": 4.6,
      "4": 6.6,
      "7": 2.0,
      "6": 5.8,
      "9": 6.0,
      "5": 7.4,
      "2": 7.8,
      "3": 10.0
    },
    "2": {
      "7": 1.8,
      "5": 1.2,
      "3": 3.6,
      "4": 4.0,
      "8": 4.4,
      "1": 8.2,
      "6": 6.2,
      "2": 8.2,
      "0": 7.4
    },
    "3": {
      "6": 2.0,
      "8": 3.2,
      "2": 2.2,
      "1": 3.8,
      "0": 5.6,
      "5": 6.2,
      "7": 5.8,
      "4": 7.2,
      "3": 9.2,
      "9": 9.8
    },
    "4": {
      "1": 1.8,
      "5": 2.8,
      "4": 4.0,
      "3": 4.8,
      "2": 1.8,
      "6": 6.8,
      "0": 6.4,
      "7": 7.6
    },
    "5": {
      "7": 1.2,
      "5": 2.8,
      "4": 2.0,
      "6": 5.6,
      "0": 5.6,
      "2": 5.2,
      "8": 7.8,
      "3": 6.2,
      "1": 8.6
    },
    "6": {
      "8": 1.6,
      "6": 2.4,
      "7": 4.0,
      "5": 3.8,
      "4": 6.0,
      "3": 3.6,
      "0": 6.6,
      "2": 8.4,
      "1": 8.6
    },
    "7": {
      "1": 1.2,
      "5": 1.8,
      "7": 3.2,
      "4": 4.0,
      "3": 4.8,
      "2": 6.4,
      "6": 7.0,
      "8": 8.4,
      "0": 8.2
    },
    "8": {
      "4": 1.0,
      "2": 2.0,
      "1": 3.8,
      "5": 5.0,
      "9": 4.8,
      "3": 4.4,
      "0": 8.0,
      "8": 8.0,
      "6": 9.2,
      "7": 8.8
    },
    "9": {
      "3": 2.6,
      "4": 3.4,
      "6": 3.8,
      "9": 4.2,
      "2": 6.0,
      "7": 5.6,
      "1": 5.6,
      "5": 7.6,
      "8": 8.8,
      "0": 7.4
    },
    "10": {
      "0": 2.4,
      "1": 1.8,
      "7": 4.2,
      "4": 5.4,
      "2": 5.2,
      "5": 7.2,
      "6": 5.8,
      "3": 7.4,
      "8": 5.6
    },
    "11": {
      "2": 1.0,
      "0": 2.2,
      "7": 3.2,
      "3": 4.2,
      "5": 6.0,
      "6": 7.0,
      "4": 5.0,
      "1": 7.4
    },
    "12": {
      "8": 1.4,
      "6": 3.0,
      "0": 3.2,
      "9": 3.2,
      "4": 4.2,
      "5": 6.0,
      "7": 8.0,
      "1": 9.0,
      "2": 8.2,
      "3": 8.8
    },
    "13": {
      "7": 1.2,
      "6": 2.2,
      "1": 5.6,
      "8": 6.0,
      "3": 3.4,
      "2": 5.8,
      "0": 4.2,
      "4": 8.0,
      "5": 8.6
    },
    "14": {
      "8": 2.0,
      "9": 3.0,
      "3": 4.0,
      "6": 2.0,
      "1": 5.0,
      "7": 5.0,
      "5": 8.0,
      "4": 8.0,
      "2": 9.8,
      "0": 8.2
    },
    "15": {
      "7": 1.0,
      "3": 5.4,
      "4": 5.6,
      "2": 4.6,
      "1": 4.0,
      "8": 3.6,
      "0": 5.0,
      "6": 7.4,
      "5": 8.4
    },
    "16": {
      "0": 2.0,
      "1": 1.8,
      "8": 4.2,
      "3": 3.4,
      "6": 3.6,
      "2": 7.6,
      "7": 7.0,
      "5": 8.2,
      "4": 7.2
    },
    "17": {
      "0": 3.0,
      "4": 2.2,
      "2": 3.2,
      "1": 3.8,
      "3": 4.0,
      "5": 6.2,
      "7": 6.0,
      "6": 7.6
    },
    "18": {
      "8": 1.4,
      "0": 2.8,
      "4": 3.4,
      "6": 3.4,
      "2": 4.6,
      "7": 6.6,
      "1": 8.0,
      "3": 6.6,
      "5": 8.6,
      "9": 9.6
    },
    "19": {
      "8": 2.0,
      "3": 1.4,
      "2": 6.2,
      "0": 3.2,
      "6": 4.0,
      "4": 5.0,
      "1": 7.2,
      "7": 7.0,
      "5": 9.0
    },
    "20": {
      "4": 3.2,
      "0": 1.2,
      "5": 2.2,
      "1": 4.0,
      "3": 5.0,
      "6": 6.2,
      "7": 7.2,
      "2": 7.0
    },
    "21": {
      "6": 1.8,
      "4": 2.0,
      "1": 2.2,
      "8": 4.4,
      "7": 6.8,
      "0": 6.4,
      "2": 6.4,
      "3": 6.4,
      "5": 8.6
    },
    "22": {
      "5": 1.2,
      "6": 2.0,
      "0": 2.8,
      "2": 6.8,
      "7": 4.4,
      "8": 7.6,
      "9": 6.4,
      "3": 7.2,
      "4": 7.8,
      "1": 8.8
    },
    "23": {
      "2": 4.0,
      "4": 5.2,
      "6": 2.6,
      "3": 2.2,
      "0": 3.6,
      "1": 4.6,
      "5": 6.4,
      "7": 7.8,
      "8": 8.6
    },
    "24": {
      "5": 1.8,
      "0": 2.2,
      "1": 2.0,
      "8": 4.4,
      "2": 4.6,
      "6": 7.6,
      "3": 7.8,
      "4": 7.8,
      "7": 6.8
    },
    "25": {
      "5": 1.0,
      "7": 2.0,
      "1": 3.8,
      "0": 3.2,
      "3": 5.2,
      "8": 6.4,
      "4": 8.0,
      "6": 7.6,
      "2": 7.8
    },
    "26": {
      "4": 1.0,
      "6": 3.2,
      "8": 2.8,
      "0": 3.0,
      "3": 6.0,
      "2": 7.6,
      "7": 5.6,
      "1": 7.2,
      "5": 8.6
    },
    "27": {
      "0": 2.2,
      "7": 1.4,
      "2": 5.2,
      "8": 7.2,
      "1": 7.0,
      "4": 3.2,
      "3": 7.2,
      "6": 5.6,
      "5": 6.0,
      "9": 10.0
    },
    "28": {
      "0": 2.2,
      "7": 3.2,
      "5": 3.8,
      "4": 4.0,
      "2": 4.0,
      "8": 7.8,
      "1": 8.2,
      "6": 9.2,
      "3": 7.2,
      "9": 5.4
    },
    "29": {
      "9": 2.2,
      "0": 1.8,
      "2": 3.0,
      "4": 5.4,
      "5": 4.8,
      "8": 5.8,
      "1": 7.6,
      "3": 5.6,
      "7": 9.8,
      "6": 9.0
    },
    "30": {
      "5": 1.8,
      "3": 1.6,
      "8": 2.6,
      "7": 5.8,
      "4": 5.6,
      "6": 5.2,
      "2": 6.0,
      "1": 7.6,
      "0": 8.8
    },
    "31": {
      "8": 2.2,
      "9": 3.2,
      "4": 3.0,
      "1": 4.0,
      "6": 4.0,
      "5": 6.4,
      "2": 8.4,
      "7": 8.6,
      "0": 6.4,
      "3": 8.8
    },
    "32": {
      "0": 1.8,
      "8": 1.2,
      "2": 4.4,
      "5": 5.6,
      "1": 7.0,
      "7": 6.6,
      "6": 5.6,
      "3": 6.6,
      "4": 7.4,
      "9": 8.8
    },
    "33": {
      "6": 1.0,
      "7": 6.8,
      "3": 2.8,
      "2": 3.6,
      "9": 5.2,
      "8": 7.0,
      "1": 4.2,
      "4": 8.8,
      "0": 6.0,
      "5": 9.6
    },
    "34": {
      "4": 3.2,
      "5": 2.0,
      "3": 1.6,
      "2": 4.6,
      "1": 5.4,
      "9": 5.2,
      "8": 8.2,
      "7": 6.6,
      "0": 8.2,
      "6": 10.0
    },
    "35": {
      "2": 1.6,
      "1": 1.6,
      "5": 3.2,
      "0": 3.6,
      "6": 5.6,
      "3": 5.8,
      "4": 7.6,
      "7": 7.0
    },
    "36": {
      "8": 3.0,
      "9": 3.2,
      "7": 2.4,
      "0": 3.4,
      "2": 3.2,
      "3": 6.8,
      "4": 7.4,
      "1": 7.4,
      "6": 8.4,
      "5": 9.8
    },
    "37": {
      "3": 2.4,
      "2": 4.0,
      "4": 4.2,
      "8": 6.2,
      "7": 4.2,
      "5": 3.4,
      "9": 5.8,
      "1": 5.8,
      "0": 9.6,
      "6": 9.4
    },
    "38": {
      "3": 2.4,
      "9": 1.4,
      "6": 2.4,
      "2": 5.0,
      "7": 6.2,
      "8": 5.4,
      "0": 7.8,
      "1": 6.2,
      "4": 8.8,
      "5": 9.4
    },
    "39": {
      "3": 3.2,
      "7": 1.8,
      "5": 2.4,
      "1": 3.0,
      "8": 6.4,
      "2": 8.0,
      "4": 6.0,
      "0": 7.2,
      "9": 7.2,
      "6": 9.8
    },