{
  "content_diversity": 0.3900202810764313,
  "classifier_auc": 0.8412662606210994,
  "ranking_stability": 0.6327425137605412,
  "feature_coefficients": {
    "word_count": 0.6046905408861833,
    "sentence_count": 0.4673923008835012,
    "avg_sentence_length": 0.042011600507422295,
    "paragraph_count": -0.6547805925856706,
    "heading_density": 0.15155905990246302,
    "list_frequency": 0.21319216264124755,
    "readability": 0.39288117213273954,
    "bold_emphasis_density": 0.15596302031764017,
    "citation_density": -0.03852649237299569,
    "statistic_density": 0.1297973060353757,
    "quote_density": -0.2530945682434117,
    "named_source_mentions": -0.46181957893989173,
    "year_mentions": -0.33563925574812004,
    "claim_density": -0.03372397126250801,
    "external_reference_density": 0.0,
    "question_density": 0.09389615303717068,
    "query_similarity": 0.9123433253269052,
    "corpus_centroid_similarity": 0.4642808464865701,
    "type_token_ratio": -0.31394964561111693,
    "vocabulary_sophistication": -0.10897845797018176,
    "sentiment_polarity": 0.11119097251856987,
    "avg_word_length": -0.6921719009059086,
    "semantic_uniqueness": 0.21204142648485297,
    "information_density": -0.1699245127834249,
    "specificity_score": 0.5670410588107488
  },
  "avg_ranks": {
    "0": {
      "2": 1.4,
      "5": 1.6,
      "6": 3.0,
      "4": 4.0,
      "0": 5.0,
      "3": 6.8,
      "7": 7.2,
      "1": 7.0
    },
    "1": {
      "7": 1.2,
      "0": 1.8,
      "8": 3.2,
      "4": 5.8,
      "9": 5.6,
      "6": 5.4,
      "5": 8.0,
      "2": 8.2,
      "1": 6.8,
      "3": 9.0
    },
    "2": {
      "5": 2.4,
      "7": 1.4,
      "3": 4.2,
      "4": 3.6,
      "8": 3.4,
      "6": 6.0,
      "2": 7.8,
      "0": 8.0,
      "1": 8.2
    },
    "3": {
      "2": 2.0,
      "6": 1.2,
      "8": 2.8,
      "1": 5.6,
      "0": 6.6,
      "7": 4.8,
      "5": 5.4,
      "4": 7.8,
      "3": 9.0,
      "9": 9.8
    },
    "4": {
      "1": 1.0,
      "5": 2.4,
      "7": 4.2,
      "4": 3.2,
      "0": 5.8,
      "6": 6.0,
      "2": 6.4,
      "3": 7.0
    },
    "5": {
      "4": 2.2,
      "7": 1.8,
      "5": 2.0,
      "3": 6.2,
      "0": 4.8,
      "2": 5.0,
      "8": 6.4,
      "6": 8.2,
      "1": 8.4
    },
    "6": {
      "5": 3.6,
      "6": 5.0,
      "7": 4.6,
      "8": 1.6,
      "3": 3.6,
      "4": 5.8,
      "2": 7.4,
      "0": 5.6,
      "1": 7.8
    },
    "7": {
      "5": 1.0,
      "1": 2.0,
      "4": 3.8,
      "7": 3.2,
      "3": 5.0,
      "0": 8.0,
      "2": 6.2,
      "6": 7.6,
      "8": 8.2
    },
    "8": {
      "4": 1.0,
      "2": 2.2,
      "1": 3.0,
      "9": 5.0,
      "3": 4.4,
      "5": 5.4,
      "8": 7.2,
      "0": 7.8,
      "7": 9.0,
      "6": 10.0
    },
    "9": {
      "6": 4.4,
      "3": 5.0,
      "9": 5.2,
      "4": 5.0,
      "2": 6.4,
      "7": 3.4,
      "1": 4.0,
      "0": 4.6,
      "8": 8.0,
      "5": 9.0
    },
    "10": {
      "1": 2.0,
      "0": 5.0,
      "7": 5.2,
      "8": 1.6,
      "2": 3.2,
      "5": 4.6,
      "4": 7.4,
      "6": 7.6,
      "3": 8.4
    },
    "11": {
      "2": 1.0,
      "0": 2.0,
      "7": 3.6,
      "4": 4.2,
      "5": 6.8,
      "3": 4.4,
      "6": 6.8,
      "1": 7.2
    },
    "12": {
      "8": 1.4,
      "6": 1.8,
      "4": 4.2,
      "0": 3.0,
      "9": 5.0,
      "5": 5.6,
      "7": 7.8,
      "1": 8.4,
      "3": 8.8,
      "2": 9.0
    },
    "13": {
      "6": 1.0,
      "7": 2.0,
      "0": 3.0,
      "2": 4.6,
      "1": 6.4,
      "3": 4.6,
      "8": 7.2,
      "4": 7.2,
      "5": 9.0
    },
    "14": {
      "9": 2.6,
      "6": 1.8,
      "3": 4.6,
      "8": 3.4,
      "7": 2.6,
      "1": 7.2,
      "0": 9.0,
      "2": 6.8,
      "5": 8.6,
      "4": 8.4
    },
    "15": {
      "7": 1.0,
      "8": 2.8,
      "0": 3.4,
      "2": 4.4,
      "1": 4.2,
      "5": 6.2,
      "3": 7.8,
      "4": 8.4,
      "6": 6.8
    },
    "16": {
      "6": 2.4,
      "1": 2.0,
      "3": 3.6,
      "8": 2.6,
      "0": 4.4,
      "7": 8.0,
      "5": 7.2,
      "4": 7.0,
      "2": 7.8
    },
    "17": {
      "0": 5.0,
      "4": 1.4,
      "3": 4.4,
      "1": 2.6,
      "2": 3.6,
      "5": 5.2,
      "6": 7.8,
      "7": 6.0
    },
    "18": {
      "8": 1.0,
      "0": 2.6,
      "4": 5.2,
      "1": 5.2,
      "3": 6.8,
      "6": 4.4,
      "2": 5.8,
      "7": 6.6,
      "9": 8.2,
      "5": 9.2
    },
    "19": {
      "3": 1.2,
      "8": 1.8,
      "6": 3.6,
      "1": 5.6,
      "0": 4.8,
      "4": 4.4,
      "7": 7.2,
      "2": 7.4,
      "5": 9.0
    },
    "20": {
      "6": 4.6,
      "3": 4.2,
      "0": 2.0,
      "5": 2.6,
      "1": 3.8,
      "2": 5.8,
      "4": 5.6,
      "7": 7.4
    },
    "21": {
      "4": 1.4,
      "6": 2.4,
      "1": 2.8,
      "8": 3.8,
      "2": 6.6,
      "0": 5.6,
      "3": 6.4,
      "5": 8.8,
      "7": 7.2
    },
    "22": {
      "6": 1.0,
      "0": 2.2,
      "5": 3.8,
      "7": 3.6,
      "3": 6.0,
      "9": 4.8,
      "4": 7.6,
      "2": 9.6,
      "8": 7.6,
      "1": 8.8
    },
    "23": {
      "3": 2.6,
      "6": 1.6,
      "5": 6.0,
      "0": 4.2,
      "1": 5.2,
      "2": 4.0,
      "4": 4.8,
      "7": 8.2,
      "8": 8.4
    },
    "24": {
      "0": 2.0,
      "5": 1.6,
      "1": 2.8,
      "2": 4.2,
      "8": 4.8,
      "7": 7.6,
      "3": 6.6,
      "6": 7.8,
      "4": 7.6
    },
    "25": {
      "5": 1.0,
      "7": 2.0,
      "1": 4.6,
      "0": 4.6,
      "3": 5.2,
      "8": 4.2,
      "4": 7.0,
      "6": 8.6,
      "2": 7.8
    },
    "26": {
      "4": 1.0,
      "6": 4.2,
      "8": 3.0,
      "1": 4.2,
      "3": 5.4,
      "2": 7.4,
      "0": 5.4,
      "5": 7.4,
      "7": 7.0
    },
    "27": {
      "4": 3.4,
      "7": 2.0,
      "0": 2.8,
      "6": 5.2,
      "8": 5.0,
      "5": 5.8,
      "3": 7.4,
      "2": 4.8,
      "1": 8.6,
      "9": 10.0
    },
    "28": {
      "0": 1.6,
      "7": 2.0,
      "1": 5.4,
      "6": 6.6,
      "8": 6.0,
      "4": 4.6,
      "9": 7.6,
      "2": 7.2,
      "3": 4.8,
      "5": 9.2
    },
    "29": {
      "0": 2.2,
      "2": 1.8,
      "8": 3.2,
      "9": 5.6,
      "5": 3.6,
      "6": 6.4,
      "7": 7.2,
      "3": 7.6,
      "1": 8.0,
      "4": 9.4
    },
    "30": {
      "5": 1.0,
      "3": 2.4,
      "4": 4.2,
      "2": 6.2,
      "7": 7.4,
      "8": 4.4,
      "6": 4.4,
      "1": 7.4,
      "0": 7.6
    },
    "31": {
      "0": 5.6,
      "4": 2.2,
      "8": 3.8,
      "1": 2.8,
      "9": 2.6,
      "6": 6.4,
      "5": 6.4,
      "7": 8.0,
      "2": 7.4,
      "3": 9.8
    },
    "32": {
      "0": 1.6,
      "8": 1.6,
      "2": 5.6,
      "6": 5.0,
      "3": 5.0,
      "9": 7.6,
      "7": 6.4,
      "1": 5.6,
      "5": 8.0,
      "4": 8.6
    },
    "33": {
      "2": 2.4,
      "3": 2.4,
      "1": 4.4,
      "6": 4.4,
      "9": 4.4,
      "0": 6.2,
      "5": 9.2,
      "7": 5.2,
      "4": 8.0,
      "8": 8.4
    },
    "34": {
      "2": 4.2,
      "5": 4.0,
      "8": 5.2,
      "1": 3.2,
      "3": 1.8,
      "4": 3.4,
      "9": 7.4,
      "7": 7.2,
      "0": 8.6,
      "6": 10.0
    },
    "35": {
      "2": 2.0,
      "1": 2.4,
      "5": 3.2,
      "0": 2.4,
      "3": 5.0,
      "6": 6.0,
      "4": 7.2,
      "7": 7.8
    },
    "36": {
      "0": 3.2,
      "7": 1.8,
      "8": 2.8,
      "9": 3.8,
      "4": 5.6,
      "3": 6.2,
      "1": 7.0,
      "2": 6.2,
      "6": 8.4,
      "5": 10.0
    },
    "37": {
      "3": 2.4,
      "7": 2.8,
      "5": 3.2,
      "2": 4.4,
      "8": 4.6,
      "1": 6.2,
      "4": 5.8,
      "9": 6.6,
      "0": 9.2,
      "6": 9.8
    },
    "38": {
      "2": 2.6,
      "6": 1.8,
      "9": 2.0,
      "0": 6.8,
      "3": 4.4,
      "7": 5.8,
      "8": 6.2,
      "1": 7.6,
      "5": 8.4,
      "4": 9.4
    },
    "39": {
      "7": 1.75,
      "1": 3.0,
      "5": 1.5,
      "9": 5.0,
      "0": 6.0,
      "8": 5.25,
      "4": 7.5,
      "2": 7.75,
      "3": 7.25,
      "6": 10.0
    },