{
  "content_diversity": 0.38983285427093506,
  "classifier_auc": 0.7759944912336459,
  "ranking_stability": 0.6287802840434418,
  "feature_coefficients": {
    "word_count": 0.6463090821480725,
    "sentence_count": -0.11381174716705647,
    "avg_sentence_length": -0.4674612713061536,
    "paragraph_count": -0.6118393957250905,
    "heading_density": -0.2268966160869564,
    "list_frequency": 0.0549021306540127,
    "readability": 0.2901943701681336,
    "bold_emphasis_density": -0.12989927252392416,
    "citation_density": -0.036206711748094575,
    "statistic_density": 0.05767144477634395,
    "quote_density": -0.1424970881431295,
    "named_source_mentions": 0.05072952174678813,
    "year_mentions": -0.11385214848673819,
    "claim_density": -0.04303085910543311,
    "external_reference_density": 0.0,
    "question_density": -0.13125049272842773,
    "query_similarity": 1.1185434776808847,
    "corpus_centroid_similarity": 0.12382855593939113,
    "type_token_ratio": -0.1542651053968066,
    "vocabulary_sophistication": 0.024706814066190495,
    "sentiment_polarity": -0.02113376612767436,
    "avg_word_length": -0.21509667179738992,
    "semantic_uniqueness": 0.43858473732512326,
    "information_density": -0.13061313938962277,
    "specificity_score": 0.09741256115876787
  },
  "avg_ranks": {
    "0": {
      "5": 1.6,
      "2": 2.2,
      "6": 2.2,
      "4": 4.0,
      "0": 5.6,
      "3": 6.0,
      "1": 6.6,
      "7": 7.8
    },
    "1": {
      "0": 1.4,
      "7": 1.6,
      "8": 3.0,
      "4": 5.4,
      "9": 6.2,
      "6": 4.8,
      "1": 6.4,
      "5": 7.6,
      "2": 8.6,
      "3": 10.0
    },
    "2": {
      "7": 2.0,
      "5": 1.2,
      "8": 3.8,
      "3": 3.4,
      "6": 5.8,
      "0": 6.8,
      "2": 8.2,
      "1": 8.4,
      "4": 5.4
    },
    "3": {
      "2": 2.0,
      "1": 5.0,
      "4": 6.2,
      "6": 2.0,
      "0": 7.0,
      "7": 5.2,
      "8": 3.2,
      "5": 5.6,
      "3": 9.2,
      "9": 9.6
    },
    "4": {
      "1": 1.6,
      "5": 2.2,
      "4": 3.4,
      "6": 5.0,
      "2": 4.4,
      "7": 6.0,
      "0": 5.8,
      "3": 7.6
    },
    "5": {
      "7": 2.0,
      "5": 1.4,
      "4": 2.6,
      "2": 4.4,
      "0": 5.2,
      "6": 6.2,
      "3": 6.4,
      "8": 7.8,
      "1": 9.0
    },
    "6": {
      "6": 4.6,
      "5": 2.6,
      "7": 2.4,
      "3": 2.6,
      "4": 6.2,
      "8": 3.8,
      "1": 7.8,
      "2": 8.8,
      "0": 6.2
    },
    "7": {
      "5": 1.5,
      "1": 1.5,
      "7": 3.25,
      "4": 4.0,
      "3": 4.75,
      "2": 6.25,
      "0": 6.75,
      "8": 8.5,
      "6": 8.5
    },
    "8": {
      "4": 1.0,
      "1": 3.8,
      "9": 4.8,
      "3": 5.4,
      "2": 2.6,
      "5": 4.2,
      "8": 6.6,
      "0": 8.4,
      "6": 9.6,
      "7": 8.6
    },
    "9": {
      "6": 3.6,
      "3": 4.0,
      "4": 4.4,
      "9": 5.4,
      "2": 6.6,
      "7": 5.2,
      "0": 5.6,
      "1": 5.4,
      "5": 6.0,
      "8": 8.8
    },
    "10": {
      "8": 2.4,
      "1": 2.2,
      "2": 3.4,
      "0": 5.0,
      "7": 5.4,
      "4": 4.0,
      "5": 7.0,
      "3": 8.4,
      "6": 7.2
    },
    "11": {
      "2": 1.0,
      "0": 2.0,
      "7": 4.0,
      "3": 4.0,
      "5": 6.4,
      "4": 5.2,
      "6": 6.0,
      "1": 7.4
    },
    "12": {
      "8": 1.5,
      "6": 2.0,
      "0": 3.5,
      "9": 3.75,
      "5": 5.75,
      "4": 4.5,
      "3": 7.5,
      "1": 9.0,
      "2": 8.75,
      "7": 8.75
    },
    "13": {
      "7": 1.8,
      "6": 1.2,
      "2": 4.2,
      "8": 5.8,
      "3": 4.4,
      "0": 4.0,
      "1": 6.8,
      "4": 8.0,
      "5": 8.8
    },
    "14": {
      "9": 2.4,
      "3": 4.8,
      "6": 2.6,
      "8": 2.0,
      "7": 3.8,
      "1": 6.2,
      "5": 8.8,
      "2": 8.8,
      "4": 7.8,
      "0": 7.8
    },
    "15": {
      "7": 1.0,
      "6": 6.6,
      "3": 5.4,
      "4": 5.6,
      "2": 4.6,
      "8": 4.0,
      "0": 5.6,
      "1": 4.6,
      "5": 7.6
    },
    "16": {
      "3": 2.8,
      "6": 3.0,
      "0": 2.8,
      "1": 3.2,
      "8": 4.4,
      "5": 7.2,
      "7": 6.2,
      "2": 8.4,
      "4": 7.0
    },
    "17": {
      "4": 2.0,
      "1": 4.0,
      "2": 3.2,
      "3": 3.2,
      "0": 2.6,
      "7": 7.0,
      "5": 6.6,
      "6": 7.4
    },
    "18": {
      "4": 3.0,
      "8": 3.0,
      "0": 3.2,
      "6": 3.4,
      "3": 6.6,
      "2": 4.2,
      "7": 6.2,
      "1": 7.2,
      "5": 9.2,
      "9": 9.0
    },
    "19": {
      "3": 1.6,
      "8": 1.6,
      "6": 4.2,
      "0": 4.2,
      "4": 5.0,
      "2": 6.2,
      "7": 7.8,
      "1": 5.4,
      "5": 9.0
    },
    "20": {
      "0": 1.0,
      "2": 4.2,
      "5": 2.8,
      "1": 4.4,
      "7": 6.4,
      "6": 6.0,
      "3": 5.8,
      "4": 5.4
    },
    "21": {
      "4": 1.4,
      "1": 2.4,
      "6": 2.6,
      "8": 3.8,
      "0": 5.6,
      "2": 6.6,
      "7": 7.2,
      "3": 6.6,
      "5": 8.8
    },
    "22": {
      "6": 1.4,
      "5": 1.8,
      "0": 3.6,
      "7": 3.2,
      "8": 7.4,
      "3": 6.0,
      "1": 8.2,
      "4": 7.4,
      "9": 6.4,
      "2": 9.6
    },
    "23": {
      "0": 1.8,
      "3": 2.0,
      "6": 3.2,
      "2": 5.0,
      "4": 6.2,
      "1": 4.8,
      "5": 6.2,
      "7": 6.8,
      "8": 9.0
    },
    "24": {
      "1": 1.6,
      "5": 1.4,
      "0": 4.6,
      "8": 3.6,
      "2": 4.2,
      "3": 7.6,
      "7": 6.6,
      "4": 7.0,
      "6": 8.4
    },
    "25": {
      "5": 1.2,
      "7": 1.8,
      "0": 4.0,
      "1": 4.2,
      "8": 4.0,
      "3": 5.8,
      "2": 7.4,
      "4": 8.2,
      "6": 8.4
    },
    "26": {
      "4": 1.0,
      "0": 3.25,
      "8": 4.5,
      "3": 5.75,
      "6": 3.75,
      "7": 5.75,
      "1": 5.0,
      "2": 7.5,
      "5": 8.5
    },
    "27": {
      "7": 1.4,
      "4": 3.8,
      "3": 6.2,
      "0": 4.4,
      "5": 4.0,
      "2": 5.4,
      "8": 5.2,
      "1": 7.2,
      "6": 7.4,
      "9": 10.0
    },
    "28": {
      "0": 1.0,
      "7": 2.0,
      "3": 5.0,
      "5": 4.4,
      "8": 6.6,
      "6": 6.8,
      "1": 7.0,
      "2": 8.2,
      "4": 6.4,
      "9": 7.6
    },
    "29": {
      "2": 1.4,
      "8": 3.8,
      "0": 1.8,
      "5": 4.0,
      "7": 7.2,
      "4": 5.8,
      "3": 7.0,
      "9": 6.8,
      "1": 8.8,
      "6": 8.4
    },
    "30": {
      "5": 1.0,
      "3": 2.2,
      "8": 4.0,
      "4": 3.0,
      "2": 5.8,
      "6": 5.8,
      "1": 6.6,
      "7": 8.2,
      "0": 8.4
    },
    "31": {
      "0": 3.0,
      "8": 1.6,
      "4": 2.6,
      "9": 4.4,
      "6": 5.2,
      "1": 4.6,
      "2": 8.4,
      "7": 8.6,
      "5": 7.4,
      "3": 9.2
    },
    "32": {
      "8": 1.0,
      "0": 2.2,
      "2": 2.8,
      "6": 4.4,
      "7": 5.0,
      "3": 6.6,
      "5": 8.4,
      "1": 7.4,
      "4": 8.0,
      "9": 9.2
    },
    "33": {
      "2": 2.4,
      "3": 2.6,
      "9": 5.0,
      "0": 4.8,
      "1": 3.4,
      "6": 3.2,
      "8": 6.8,
      "7": 8.0,
      "4": 9.2,
      "5": 9.6
    },
    "34": {
      "3": 1.2,
      "4": 2.2,
      "5": 3.8,
      "2": 5.2,
      "9": 5.8,
      "7": 5.2,
      "1": 5.8,
      "0": 8.6,
      "8": 7.2,
      "6": 10.0
    },
    "35": {
      "2": 1.2,
      "1": 2.0,
      "5": 2.8,
      "0": 4.6,
      "6": 6.0,
      "3": 5.0,
      "7": 6.6,
      "4": 7.8
    },
    "36": {
      "7": 1.8,
      "0": 4.2,
      "8": 2.2,
      "9": 3.6,
      "4": 4.8,
      "2": 7.8,
      "6": 8.4,
      "3": 5.0,
      "5": 9.6,
      "1": 7.6
    },
    "37": {
      "2": 4.0,
      "7": 2.6,
      "4": 5.0,
      "1": 5.6,
      "8": 4.6,
      "5": 3.8,
      "9": 6.6,
      "3": 4.2,
      "0": 9.4,
      "6": 9.2
    },
    "38": {
      "3": 2.6,
      "9": 2.4,
      "6": 1.8,
      "2": 3.6,
      "7": 5.4,
      "8": 6.0,
      "1": 7.0,
      "4": 9.0,
      "5": 9.2,
      "0": 8.0
    },
    "39": {
      "5": 2.0,
      "7": 1.4,
      "8": 5.2,
      "1": 2.8,
      "4": 7.6,
      "3": 5.6,
      "2": 8.0,
      "0": 6.4,
      "9": 6.4,