{
  "content_diversity": 0.3903608024120331,
  "classifier_auc": 0.8230819359851618,
  "ranking_stability": 0.6380755608028336,
  "feature_coefficients": {
    "word_count": 0.7819696401306254,
    "sentence_count": 0.40361676306180516,
    "avg_sentence_length": -0.11939555193932024,
    "paragraph_count": -0.6485977421190408,
    "heading_density": 0.11364909441756402,
    "list_frequency": 0.23337541918157503,
    "readability": 0.5032806792796759,
    "bold_emphasis_density": -0.053111293355221044,
    "citation_density": -0.03916522003396642,
    "statistic_density": 0.030891486105072023,
    "quote_density": -0.3840606086993635,
    "named_source_mentions": -0.542543581209713,
    "year_mentions": -0.153071694600387,
    "claim_density": -0.09606940181322407,
    "external_reference_density": 0.0,
    "question_density": 0.09291848221447088,
    "query_similarity": 1.0226187960173065,
    "corpus_centroid_similarity": 0.23752489817915595,
    "type_token_ratio": -0.222445812933094,
    "vocabulary_sophistication": -0.10841405238795997,
    "sentiment_polarity": 0.006099303443173403,
    "avg_word_length": -0.6390163338339419,
    "semantic_uniqueness": 0.3170663052915713,
    "information_density": -0.13450863111760578,
    "specificity_score": 0.6180729561819004
  },
  "avg_ranks": {
    "0": {
      "5": 1.2,
      "2": 1.8,
      "6": 3.0,
      "0": 5.2,
      "4": 4.2,
      "3": 6.8,
      "1": 6.6,
      "7": 7.2
    },
    "1": {
      "7": 1.2,
      "0": 1.8,
      "8": 3.0,
      "1": 6.8,
      "6": 4.8,
      "2": 7.6,
      "9": 6.2,
      "4": 5.8,
      "5": 8.2,
      "3": 9.6
    },
    "2": {
      "7": 1.4,
      "5": 2.0,
      "8": 3.4,
      "4": 4.2,
      "3": 4.0,
      "6": 6.0,
      "1": 8.6,
      "0": 7.6,
      "2": 7.8
    },
    "3": {
      "6": 1.2,
      "2": 1.8,
      "8": 3.0,
      "5": 6.0,
      "7": 5.6,
      "4": 7.0,
      "1": 5.0,
      "0": 6.4,
      "3": 9.0,
      "9": 10.0
    },
    "4": {
      "2": 3.6,
      "1": 1.2,
      "5": 2.6,
      "4": 3.4,
      "0": 6.6,
      "3": 6.4,
      "6": 4.6,
      "7": 7.6
    },
    "5": {
      "7": 1.6,
      "4": 2.6,
      "5": 2.2,
      "0": 4.4,
      "2": 4.8,
      "6": 7.6,
      "8": 6.8,
      "3": 6.2,
      "1": 8.8
    },
    "6": {
      "8": 1.4,
      "3": 3.4,
      "5": 3.6,
      "7": 3.4,
      "6": 4.4,
      "0": 6.6,
      "4": 5.2,
      "1": 8.2,
      "2": 8.8
    },
    "7": {
      "5": 1.0,
      "1": 2.0,
      "7": 3.6,
      "3": 4.2,
      "4": 4.2,
      "2": 6.2,
      "8": 8.4,
      "0": 7.8,
      "6": 7.6
    },
    "8": {
      "4": 1.0,
      "2": 2.6,
      "1": 3.0,
      "3": 5.0,
      "9": 5.8,
      "5": 5.4,
      "8": 5.6,
      "0": 8.6,
      "7": 8.8,
      "6": 9.2
    },
    "9": {
      "7": 2.2,
      "1": 3.0,
      "0": 3.8,
      "5": 8.6,
      "3": 4.6,
      "6": 4.6,
      "9": 6.6,
      "4": 6.2,
      "2": 8.0,
      "8": 7.4
    },
    "10": {
      "1": 1.4,
      "0": 4.4,
      "4": 6.6,
      "8": 2.4,
      "5": 5.2,
      "7": 5.0,
      "2": 4.2,
      "3": 7.8,
      "6": 8.0
    },
    "11": {
      "2": 1.0,
      "0": 2.0,
      "7": 3.4,
      "5": 5.4,
      "4": 4.0,
      "3": 6.6,
      "6": 6.4,
      "1": 7.2
    },
    "12": {
      "6": 2.0,
      "4": 4.0,
      "8": 1.8,
      "9": 4.8,
      "0": 3.2,
      "5": 5.8,
      "2": 8.2,
      "7": 8.8,
      "3": 7.2,
      "1": 9.2
    },
    "13": {
      "6": 1.0,
      "7": 2.0,
      "0": 3.4,
      "2": 4.2,
      "3": 4.4,
      "8": 6.8,
      "1": 6.6,
      "4": 7.8,
      "5": 8.8
    },
    "14": {
      "7": 2.8,
      "6": 2.2,
      "9": 2.2,
      "3": 3.8,
      "1": 8.0,
      "5": 6.8,
      "8": 4.4,
      "4": 7.2,
      "2": 8.0,
      "0": 9.6
    },
    "15": {
      "7": 1.0,
      "8": 2.8,
      "0": 4.4,
      "2": 3.8,
      "1": 5.4,
      "5": 7.0,
      "6": 6.4,
      "4": 7.0,
      "3": 7.2
    },
    "16": {
      "4": 5.0,
      "5": 6.0,
      "3": 1.8,
      "6": 2.6,
      "1": 3.6,
      "8": 4.4,
      "0": 5.4,
      "7": 8.0,
      "2": 8.2
    },
    "17": {
      "4": 1.0,
      "1": 2.8,
      "2": 2.8,
      "3": 4.0,
      "0": 5.8,
      "5": 4.8,
      "7": 7.0,
      "6": 7.8
    },
    "18": {
      "8": 2.0,
      "3": 5.2,
      "0": 3.0,
      "4": 3.0,
      "1": 4.4,
      "2": 5.0,
      "6": 6.6,
      "7": 8.2,
      "5": 8.8,
      "9": 8.8
    },
    "19": {
      "8": 1.4,
      "3": 1.6,
      "4": 3.8,
      "0": 4.4,
      "6": 4.0,
      "1": 6.6,
      "7": 6.8,
      "2": 7.4,
      "5": 9.0
    },
    "20": {
      "0": 1.0,
      "5": 2.6,
      "6": 4.4,
      "3": 3.4,
      "7": 7.0,
      "1": 4.6,
      "2": 6.8,
      "4": 6.2
    },
    "21": {
      "1": 2.6,
      "4": 1.4,
      "6": 2.4,
      "8": 4.0,
      "2": 6.6,
      "0": 6.6,
      "3": 7.0,
      "7": 5.4,
      "5": 9.0
    },
    "22": {
      "6": 1.6,
      "5": 2.6,
      "0": 2.6,
      "7": 3.6,
      "9": 5.8,
      "4": 6.8,
      "3": 5.4,
      "8": 7.8,
      "1": 8.8,
      "2": 10.0
    },
    "23": {
      "2": 1.8,
      "4": 3.6,
      "6": 2.4,
      "3": 3.4,
      "0": 5.6,
      "5": 6.2,
      "1": 6.4,
      "8": 6.6,
      "7": 9.0
    },
    "24": {
      "0": 1.0,
      "5": 2.0,
      "1": 3.4,
      "8": 4.4,
      "2": 4.2,
      "3": 8.0,
      "6": 7.6,
      "4": 6.8,
      "7": 7.6
    },
    "25": {
      "5": 1.0,
      "7": 2.0,
      "8": 3.4,
      "3": 5.2,
      "0": 4.2,
      "1": 5.2,
      "2": 7.6,
      "4": 7.8,
      "6": 8.6
    },
    "26": {
      "4": 1.0,
      "0": 2.4,
      "8": 2.6,
      "1": 5.0,
      "6": 4.2,
      "3": 6.6,
      "5": 8.0,
      "2": 7.8,
      "7": 7.4
    },
    "27": {
      "4": 5.8,
      "1": 5.6,
      "2": 4.0,
      "5": 3.0,
      "7": 3.2,
      "8": 4.8,
      "0": 4.0,
      "6": 6.8,
      "3": 7.8,
      "9": 10.0
    },
    "28": {
      "8": 4.6,
      "1": 6.0,
      "6": 5.8,
      "0": 4.2,
      "7": 4.8,
      "3": 6.4,
      "4": 3.8,
      "9": 5.2,
      "5": 9.2,
      "2": 5.0
    },
    "29": {
      "0": 1.4,
      "2": 1.8,
      "8": 4.0,
      "5": 3.6,
      "7": 7.2,
      "9": 6.2,
      "6": 7.8,
      "3": 7.2,
      "4": 8.2,
      "1": 7.6
    },
    "30": {
      "5": 1.2,
      "3": 1.8,
      "6": 4.2,
      "8": 3.2,
      "2": 6.6,
      "4": 6.0,
      "1": 7.2,
      "7": 6.4,
      "0": 8.4
    },
    "31": {
      "0": 4.6,
      "4": 2.4,
      "8": 2.8,
      "9": 3.4,
      "5": 6.2,
      "6": 4.8,
      "1": 4.6,
      "2": 8.8,
      "7": 8.2,
      "3": 9.2
    },
    "32": {
      "0": 1.6,
      "8": 1.4,
      "2": 7.2,
      "6": 4.2,
      "7": 5.0,
      "9": 6.8,
      "4": 7.8,
      "3": 5.8,
      "1": 6.6,
      "5": 8.6
    },
    "33": {
      "7": 5.4,
      "2": 2.4,
      "3": 3.2,
      "0": 4.8,
      "9": 5.0,
      "6": 3.8,
      "1": 4.2,
      "4": 8.6,
      "8": 7.6,
      "5": 10.0
    },
    "34": {
      "4": 2.2,
      "3": 2.2,
      "8": 4.2,
      "5": 4.8,
      "1": 4.4,
      "2": 4.6,
      "9": 6.8,
      "7": 7.0,
      "0": 9.0,
      "6": 9.8
    },
    "35": {
      "2": 2.6,
      "0": 2.2,
      "5": 2.6,
      "1": 3.0,
      "3": 4.8,
      "6": 5.8,
      "4": 7.2,
      "7": 7.8
    },
    "36": {
      "7": 1.2,
      "8": 2.4,
      "9": 3.8,
      "4": 4.8,
      "2": 7.2,
      "0": 4.2,
      "3": 5.6,
      "1": 7.0,
      "6": 8.8,
      "5": 10.0
    },
    "37": {
      "7": 2.0,
      "8": 3.2,
      "1": 5.4,
      "5": 2.6,
      "2": 5.6,
      "4": 5.4,
      "9": 6.6,
      "6": 9.2,
      "0": 9.4,
      "3": 5.6
    },
    "38": {
      "9": 2.6,
      "6": 2.4,
      "2": 3.2,
      "8": 6.2,
      "3": 4.2,
      "1": 6.6,
      "0": 6.0,
      "7": 5.2,
      "5": 9.4,
      "4": 9.2
    },
    "39": {
      "7": 1.8,
      "5": 2.4,
      "1": 2.2,
      "8": 5.2,
      "0": 5.6,
      "2": 6.0,
      "9": 6.4,
      "3": 6.6,
      "4": 8.8,
      "6": 10.0
    },