{
  "content_diversity": 0.3910675644874573,
  "classifier_auc": 0.8304877420683972,
  "ranking_stability": 0.6498627154717225,
  "feature_coefficients": {
    "word_count": 0.8547109756139147,
    "sentence_count": 0.2625749560071733,
    "avg_sentence_length": -0.40871257111149284,
    "paragraph_count": -1.1539516593849113,
    "heading_density": 0.12142183217955531,
    "list_frequency": 0.35647180560482283,
    "readability": 0.4654357915026573,
    "bold_emphasis_density": 0.17818685574547177,
    "citation_density": 0.0168362718893842,
    "statistic_density": -0.08795737662998447,
    "quote_density": -0.27971281542083776,
    "named_source_mentions": -0.2629627083858986,
    "year_mentions": -0.34041261031470105,
    "claim_density": 0.007555197823745581,
    "external_reference_density": 0.0,
    "question_density": -0.06357609047402338,
    "query_similarity": 1.1011148204002346,
    "corpus_centroid_similarity": 0.275988258957793,
    "type_token_ratio": -0.16482296263551943,
    "vocabulary_sophistication": -0.027233790352945982,
    "sentiment_polarity": 0.14342808989034173,
    "avg_word_length": -0.5341756791126425,
    "semantic_uniqueness": 0.45637963310152485,
    "information_density": -0.13661845487534338,
    "specificity_score": 0.4096069582675048
  },
  "avg_ranks": {
    "0": {
      "5": 2.0,
      "6": 2.4,
      "2": 1.6,
      "4": 4.2,
      "0": 5.4,
      "3": 6.6,
      "1": 6.6,
      "7": 7.2
    },
    "1": {
      "7": 1.4,
      "0": 1.6,
      "8": 3.0,
      "6": 4.8,
      "1": 6.6,
      "4": 5.6,
      "9": 5.4,
      "2": 8.8,
      "5": 7.8,
      "3": 10.0
    },
    "2": {
      "7": 1.4,
      "3": 3.6,
      "4": 3.8,
      "5": 2.2,
      "8": 4.4,
      "6": 5.6,
      "0": 7.2,
      "2": 8.6,
      "1": 8.2
    },
    "3": {
      "6": 1.0,
      "2": 2.0,
      "8": 3.0,
      "7": 4.8,
      "5": 5.0,
      "0": 6.4,
      "1": 6.0,
      "4": 7.8,
      "3": 9.0,
      "9": 10.0
    },
    "4": {
      "1": 1.0,
      "5": 2.0,
      "4": 3.0,
      "6": 5.4,
      "7": 5.6,
      "0": 5.8,
      "2": 6.2,
      "3": 7.0
    },
    "5": {
      "4": 1.8,
      "5": 2.0,
      "7": 2.2,
      "2": 5.0,
      "3": 6.4,
      "0": 5.0,
      "6": 6.4,
      "1": 8.6,
      "8": 7.6
    },
    "6": {
      "8": 1.0,
      "5": 2.2,
      "6": 4.0,
      "3": 5.0,
      "4": 4.8,
      "7": 4.0,
      "0": 7.0,
      "1": 8.2,
      "2": 8.8
    },
    "7": {
      "5": 1.6,
      "1": 1.4,
      "4": 3.4,
      "7": 4.4,
      "3": 4.2,
      "8": 8.0,
      "2": 6.2,
      "6": 7.2,
      "0": 8.6
    },
    "8": {
      "4": 1.0,
      "2": 3.2,
      "8": 4.8,
      "3": 4.2,
      "1": 3.8,
      "5": 5.0,
      "9": 6.0,
      "0": 8.0,
      "7": 9.2,
      "6": 9.8
    },
    "9": {
      "3": 4.0,
      "9": 3.8,
      "6": 4.6,
      "4": 4.4,
      "2": 6.2,
      "5": 6.4,
      "7": 4.8,
      "1": 4.6,
      "0": 6.2,
      "8": 10.0
    },
    "10": {
      "1": 1.0,
      "8": 4.2,
      "2": 3.4,
      "5": 3.6,
      "0": 5.0,
      "3": 7.8,
      "6": 8.4,
      "7": 5.4,
      "4": 6.2
    },
    "11": {
      "2": 1.0,
      "0": 2.0,
      "7": 3.3333333333333335,
      "4": 4.333333333333333,
      "6": 5.666666666666667,
      "5": 6.666666666666667,
      "3": 5.333333333333333,
      "1": 7.666666666666667
    },
    "12": {
      "6": 2.2,
      "8": 1.4,
      "9": 4.8,
      "4": 4.8,
      "5": 6.0,
      "0": 3.0,
      "7": 8.0,
      "1": 8.6,
      "3": 6.6,
      "2": 9.6
    },
    "13": {
      "6": 1.0,
      "7": 2.0,
      "0": 3.2,
      "2": 4.0,
      "3": 5.0,
      "8": 7.0,
      "1": 6.8,
      "4": 7.4,
      "5": 8.6
    },
    "14": {
      "8": 4.2,
      "6": 1.4,
      "7": 2.4,
      "3": 4.0,
      "9": 3.6,
      "1": 6.6,
      "0": 8.8,
      "2": 9.2,
      "4": 7.2,
      "5": 7.6
    },
    "15": {
      "7": 1.8,
      "8": 2.8,
      "0": 2.2,
      "1": 3.6,
      "2": 4.6,
      "6": 6.8,
      "4": 8.0,
      "3": 7.8,
      "5": 7.4
    },
    "16": {
      "3": 1.4,
      "1": 4.4,
      "8": 3.6,
      "6": 3.0,
      "0": 5.4,
      "5": 7.6,
      "7": 7.0,
      "4": 4.4,
      "2": 8.2
    },
    "17": {
      "0": 3.0,
      "4": 1.8,
      "7": 5.6,
      "1": 3.0,
      "2": 4.0,
      "3": 4.4,
      "5": 6.4,
      "6": 7.8
    },
    "18": {
      "8": 1.6,
      "6": 3.0,
      "0": 4.0,
      "7": 4.6,
      "4": 3.6,
      "3": 6.8,
      "2": 4.8,
      "1": 7.6,
      "9": 9.8,
      "5": 9.2
    },
    "19": {
      "8": 1.4,
      "3": 2.0,
      "0": 3.4,
      "4": 4.8,
      "6": 4.6,
      "1": 5.2,
      "2": 7.4,
      "7": 7.2,
      "5": 9.0
    },
    "20": {
      "0": 1.4,
      "5": 1.6,
      "2": 5.0,
      "6": 4.4,
      "3": 4.8,
      "1": 4.6,
      "7": 7.4,
      "4": 6.8
    },
    "21": {
      "4": 1.4,
      "1": 2.8,
      "6": 3.0,
      "8": 3.2,
      "7": 5.2,
      "0": 6.6,
      "2": 6.4,
      "3": 7.4,
      "5": 9.0
    },
    "22": {
      "5": 2.2,
      "7": 3.0,
      "6": 1.6,
      "0": 3.4,
      "9": 6.2,
      "3": 5.4,
      "8": 7.4,
      "4": 8.0,
      "1": 8.4,
      "2": 9.4
    },
    "23": {
      "0": 2.8,
      "6": 2.6,
      "1": 4.8,
      "3": 3.4,
      "5": 5.6,
      "4": 5.6,
      "2": 5.0,
      "8": 7.0,
      "7": 8.2
    },
    "24": {
      "1": 1.6,
      "5": 1.4,
      "0": 4.0,
      "8": 4.0,
      "2": 4.2,
      "7": 6.8,
      "6": 8.2,
      "3": 7.0,
      "4": 7.8
    },
    "25": {
      "7": 1.8,
      "5": 1.2,
      "4": 7.2,
      "3": 5.2,
      "1": 4.4,
      "8": 4.8,
      "2": 7.4,
      "0": 4.6,
      "6": 8.4
    },
    "26": {
      "4": 1.0,
      "8": 3.0,
      "0": 2.8,
      "1": 4.8,
      "2": 7.4,
      "3": 5.4,
      "5": 7.6,
      "7": 8.0,
      "6": 5.0
    },
    "27": {
      "3": 5.8,
      "4": 2.6,
      "7": 2.8,
      "0": 3.4,
      "2": 4.4,
      "8": 4.0,
      "6": 7.4,
      "5": 6.6,
      "1": 8.0,
      "9": 10.0
    },
    "28": {
      "0": 2.4,
      "7": 3.4,
      "4": 6.0,
      "9": 6.6,
      "2": 6.2,
      "3": 4.8,
      "8": 5.6,
      "1": 5.0,
      "6": 6.2,
      "5": 8.8
    },
    "29": {
      "0": 1.2,
      "2": 1.8,
      "5": 4.2,
      "9": 3.8,
      "7": 6.4,
      "4": 7.2,
      "3": 8.0,
      "8": 5.2,
      "6": 8.2,
      "1": 9.0
    },
    "30": {
      "5": 1.0,
      "8": 2.8,
      "3": 2.4,
      "6": 4.8,
      "2": 5.8,
      "4": 5.2,
      "0": 8.4,
      "1": 8.2,
      "7": 6.4
    },
    "31": {
      "0": 3.2,
      "8": 2.0,
      "4": 3.2,
      "9": 3.6,
      "2": 8.0,
      "1": 4.4,
      "5": 7.0,
      "6": 5.6,
      "7": 8.2,
      "3": 9.8
    },
    "32": {
      "8": 1.2,
      "0": 2.4,
      "6": 3.8,
      "3": 3.8,
      "4": 6.2,
      "9": 6.6,
      "7": 6.2,
      "5": 8.2,
      "2": 7.0,
      "1": 9.6
    },
    "33": {
      "3": 2.8,
      "6": 2.0,
      "2": 2.4,
      "1": 3.8,
      "9": 4.0,
      "0": 6.4,
      "8": 8.4,
      "7": 7.2,
      "4": 8.2,
      "5": 9.8
    },
    "34": {
      "3": 1.2,
      "8": 2.8,
      "4": 2.4,
      "5": 4.0,
      "2": 4.6,
      "1": 6.0,
      "9": 7.4,
      "7": 7.6,
      "0": 9.0,
      "6": 10.0
    },
    "35": {
      "0": 1.4,
      "5": 2.6,
      "3": 4.2,
      "1": 3.8,
      "2": 3.4,
      "6": 5.6,
      "4": 7.0,
      "7": 8.0
    },
    "36": {
      "7": 2.6,
      "8": 2.4,
      "9": 2.8,
      "3": 7.0,
      "0": 3.6,
      "1": 6.4,
      "4": 4.4,
      "6": 7.4,
      "2": 8.4,
      "5": 10.0
    },
    "37": {
      "3": 1.0,
      "5": 3.0,
      "7": 3.4,
      "8": 5.2,
      "2": 5.0,
      "1": 5.8,
      "4": 6.0,
      "9": 6.6,
      "0": 9.4,
      "6": 9.6
    },
    "38": {
      "3": 1.0,
      "2": 2.8,
      "6": 3.0,
      "9": 3.2,
      "7": 6.4,
      "8": 5.6,
      "1": 7.2,
      "5": 9.0,
      "4": 9.0,
      "0": 7.8
    },
    "39": {
      "5": 1.6,
      "7": 1.6,
      "1": 3.0,
      "8": 4.8,
      "3": 5.0,