{
  "content_diversity": 0.39058682322502136,
  "classifier_auc": 0.804697156983931,
  "ranking_stability": 0.6435441337028639,
  "feature_coefficients": {
    "word_count": 0.8129332769882005,
    "sentence_count": 0.31238865575491753,
    "avg_sentence_length": 0.03158915623673166,
    "paragraph_count": -0.6626478282469805,
    "heading_density": 0.3711754950558162,
    "list_frequency": 0.11420750179363148,
    "readability": 0.021508218187598942,
    "bold_emphasis_density": 0.13030427078239717,
    "citation_density": -0.0032932167177557843,
    "statistic_density": -0.022105188682894853,
    "quote_density": -0.015758908015270724,
    "named_source_mentions": -0.4054679821359435,
    "year_mentions": -0.11309127365800077,
    "claim_density": 0.0066871832203767596,
    "external_reference_density": 0.0,
    "question_density": 0.0424406251977683,
    "query_similarity": 0.9697795502739063,
    "corpus_centroid_similarity": 0.2838371172902559,
    "type_token_ratio": -0.33545960323819135,
    "vocabulary_sophistication": -0.03471097044704993,
    "sentiment_polarity": 0.01662816849060214,
    "avg_word_length": -0.25409943243804434,
    "semantic_uniqueness": 0.39637570898501057,
    "information_density": -0.13179145777427448,
    "specificity_score": 0.39935470271466034
  },
  "avg_ranks": {
    "0": {
      "2": 1.6,
      "5": 1.4,
      "6": 3.0,
      "4": 4.0,
      "7": 6.2,
      "1": 6.2,
      "0": 6.4,
      "3": 7.2
    },
    "1": {
      "7": 1.4,
      "0": 1.8,
      "9": 5.4,
      "8": 3.0,
      "6": 4.8,
      "1": 5.8,
      "4": 6.2,
      "2": 9.0,
      "5": 8.0,
      "3": 9.6
    },
    "2": {
      "7": 1.6,
      "8": 3.2,
      "5": 1.8,
      "4": 3.8,
      "3": 4.6,
      "6": 6.0,
      "1": 8.4,
      "0": 7.2,
      "2": 8.4
    },
    "3": {
      "6": 1.4,
      "2": 2.0,
      "7": 3.6,
      "8": 3.2,
      "5": 4.8,
      "1": 6.0,
      "0": 7.2,
      "4": 7.8,
      "3": 9.2,
      "9": 9.8
    },
    "4": {
      "1": 1.2,
      "5": 1.8,
      "4": 3.2,
      "3": 6.6,
      "6": 5.8,
      "2": 6.8,
      "0": 5.2,
      "7": 5.4
    },
    "5": {
      "5": 1.8,
      "7": 1.8,
      "4": 2.4,
      "3": 6.2,
      "2": 4.4,
      "0": 6.0,
      "6": 6.2,
      "8": 7.6,
      "1": 8.6
    },
    "6": {
      "8": 1.6,
      "5": 2.2,
      "3": 4.4,
      "7": 4.4,
      "6": 4.2,
      "4": 5.4,
      "0": 5.8,
      "1": 8.2,
      "2": 8.8
    },
    "7": {
      "1": 1.75,
      "5": 2.75,
      "7": 3.0,
      "4": 3.0,
      "3": 4.5,
      "2": 6.0,
      "6": 7.0,
      "8": 8.25,
      "0": 8.75
    },
    "8": {
      "4": 1.0,
      "2": 2.6,
      "1": 3.2,
      "3": 3.8,
      "5": 5.4,
      "8": 6.2,
      "9": 6.2,
      "0": 8.2,
      "7": 8.4,
      "6": 10.0
    },
    "9": {
      "6": 3.8,
      "3": 4.4,
      "9": 4.0,
      "4": 4.2,
      "2": 6.8,
      "7": 4.4,
      "1": 5.4,
      "0": 6.2,
      "5": 8.6,
      "8": 7.2
    },
    "10": {
      "1": 1.0,
      "2": 3.25,
      "8": 3.0,
      "0": 4.25,
      "5": 4.5,
      "3": 7.25,
      "6": 8.25,
      "4": 7.0,
      "7": 6.5
    },
    "11": {
      "2": 1.0,
      "0": 2.0,
      "7": 3.8,
      "4": 3.6,
      "3": 5.2,
      "5": 6.6,
      "6": 6.4,
      "1": 7.4
    },
    "12": {
      "8": 1.2,
      "6": 2.2,
      "0": 2.6,
      "9": 4.4,
      "4": 5.2,
      "5": 5.4,
      "2": 8.4,
      "3": 7.8,
      "1": 8.6,
      "7": 9.2
    },
    "13": {
      "6": 1.0,
      "7": 2.0,
      "0": 3.4,
      "1": 6.2,
      "8": 6.2,
      "2": 4.0,
      "3": 6.4,
      "5": 8.4,
      "4": 7.4
    },
    "14": {
      "7": 2.8,
      "6": 1.2,
      "8": 3.6,
      "3": 4.6,
      "9": 3.2,
      "1": 6.4,
      "0": 8.8,
      "2": 8.8,
      "5": 7.8,
      "4": 7.8
    },
    "15": {
      "7": 1.0,
      "8": 2.8,
      "0": 2.8,
      "1": 4.4,
      "2": 4.0,
      "6": 6.8,
      "3": 7.6,
      "4": 8.2,
      "5": 7.4
    },
    "16": {
      "4": 5.0,
      "6": 1.75,
      "1": 3.0,
      "8": 4.5,
      "3": 3.0,
      "2": 6.75,
      "7": 8.0,
      "0": 5.75,
      "5": 7.25
    },
    "17": {
      "2": 3.4,
      "4": 1.8,
      "1": 3.2,
      "3": 4.2,
      "7": 6.0,
      "5": 6.0,
      "0": 3.4,
      "6": 8.0
    },
    "18": {
      "8": 1.4,
      "6": 5.2,
      "2": 4.8,
      "0": 3.2,
      "4": 3.6,
      "3": 4.8,
      "1": 7.2,
      "5": 8.2,
      "7": 7.0,
      "9": 9.6
    },
    "19": {
      "3": 2.2,
      "6": 3.8,
      "8": 1.4,
      "4": 5.0,
      "0": 5.0,
      "7": 6.8,
      "2": 6.6,
      "1": 5.2,
      "5": 9.0
    },
    "20": {
      "1": 4.4,
      "3": 4.6,
      "6": 5.0,
      "5": 2.2,
      "0": 2.0,
      "2": 5.0,
      "4": 5.2,
      "7": 7.6
    },
    "21": {
      "4": 1.0,
      "6": 2.2,
      "0": 5.8,
      "8": 3.8,
      "1": 3.4,
      "2": 6.0,
      "3": 6.4,
      "5": 8.8,
      "7": 7.6
    },
    "22": {
      "6": 1.2,
      "0": 3.0,
      "7": 3.2,
      "5": 2.8,
      "1": 7.8,
      "8": 6.8,
      "3": 6.4,
      "9": 5.4,
      "4": 8.4,
      "2": 10.0
    },
    "23": {
      "2": 2.0,
      "6": 2.5,
      "4": 4.0,
      "3": 3.5,
      "1": 4.75,
      "0": 6.25,
      "5": 5.75,
      "8": 8.0,
      "7": 8.25
    },
    "24": {
      "1": 1.8,
      "5": 2.4,
      "0": 1.8,
      "8": 4.8,
      "2": 4.6,
      "7": 6.4,
      "3": 6.2,
      "6": 8.4,
      "4": 8.6
    },
    "25": {
      "5": 1.8,
      "7": 1.2,
      "8": 5.2,
      "0": 5.2,
      "1": 3.6,
      "3": 4.6,
      "2": 7.4,
      "6": 8.8,
      "4": 7.2
    },
    "26": {
      "4": 1.0,
      "8": 2.25,
      "0": 2.75,
      "2": 6.25,
      "3": 6.5,
      "1": 5.75,
      "6": 5.75,
      "7": 7.0,
      "5": 7.75
    },
    "27": {
      "7": 1.6,
      "4": 3.8,
      "2": 2.6,
      "0": 4.0,
      "5": 6.4,
      "6": 6.8,
      "3": 5.8,
      "8": 5.4,
      "1": 8.6,
      "9": 10.0
    },
    "28": {
      "0": 1.0,
      "7": 2.0,
      "5": 4.666666666666667,
      "3": 4.333333333333333,
      "1": 7.333333333333333,
      "6": 7.0,
      "8": 8.666666666666666,
      "2": 8.333333333333334,
      "4": 5.666666666666667,
      "9": 6.0
    },
    "29": {
      "0": 1.4,
      "7": 5.8,
      "2": 1.8,
      "9": 4.4,
      "5": 4.6,
      "8": 6.0,
      "4": 8.0,
      "6": 6.4,
      "3": 7.6,
      "1": 9.0
    },
    "30": {
      "5": 1.0,
      "3": 2.2,
      "8": 3.0,
      "1": 6.6,
      "6": 4.8,
      "7": 6.2,
      "2": 6.4,
      "4": 6.2,
      "0": 8.6
    },
    "31": {
      "0": 5.0,
      "8": 2.4,
      "4": 1.8,
      "9": 3.4,
      "6": 6.2,
      "1": 4.2,
      "2": 6.6,
      "7": 7.6,
      "5": 7.8,
      "3": 10.0
    },
    "32": {
      "8": 1.8,
      "0": 1.8,
      "3": 5.4,
      "6": 5.2,
      "7": 6.6,
      "4": 7.2,
      "9": 7.4,
      "1": 7.8,
      "5": 8.0,
      "2": 3.8
    },
    "33": {
      "7": 5.0,
      "2": 3.0,
      "0": 4.4,
      "3": 3.8,
      "9": 4.8,
      "6": 3.2,
      "1": 4.2,
      "8": 7.8,
      "4": 8.8,
      "5": 10.0
    },
    "34": {
      "3": 1.6,
      "8": 4.6,
      "1": 3.2,
      "4": 4.4,
      "5": 5.0,
      "2": 4.2,
      "7": 6.0,
      "9": 7.0,
      "0": 9.2,
      "6": 9.8
    },
    "35": {
      "2": 1.75,
      "0": 1.75,
      "1": 3.0,
      "5": 3.5,
      "3": 5.0,
      "6": 6.0,
      "4": 7.0,
      "7": 8.0
    },
    "36": {
      "7": 1.2,
      "8": 2.6,
      "9": 3.4,
      "4": 4.2,
      "0": 4.0,
      "1": 6.0,
      "2": 8.0,
      "3": 7.2,
      "6": 8.4,
      "5": 10.0
    },
    "37": {
      "3": 1.0,
      "8": 4.75,
      "7": 3.75,
      "2": 4.75,
      "5": 4.0,
      "4": 4.0,
      "9": 7.5,
      "1": 6.25,
      "0": 9.25,
      "6": 9.75
    },
    "38": {
      "9": 1.0,
      "6": 2.4,
      "3": 3.2,
      "2": 3.8,
      "1": 5.4,
      "8": 5.6,
      "7": 6.8,
      "5": 9.0,
      "4": 9.2,
      "0": 8.6
    },
    "39": {
      "7": 2.8,
      "1": 2.4,
      "5": 2.2,