{
  "content_diversity": 0.3916725218296051,
  "classifier_auc": 0.7857125708249304,
  "ranking_stability": 0.6364453910779787,
  "feature_coefficients": {
    "word_count": 0.8202058240160834,
    "sentence_count": 0.15633347865653396,
    "avg_sentence_length": -0.14373385881154754,
    "paragraph_count": -0.712734611281989,
    "heading_density": 0.17961056498833905,
    "list_frequency": 0.2230455899319072,
    "readability": 0.121052228535526,
    "bold_emphasis_density": -0.11370071919772427,
    "citation_density": 0.025779740800838422,
    "statistic_density": -0.05100322897357307,
    "quote_density": -0.07829431463221885,
    "named_source_mentions": -0.27416149388509237,
    "year_mentions": -0.24574181392848254,
    "claim_density": -0.11729049904971695,
    "external_reference_density": 0.0,
    "question_density": -0.0901950872894073,
    "query_similarity": 0.9072866542992816,
    "corpus_centroid_similarity": 0.20681369205396874,
    "type_token_ratio": -0.15955775344328574,
    "vocabulary_sophistication": 0.008788907454253585,
    "sentiment_polarity": 0.03401638315148251,
    "avg_word_length": -0.33870169541843176,
    "semantic_uniqueness": 0.1884165627387965,
    "information_density": -0.04416068434936811,
    "specificity_score": 0.40153974271073467
  },
  "avg_ranks": {
    "0": {
      "5": 1.8,
      "2": 1.2,
      "6": 3.0,
      "4": 4.6,
      "0": 4.8,
      "7": 7.4,
      "1": 7.0,
      "3": 6.2
    },
    "1": {
      "7": 1.2,
      "0": 1.8,
      "8": 3.0,
      "1": 6.6,
      "9": 5.4,
      "6": 5.8,
      "2": 7.0,
      "3": 9.2,
      "5": 8.6,
      "4": 6.4
    },
    "2": {
      "7": 1.4,
      "4": 3.4,
      "5": 2.0,
      "3": 4.2,
      "8": 4.2,
      "6": 5.8,
      "0": 7.2,
      "2": 8.4,
      "1": 8.4
    },
    "3": {
      "6": 1.0,
      "2": 2.0,
      "8": 3.25,
      "4": 6.0,
      "7": 5.0,
      "9": 8.0,
      "1": 6.75,
      "0": 7.75,
      "5": 5.5,
      "3": 9.75
    },
    "4": {
      "1": 1.2,
      "5": 2.2,
      "4": 3.6,
      "7": 7.2,
      "2": 3.2,
      "6": 5.8,
      "3": 6.6,
      "0": 6.2
    },
    "5": {
      "7": 1.75,
      "4": 2.5,
      "5": 1.75,
      "6": 5.75,
      "2": 4.75,
      "8": 7.75,
      "0": 6.5,
      "1": 8.25,
      "3": 6.0
    },
    "6": {
      "8": 1.0,
      "3": 2.0,
      "4": 4.5,
      "5": 3.5,
      "7": 4.75,
      "0": 6.5,
      "2": 8.25,
      "6": 6.25,
      "1": 8.25
    },
    "7": {
      "1": 1.2,
      "5": 1.8,
      "7": 3.2,
      "4": 3.8,
      "3": 5.0,
      "2": 6.4,
      "6": 6.8,
      "0": 8.0,
      "8": 8.8
    },
    "8": {
      "4": 1.0,
      "2": 2.6,
      "5": 3.8,
      "1": 4.0,
      "9": 5.0,
      "3": 4.6,
      "0": 7.6,
      "7": 8.2,
      "8": 9.0,
      "6": 9.2
    },
    "9": {
      "9": 4.6,
      "4": 3.8,
      "6": 4.0,
      "3": 3.4,
      "2": 7.2,
      "1": 5.2,
      "7": 4.0,
      "0": 5.8,
      "8": 9.4,
      "5": 7.6
    },
    "10": {
      "8": 2.2,
      "2": 2.4,
      "1": 2.2,
      "5": 4.0,
      "0": 5.6,
      "7": 6.6,
      "4": 7.8,
      "6": 6.4,
      "3": 7.8
    },
    "11": {
      "2": 1.0,
      "0": 2.0,
      "7": 3.0,
      "4": 4.8,
      "3": 5.2,
      "6": 6.4,
      "1": 7.0,
      "5": 6.6
    },
    "12": {
      "8": 1.8,
      "6": 1.8,
      "4": 4.6,
      "0": 3.6,
      "9": 4.0,
      "5": 5.2,
      "3": 7.8,
      "2": 7.8,
      "7": 8.8,
      "1": 9.6
    },
    "13": {
      "6": 1.0,
      "7": 2.0,
      "1": 5.25,
      "8": 5.25,
      "4": 7.5,
      "2": 5.0,
      "3": 5.5,
      "0": 5.75,
      "5": 7.75
    },
    "14": {
      "9": 2.2,
      "6": 1.8,
      "7": 3.6,
      "8": 3.0,
      "1": 6.4,
      "3": 5.0,
      "5": 7.6,
      "2": 8.8,
      "0": 7.8,
      "4": 8.8
    },
    "15": {
      "7": 1.0,
      "0": 2.8,
      "2": 4.0,
      "8": 2.8,
      "1": 4.4,
      "5": 7.4,
      "4": 8.2,
      "3": 7.6,
      "6": 6.8
    },
    "16": {
      "1": 2.4,
      "0": 4.4,
      "6": 2.2,
      "8": 3.6,
      "3": 2.4,
      "5": 6.8,
      "7": 7.8,
      "4": 7.0,
      "2": 8.4
    },
    "17": {
      "2": 2.75,
      "4": 3.0,
      "3": 3.75,
      "1": 3.25,
      "0": 3.0,
      "5": 6.75,
      "7": 6.0,
      "6": 7.5
    },
    "18": {
      "8": 1.6,
      "0": 4.2,
      "4": 3.2,
      "6": 2.8,
      "9": 8.4,
      "1": 7.2,
      "2": 7.6,
      "3": 5.8,
      "5": 8.6,
      "7": 5.6
    },
    "19": {
      "8": 1.2,
      "4": 4.6,
      "3": 2.2,
      "6": 4.4,
      "0": 4.0,
      "2": 6.8,
      "7": 7.4,
      "1": 5.4,
      "5": 9.0
    },
    "20": {
      "0": 1.6,
      "5": 2.8,
      "4": 6.6,
      "2": 4.0,
      "1": 4.8,
      "7": 7.2,
      "3": 4.8,
      "6": 4.2
    },
    "21": {
      "4": 1.6,
      "6": 2.0,
      "1": 2.6,
      "8": 4.0,
      "7": 7.0,
      "3": 7.0,
      "0": 6.6,
      "2": 5.4,
      "5": 8.8
    },
    "22": {
      "5": 1.8,
      "6": 1.4,
      "0": 3.8,
      "7": 3.0,
      "9": 6.0,
      "8": 6.8,
      "3": 5.8,
      "2": 9.6,
      "1": 8.6,
      "4": 8.2
    },
    "23": {
      "6": 1.8,
      "1": 4.8,
      "3": 2.6,
      "0": 2.0,
      "5": 5.0,
      "2": 5.4,
      "4": 6.4,
      "8": 8.6,
      "7": 8.4
    },
    "24": {
      "5": 2.0,
      "1": 1.8,
      "8": 3.4,
      "2": 3.6,
      "0": 4.2,
      "4": 6.8,
      "3": 8.2,
      "6": 8.2,
      "7": 6.8
    },
    "25": {
      "5": 1.0,
      "7": 2.2,
      "1": 4.6,
      "3": 5.6,
      "0": 4.8,
      "8": 3.4,
      "2": 7.4,
      "6": 8.8,
      "4": 7.2
    },
    "26": {
      "4": 1.0,
      "0": 2.2,
      "8": 3.8,
      "6": 4.6,
      "1": 5.0,
      "2": 6.4,
      "7": 7.8,
      "3": 5.8,
      "5": 8.4
    },
    "27": {
      "2": 2.3333333333333335,
      "3": 4.0,
      "4": 4.0,
      "5": 4.333333333333333,
      "7": 4.0,
      "0": 4.333333333333333,
      "8": 5.0,
      "6": 8.666666666666666,
      "1": 8.333333333333334,
      "9": 10.0
    },
    "28": {
      "0": 1.8,
      "7": 2.8,
      "3": 5.0,
      "4": 4.4,
      "9": 5.8,
      "2": 4.0,
      "5": 8.4,
      "6": 7.6,
      "1": 7.4,
      "8": 7.8
    },
    "29": {
      "0": 1.4,
      "9": 3.0,
      "2": 2.0,
      "8": 4.6,
      "5": 4.4,
      "4": 7.8,
      "7": 7.6,
      "3": 7.6,
      "1": 8.6,
      "6": 8.0
    },
    "30": {
      "5": 1.2,
      "3": 1.8,
      "6": 4.4,
      "8": 4.4,
      "4": 4.4,
      "2": 5.0,
      "7": 7.2,
      "1": 8.0,
      "0": 8.6
    },
    "31": {
      "4": 1.6,
      "9": 3.0,
      "1": 4.0,
      "6": 4.4,
      "8": 3.6,
      "2": 6.6,
      "7": 8.6,
      "5": 6.8,
      "0": 7.0,
      "3": 9.4
    },
    "32": {
      "8": 2.2,
      "0": 1.8,
      "2": 2.6,
      "7": 4.6,
      "1": 5.8,
      "9": 8.2,
      "6": 6.4,
      "4": 8.0,
      "3": 8.0,
      "5": 7.4
    },
    "33": {
      "7": 5.6,
      "4": 7.8,
      "0": 4.6,
      "3": 3.2,
      "2": 5.8,
      "9": 3.6,
      "8": 6.8,
      "6": 4.0,
      "1": 4.6,
      "5": 9.0
    },
    "34": {
      "8": 4.4,
      "3": 2.2,
      "4": 1.8,
      "5": 3.8,
      "2": 3.8,
      "7": 7.0,
      "1": 6.2,
      "9": 7.4,
      "0": 8.4,
      "6": 10.0
    },
    "35": {
      "1": 2.6,
      "0": 3.0,
      "5": 2.6,
      "3": 4.6,
      "2": 3.0,
      "6": 5.4,
      "4": 7.2,
      "7": 7.6
    },
    "36": {
      "8": 2.4,
      "3": 4.0,
      "7": 2.2,
      "0": 2.8,
      "9": 4.4,
      "4": 6.2,
      "1": 8.0,
      "6": 8.8,
      "5": 9.6,
      "2": 6.6
    },
    "37": {
      "7": 2.2,
      "4": 3.2,
      "5": 2.4,
      "8": 3.8,
      "9": 4.0,
      "2": 6.4,
      "1": 6.0,
      "3": 8.8,
      "0": 8.6,
      "6": 9.6
    },
    "38": {
      "9": 1.2,
      "3": 3.2,
      "6": 3.6,
      "2": 5.0,
      "0": 6.4,
      "7": 4.8,
      "8": 6.2,
      "1": 6.4,
      "4": 8.8,
      "5": 9.4
    },
    "39": {
      "5": 1.6,
      "7": 1.6,
      "1": 2.8,
      "8": 6.0,