{
  "content_diversity": 0.39063164591789246,
  "classifier_auc": 0.8368306979951726,
  "ranking_stability": 0.6492995308784781,
  "feature_coefficients": {
    "word_count": 1.1475305387433665,
    "sentence_count": 0.33106874812545356,
    "avg_sentence_length": -0.07406398560506966,
    "paragraph_count": -0.8831698935786249,
    "heading_density": 0.29706992364005097,
    "list_frequency": 0.387355070153677,
    "readability": 0.024779968278042498,
    "bold_emphasis_density": -0.009603026726782593,
    "citation_density": -0.05463250784034759,
    "statistic_density": -0.04830512575800615,
    "quote_density": -0.18974086042238233,
    "named_source_mentions": -0.5109915237852273,
    "year_mentions": -0.20721750773553627,
    "claim_density": 0.04743019273642891,
    "external_reference_density": 0.0,
    "question_density": 0.04266591035920009,
    "query_similarity": 0.8543204108504638,
    "corpus_centroid_similarity": 0.3578136738316813,
    "type_token_ratio": -0.2462435965596226,
    "vocabulary_sophistication": 0.06166166694686623,
    "sentiment_polarity": -0.01835145071363733,
    "avg_word_length": -0.64443818732464,
    "semantic_uniqueness": 0.21280316423295464,
    "information_density": 0.04661044882986932,
    "specificity_score": 0.5899466909788361
  },
  "avg_ranks": {
    "0": {
      "6": 2.6,
      "2": 2.0,
      "5": 1.6,
      "0": 4.8,
      "4": 4.2,
      "3": 6.8,
      "1": 6.4,
      "7": 7.6
    },
    "1": {
      "7": 1.0,
      "0": 2.0,
      "8": 3.2,
      "9": 5.6,
      "6": 4.8,
      "4": 6.0,
      "5": 8.0,
      "1": 6.0,
      "2": 8.4,
      "3": 10.0
    },
    "2": {
      "7": 1.8,
      "4": 3.8,
      "5": 1.6,
      "3": 4.0,
      "8": 3.8,
      "6": 6.0,
      "2": 7.6,
      "0": 7.8,
      "1": 8.6
    },
    "3": {
      "6": 1.0,
      "2": 2.2,
      "8": 2.8,
      "7": 4.6,
      "5": 6.0,
      "4": 6.8,
      "1": 5.8,
      "0": 6.8,
      "3": 9.4,
      "9": 9.6
    },
    "4": {
      "1": 1.4,
      "5": 3.0,
      "6": 4.2,
      "4": 3.8,
      "0": 6.2,
      "2": 4.0,
      "7": 7.0,
      "3": 6.4
    },
    "5": {
      "7": 1.4,
      "4": 2.2,
      "5": 2.6,
      "0": 4.4,
      "2": 5.6,
      "6": 6.6,
      "3": 6.2,
      "1": 8.0,
      "8": 8.0
    },
    "6": {
      "8": 1.0,
      "5": 3.0,
      "7": 4.6,
      "6": 4.6,
      "3": 3.4,
      "4": 4.8,
      "0": 6.6,
      "2": 8.8,
      "1": 8.2
    },
    "7": {
      "4": 2.8,
      "7": 3.6,
      "1": 2.0,
      "3": 4.6,
      "5": 2.0,
      "2": 6.8,
      "6": 6.8,
      "8": 8.4,
      "0": 8.0
    },
    "8": {
      "4": 1.0,
      "2": 2.2,
      "3": 4.4,
      "9": 5.2,
      "5": 5.0,
      "1": 4.2,
      "8": 6.2,
      "0": 8.0,
      "7": 8.8,
      "6": 10.0
    },
    "9": {
      "3": 2.2,
      "6": 3.4,
      "9": 3.8,
      "4": 3.8,
      "2": 5.8,
      "1": 6.0,
      "0": 7.2,
      "7": 5.8,
      "5": 7.2,
      "8": 9.8
    },
    "10": {
      "8": 1.2,
      "1": 2.0,
      "2": 2.8,
      "0": 5.4,
      "6": 6.8,
      "3": 7.2,
      "5": 4.6,
      "7": 7.0,
      "4": 8.0
    },
    "11": {
      "2": 1.0,
      "0": 2.0,
      "7": 3.8,
      "4": 3.8,
      "6": 5.2,
      "3": 6.2,
      "1": 7.2,
      "5": 6.8
    },
    "12": {
      "6": 2.0,
      "8": 1.4,
      "0": 3.0,
      "5": 5.2,
      "4": 4.6,
      "9": 5.2,
      "3": 6.8,
      "1": 9.2,
      "7": 9.2,
      "2": 8.4
    },
    "13": {
      "6": 1.2,
      "7": 1.8,
      "0": 3.0,
      "1": 5.8,
      "8": 6.2,
      "3": 5.0,
      "4": 6.8,
      "2": 7.0,
      "5": 8.2
    },
    "14": {
      "6": 1.6,
      "8": 3.8,
      "7": 3.4,
      "9": 3.4,
      "1": 5.2,
      "3": 4.2,
      "0": 7.8,
      "2": 8.8,
      "4": 8.4,
      "5": 8.4
    },
    "15": {
      "7": 1.0,
      "6": 5.8,
      "8": 2.6,
      "0": 3.4,
      "1": 5.0,
      "2": 4.6,
      "5": 8.6,
      "4": 7.4,
      "3": 6.6
    },
    "16": {
      "6": 1.4,
      "1": 3.0,
      "0": 3.6,
      "3": 3.6,
      "8": 4.4,
      "4": 6.2,
      "5": 8.0,
      "7": 7.2,
      "2": 7.6
    },
    "17": {
      "3": 3.2,
      "0": 3.2,
      "2": 3.8,
      "4": 2.6,
      "1": 3.0,
      "7": 6.6,
      "5": 5.6,
      "6": 8.0
    },
    "18": {
      "4": 3.0,
      "8": 1.6,
      "0": 2.8,
      "3": 3.4,
      "6": 5.8,
      "2": 6.6,
      "1": 6.2,
      "7": 7.2,
      "5": 8.6,
      "9": 9.8
    },
    "19": {
      "3": 1.8,
      "8": 1.2,
      "1": 5.0,
      "6": 3.6,
      "4": 4.8,
      "0": 4.6,
      "2": 7.6,
      "7": 7.4,
      "5": 9.0
    },
    "20": {
      "1": 3.6,
      "3": 3.8,
      "5": 2.0,
      "0": 1.8,
      "2": 5.6,
      "6": 5.4,
      "7": 7.4,
      "4": 6.4
    },
    "21": {
      "6": 2.0,
      "4": 1.2,
      "1": 3.0,
      "8": 4.4,
      "0": 6.4,
      "2": 6.8,
      "3": 6.4,
      "5": 8.8,
      "7": 6.0
    },
    "22": {
      "6": 1.0,
      "0": 2.2,
      "5": 3.6,
      "7": 3.2,
      "3": 6.0,
      "9": 5.4,
      "4": 7.6,
      "8": 7.6,
      "1": 8.4,
      "2": 10.0
    },
    "23": {
      "6": 1.2,
      "5": 5.2,
      "0": 3.6,
      "3": 3.2,
      "2": 4.8,
      "4": 6.4,
      "8": 8.6,
      "1": 5.0,
      "7": 7.0
    },
    "24": {
      "0": 2.0,
      "5": 1.8,
      "2": 3.6,
      "8": 4.6,
      "1": 3.0,
      "4": 7.0,
      "3": 7.0,
      "7": 7.6,
      "6": 8.4
    },
    "25": {
      "5": 1.2,
      "7": 1.8,
      "1": 4.0,
      "0": 4.6,
      "3": 5.8,
      "2": 7.6,
      "8": 3.8,
      "4": 7.4,
      "6": 8.8
    },
    "26": {
      "4": 1.0,
      "6": 3.5,
      "1": 3.75,
      "2": 6.0,
      "7": 7.0,
      "8": 5.25,
      "5": 7.75,
      "3": 4.75,
      "0": 6.0
    },
    "27": {
      "4": 5.2,
      "8": 2.0,
      "3": 5.8,
      "0": 3.0,
      "6": 7.0,
      "5": 5.6,
      "7": 5.0,
      "2": 4.2,
      "1": 7.2,
      "9": 10.0
    },
    "28": {
      "0": 1.0,
      "7": 2.0,
      "3": 7.8,
      "4": 3.4,
      "9": 5.4,
      "2": 6.0,
      "1": 5.6,
      "6": 6.8,
      "8": 7.4,
      "5": 9.6
    },
    "29": {
      "2": 2.2,
      "5": 3.4,
      "0": 1.8,
      "8": 3.0,
      "3": 7.4,
      "6": 6.6,
      "4": 7.6,
      "1": 8.2,
      "7": 8.6,
      "9": 6.2
    },
    "30": {
      "5": 1.0,
      "3": 2.2,
      "4": 4.4,
      "0": 7.0,
      "8": 5.0,
      "6": 5.0,
      "2": 5.6,
      "1": 7.8,
      "7": 7.0
    },
    "31": {
      "0": 5.4,
      "4": 2.2,
      "8": 2.0,
      "9": 2.4,
      "6": 5.6,
      "1": 5.4,
      "2": 7.6,
      "7": 8.4,
      "5": 6.4,
      "3": 9.6
    },
    "32": {
      "0": 1.6,
      "8": 1.4,
      "2": 4.4,
      "7": 5.2,
      "5": 7.4,
      "6": 5.0,
      "9": 7.4,
      "4": 7.6,
      "3": 6.4,
      "1": 8.6
    },
    "33": {
      "6": 1.0,
      "9": 4.6,
      "3": 3.2,
      "1": 3.8,
      "2": 4.0,
      "0": 5.8,
      "8": 7.8,
      "7": 6.2,
      "4": 9.0,
      "5": 9.6
    },
    "34": {
      "3": 1.4,
      "4": 2.4,
      "1": 3.0,
      "8": 4.8,
      "5": 4.2,
      "2": 5.2,
      "7": 7.6,
      "9": 7.4,
      "0": 9.0,
      "6": 10.0
    },
    "35": {
      "0": 2.6,
      "1": 2.6,
      "2": 2.2,
      "5": 2.8,
      "6": 5.8,
      "3": 5.4,
      "4": 7.2,
      "7": 7.4
    },
    "36": {
      "7": 1.6,
      "8": 2.4,
      "0": 4.2,
      "9": 3.2,
      "2": 7.2,
      "3": 7.2,
      "1": 5.4,
      "4": 5.2,
      "6": 8.6,
      "5": 10.0
    },
    "37": {
      "3": 1.2,
      "2": 5.2,
      "4": 4.2,
      "7": 3.6,
      "5": 2.8,
      "1": 6.6,
      "8": 5.6,
      "9": 6.8,
      "0": 9.2,
      "6": 9.8
    },
    "38": {
      "2": 2.6,
      "9": 2.0,
      "6": 2.2,
      "3": 3.4,
      "7": 6.2,
      "8": 6.4,
      "1": 6.8,
      "0": 7.2,
      "5": 9.4,
      "4": 8.8
    },
    "39": {
      "7": 1.5,
      "1": 2.25,
      "9": 5.0,
      "5": 2.75,
      "8": 5.0,
      "0": 6.75,
      "2": 6.25,
      "4": 8.25,
      "3": 7.25,