{
  "content_diversity": 0.39077526330947876,
  "classifier_auc": 0.7438684246922688,
  "ranking_stability": 0.6399615001876049,
  "feature_coefficients": {
    "word_count": 0.05971290587777556,
    "sentence_count": 0.03415425636918912,
    "avg_sentence_length": -0.3022280461062382,
    "paragraph_count": 0.09361418632662245,
    "heading_density": -0.5968126769653475,
    "list_frequency": -0.4523093462292192,
    "readability": 0.10911505813339022,
    "bold_emphasis_density": -0.10190861804783911,
    "citation_density": -0.0555465824690355,
    "statistic_density": -0.040406290476701565,
    "quote_density": 0.03396576097820891,
    "named_source_mentions": -0.028551655766702544,
    "year_mentions": -0.142730291737822,
    "claim_density": 0.12227487896591105,
    "external_reference_density": 0.0,
    "question_density": -0.32528641963822125,
    "query_similarity": 1.0067290939202624,
    "corpus_centroid_similarity": 0.27579049223891683,
    "type_token_ratio": 0.06565093782131921,
    "vocabulary_sophistication": 0.23642817955924958,
    "sentiment_polarity": 0.018248983182170168,
    "avg_word_length": -0.19924985513361465,
    "semantic_uniqueness": 0.4220503025424814,
    "information_density": -0.05022073518658256,
    "specificity_score": 0.005255523046117928
  },
  "avg_ranks": {
    "0": {
      "6": 2.4,
      "2": 2.0,
      "5": 1.8,
      "4": 3.8,
      "3": 6.0,
      "7": 6.4,
      "1": 6.6,
      "0": 7.0
    },
    "1": {
      "7": 1.8,
      "0": 1.8,
      "8": 3.4,
      "6": 5.6,
      "1": 5.2,
      "4": 4.8,
      "9": 5.4,
      "2": 9.2,
      "5": 8.2,
      "3": 9.6
    },
    "2": {
      "5": 1.2,
      "7": 2.2,
      "3": 3.0,
      "4": 4.4,
      "8": 4.4,
      "6": 5.8,
      "2": 8.0,
      "0": 7.6,
      "1": 8.4
    },
    "3": {
      "6": 1.0,
      "2": 2.5,
      "8": 2.5,
      "7": 4.75,
      "5": 4.5,
      "1": 6.25,
      "0": 7.25,
      "9": 9.5,
      "4": 7.5,
      "3": 9.25
    },
    "4": {
      "5": 1.8,
      "4": 2.8,
      "7": 6.8,
      "1": 2.2,
      "3": 5.0,
      "6": 5.8,
      "2": 4.6,
      "0": 7.0
    },
    "5": {
      "7": 1.8,
      "4": 2.6,
      "5": 1.8,
      "0": 3.8,
      "6": 6.6,
      "2": 5.6,
      "8": 7.0,
      "3": 6.8,
      "1": 9.0
    },
    "6": {
      "8": 2.0,
      "5": 2.8,
      "6": 3.0,
      "3": 4.0,
      "7": 3.4,
      "4": 5.8,
      "0": 7.0,
      "1": 8.2,
      "2": 8.8
    },
    "7": {
      "5": 2.4,
      "1": 1.8,
      "7": 2.6,
      "4": 4.4,
      "3": 4.0,
      "2": 5.8,
      "0": 8.2,
      "8": 7.6,
      "6": 8.2
    },
    "8": {
      "4": 1.0,
      "2": 2.0,
      "8": 6.2,
      "5": 4.0,
      "1": 3.8,
      "9": 6.0,
      "3": 5.4,
      "0": 7.6,
      "7": 9.4,
      "6": 9.6
    },
    "9": {
      "3": 2.0,
      "4": 3.2,
      "6": 2.8,
      "9": 4.4,
      "2": 5.6,
      "1": 5.8,
      "0": 7.0,
      "7": 6.4,
      "5": 7.8,
      "8": 10.0
    },
    "10": {
      "8": 3.8,
      "1": 1.2,
      "2": 3.0,
      "6": 7.2,
      "0": 3.4,
      "3": 8.4,
      "5": 6.2,
      "4": 6.0,
      "7": 5.8
    },
    "11": {
      "2": 1.0,
      "0": 2.0,
      "4": 5.0,
      "7": 3.4,
      "3": 4.8,
      "6": 6.0,
      "1": 7.2,
      "5": 6.6
    },
    "12": {
      "9": 2.4,
      "8": 2.4,
      "0": 4.0,
      "6": 1.8,
      "4": 5.0,
      "5": 5.4,
      "3": 7.6,
      "2": 8.6,
      "1": 9.0,
      "7": 8.8
    },
    "13": {
      "7": 1.6,
      "6": 1.4,
      "0": 3.4,
      "3": 4.8,
      "8": 5.6,
      "2": 4.6,
      "5": 8.4,
      "1": 7.4,
      "4": 7.8
    },
    "14": {
      "6": 1.6,
      "7": 2.8,
      "8": 3.6,
      "3": 3.4,
      "9": 3.6,
      "1": 6.2,
      "5": 8.4,
      "4": 7.8,
      "2": 9.0,
      "0": 8.6
    },
    "15": {
      "7": 1.0,
      "4": 6.2,
      "3": 4.4,
      "6": 5.6,
      "5": 5.0,
      "1": 5.4,
      "0": 5.6,
      "8": 6.0,
      "2": 5.8
    },
    "16": {
      "6": 1.8,
      "0": 2.8,
      "1": 3.0,
      "3": 3.0,
      "8": 4.4,
      "4": 8.2,
      "2": 7.8,
      "7": 6.6,
      "5": 7.4
    },
    "17": {
      "2": 3.0,
      "4": 1.6,
      "1": 2.2,
      "3": 4.0,
      "5": 5.6,
      "7": 6.0,
      "0": 5.6,
      "6": 8.0
    },
    "18": {
      "8": 2.4,
      "4": 3.2,
      "0": 3.0,
      "6": 3.6,
      "2": 5.4,
      "3": 3.6,
      "1": 7.0,
      "5": 9.0,
      "9": 9.2,
      "7": 8.6
    },
    "19": {
      "8": 1.4,
      "3": 2.0,
      "4": 5.2,
      "0": 3.2,
      "6": 3.8,
      "7": 6.6,
      "2": 6.4,
      "1": 7.4,
      "5": 9.0
    },
    "20": {
      "4": 5.6,
      "2": 5.0,
      "5": 3.6,
      "0": 1.6,
      "1": 3.8,
      "3": 4.0,
      "7": 7.0,
      "6": 5.4
    },
    "21": {
      "4": 1.2,
      "6": 2.6,
      "1": 2.8,
      "0": 6.0,
      "8": 4.0,
      "3": 7.2,
      "7": 5.2,
      "2": 7.0,
      "5": 9.0
    },
    "22": {
      "6": 1.5,
      "5": 1.5,
      "4": 5.0,
      "7": 3.75,
      "3": 6.5,
      "9": 6.0,
      "8": 7.75,
      "0": 4.5,
      "2": 9.25,
      "1": 9.25
    },
    "23": {
      "3": 1.4,
      "0": 1.8,
      "6": 2.8,
      "1": 4.0,
      "5": 5.8,
      "7": 7.4,
      "4": 6.6,
      "2": 6.4,
      "8": 8.8
    },
    "24": {
      "5": 1.2,
      "1": 2.0,
      "0": 3.6,
      "8": 3.8,
      "2": 4.4,
      "7": 7.4,
      "4": 7.4,
      "6": 7.4,
      "3": 7.8
    },
    "25": {
      "5": 1.0,
      "7": 2.0,
      "3": 4.6,
      "0": 3.6,
      "1": 3.8,
      "8": 6.2,
      "2": 7.6,
      "4": 8.2,
      "6": 8.0
    },
    "26": {
      "4": 1.0,
      "0": 2.0,
      "8": 6.666666666666667,
      "3": 4.333333333333333,
      "6": 4.333333333333333,
      "7": 5.333333333333333,
      "1": 5.333333333333333,
      "5": 7.333333333333333,
      "2": 8.666666666666666
    },
    "27": {
      "7": 1.4,
      "0": 2.8,
      "5": 4.0,
      "6": 7.0,
      "4": 5.8,
      "8": 5.6,
      "3": 5.8,
      "2": 5.2,
      "1": 7.4,
      "9": 10.0
    },
    "28": {
      "0": 2.0,
      "5": 3.6,
      "7": 2.8,
      "3": 4.4,
      "9": 5.0,
      "4": 6.2,
      "2": 5.6,
      "8": 8.4,
      "1": 8.0,
      "6": 9.0
    },
    "29": {
      "0": 1.2,
      "8": 4.0,
      "2": 2.0,
      "5": 4.6,
      "9": 3.4,
      "4": 6.6,
      "3": 7.4,
      "1": 7.6,
      "7": 9.6,
      "6": 8.6
    },
    "30": {
      "5": 1.2,
      "3": 2.2,
      "8": 2.6,
      "4": 5.2,
      "6": 6.2,
      "1": 6.6,
      "2": 6.0,
      "7": 6.2,
      "0": 8.8
    },
    "31": {
      "0": 4.4,
      "8": 2.2,
      "4": 2.8,
      "1": 4.2,
      "6": 4.6,
      "9": 4.0,
      "5": 7.0,
      "3": 8.8,
      "7": 8.2,
      "2": 8.8
    },
    "32": {
      "8": 1.6,
      "0": 2.2,
      "2": 3.4,
      "6": 4.4,
      "3": 4.6,
      "4": 8.2,
      "9": 9.0,
      "7": 5.2,
      "1": 8.6,
      "5": 7.8
    },
    "33": {
      "6": 4.4,
      "3": 2.2,
      "2": 2.8,
      "9": 4.0,
      "1": 5.2,
      "0": 6.6,
      "8": 7.2,
      "5": 9.6,
      "7": 5.4,
      "4": 7.6
    },
    "34": {
      "5": 1.8,
      "3": 1.6,
      "2": 3.6,
      "1": 4.8,
      "4": 4.0,
      "9": 6.4,
      "8": 5.8,
      "7": 8.0,
      "0": 9.0,
      "6": 10.0
    },
    "35": {
      "1": 1.6,
      "2": 1.8,
      "5": 2.6,
      "0": 4.0,
      "3": 5.2,
      "6": 5.8,
      "4": 7.2,
      "7": 7.8
    },
    "36": {
      "2": 1.6,
      "0": 3.0,
      "3": 4.8,
      "8": 3.6,
      "7": 3.4,
      "1": 7.4,
      "9": 5.0,
      "4": 7.4,
      "5": 9.8,
      "6": 9.0
    },
    "37": {
      "2": 2.4,
      "4": 5.2,
      "8": 3.4,
      "7": 4.0,
      "5": 2.8,
      "1": 6.0,
      "9": 7.0,
      "3": 5.8,
      "0": 9.2,
      "6": 9.2
    },
    "38": {
      "3": 2.4,
      "9": 2.2,
      "7": 5.2,
      "2": 3.6,
      "6": 3.2,
      "1": 5.6,
      "8": 5.8,
      "4": 8.8,
      "5": 9.4,
      "0": 8.8
    },
    "39": {
      "5": 1.8,
      "7": 1.6,
      "1": 2.6,