{
  "content_diversity": 0.3922742009162903,
  "classifier_auc": 0.7845,
  "ranking_stability": 0.6568766937669376,
  "feature_coefficients": {
    "word_count": 0.31021351288417653,
    "sentence_count": 0.4058141083598257,
    "avg_sentence_length": -0.009909499642672407,
    "paragraph_count": -0.5567423034583796,
    "heading_density": -0.11735540779875037,
    "list_frequency": 0.39132953741490784,
    "readability": 0.1334638972175293,
    "bold_emphasis_density": -0.1969946150535309,
    "citation_density": 0.02323303604330696,
    "statistic_density": 0.07766856442709998,
    "quote_density": -0.04430331937958388,
    "named_source_mentions": -0.20017223131850329,
    "year_mentions": -0.12391698806936366,
    "claim_density": -0.187022581123154,
    "external_reference_density": 0.0,
    "question_density": -0.14824541975357458,
    "query_similarity": 0.9765916946799108,
    "corpus_centroid_similarity": 0.11786771629861863,
    "type_token_ratio": -0.3148530477548911,
    "vocabulary_sophistication": -0.05267598888589086,
    "sentiment_polarity": 0.06372587699371876,
    "avg_word_length": -0.4991727684951296,
    "semantic_uniqueness": 0.33765771718419985,
    "information_density": 0.08626183968965669,
    "specificity_score": 0.41827140560894854
  },
  "avg_ranks": {
    "0": {
      "2": 1.4,
      "5": 2.2,
      "6": 2.4,
      "4": 4.4,
      "1": 6.4,
      "7": 7.2,
      "0": 5.0,
      "3": 7.0
    },
    "1": {
      "0": 1.6,
      "7": 1.4,
      "8": 4.0,
      "6": 4.4,
      "9": 5.0,
      "5": 7.6,
      "4": 5.8,
      "2": 8.2,
      "3": 9.6,
      "1": 7.4
    },
    "2": {
      "5": 1.6,
      "7": 1.8,
      "8": 4.2,
      "4": 3.8,
      "3": 4.2,
      "6": 5.4,
      "0": 7.0,
      "2": 8.4,
      "1": 8.6
    },
    "3": {
      "2": 2.0,
      "6": 1.2,
      "8": 2.8,
      "5": 4.8,
      "7": 5.0,
      "1": 6.2,
      "4": 7.2,
      "0": 8.0,
      "9": 8.2,
      "3": 9.6
    },
    "4": {
      "2": 3.4,
      "1": 1.4,
      "5": 2.4,
      "0": 5.6,
      "4": 3.6,
      "3": 6.2,
      "7": 6.2,
      "6": 7.2
    },
    "5": {
      "5": 2.0,
      "4": 2.4,
      "7": 1.6,
      "2": 5.2,
      "3": 5.2,
      "0": 5.0,
      "8": 7.2,
      "6": 7.4,
      "1": 9.0
    },
    "6": {
      "8": 2.2,
      "3": 2.8,
      "7": 3.2,
      "5": 3.0,
      "4": 6.4,
      "1": 7.6,
      "0": 6.4,
      "6": 4.4,
      "2": 9.0
    },
    "7": {
      "5": 2.6,
      "1": 1.4,
      "4": 3.4,
      "7": 3.2,
      "3": 5.0,
      "2": 5.6,
      "8": 8.0,
      "6": 7.0,
      "0": 8.8
    },
    "8": {
      "4": 1.0,
      "1": 2.4,
      "9": 4.6,
      "3": 4.6,
      "5": 4.4,
      "2": 4.0,
      "8": 8.0,
      "7": 8.4,
      "0": 7.6,
      "6": 10.0
    },
    "9": {
      "3": 1.6,
      "4": 2.0,
      "9": 3.8,
      "6": 2.6,
      "2": 5.0,
      "7": 6.4,
      "0": 8.0,
      "5": 8.0,
      "1": 7.6,
      "8": 10.0
    },
    "10": {
      "1": 1.0,
      "2": 3.0,
      "5": 2.4,
      "8": 4.0,
      "0": 5.0,
      "7": 6.6,
      "4": 6.8,
      "6": 8.0,
      "3": 8.2
    },
    "11": {
      "2": 1.0,
      "0": 2.2,
      "7": 3.2,
      "3": 5.4,
      "6": 5.6,
      "4": 4.2,
      "1": 6.8,
      "5": 7.6
    },
    "12": {
      "6": 1.4,
      "8": 1.8,
      "0": 3.2,
      "9": 4.2,
      "4": 5.2,
      "5": 5.2,
      "2": 7.6,
      "3": 8.6,
      "7": 8.4,
      "1": 9.4
    },
    "13": {
      "6": 1.0,
      "7": 2.0,
      "0": 3.0,
      "2": 4.2,
      "3": 4.8,
      "8": 7.0,
      "1": 7.2,
      "5": 8.6,
      "4": 7.2
    },
    "14": {
      "8": 4.8,
      "9": 2.2,
      "6": 1.4,
      "7": 4.8,
      "1": 5.6,
      "0": 6.8,
      "2": 9.2,
      "4": 7.8,
      "3": 4.4,
      "5": 8.0
    },
    "15": {
      "7": 1.0,
      "1": 3.2,
      "8": 3.0,
      "0": 2.8,
      "2": 5.0,
      "5": 7.4,
      "4": 7.8,
      "3": 8.0,
      "6": 6.8
    },
    "16": {
      "3": 2.2,
      "6": 2.6,
      "1": 3.0,
      "0": 4.6,
      "8": 4.6,
      "4": 4.8,
      "7": 7.6,
      "2": 8.4,
      "5": 7.2
    },
    "17": {
      "0": 4.2,
      "1": 1.8,
      "4": 1.8,
      "2": 3.0,
      "5": 5.2,
      "3": 5.0,
      "6": 7.8,
      "7": 7.2
    },
    "18": {
      "8": 2.4,
      "0": 3.4,
      "7": 4.2,
      "6": 2.4,
      "4": 4.2,
      "3": 7.4,
      "1": 7.6,
      "5": 9.0,
      "9": 8.8,
      "2": 5.6
    },
    "19": {
      "8": 1.4,
      "3": 2.0,
      "0": 2.6,
      "6": 5.4,
      "1": 4.6,
      "2": 6.6,
      "7": 7.8,
      "4": 5.6,
      "5": 9.0
    },
    "20": {
      "4": 4.6,
      "1": 2.8,
      "0": 2.4,
      "5": 3.4,
      "2": 6.0,
      "3": 4.0,
      "7": 7.4,
      "6": 5.4
    },
    "21": {
      "4": 1.0,
      "6": 2.0,
      "8": 4.0,
      "1": 3.2,
      "0": 5.2,
      "2": 6.6,
      "3": 7.2,
      "5": 8.6,
      "7": 7.2
    },
    "22": {
      "6": 1.2,
      "5": 2.6,
      "7": 3.2,
      "0": 3.4,
      "9": 6.2,
      "4": 6.8,
      "8": 6.6,
      "1": 8.4,
      "3": 6.6,
      "2": 10.0
    },
    "23": {
      "3": 2.4,
      "6": 1.4,
      "1": 4.6,
      "0": 3.8,
      "5": 5.6,
      "7": 8.0,
      "2": 4.8,
      "4": 5.8,
      "8": 8.6
    },
    "24": {
      "5": 2.0,
      "0": 3.8,
      "8": 3.6,
      "2": 3.8,
      "1": 1.8,
      "7": 6.6,
      "4": 7.2,
      "6": 8.4,
      "3": 7.8
    },
    "25": {
      "5": 1.0,
      "7": 2.0,
      "8": 4.6,
      "1": 4.0,
      "0": 4.4,
      "3": 5.0,
      "2": 7.2,
      "4": 8.6,
      "6": 8.2
    },
    "26": {
      "4": 1.0,
      "0": 2.25,
      "8": 3.25,
      "6": 4.75,
      "1": 4.75,
      "3": 6.25,
      "7": 7.0,
      "2": 7.0,
      "5": 8.75
    },
    "27": {
      "7": 1.2,
      "4": 3.4,
      "0": 2.6,
      "8": 4.6,
      "3": 6.2,
      "5": 5.4,
      "1": 7.2,
      "6": 8.2,
      "2": 6.2,
      "9": 10.0
    },
    "28": {
      "0": 1.0,
      "7": 2.0,
      "2": 5.6,
      "3": 6.6,
      "6": 6.8,
      "1": 7.0,
      "8": 6.6,
      "9": 5.8,
      "4": 6.6,
      "5": 7.0
    },
    "29": {
      "0": 1.0,
      "2": 2.2,
      "3": 7.4,
      "5": 4.0,
      "8": 5.2,
      "7": 6.0,
      "6": 8.0,
      "9": 5.4,
      "4": 7.2,
      "1": 8.6
    },
    "30": {
      "5": 1.4,
      "6": 3.6,
      "3": 2.2,
      "8": 3.6,
      "1": 6.8,
      "4": 6.0,
      "2": 6.0,
      "7": 6.8,
      "0": 8.6
    },
    "31": {
      "0": 6.4,
      "4": 1.8,
      "8": 3.8,
      "1": 2.8,
      "9": 3.2,
      "6": 5.0,
      "7": 8.0,
      "2": 7.4,
      "5": 6.8,
      "3": 9.8
    },
    "32": {
      "8": 1.6,
      "0": 1.8,
      "2": 3.0,
      "7": 4.2,
      "1": 8.8,
      "3": 7.0,
      "6": 5.6,
      "5": 7.2,
      "4": 8.2,
      "9": 7.6
    },
    "33": {
      "2": 4.2,
      "3": 2.8,
      "9": 4.8,
      "6": 2.8,
      "1": 4.6,
      "0": 4.6,
      "4": 7.0,
      "7": 6.8,
      "8": 7.4,
      "5": 10.0
    },
    "34": {
      "3": 1.8,
      "4": 1.6,
      "5": 3.4,
      "2": 4.0,
      "1": 5.8,
      "0": 8.2,
      "8": 6.4,
      "9": 7.4,
      "7": 6.4,
      "6": 10.0
    },
    "35": {
      "2": 1.6,
      "5": 2.6,
      "1": 2.4,
      "0": 3.4,
      "3": 5.2,
      "6": 6.2,
      "4": 7.8,
      "7": 6.8
    },
    "36": {
      "7": 3.2,
      "0": 3.0,
      "8": 2.8,
      "9": 4.4,
      "4": 5.8,
      "3": 4.0,
      "1": 7.6,
      "2": 5.8,
      "6": 8.6,
      "5": 9.8
    },
    "37": {
      "3": 7.0,
      "4": 3.0,
      "5": 3.0,
      "1": 5.0,
      "8": 4.6,
      "2": 5.4,
      "7": 4.2,
      "9": 4.2,
      "0": 9.2,
      "6": 9.4
    },
    "38": {
      "9": 1.8,
      "2": 2.6,
      "6": 2.8,
      "3": 2.8,
      "8": 6.2,
      "1": 7.4,
      "7": 6.2,
      "5": 9.0,
      "4": 9.2,
      "0": 7.0
    },
    "39": {
      "5": 1.6,
      "7": 2.0,
      "8": 4.4,
      "1": 3.0,
      "3": 6.4,
      "0": 6.0,
      "9": 5.2,
      "4": 7.4,
      "2": 9.4,
      "6": 9.6
    },