{
  "content_diversity": 0.3891434669494629,
  "classifier_auc": 0.7570031232598117,
  "ranking_stability": 0.650343084145901,
  "feature_coefficients": {
    "word_count": 0.5889681438964149,
    "sentence_count": 0.08167517268109017,
    "avg_sentence_length": -0.3724443600080927,
    "paragraph_count": -0.5848282842795045,
    "heading_density": -0.3492962782972937,
    "list_frequency": 0.1564177393746152,
    "readability": 0.47396562445002777,
    "bold_emphasis_density": -0.28189246324410727,
    "citation_density": -0.020795141606982977,
    "statistic_density": 0.08761933323814129,
    "quote_density": -0.043761830374726654,
    "named_source_mentions": -0.05434943557096026,
    "year_mentions": -0.12441986619966271,
    "claim_density": -0.08768023922412357,
    "external_reference_density": 0.0,
    "question_density": -0.22913600805112555,
    "query_similarity": 0.949669561050424,
    "corpus_centroid_similarity": 0.24682927077337757,
    "type_token_ratio": 0.05488170418114923,
    "vocabulary_sophistication": 0.016826217824986407,
    "sentiment_polarity": -0.06835647669299635,
    "avg_word_length": -0.3000915865075399,
    "semantic_uniqueness": 0.42858290801109145,
    "information_density": -0.1351120461323079,
    "specificity_score": 0.1735295751471878
  },
  "avg_ranks": {
    "0": {
      "6": 2.4,
      "5": 1.2,
      "2": 2.6,
      "4": 3.8,
      "0": 6.0,
      "1": 6.2,
      "7": 7.4,
      "3": 6.4
    },
    "1": {
      "0": 1.6,
      "8": 3.0,
      "7": 1.6,
      "1": 7.2,
      "9": 5.6,
      "6": 4.8,
      "2": 7.4,
      "4": 5.4,
      "5": 8.4,
      "3": 10.0
    },
    "2": {
      "5": 1.8,
      "7": 1.4,
      "8": 3.4,
      "4": 4.0,
      "3": 4.4,
      "6": 6.0,
      "0": 7.6,
      "1": 8.2,
      "2": 8.2
    },
    "3": {
      "6": 1.0,
      "2": 2.2,
      "8": 2.8,
      "5": 5.6,
      "1": 4.6,
      "0": 6.4,
      "7": 6.0,
      "4": 7.4,
      "3": 9.2,
      "9": 9.8
    },
    "4": {
      "1": 1.0,
      "5": 2.0,
      "4": 3.0,
      "2": 5.0,
      "6": 5.2,
      "0": 5.8,
      "7": 7.0,
      "3": 7.0
    },
    "5": {
      "7": 1.4,
      "5": 2.0,
      "4": 2.8,
      "0": 4.2,
      "3": 6.2,
      "2": 5.0,
      "6": 7.4,
      "8": 7.4,
      "1": 8.6
    },
    "6": {
      "8": 1.0,
      "7": 3.4,
      "5": 2.8,
      "3": 3.8,
      "6": 4.4,
      "0": 6.6,
      "4": 6.0,
      "2": 8.8,
      "1": 8.2
    },
    "7": {
      "1": 1.75,
      "5": 1.25,
      "7": 3.0,
      "4": 4.25,
      "3": 4.75,
      "2": 6.25,
      "6": 6.75,
      "0": 8.25,
      "8": 8.75
    },
    "8": {
      "4": 1.0,
      "2": 2.25,
      "5": 3.25,
      "1": 3.75,
      "9": 5.0,
      "3": 5.75,
      "8": 8.25,
      "6": 9.0,
      "0": 7.75,
      "7": 9.0
    },
    "9": {
      "6": 3.4,
      "3": 4.0,
      "4": 4.0,
      "2": 6.4,
      "9": 5.2,
      "1": 4.6,
      "7": 4.6,
      "0": 6.0,
      "5": 7.2,
      "8": 9.6
    },
    "10": {
      "1": 1.0,
      "2": 2.2,
      "8": 2.8,
      "0": 4.6,
      "5": 6.2,
      "7": 6.0,
      "4": 6.6,
      "6": 7.6,
      "3": 8.0
    },
    "11": {
      "2": 1.0,
      "0": 2.0,
      "7": 4.2,
      "4": 4.4,
      "3": 3.8,
      "6": 6.4,
      "5": 7.2,
      "1": 7.0
    },
    "12": {
      "6": 1.75,
      "8": 1.75,
      "0": 2.5,
      "4": 4.0,
      "5": 5.75,
      "9": 5.25,
      "7": 7.75,
      "1": 8.25,
      "2": 8.75,
      "3": 9.25
    },
    "13": {
      "3": 3.4,
      "8": 5.2,
      "1": 5.6,
      "2": 5.0,
      "6": 2.2,
      "7": 2.8,
      "5": 7.8,
      "0": 4.6,
      "4": 8.4
    },
    "14": {
      "6": 1.8,
      "3": 4.4,
      "9": 2.8,
      "8": 3.2,
      "7": 2.8,
      "1": 6.6,
      "0": 7.2,
      "5": 8.2,
      "4": 8.4,
      "2": 9.6
    },
    "15": {
      "7": 1.0,
      "4": 4.8,
      "3": 4.6,
      "2": 4.6,
      "0": 5.2,
      "8": 5.0,
      "1": 5.6,
      "6": 8.0,
      "5": 6.2
    },
    "16": {
      "1": 2.6,
      "0": 3.2,
      "8": 4.8,
      "3": 3.2,
      "6": 3.2,
      "5": 7.0,
      "2": 8.2,
      "4": 4.8,
      "7": 8.0
    },
    "17": {
      "0": 1.2,
      "4": 2.2,
      "2": 4.0,
      "7": 4.6,
      "5": 6.6,
      "1": 4.8,
      "3": 5.2,
      "6": 7.4
    },
    "18": {
      "8": 2.0,
      "0": 2.6,
      "6": 2.2,
      "2": 5.4,
      "4": 4.6,
      "7": 4.6,
      "1": 7.8,
      "3": 7.2,
      "5": 8.8,
      "9": 9.8
    },
    "19": {
      "8": 2.4,
      "0": 2.8,
      "3": 1.6,
      "4": 5.6,
      "1": 6.4,
      "6": 3.6,
      "2": 6.0,
      "7": 7.6,
      "5": 9.0
    },
    "20": {
      "0": 1.4,
      "5": 2.6,
      "1": 3.6,
      "3": 5.6,
      "4": 5.4,
      "7": 6.8,
      "2": 5.6,
      "6": 5.0
    },
    "21": {
      "4": 1.2,
      "6": 3.4,
      "1": 2.4,
      "2": 6.8,
      "8": 3.8,
      "0": 5.6,
      "5": 8.2,
      "7": 6.4,
      "3": 7.2
    },
    "22": {
      "5": 1.4,
      "6": 1.8,
      "7": 2.8,
      "0": 4.0,
      "3": 5.4,
      "9": 7.0,
      "2": 8.8,
      "4": 8.8,
      "1": 7.8,
      "8": 7.2
    },
    "23": {
      "3": 2.0,
      "0": 1.4,
      "6": 2.8,
      "1": 4.4,
      "4": 6.2,
      "2": 6.0,
      "5": 6.4,
      "8": 8.8,
      "7": 7.0
    },
    "24": {
      "1": 2.2,
      "5": 1.6,
      "0": 2.6,
      "2": 4.0,
      "8": 4.6,
      "7": 7.0,
      "3": 7.6,
      "6": 8.2,
      "4": 7.2
    },
    "25": {
      "5": 1.4,
      "7": 1.6,
      "0": 4.2,
      "1": 3.4,
      "3": 5.4,
      "8": 5.0,
      "4": 8.0,
      "6": 8.0,
      "2": 8.0
    },
    "26": {
      "4": 1.0,
      "8": 2.4,
      "0": 2.6,
      "3": 4.0,
      "6": 5.4,
      "1": 6.6,
      "7": 6.4,
      "2": 8.4,
      "5": 8.2
    },
    "27": {
      "2": 4.0,
      "1": 6.6,
      "3": 5.8,
      "7": 2.8,
      "4": 4.0,
      "0": 3.2,
      "5": 5.0,
      "6": 6.6,
      "8": 7.2,
      "9": 9.8
    },
    "28": {
      "2": 6.4,
      "9": 6.2,
      "4": 4.4,
      "3": 4.2,
      "0": 2.0,
      "7": 2.6,
      "5": 5.8,
      "1": 7.2,
      "8": 8.6,
      "6": 7.6
    },
    "29": {
      "9": 3.4,
      "2": 2.0,
      "0": 1.8,
      "5": 3.8,
      "8": 4.2,
      "4": 7.2,
      "1": 7.4,
      "3": 7.0,
      "6": 8.8,
      "7": 9.4
    },
    "30": {
      "5": 1.2,
      "3": 1.8,
      "8": 3.6,
      "4": 4.4,
      "1": 5.4,
      "6": 7.4,
      "2": 6.0,
      "0": 8.8,
      "7": 6.4
    },
    "31": {
      "1": 3.8,
      "6": 4.4,
      "9": 4.6,
      "4": 2.6,
      "8": 2.4,
      "5": 7.2,
      "0": 3.8,
      "2": 8.0,
      "7": 8.8,
      "3": 9.4
    },
    "32": {
      "8": 1.2,
      "0": 1.8,
      "2": 4.4,
      "5": 4.2,
      "6": 4.4,
      "7": 6.0,
      "3": 7.0,
      "4": 7.8,
      "9": 9.0,
      "1": 9.2
    },
    "33": {
      "6": 3.4,
      "1": 4.4,
      "3": 3.0,
      "0": 5.2,
      "2": 3.0,
      "9": 5.2,
      "8": 7.6,
      "7": 6.2,
      "4": 9.2,
      "5": 7.8
    },
    "34": {
      "3": 1.0,
      "5": 2.2,
      "4": 4.8,
      "1": 5.0,
      "2": 4.4,
      "9": 6.2,
      "7": 5.6,
      "8": 7.0,
      "0": 8.8,
      "6": 10.0
    },
    "35": {
      "2": 2.0,
      "5": 2.2,
      "1": 2.6,
      "3": 4.6,
      "0": 3.6,
      "6": 6.2,
      "4": 7.2,
      "7": 7.6
    },
    "36": {
      "2": 3.4,
      "0": 4.0,
      "7": 2.0,
      "8": 3.2,
      "9": 3.4,
      "3": 7.0,
      "4": 6.2,
      "1": 7.6,
      "6": 8.2,
      "5": 10.0
    },
    "37": {
      "2": 2.0,
      "4": 3.8,
      "7": 3.6,
      "8": 5.4,
      "5": 3.4,
      "9": 5.6,
      "1": 7.0,
      "3": 6.0,
      "6": 9.2,
      "0": 9.0
    },
    "38": {
      "3": 2.0,
      "9": 2.0,
      "6": 2.6,
      "2": 3.6,
      "8": 6.0,
      "0": 8.0,
      "1": 6.4,
      "7": 5.8,
      "4": 8.8,
      "5": 9.8
    },
    "39": {
      "5": 1.4,
      "3": 4.2,
      "7": 2.4,
      "1": 2.6,
      "8": 6.6,
      "0": 5.8,
      "9": 5.8,
      "4": 7.4,
      "2": 9.0,