{
  "content_diversity": 0.38976001739501953,
  "classifier_auc": 0.7425104623864448,
  "ranking_stability": 0.6560196884858694,
  "feature_coefficients": {
    "word_count": 0.40640008812455913,
    "sentence_count": 0.07913214592359723,
    "avg_sentence_length": -0.06961213454843233,
    "paragraph_count": -0.32741605251890726,
    "heading_density": -0.5088744026927702,
    "list_frequency": -0.05446621870018532,
    "readability": -0.03062454111010577,
    "bold_emphasis_density": -0.2864543101822416,
    "citation_density": -0.04071505605760493,
    "statistic_density": -0.07892156703585174,
    "quote_density": 0.07940240436136818,
    "named_source_mentions": -0.07538279601091485,
    "year_mentions": -0.051934983322334684,
    "claim_density": -0.031312053896821915,
    "external_reference_density": 0.0,
    "question_density": -0.2332100774033224,
    "query_similarity": 0.999663435004792,
    "corpus_centroid_similarity": 0.08565143758595949,
    "type_token_ratio": 0.2580209368047739,
    "vocabulary_sophistication": 0.19177229121296385,
    "sentiment_polarity": -0.02260629503855494,
    "avg_word_length": -0.03870263318656004,
    "semantic_uniqueness": 0.3823461794090227,
    "information_density": -0.14619874612999978,
    "specificity_score": -0.05047954398987357
  },
  "avg_ranks": {
    "0": {
      "6": 1.2,
      "5": 2.0,
      "2": 2.8,
      "4": 4.0,
      "0": 5.0,
      "3": 6.4,
      "7": 7.0,
      "1": 7.6
    },
    "1": {
      "0": 1.4,
      "4": 4.0,
      "7": 1.8,
      "8": 3.4,
      "1": 5.6,
      "6": 5.6,
      "9": 6.6,
      "5": 8.0,
      "3": 9.6,
      "2": 9.0
    },
    "2": {
      "5": 1.2,
      "8": 3.6,
      "7": 2.0,
      "4": 3.8,
      "3": 4.4,
      "6": 6.0,
      "0": 8.0,
      "2": 8.2,
      "1": 7.8
    },
    "3": {
      "6": 1.4,
      "2": 1.8,
      "8": 2.8,
      "5": 5.4,
      "7": 5.8,
      "1": 4.6,
      "0": 6.4,
      "9": 9.4,
      "4": 8.2,
      "3": 9.2
    },
    "4": {
      "1": 1.8,
      "5": 2.0,
      "4": 3.0,
      "2": 3.4,
      "0": 6.6,
      "6": 6.0,
      "3": 6.6,
      "7": 6.6
    },
    "5": {
      "7": 2.2,
      "4": 2.6,
      "5": 1.6,
      "0": 4.0,
      "2": 4.8,
      "6": 6.2,
      "8": 7.8,
      "3": 6.8,
      "1": 9.0
    },
    "6": {
      "6": 3.6,
      "8": 1.8,
      "3": 4.0,
      "7": 3.4,
      "5": 2.6,
      "0": 6.4,
      "4": 6.2,
      "1": 8.2,
      "2": 8.8
    },
    "7": {
      "5": 1.4,
      "1": 1.6,
      "7": 3.0,
      "3": 4.2,
      "2": 6.0,
      "4": 5.0,
      "8": 7.6,
      "0": 8.2,
      "6": 8.0
    },
    "8": {
      "4": 1.0,
      "2": 2.0,
      "5": 4.0,
      "1": 4.0,
      "9": 5.2,
      "3": 5.8,
      "0": 7.2,
      "8": 7.4,
      "6": 9.8,
      "7": 8.6
    },
    "9": {
      "9": 4.0,
      "3": 3.4,
      "4": 4.0,
      "6": 4.2,
      "2": 6.4,
      "7": 5.2,
      "1": 4.4,
      "0": 5.8,
      "5": 7.8,
      "8": 9.8
    },
    "10": {
      "1": 1.6,
      "2": 3.0,
      "0": 3.6,
      "8": 3.6,
      "5": 4.8,
      "7": 5.8,
      "4": 6.0,
      "6": 8.0,
      "3": 8.6
    },
    "11": {
      "2": 1.0,
      "0": 2.0,
      "7": 4.4,
      "4": 4.2,
      "3": 4.6,
      "5": 6.4,
      "6": 5.6,
      "1": 7.8
    },
    "12": {
      "6": 1.8,
      "8": 1.8,
      "0": 4.8,
      "9": 3.2,
      "4": 4.4,
      "5": 5.0,
      "7": 8.2,
      "1": 8.4,
      "3": 8.8,
      "2": 8.6
    },
    "13": {
      "7": 1.8,
      "6": 1.2,
      "0": 3.0,
      "3": 4.2,
      "8": 6.6,
      "1": 5.4,
      "5": 8.4,
      "2": 6.6,
      "4": 7.8
    },
    "14": {
      "7": 1.4,
      "6": 1.8,
      "3": 4.4,
      "9": 3.6,
      "8": 4.8,
      "1": 5.4,
      "5": 7.6,
      "4": 8.6,
      "0": 8.8,
      "2": 8.6
    },
    "15": {
      "7": 1.0,
      "3": 6.0,
      "4": 5.8,
      "6": 6.0,
      "1": 5.8,
      "0": 5.6,
      "8": 5.0,
      "2": 4.8,
      "5": 5.0
    },
    "16": {
      "4": 3.8,
      "3": 2.0,
      "0": 3.4,
      "8": 4.8,
      "1": 3.8,
      "6": 4.0,
      "5": 7.6,
      "2": 8.8,
      "7": 6.8
    },
    "17": {
      "4": 2.2,
      "1": 3.6,
      "2": 4.0,
      "3": 4.2,
      "5": 6.6,
      "0": 2.0,
      "7": 5.8,
      "6": 7.6
    },
    "18": {
      "8": 2.0,
      "6": 3.0,
      "7": 7.6,
      "2": 3.6,
      "4": 3.4,
      "0": 4.8,
      "3": 5.0,
      "1": 7.4,
      "9": 8.8,
      "5": 9.4
    },
    "19": {
      "6": 3.6,
      "8": 1.8,
      "3": 1.6,
      "0": 3.2,
      "4": 5.4,
      "1": 6.6,
      "7": 7.0,
      "2": 6.8,
      "5": 9.0
    },
    "20": {
      "3": 3.8,
      "1": 3.2,
      "7": 6.8,
      "0": 2.0,
      "5": 4.2,
      "6": 6.4,
      "2": 5.6,
      "4": 4.0
    },
    "21": {
      "4": 1.2,
      "1": 2.2,
      "6": 3.0,
      "7": 5.4,
      "8": 4.0,
      "3": 6.4,
      "2": 7.2,
      "0": 6.6,
      "5": 9.0
    },
    "22": {
      "6": 1.4,
      "5": 1.6,
      "7": 3.6,
      "0": 3.8,
      "8": 6.0,
      "9": 5.6,
      "1": 8.0,
      "4": 8.4,
      "3": 7.2,
      "2": 9.4
    },
    "23": {
      "0": 1.8,
      "3": 1.8,
      "7": 7.0,
      "1": 4.4,
      "6": 3.2,
      "2": 5.6,
      "4": 6.2,
      "5": 6.6,
      "8": 8.4
    },
    "24": {
      "1": 2.2,
      "5": 1.6,
      "2": 3.8,
      "8": 4.8,
      "0": 2.6,
      "7": 7.0,
      "3": 7.2,
      "6": 7.6,
      "4": 8.2
    },
    "25": {
      "5": 1.2,
      "7": 2.0,
      "0": 4.2,
      "1": 4.2,
      "3": 5.4,
      "6": 7.4,
      "8": 4.2,
      "2": 8.4,
      "4": 8.0
    },
    "26": {
      "4": 1.0,
      "0": 2.6,
      "7": 5.6,
      "1": 5.2,
      "3": 5.8,
      "2": 7.8,
      "6": 4.2,
      "8": 5.0,
      "5": 7.8
    },
    "27": {
      "7": 1.2,
      "4": 3.6,
      "6": 3.8,
      "2": 4.8,
      "3": 5.8,
      "5": 6.0,
      "0": 3.4,
      "8": 7.8,
      "1": 8.6,
      "9": 10.0
    },
    "28": {
      "0": 2.2,
      "7": 1.6,
      "5": 2.2,
      "3": 5.2,
      "1": 7.6,
      "6": 7.4,
      "8": 7.2,
      "4": 6.8,
      "9": 7.0,
      "2": 7.8
    },
    "29": {
      "0": 1.6,
      "9": 2.2,
      "2": 2.8,
      "5": 4.2,
      "8": 4.2,
      "4": 6.2,
      "1": 8.2,
      "3": 8.0,
      "7": 9.0,
      "6": 8.6
    },
    "30": {
      "5": 1.0,
      "3": 2.0,
      "8": 3.2,
      "2": 5.2,
      "6": 4.6,
      "4": 6.4,
      "1": 6.8,
      "7": 7.0,
      "0": 8.8
    },
    "31": {
      "4": 1.8,
      "8": 3.0,
      "6": 3.8,
      "9": 4.4,
      "1": 5.0,
      "5": 6.6,
      "0": 3.4,
      "3": 9.0,
      "7": 8.6,
      "2": 9.4
    },
    "32": {
      "0": 1.8,
      "8": 1.2,
      "2": 5.8,
      "7": 5.4,
      "3": 5.6,
      "6": 4.6,
      "5": 6.0,
      "4": 7.4,
      "1": 8.6,
      "9": 8.6
    },
    "33": {
      "6": 2.4,
      "3": 2.2,
      "2": 2.8,
      "1": 3.8,
      "9": 4.4,
      "0": 6.0,
      "8": 7.6,
      "7": 7.2,
      "4": 9.0,
      "5": 9.6
    },
    "34": {
      "3": 1.4,
      "5": 2.4,
      "1": 5.4,
      "8": 6.6,
      "4": 2.8,
      "2": 5.0,
      "7": 6.6,
      "9": 6.4,
      "0": 8.4,
      "6": 10.0
    },
    "35": {
      "1": 2.2,
      "0": 4.0,
      "5": 2.4,
      "3": 4.2,
      "2": 2.2,
      "6": 6.0,
      "4": 7.6,
      "7": 7.4
    },
    "36": {
      "8": 2.6,
      "2": 4.4,
      "0": 3.0,
      "9": 4.4,
      "7": 2.6,
      "4": 5.8,
      "6": 8.8,
      "3": 5.8,
      "1": 7.8,
      "5": 9.8
    },
    "37": {
      "5": 2.6,
      "2": 1.6,
      "7": 3.4,
      "9": 4.8,
      "8": 4.8,
      "1": 6.4,
      "4": 5.8,
      "3": 7.2,
      "6": 9.0,
      "0": 9.4
    },
    "38": {
      "1": 6.0,
      "8": 5.0,
      "9": 2.0,
      "6": 3.0,
      "3": 3.0,
      "2": 3.6,
      "0": 7.8,
      "7": 6.0,
      "4": 9.2,
      "5": 9.4
    },
    "39": {
      "5": 1.6,
      "7": 1.6,
      "1": 2.8,
      "9": 6.0,
      "8": 4.4,
      "0": 7.4,
      "4": 7.0,
      "3": 5.4,
      "2": 8.8,