{
  "content_diversity": 0.39005184173583984,
  "classifier_auc": 0.8328697560477698,
  "ranking_stability": 0.6418488160291439,
  "feature_coefficients": {
    "word_count": 0.7456316471405207,
    "sentence_count": 0.4907999623898265,
    "avg_sentence_length": -0.09718566059263718,
    "paragraph_count": -0.5770139512505356,
    "heading_density": 0.12023481209302446,
    "list_frequency": 0.19235567694315178,
    "readability": 0.39358539692524064,
    "bold_emphasis_density": -0.014604175499388047,
    "citation_density": -0.0775703794196255,
    "statistic_density": 0.08546004321491246,
    "quote_density": -0.3808166510544069,
    "named_source_mentions": -0.49584623731921457,
    "year_mentions": 0.04210678986833115,
    "claim_density": -0.10876298242891555,
    "external_reference_density": 0.0,
    "question_density": 0.010785956620221717,
    "query_similarity": 0.856927730065084,
    "corpus_centroid_similarity": 0.11893743723097601,
    "type_token_ratio": -0.2081652555840652,
    "vocabulary_sophistication": -0.06353549455428854,
    "sentiment_polarity": 0.19054817260865373,
    "avg_word_length": -0.6911489859095614,
    "semantic_uniqueness": -0.021207122052827047,
    "information_density": -0.13211515491262849,
    "specificity_score": 0.46140190486180627
  },
  "avg_ranks": {
    "0": {
      "2": 1.4,
      "5": 2.0,
      "6": 2.8,
      "4": 4.0,
      "0": 4.8,
      "1": 6.2,
      "7": 7.4,
      "3": 7.4
    },
    "1": {
      "7": 2.0,
      "0": 1.8,
      "8": 3.0,
      "4": 4.4,
      "9": 5.6,
      "6": 4.6,
      "1": 7.6,
      "5": 8.4,
      "2": 8.0,
      "3": 9.6
    },
    "2": {
      "7": 1.0,
      "4": 4.0,
      "3": 4.2,
      "5": 2.8,
      "8": 3.2,
      "6": 5.8,
      "2": 8.0,
      "0": 7.4,
      "1": 8.6
    },
    "3": {
      "6": 1.6,
      "2": 1.6,
      "8": 2.8,
      "1": 5.8,
      "0": 6.4,
      "7": 5.0,
      "5": 5.4,
      "4": 7.4,
      "3": 9.4,
      "9": 9.6
    },
    "4": {
      "1": 1.25,
      "0": 3.25,
      "5": 3.0,
      "4": 3.5,
      "6": 6.5,
      "3": 5.75,
      "7": 7.75,
      "2": 5.0
    },
    "5": {
      "4": 2.0,
      "7": 1.8,
      "5": 2.2,
      "2": 4.2,
      "0": 5.4,
      "8": 6.4,
      "6": 7.4,
      "3": 6.8,
      "1": 8.8
    },
    "6": {
      "8": 1.0,
      "6": 5.2,
      "7": 4.4,
      "5": 3.6,
      "3": 2.6,
      "4": 4.6,
      "0": 6.6,
      "2": 8.8,
      "1": 8.2
    },
    "7": {
      "5": 1.8,
      "1": 1.8,
      "3": 4.6,
      "4": 3.4,
      "7": 4.0,
      "2": 5.8,
      "6": 7.4,
      "0": 8.4,
      "8": 7.8
    },
    "8": {
      "4": 1.0,
      "2": 3.0,
      "1": 3.2,
      "5": 4.8,
      "9": 5.2,
      "3": 5.0,
      "8": 5.8,
      "7": 9.0,
      "0": 8.2,
      "6": 9.8
    },
    "9": {
      "1": 2.4,
      "7": 2.6,
      "0": 4.0,
      "4": 5.6,
      "9": 6.8,
      "3": 4.8,
      "6": 5.6,
      "8": 7.2,
      "2": 8.4,
      "5": 7.6
    },
    "10": {
      "1": 1.6,
      "6": 6.4,
      "2": 3.2,
      "8": 2.0,
      "5": 4.4,
      "0": 5.2,
      "3": 7.8,
      "7": 6.6,
      "4": 7.8
    },
    "11": {
      "2": 1.0,
      "0": 2.0,
      "7": 3.2,
      "4": 4.0,
      "3": 5.2,
      "6": 6.4,
      "1": 7.2,
      "5": 7.0
    },
    "12": {
      "8": 1.6,
      "0": 3.2,
      "6": 1.6,
      "4": 4.0,
      "9": 5.2,
      "3": 6.8,
      "5": 5.6,
      "7": 8.4,
      "1": 9.2,
      "2": 9.4
    },
    "13": {
      "6": 1.0,
      "7": 2.0,
      "2": 4.6,
      "3": 4.0,
      "0": 4.0,
      "1": 5.8,
      "4": 7.6,
      "5": 8.4,
      "8": 7.6
    },
    "14": {
      "8": 3.4,
      "6": 1.6,
      "7": 2.0,
      "9": 3.6,
      "3": 4.6,
      "1": 7.2,
      "2": 6.8,
      "0": 8.4,
      "4": 8.0,
      "5": 9.4
    },
    "15": {
      "7": 1.0,
      "8": 2.4,
      "2": 4.0,
      "1": 3.4,
      "0": 4.2,
      "6": 7.4,
      "3": 6.6,
      "4": 7.6,
      "5": 8.4
    },
    "16": {
      "6": 2.0,
      "3": 3.8,
      "1": 2.2,
      "8": 3.2,
      "0": 4.2,
      "4": 8.0,
      "7": 6.4,
      "5": 7.8,
      "2": 7.4
    },
    "17": {
      "1": 2.8,
      "3": 4.0,
      "2": 4.0,
      "5": 4.8,
      "4": 2.2,
      "0": 4.2,
      "7": 6.0,
      "6": 8.0
    },
    "18": {
      "8": 1.2,
      "0": 2.6,
      "1": 5.4,
      "2": 5.2,
      "6": 4.6,
      "7": 5.6,
      "4": 5.6,
      "3": 6.6,
      "5": 8.6,
      "9": 9.6
    },
    "19": {
      "3": 1.8,
      "8": 1.2,
      "6": 3.6,
      "1": 5.0,
      "4": 5.4,
      "0": 5.0,
      "2": 7.2,
      "7": 6.8,
      "5": 9.0
    },
    "20": {
      "1": 3.2,
      "5": 2.8,
      "6": 4.0,
      "3": 4.6,
      "0": 3.0,
      "7": 5.8,
      "2": 5.4,
      "4": 7.2
    },
    "21": {
      "4": 1.0,
      "6": 2.0,
      "8": 3.2,
      "7": 5.8,
      "3": 6.2,
      "1": 4.6,
      "0": 6.4,
      "2": 7.0,
      "5": 8.8
    },
    "22": {
      "6": 1.0,
      "3": 5.2,
      "7": 3.6,
      "0": 3.0,
      "5": 3.0,
      "9": 7.0,
      "4": 7.0,
      "1": 8.0,
      "8": 7.4,
      "2": 9.8
    },
    "23": {
      "0": 3.6,
      "3": 2.8,
      "6": 2.0,
      "4": 5.0,
      "2": 4.2,
      "1": 5.8,
      "5": 6.0,
      "7": 8.2,
      "8": 7.4
    },
    "24": {
      "0": 1.4,
      "5": 2.2,
      "1": 2.4,
      "2": 4.0,
      "8": 5.0,
      "7": 6.0,
      "3": 7.2,
      "4": 8.6,
      "6": 8.2
    },
    "25": {
      "5": 1.2,
      "7": 1.8,
      "0": 4.4,
      "1": 4.6,
      "8": 3.6,
      "3": 5.4,
      "4": 7.6,
      "2": 7.6,
      "6": 8.8
    },
    "26": {
      "4": 1.0,
      "0": 3.0,
      "8": 3.0,
      "3": 6.4,
      "7": 6.4,
      "5": 7.4,
      "1": 5.2,
      "2": 7.8,
      "6": 4.8
    },
    "27": {
      "7": 4.8,
      "8": 3.0,
      "0": 2.2,
      "1": 6.4,
      "2": 3.4,
      "4": 4.4,
      "6": 6.8,
      "5": 6.2,
      "3": 7.8,
      "9": 10.0
    },
    "28": {
      "3": 4.6,
      "0": 2.0,
      "7": 2.2,
      "8": 7.6,
      "1": 6.2,
      "6": 7.4,
      "4": 5.8,
      "9": 6.4,
      "2": 4.0,
      "5": 8.8
    },
    "29": {
      "0": 1.4,
      "2": 2.2,
      "5": 3.0,
      "8": 3.4,
      "6": 6.6,
      "4": 7.4,
      "3": 6.8,
      "1": 7.4,
      "7": 9.4,
      "9": 7.4
    },
    "30": {
      "3": 1.4,
      "5": 1.8,
      "6": 4.2,
      "8": 4.2,
      "4": 4.0,
      "2": 6.2,
      "7": 7.0,
      "1": 7.8,
      "0": 8.4
    },
    "31": {
      "4": 2.2,
      "9": 2.2,
      "8": 3.4,
      "1": 3.2,
      "6": 5.8,
      "7": 7.0,
      "2": 6.0,
      "5": 7.2,
      "0": 8.0,
      "3": 10.0
    },
    "32": {
      "8": 1.6,
      "0": 1.4,
      "6": 5.2,
      "9": 5.8,
      "4": 6.6,
      "3": 6.8,
      "5": 9.4,
      "7": 6.6,
      "1": 7.2,
      "2": 4.4
    },
    "33": {
      "2": 2.4,
      "3": 2.6,
      "9": 4.0,
      "6": 4.6,
      "1": 5.6,
      "0": 6.4,
      "8": 7.4,
      "7": 5.0,
      "4": 7.0,
      "5": 10.0
    },
    "34": {
      "3": 1.8,
      "2": 5.2,
      "4": 3.2,
      "1": 3.2,
      "5": 4.0,
      "7": 6.2,
      "8": 4.6,
      "9": 7.8,
      "0": 9.0,
      "6": 10.0
    },
    "35": {
      "5": 2.4,
      "2": 3.6,
      "0": 1.6,
      "3": 4.2,
      "1": 3.2,
      "7": 7.4,
      "6": 6.2,
      "4": 7.4
    },
    "36": {
      "7": 1.8,
      "0": 4.4,
      "8": 3.2,
      "1": 6.0,
      "9": 3.8,
      "4": 3.8,
      "3": 6.0,
      "2": 7.6,
      "6": 8.4,
      "5": 10.0
    },
    "37": {
      "3": 1.0,
      "7": 2.8,
      "8": 4.4,
      "2": 4.0,
      "4": 4.8,
      "1": 6.4,
      "5": 5.2,
      "9": 7.4,
      "6": 9.8,
      "0": 9.2
    },
    "38": {
      "9": 1.8,
      "6": 2.6,
      "3": 3.0,
      "2": 2.6,
      "8": 5.6,
      "0": 7.0,
      "1": 7.6,
      "7": 6.6,
      "4": 8.8,
      "5": 9.4
    },
    "39": {
      "5": 2.0,
      "7": 1.6,
      "1": 2.8,
      "9": 5.0,
      "8": 5.4,
      "0": 6.6,
      "4": 8.6,
      "2": 5.8,
      "3": 7.4,