{
  "content_diversity": 0.39158526062965393,
  "classifier_auc": 0.8161316807034271,
  "ranking_stability": 0.6456596968367696,
  "feature_coefficients": {
    "word_count": 0.496383209204178,
    "sentence_count": 0.36073959085782026,
    "avg_sentence_length": -0.01760117061136196,
    "paragraph_count": -0.6947938419529464,
    "heading_density": 0.06015980979678674,
    "list_frequency": 0.20694972390822655,
    "readability": 0.16792124001910086,
    "bold_emphasis_density": 0.12461493282882137,
    "citation_density": 0.02144251863209123,
    "statistic_density": -0.04440510437382543,
    "quote_density": -0.43723664300597637,
    "named_source_mentions": -0.26749972552311935,
    "year_mentions": -0.17405171097860309,
    "claim_density": -0.012139663693367277,
    "external_reference_density": 0.0,
    "question_density": 0.0938934938161578,
    "query_similarity": 0.9593133432375874,
    "corpus_centroid_similarity": 0.274944134049026,
    "type_token_ratio": -0.30623929843099523,
    "vocabulary_sophistication": -0.12403110276286959,
    "sentiment_polarity": -0.04062592023316159,
    "avg_word_length": -0.46469873736157197,
    "semantic_uniqueness": 0.2929954614310671,
    "information_density": -0.0841537146845995,
    "specificity_score": 0.37704966290090375
  },
  "avg_ranks": {
    "0": {
      "2": 1.2,
      "5": 1.8,
      "6": 3.0,
      "0": 4.6,
      "4": 4.6,
      "3": 6.4,
      "1": 6.8,
      "7": 7.6
    },
    "1": {
      "0": 1.6,
      "7": 1.4,
      "8": 3.0,
      "4": 5.4,
      "6": 5.0,
      "5": 7.6,
      "1": 6.8,
      "2": 8.6,
      "9": 5.6,
      "3": 10.0
    },
    "2": {
      "3": 3.2,
      "5": 1.8,
      "7": 1.6,
      "4": 3.6,
      "8": 5.0,
      "6": 5.8,
      "0": 7.2,
      "2": 8.0,
      "1": 8.8
    },
    "3": {
      "6": 1.0,
      "8": 2.6,
      "2": 2.4,
      "5": 4.2,
      "7": 4.8,
      "1": 6.2,
      "0": 7.2,
      "4": 7.6,
      "3": 9.0,
      "9": 10.0
    },
    "4": {
      "1": 1.2,
      "5": 2.4,
      "2": 3.4,
      "4": 4.2,
      "0": 6.6,
      "3": 6.6,
      "7": 6.0,
      "6": 5.6
    },
    "5": {
      "7": 1.2,
      "5": 2.0,
      "2": 4.0,
      "4": 3.2,
      "3": 6.0,
      "0": 5.2,
      "6": 6.8,
      "8": 7.8,
      "1": 8.8
    },
    "6": {
      "8": 1.6,
      "5": 3.0,
      "6": 3.6,
      "7": 4.4,
      "4": 4.6,
      "3": 4.0,
      "0": 6.8,
      "2": 8.8,
      "1": 8.2
    },
    "7": {
      "5": 2.0,
      "1": 1.6,
      "4": 3.0,
      "7": 3.8,
      "3": 4.6,
      "6": 7.4,
      "0": 7.8,
      "2": 6.8,
      "8": 8.0
    },
    "8": {
      "4": 1.0,
      "2": 2.2,
      "1": 3.0,
      "3": 4.2,
      "9": 5.8,
      "8": 7.0,
      "5": 5.0,
      "0": 8.8,
      "7": 8.4,
      "6": 9.6
    },
    "9": {
      "6": 3.0,
      "3": 2.2,
      "4": 3.2,
      "9": 4.0,
      "2": 5.8,
      "1": 6.2,
      "7": 6.2,
      "0": 6.8,
      "5": 8.0,
      "8": 9.6
    },
    "10": {
      "1": 1.4,
      "2": 2.4,
      "5": 4.0,
      "8": 3.2,
      "0": 5.2,
      "7": 6.8,
      "4": 7.4,
      "3": 7.6,
      "6": 7.0
    },
    "11": {
      "2": 1.0,
      "0": 2.0,
      "7": 4.0,
      "4": 4.2,
      "3": 5.0,
      "6": 6.6,
      "1": 7.4,
      "5": 5.8
    },
    "12": {
      "8": 1.6,
      "0": 2.6,
      "6": 1.8,
      "4": 4.4,
      "9": 5.2,
      "5": 5.8,
      "2": 8.2,
      "7": 8.8,
      "1": 8.6,
      "3": 8.0
    },
    "13": {
      "6": 1.0,
      "7": 2.0,
      "0": 3.0,
      "2": 4.6,
      "3": 5.2,
      "8": 6.2,
      "1": 6.0,
      "4": 8.0,
      "5": 9.0
    },
    "14": {
      "6": 1.2,
      "3": 3.4,
      "9": 3.6,
      "8": 3.4,
      "7": 3.6,
      "5": 7.4,
      "1": 6.6,
      "4": 8.2,
      "0": 8.8,
      "2": 8.8
    },
    "15": {
      "7": 1.0,
      "3": 6.2,
      "4": 7.2,
      "8": 2.8,
      "2": 4.4,
      "1": 4.6,
      "0": 4.6,
      "6": 7.0,
      "5": 7.2
    },
    "16": {
      "4": 5.2,
      "3": 2.6,
      "6": 2.2,
      "8": 4.2,
      "0": 4.6,
      "1": 3.4,
      "5": 7.2,
      "2": 8.0,
      "7": 7.6
    },
    "17": {
      "4": 1.6,
      "2": 3.4,
      "1": 3.4,
      "7": 6.2,
      "0": 2.4,
      "3": 4.6,
      "5": 6.4,
      "6": 8.0
    },
    "18": {
      "8": 1.4,
      "4": 3.6,
      "2": 4.2,
      "6": 3.2,
      "0": 4.6,
      "3": 6.6,
      "1": 7.2,
      "5": 9.0,
      "9": 8.6,
      "7": 6.6
    },
    "19": {
      "3": 1.6,
      "8": 1.6,
      "6": 3.2,
      "0": 5.2,
      "1": 5.2,
      "4": 5.4,
      "2": 7.0,
      "7": 6.8,
      "5": 9.0
    },
    "20": {
      "0": 2.2,
      "5": 3.2,
      "4": 6.4,
      "6": 4.4,
      "2": 5.4,
      "1": 3.4,
      "3": 3.6,
      "7": 7.4
    },
    "21": {
      "6": 1.8,
      "4": 1.4,
      "1": 3.0,
      "0": 5.0,
      "8": 4.0,
      "2": 6.4,
      "3": 7.8,
      "5": 8.4,
      "7": 7.2
    },
    "22": {
      "5": 1.8,
      "6": 1.2,
      "0": 3.2,
      "7": 3.8,
      "9": 6.6,
      "3": 6.2,
      "4": 7.6,
      "8": 7.2,
      "1": 7.4,
      "2": 10.0
    },
    "23": {
      "0": 1.0,
      "7": 7.0,
      "6": 3.6,
      "3": 3.2,
      "1": 4.0,
      "5": 4.8,
      "2": 6.0,
      "4": 6.6,
      "8": 8.8
    },
    "24": {
      "0": 2.2,
      "5": 2.0,
      "1": 2.2,
      "2": 3.8,
      "8": 4.8,
      "6": 7.8,
      "4": 7.4,
      "3": 7.8,
      "7": 7.0
    },
    "25": {
      "5": 1.0,
      "7": 2.0,
      "0": 3.8,
      "1": 4.4,
      "3": 5.4,
      "8": 4.8,
      "4": 7.6,
      "2": 7.2,
      "6": 8.8
    },
    "26": {
      "4": 1.0,
      "0": 2.6,
      "8": 4.4,
      "1": 3.8,
      "6": 5.0,
      "3": 6.0,
      "7": 6.8,
      "2": 7.4,
      "5": 8.0
    },
    "27": {
      "2": 4.2,
      "7": 2.0,
      "8": 3.0,
      "5": 3.4,
      "0": 4.6,
      "4": 4.6,
      "3": 7.4,
      "1": 7.0,
      "6": 8.8,
      "9": 10.0
    },
    "28": {
      "0": 1.6,
      "7": 2.6,
      "5": 6.8,
      "4": 5.4,
      "9": 6.6,
      "2": 7.4,
      "1": 7.2,
      "6": 7.0,
      "3": 5.6,
      "8": 4.8
    },
    "29": {
      "0": 1.2,
      "2": 2.0,
      "7": 6.8,
      "8": 4.6,
      "5": 3.8,
      "4": 6.8,
      "9": 5.2,
      "6": 9.0,
      "1": 7.0,
      "3": 8.6
    },
    "30": {
      "5": 1.0,
      "3": 2.0,
      "4": 4.8,
      "8": 3.6,
      "6": 4.6,
      "2": 6.4,
      "0": 7.0,
      "1": 7.8,
      "7": 7.8
    },
    "31": {
      "9": 3.2,
      "4": 2.0,
      "8": 2.6,
      "1": 4.8,
      "5": 6.4,
      "6": 7.0,
      "0": 3.2,
      "2": 7.8,
      "7": 8.4,
      "3": 9.6
    },
    "32": {
      "8": 1.4,
      "0": 1.6,
      "2": 4.8,
      "5": 5.0,
      "1": 7.0,
      "6": 5.2,
      "9": 8.2,
      "4": 7.6,
      "3": 7.0,
      "7": 7.2
    },
    "33": {
      "2": 3.0,
      "3": 2.2,
      "9": 4.4,
      "4": 7.6,
      "7": 6.8,
      "6": 2.8,
      "1": 4.4,
      "0": 5.8,
      "8": 8.0,
      "5": 10.0
    },
    "34": {
      "2": 2.8,
      "5": 4.0,
      "4": 3.2,
      "3": 2.2,
      "8": 3.2,
      "7": 7.6,
      "9": 6.8,
      "1": 7.0,
      "0": 8.2,
      "6": 10.0
    },
    "35": {
      "2": 1.6,
      "1": 2.6,
      "5": 2.8,
      "0": 3.0,
      "3": 5.0,
      "6": 6.2,
      "4": 7.4,
      "7": 7.4
    },
    "36": {
      "7": 1.4,
      "0": 3.0,
      "8": 2.4,
      "9": 3.2,
      "4": 5.6,
      "6": 7.2,
      "3": 7.0,
      "1": 6.8,
      "2": 8.8,
      "5": 9.6
    },
    "37": {
      "7": 2.4,
      "4": 2.4,
      "9": 6.2,
      "2": 4.2,
      "8": 5.0,
      "5": 5.0,
      "1": 5.4,
      "0": 9.0,
      "6": 9.2,
      "3": 6.2
    },
    "38": {
      "9": 2.2,
      "3": 3.0,
      "2": 3.0,
      "6": 2.6,
      "8": 5.6,
      "1": 7.8,
      "0": 6.2,
      "7": 6.6,
      "4": 9.0,
      "5": 9.0
    },
    "39": {
      "5": 2.0,
      "7": 1.4,
      "1": 2.6,
      "3": 6.6,
      "0": 5.4,
      "8": 4.4,
      "9": 6.4,
      "2": 7.4,
      "4": 8.8,
      "6": 10.0
    },