{
  "content_diversity": 0.38989466428756714,
  "classifier_auc": 0.7747183979974969,
  "ranking_stability": 0.631700977334165,
  "feature_coefficients": {
    "word_count": 0.38266767992115847,
    "sentence_count": -0.07788836453721067,
    "avg_sentence_length": -0.5423947169233397,
    "paragraph_count": -0.3612963529564078,
    "heading_density": -0.5327896200797738,
    "list_frequency": -0.021810033231150754,
    "readability": 0.5309531696257364,
    "bold_emphasis_density": -0.11893694875202167,
    "citation_density": -0.04356905801680115,
    "statistic_density": 0.3373334512054913,
    "quote_density": -0.15587293887739745,
    "named_source_mentions": 0.11887625931247042,
    "year_mentions": -0.27183819622295624,
    "claim_density": -0.1471618066713418,
    "external_reference_density": 0.0,
    "question_density": -0.10266347418754293,
    "query_similarity": 1.1638822301771032,
    "corpus_centroid_similarity": 0.18801924655048008,
    "type_token_ratio": -0.06077044074693594,
    "vocabulary_sophistication": 0.0754743337002489,
    "sentiment_polarity": -0.05301743892680831,
    "avg_word_length": -0.3726108350512514,
    "semantic_uniqueness": 0.6111607877751581,
    "information_density": -0.03366551449862055,
    "specificity_score": 0.010773199851843426
  },
  "avg_ranks": {
    "0": {
      "6": 1.0,
      "5": 2.6,
      "2": 2.4,
      "4": 4.0,
      "0": 5.8,
      "1": 6.6,
      "7": 7.2,
      "3": 6.4
    },
    "1": {
      "7": 1.8,
      "0": 1.4,
      "8": 2.8,
      "4": 4.8,
      "6": 4.6,
      "9": 6.2,
      "1": 6.6,
      "5": 8.8,
      "2": 8.2,
      "3": 9.8
    },
    "2": {
      "5": 1.6,
      "7": 1.6,
      "4": 4.2,
      "3": 3.2,
      "6": 5.6,
      "8": 4.8,
      "0": 7.2,
      "1": 8.4,
      "2": 8.4
    },
    "3": {
      "6": 1.0,
      "2": 2.3333333333333335,
      "8": 2.6666666666666665,
      "7": 4.666666666666667,
      "1": 6.0,
      "5": 4.666666666666667,
      "9": 9.0,
      "4": 7.333333333333333,
      "0": 8.0,
      "3": 9.333333333333334
    },
    "4": {
      "1": 2.5,
      "5": 1.5,
      "4": 2.0,
      "6": 5.0,
      "2": 6.25,
      "7": 6.0,
      "3": 6.5,
      "0": 6.25
    },
    "5": {
      "5": 2.0,
      "7": 1.6,
      "2": 5.0,
      "4": 2.8,
      "0": 4.8,
      "8": 7.4,
      "3": 5.8,
      "6": 6.6,
      "1": 9.0
    },
    "6": {
      "7": 3.6,
      "8": 1.4,
      "6": 3.4,
      "5": 3.6,
      "3": 4.2,
      "4": 6.0,
      "0": 5.8,
      "2": 8.6,
      "1": 8.4
    },
    "7": {
      "1": 1.75,
      "5": 1.25,
      "7": 3.0,
      "3": 4.0,
      "4": 5.0,
      "2": 6.0,
      "0": 8.0,
      "6": 7.25,
      "8": 8.75
    },
    "8": {
      "4": 1.0,
      "2": 2.0,
      "8": 7.0,
      "3": 5.0,
      "1": 4.25,
      "9": 5.0,
      "5": 4.75,
      "0": 7.75,
      "7": 8.25,
      "6": 10.0
    },
    "9": {
      "6": 2.0,
      "3": 2.6,
      "4": 2.2,
      "9": 4.0,
      "2": 4.2,
      "1": 6.8,
      "7": 7.2,
      "0": 7.8,
      "5": 8.2,
      "8": 10.0
    },
    "10": {
      "8": 1.8,
      "2": 2.0,
      "1": 2.8,
      "0": 4.6,
      "5": 5.0,
      "6": 7.4,
      "3": 8.0,
      "4": 7.2,
      "7": 6.2
    },
    "11": {
      "2": 1.0,
      "0": 2.0,
      "7": 3.5,
      "4": 4.0,
      "3": 4.5,
      "5": 7.25,
      "6": 6.25,
      "1": 7.5
    },
    "12": {
      "6": 2.2,
      "4": 3.6,
      "0": 3.6,
      "8": 2.0,
      "9": 4.2,
      "5": 5.4,
      "3": 8.0,
      "7": 8.4,
      "1": 9.4,
      "2": 8.2
    },
    "13": {
      "6": 1.2,
      "7": 1.8,
      "0": 3.4,
      "3": 3.6,
      "1": 6.4,
      "2": 5.6,
      "4": 8.0,
      "5": 8.2,
      "8": 6.8
    },
    "14": {
      "7": 2.0,
      "6": 2.2,
      "9": 3.4,
      "8": 3.8,
      "1": 4.8,
      "0": 9.0,
      "3": 5.2,
      "5": 8.6,
      "4": 7.4,
      "2": 8.6
    },
    "15": {
      "7": 1.0,
      "5": 5.6,
      "6": 6.0,
      "8": 5.4,
      "2": 4.2,
      "0": 5.4,
      "1": 5.4,
      "3": 5.6,
      "4": 6.4
    },
    "16": {
      "4": 4.6,
      "3": 3.6,
      "6": 1.6,
      "0": 3.8,
      "1": 3.2,
      "8": 4.8,
      "7": 7.4,
      "5": 7.4,
      "2": 8.6
    },
    "17": {
      "0": 2.2,
      "4": 2.0,
      "3": 3.2,
      "2": 4.2,
      "1": 3.4,
      "7": 7.0,
      "5": 6.2,
      "6": 7.8
    },
    "18": {
      "2": 5.0,
      "0": 2.8,
      "4": 3.4,
      "6": 2.6,
      "8": 2.6,
      "7": 6.6,
      "3": 6.8,
      "1": 7.4,
      "5": 9.6,
      "9": 8.2
    },
    "19": {
      "8": 1.75,
      "3": 2.0,
      "0": 3.25,
      "6": 3.25,
      "4": 5.75,
      "1": 6.5,
      "2": 6.0,
      "7": 7.5,
      "5": 9.0
    },
    "20": {
      "5": 2.0,
      "0": 2.2,
      "4": 3.6,
      "1": 5.6,
      "6": 5.2,
      "2": 5.0,
      "7": 6.4,
      "3": 6.0
    },
    "21": {
      "4": 1.0,
      "6": 2.2,
      "1": 2.8,
      "8": 4.6,
      "7": 5.8,
      "3": 6.4,
      "0": 6.6,
      "2": 6.8,
      "5": 8.8
    },
    "22": {
      "5": 1.6,
      "6": 1.6,
      "7": 3.2,
      "0": 3.8,
      "8": 7.4,
      "9": 7.8,
      "4": 6.4,
      "2": 9.2,
      "3": 6.4,
      "1": 7.6
    },
    "23": {
      "0": 1.25,
      "3": 1.75,
      "2": 4.25,
      "4": 4.75,
      "1": 4.75,
      "6": 4.75,
      "5": 7.75,
      "7": 8.25,
      "8": 7.5
    },
    "24": {
      "0": 2.2,
      "5": 1.2,
      "1": 2.8,
      "2": 4.2,
      "8": 4.8,
      "3": 7.8,
      "4": 6.8,
      "7": 6.6,
      "6": 8.6
    },
    "25": {
      "7": 1.6666666666666667,
      "5": 1.3333333333333333,
      "8": 4.0,
      "1": 4.333333333333333,
      "0": 4.0,
      "3": 6.333333333333333,
      "4": 7.333333333333333,
      "6": 7.0,
      "2": 9.0
    },
    "26": {
      "4": 1.0,
      "0": 2.4,
      "6": 6.0,
      "3": 6.0,
      "5": 7.2,
      "7": 4.6,
      "1": 6.2,
      "2": 7.8,
      "8": 3.8
    },
    "27": {
      "0": 3.25,
      "7": 2.0,
      "1": 7.25,
      "2": 5.25,
      "4": 3.0,
      "6": 5.0,
      "3": 7.25,
      "5": 5.5,
      "8": 6.5,
      "9": 10.0
    },
    "28": {
      "0": 1.6,
      "7": 1.6,
      "5": 2.8,
      "4": 5.8,
      "9": 6.0,
      "3": 6.0,
      "2": 6.6,
      "1": 8.0,
      "8": 8.6,
      "6": 8.0
    },
    "29": {
      "2": 1.3333333333333333,
      "0": 2.3333333333333335,
      "8": 3.3333333333333335,
      "9": 4.333333333333333,
      "5": 4.666666666666667,
      "4": 7.333333333333333,
      "1": 7.666666666666667,
      "3": 6.666666666666667,
      "7": 8.666666666666666,
      "6": 8.666666666666666
    },
    "30": {
      "5": 1.2,
      "8": 2.6,
      "3": 2.4,
      "6": 5.8,
      "4": 4.4,
      "1": 7.2,
      "2": 6.4,
      "7": 6.0,
      "0": 9.0
    },
    "31": {
      "4": 1.8,
      "9": 3.6,
      "6": 4.4,
      "1": 4.4,
      "8": 2.8,
      "2": 8.0,
      "7": 8.2,
      "5": 7.4,
      "0": 5.2,
      "3": 9.2
    },
    "32": {
      "8": 1.0,
      "0": 2.0,
      "2": 4.4,
      "7": 6.2,
      "1": 7.0,
      "6": 4.4,
      "3": 6.4,
      "4": 6.8,
      "5": 7.8,
      "9": 9.0
    },
    "33": {
      "6": 2.6,
      "1": 4.2,
      "2": 2.8,
      "3": 3.2,
      "0": 5.6,
      "9": 4.8,
      "8": 7.4,
      "7": 6.4,
      "4": 8.0,
      "5": 10.0
    },
    "34": {
      "3": 1.4,
      "5": 2.2,
      "2": 4.6,
      "4": 3.0,
      "1": 6.0,
      "7": 6.8,
      "9": 5.6,
      "8": 6.8,
      "0": 8.6,
      "6": 10.0
    },
    "35": {
      "1": 2.0,
      "0": 2.4,
      "5": 2.2,
      "2": 3.6,
      "6": 5.8,
      "3": 5.2,
      "7": 7.6,
      "4": 7.2
    },
    "36": {
      "7": 2.4,
      "0": 3.2,
      "8": 3.6,
      "9": 4.8,
      "4": 7.0,
      "3": 4.4,
      "2": 3.2,
      "1": 7.6,
      "6": 9.0,
      "5": 9.8
    },
    "37": {
      "3": 5.4,
      "2": 2.2,
      "5": 3.2,
      "4": 5.6,
      "1": 4.8,
      "7": 3.4,
      "8": 5.8,
      "9": 5.8,
      "6": 9.2,
      "0": 9.6
    },