{
  "content_diversity": 0.39283841848373413,
  "classifier_auc": 0.7862897985705003,
  "ranking_stability": 0.6615079365079364,
  "feature_coefficients": {
    "word_count": 0.384614351273954,
    "sentence_count": 0.40429063645155594,
    "avg_sentence_length": -0.008710104755343855,
    "paragraph_count": -0.6378107719096794,
    "heading_density": -0.17522188939898956,
    "list_frequency": 0.18588857809649434,
    "readability": 0.21395648794856897,
    "bold_emphasis_density": -0.06681220835675063,
    "citation_density": 0.04859289792724583,
    "statistic_density": 0.014962287488047222,
    "quote_density": -0.18132666779471465,
    "named_source_mentions": -0.06407471088775518,
    "year_mentions": -0.35945587515147004,
    "claim_density": -0.050872687910424964,
    "external_reference_density": 0.0,
    "question_density": -0.08468652354657268,
    "query_similarity": 0.9255852318804428,
    "corpus_centroid_similarity": 0.24388087625048738,
    "type_token_ratio": -0.21127021933972745,
    "vocabulary_sophistication": -0.2611492554977393,
    "sentiment_polarity": -0.15450610619952893,
    "avg_word_length": -0.2576306074954899,
    "semantic_uniqueness": 0.31303333416123297,
    "information_density": -0.1557707528354217,
    "specificity_score": 0.3108528069037953
  },
  "avg_ranks": {
    "0": {
      "2": 1.4,
      "5": 1.8,
      "6": 2.8,
      "4": 4.4,
      "0": 5.0,
      "3": 6.2,
      "1": 7.2,
      "7": 7.2
    },
    "1": {
      "7": 1.2,
      "0": 1.8,
      "8": 3.2,
      "4": 5.0,
      "1": 6.0,
      "6": 6.0,
      "9": 5.8,
      "2": 7.6,
      "5": 8.4,
      "3": 10.0
    },
    "2": {
      "7": 1.4,
      "8": 3.4,
      "5": 2.6,
      "3": 4.0,
      "4": 3.6,
      "6": 6.0,
      "0": 7.2,
      "1": 8.2,
      "2": 8.6
    },
    "3": {
      "6": 1.0,
      "2": 2.75,
      "8": 2.25,
      "5": 6.0,
      "7": 4.5,
      "1": 5.25,
      "0": 7.5,
      "4": 7.0,
      "3": 8.75,
      "9": 10.0
    },
    "4": {
      "2": 2.0,
      "5": 2.4,
      "1": 1.6,
      "4": 4.0,
      "0": 6.0,
      "7": 7.0,
      "6": 5.8,
      "3": 7.2
    },
    "5": {
      "4": 2.2,
      "7": 1.4,
      "5": 2.4,
      "3": 5.4,
      "0": 6.0,
      "6": 6.4,
      "2": 5.0,
      "8": 7.2,
      "1": 9.0
    },
    "6": {
      "8": 3.0,
      "3": 3.2,
      "5": 2.0,
      "0": 5.2,
      "4": 5.6,
      "7": 4.0,
      "6": 5.0,
      "1": 8.2,
      "2": 8.8
    },
    "7": {
      "5": 1.25,
      "1": 1.75,
      "4": 3.25,
      "7": 3.75,
      "3": 5.25,
      "2": 5.75,
      "6": 7.25,
      "8": 8.0,
      "0": 8.75
    },
    "8": {
      "4": 1.0,
      "2": 2.2,
      "5": 4.6,
      "1": 4.2,
      "3": 5.2,
      "9": 5.4,
      "0": 7.6,
      "7": 8.6,
      "6": 9.4,
      "8": 6.8
    },
    "9": {
      "6": 2.2,
      "3": 2.4,
      "4": 2.0,
      "9": 3.4,
      "2": 5.0,
      "1": 6.6,
      "5": 7.8,
      "7": 8.0,
      "0": 7.8,
      "8": 9.8
    },
    "10": {
      "1": 1.0,
      "2": 2.2,
      "5": 3.0,
      "8": 4.0,
      "0": 5.6,
      "6": 6.6,
      "3": 8.0,
      "7": 6.8,
      "4": 7.8
    },
    "11": {
      "2": 1.0,
      "0": 2.0,
      "7": 3.8,
      "4": 4.4,
      "3": 5.0,
      "6": 5.6,
      "1": 7.4,
      "5": 6.8
    },
    "12": {
      "8": 1.8,
      "6": 1.8,
      "0": 3.0,
      "9": 4.0,
      "4": 5.0,
      "5": 5.4,
      "3": 7.6,
      "7": 8.6,
      "1": 9.4,
      "2": 8.4
    },
    "13": {
      "6": 1.0,
      "7": 2.0,
      "0": 3.0,
      "2": 4.8,
      "1": 5.6,
      "3": 6.2,
      "8": 6.6,
      "5": 8.0,
      "4": 7.8
    },
    "14": {
      "3": 2.8,
      "6": 2.0,
      "9": 2.8,
      "8": 3.8,
      "1": 6.8,
      "7": 3.8,
      "5": 7.8,
      "0": 8.2,
      "2": 8.6,
      "4": 8.4
    },
    "15": {
      "7": 1.0,
      "8": 2.0,
      "0": 4.2,
      "1": 4.0,
      "2": 3.8,
      "6": 6.8,
      "5": 7.4,
      "3": 7.6,
      "4": 8.2
    },
    "16": {
      "4": 6.6,
      "3": 2.2,
      "1": 3.0,
      "6": 1.8,
      "8": 4.0,
      "7": 7.8,
      "5": 6.8,
      "2": 7.2,
      "0": 5.6
    },
    "17": {
      "1": 3.8,
      "2": 3.6,
      "5": 5.6,
      "4": 2.6,
      "3": 3.4,
      "0": 3.0,
      "7": 6.0,
      "6": 8.0
    },
    "18": {
      "4": 2.75,
      "8": 1.75,
      "0": 4.25,
      "6": 2.25,
      "7": 4.0,
      "2": 7.25,
      "3": 6.75,
      "1": 7.25,
      "5": 9.0,
      "9": 9.75
    },
    "19": {
      "8": 2.4,
      "0": 2.4,
      "3": 1.8,
      "4": 5.2,
      "2": 6.4,
      "7": 6.8,
      "1": 5.8,
      "6": 5.2,
      "5": 9.0
    },
    "20": {
      "4": 5.0,
      "0": 1.4,
      "5": 2.0,
      "2": 6.2,
      "6": 5.4,
      "3": 4.2,
      "1": 4.6,
      "7": 7.2
    },
    "21": {
      "4": 1.8,
      "6": 2.8,
      "1": 2.4,
      "8": 4.6,
      "3": 5.6,
      "0": 5.4,
      "2": 7.4,
      "7": 6.2,
      "5": 8.8
    },
    "22": {
      "5": 1.8,
      "6": 1.2,
      "7": 3.4,
      "0": 3.6,
      "9": 5.8,
      "3": 6.0,
      "4": 7.6,
      "8": 7.4,
      "1": 8.2,
      "2": 10.0
    },
    "23": {
      "0": 2.8,
      "3": 1.8,
      "6": 3.2,
      "1": 5.0,
      "2": 3.6,
      "4": 5.4,
      "8": 8.6,
      "5": 7.0,
      "7": 7.6
    },
    "24": {
      "1": 2.4,
      "5": 1.6,
      "2": 3.8,
      "8": 4.0,
      "0": 3.2,
      "4": 6.6,
      "7": 7.2,
      "3": 7.4,
      "6": 8.8
    },
    "25": {
      "5": 1.2,
      "7": 1.8,
      "8": 3.4,
      "1": 4.4,
      "0": 5.0,
      "3": 5.8,
      "4": 7.6,
      "2": 7.6,
      "6": 8.2
    },
    "26": {
      "4": 1.0,
      "0": 2.2,
      "8": 2.8,
      "3": 4.8,
      "1": 5.2,
      "6": 6.0,
      "7": 6.0,
      "2": 8.4,
      "5": 8.6
    },
    "27": {
      "7": 1.6,
      "8": 3.6,
      "0": 3.8,
      "6": 6.8,
      "4": 5.6,
      "2": 2.6,
      "5": 6.6,
      "3": 7.0,
      "1": 7.4,
      "9": 10.0
    },
    "28": {
      "0": 2.2,
      "7": 3.2,
      "5": 7.0,
      "3": 4.6,
      "1": 6.4,
      "6": 7.0,
      "8": 6.4,
      "4": 6.0,
      "9": 6.6,
      "2": 5.6
    },
    "29": {
      "2": 2.0,
      "0": 1.2,
      "5": 3.8,
      "8": 5.2,
      "6": 7.2,
      "4": 7.2,
      "9": 4.2,
      "1": 9.0,
      "3": 7.4,
      "7": 7.8
    },
    "30": {
      "5": 1.2,
      "3": 2.2,
      "8": 3.4,
      "1": 6.4,
      "4": 4.6,
      "7": 5.6,
      "2": 6.0,
      "6": 6.6,
      "0": 9.0
    },
    "31": {
      "8": 2.0,
      "4": 1.6,
      "0": 4.2,
      "6": 5.6,
      "5": 6.2,
      "9": 4.0,
      "1": 5.2,
      "2": 8.0,
      "7": 8.6,
      "3": 9.6
    },
    "32": {
      "8": 1.0,
      "0": 2.0,
      "2": 4.4,
      "7": 5.6,
      "1": 7.6,
      "9": 6.2,
      "6": 5.4,
      "4": 7.8,
      "3": 6.6,
      "5": 8.4
    },
    "33": {
      "6": 2.8,
      "3": 2.4,
      "2": 4.8,
      "1": 4.2,
      "9": 4.8,
      "0": 4.8,
      "7": 6.6,
      "4": 7.4,
      "8": 7.4,
      "5": 9.8
    },
    "34": {
      "3": 1.8,
      "4": 3.2,
      "5": 2.8,
      "2": 4.2,
      "8": 4.4,
      "0": 8.4,
      "7": 7.2,
      "1": 6.4,
      "9": 6.6,
      "6": 10.0
    },
    "35": {
      "1": 1.8,
      "0": 2.2,
      "5": 2.8,
      "2": 3.2,
      "3": 5.0,
      "6": 6.4,
      "4": 6.8,
      "7": 7.8
    },
    "36": {
      "7": 1.8,
      "0": 3.6,
      "3": 5.2,
      "8": 2.2,
      "9": 3.6,
      "2": 7.2,
      "4": 5.0,
      "1": 7.6,
      "6": 9.0,
      "5": 9.8
    },
    "37": {
      "5": 3.0,
      "4": 2.6,
      "7": 3.2,
      "2": 5.0,
      "8": 2.8,
      "9": 7.0,
      "1": 5.8,
      "0": 8.8,
      "3": 7.8,
      "6": 9.0
    },
    "38": {
      "2": 3.6,
      "6": 2.2,
      "9": 1.6,
      "7": 6.0,
      "3": 3.4,
      "0": 7.2,
      "8": 5.6,
      "4": 9.0,
      "1": 7.0,
      "5": 9.4
    },
    "39": {
      "7": 1.4,
      "1": 2.6,
      "5": 2.0,
      "8": 5.4,
      "0": 5.2,
      "3": 5.8,
      "9": 6.0,
      "4": 8.0,