{
  "content_diversity": 0.394593745470047,
  "classifier_auc": 0.7833782126648209,
  "ranking_stability": 0.63997321836828,
  "feature_coefficients": {
    "word_count": 0.7171132016931846,
    "sentence_count": -0.04804928231134462,
    "avg_sentence_length": -0.14918533359785577,
    "paragraph_count": -0.7924532848695056,
    "heading_density": -0.7946286937540261,
    "list_frequency": 0.19149626288478966,
    "readability": -0.3005669546330463,
    "bold_emphasis_density": -0.015856479666780193,
    "citation_density": -0.12920414046289092,
    "statistic_density": -0.13364510470070706,
    "quote_density": -0.021136541724535343,
    "named_source_mentions": -0.16969743870282689,
    "year_mentions": 0.07131431629378247,
    "claim_density": 0.11494681462033068,
    "external_reference_density": 0.1647888597900813,
    "question_density": -0.06002046118704492,
    "query_similarity": 0.9180923032508901,
    "corpus_centroid_similarity": 0.0792451940492112,
    "type_token_ratio": 0.1359530782251009,
    "vocabulary_sophistication": 0.055953059977063506,
    "sentiment_polarity": -0.03683542927659435,
    "avg_word_length": 0.08266730013625975,
    "semantic_uniqueness": 0.5181803502765815,
    "information_density": -0.03738850144621973,
    "specificity_score": 0.19768406882345244
  },
  "avg_ranks": {
    "0": {
      "4": 1.2,
      "6": 2.0,
      "8": 6.0,
      "1": 4.0,
      "2": 5.8,
      "0": 6.2,
      "5": 6.0,
      "3": 5.8,
      "7": 8.0
    },
    "1": {
      "1": 4.4,
      "4": 3.2,
      "8": 4.2,
      "0": 3.6,
      "9": 3.4,
      "3": 4.2,
      "5": 5.8,
      "2": 7.2,
      "6": 9.2,
      "7": 9.8
    },
    "2": {
      "5": 1.25,
      "7": 1.75,
      "8": 4.0,
      "3": 4.25,
      "4": 4.0,
      "6": 5.75,
      "2": 7.75,
      "0": 7.25,
      "1": 9.0
    },
    "3": {
      "8": 1.0,
      "2": 2.8,
      "1": 2.2,
      "4": 5.0,
      "7": 8.8,
      "3": 6.8,
      "0": 7.2,
      "5": 7.0,
      "6": 6.4,
      "9": 7.8
    },
    "4": {
      "4": 1.4,
      "0": 1.8,
      "6": 4.4,
      "2": 4.2,
      "7": 4.0,
      "5": 5.4,
      "1": 6.8,
      "3": 8.0
    },
    "5": {
      "4": 2.2,
      "1": 1.2,
      "2": 4.0,
      "0": 4.4,
      "6": 6.4,
      "3": 5.4,
      "7": 5.2,
      "5": 7.2
    },
    "6": {
      "7": 4.4,
      "6": 5.0,
      "2": 6.6,
      "5": 2.6,
      "1": 2.8,
      "3": 2.4,
      "0": 4.6,
      "4": 7.6
    },
    "7": {
      "8": 2.6,
      "6": 3.0,
      "7": 3.4,
      "5": 3.2,
      "3": 2.8,
      "0": 6.0,
      "4": 7.0,
      "1": 8.4,
      "2": 8.6
    },
    "8": {
      "5": 1.4,
      "1": 1.6,
      "7": 3.2,
      "4": 4.0,
      "3": 4.8,
      "0": 7.8,
      "2": 6.2,
      "6": 7.8,
      "8": 8.2
    },
    "9": {
      "4": 1.0,
      "2": 3.4,
      "1": 3.2,
      "3": 4.8,
      "5": 3.6,
      "9": 5.0,
      "8": 8.2,
      "0": 8.2,
      "7": 8.0,
      "6": 9.6
    },
    "10": {
      "2": 1.4,
      "7": 2.8,
      "6": 2.6,
      "0": 4.0,
      "4": 4.4,
      "1": 6.2,
      "3": 7.2,
      "8": 8.8,
      "5": 7.6
    },
    "11": {
      "1": 1.0,
      "2": 3.2,
      "8": 3.6,
      "5": 5.2,
      "0": 4.0,
      "7": 4.6,
      "4": 6.8,
      "6": 7.8,
      "3": 8.8
    },
    "12": {
      "0": 1.4,
      "1": 2.2,
      "2": 3.6,
      "3": 3.0,
      "6": 4.8,
      "5": 6.8,
      "7": 6.2,
      "4": 8.0
    },
    "13": {
      "6": 2.2,
      "3": 6.0,
      "5": 3.6,
      "2": 3.8,
      "7": 3.2,
      "1": 5.0,
      "0": 4.2,
      "8": 8.4,
      "4": 8.6
    },
    "14": {
      "1": 1.2,
      "5": 1.8,
      "2": 3.0,
      "3": 4.8,
      "4": 6.2,
      "7": 5.8,
      "6": 7.2,
      "0": 6.0
    },
    "15": {
      "7": 2.0,
      "6": 1.8,
      "3": 2.2,
      "0": 5.2,
      "2": 4.8,
      "8": 5.2,
      "1": 7.2,
      "5": 7.8,
      "4": 8.8
    },
    "16": {
      "0": 1.2,
      "1": 2.2,
      "3": 3.0,
      "4": 4.4,
      "5": 6.0,
      "7": 6.4,
      "6": 6.4,
      "9": 6.4,
      "2": 9.8,
      "8": 9.2
    },
    "17": {
      "0": 1.6,
      "1": 2.0,
      "6": 4.0,
      "3": 4.2,
      "8": 4.6,
      "7": 7.6,
      "4": 6.0,
      "2": 7.0,
      "5": 8.0
    },
    "18": {
      "0": 3.4,
      "4": 2.0,
      "1": 3.4,
      "2": 2.8,
      "5": 5.4,
      "3": 4.8,
      "7": 6.8,
      "6": 7.4
    },
    "19": {
      "2": 1.0,
      "3": 3.2,
      "6": 4.2,
      "7": 3.6,
      "1": 6.2,
      "5": 4.6,
      "0": 6.4,
      "4": 6.8
    },
    "20": {
      "2": 3.4,
      "4": 1.8,
      "8": 3.2,
      "0": 3.4,
      "6": 3.2,
      "3": 6.0,
      "1": 7.2,
      "5": 9.4,
      "9": 8.4,
      "7": 9.0
    },
    "21": {
      "6": 2.0,
      "4": 1.6,
      "1": 2.4,
      "8": 4.4,
      "0": 5.4,
      "2": 6.8,
      "5": 8.6,
      "7": 6.2,
      "3": 7.6
    },
    "22": {
      "9": 1.0,
      "3": 2.4,
      "8": 5.8,
      "2": 4.4,
      "7": 3.8,
      "4": 7.6,
      "0": 7.0,
      "6": 6.4,
      "5": 6.6,
      "1": 10.0
    },
    "23": {
      "5": 1.2,
      "6": 1.8,
      "0": 3.0,
      "9": 6.2,
      "4": 5.8,
      "8": 6.8,
      "3": 5.2,
      "1": 7.2,
      "7": 8.2,
      "2": 9.6
    },
    "24": {
      "3": 3.0,
      "6": 2.0,
      "1": 4.2,
      "0": 3.8,
      "5": 5.6,
      "2": 4.6,
      "4": 5.2,
      "7": 7.8,
      "8": 8.8
    },
    "25": {
      "5": 2.0,
      "1": 1.4,
      "8": 3.2,
      "2": 3.8,
      "0": 4.6,
      "4": 7.8,
      "7": 7.0,
      "3": 7.2,
      "6": 8.0
    },
    "26": {
      "5": 1.0,
      "7": 2.0,
      "0": 3.8,
      "1": 4.4,
      "8": 4.8,
      "3": 5.8,
      "4": 7.2,
      "2": 7.8,
      "6": 8.2
    },
    "27": {
      "1": 1.0,
      "4": 2.6,
      "0": 4.8,
      "2": 5.2,
      "5": 3.4,
      "6": 4.0,
      "7": 7.4,
      "3": 7.6
    },
    "28": {
      "4": 1.0,
      "6": 3.2,
      "0": 2.8,
      "2": 5.0,
      "7": 4.2,
      "1": 6.4,
      "8": 7.2,
      "3": 6.2,
      "5": 9.0
    },
    "29": {
      "4": 1.0,
      "8": 3.6,
      "0": 2.6,
      "6": 3.8,
      "3": 6.8,
      "1": 5.6,
      "7": 5.8,
      "5": 8.0,
      "2": 7.8
    },
    "30": {
      "4": 1.4,
      "3": 3.6,
      "0": 1.8,
      "2": 4.2,
      "6": 5.4,
      "8": 5.4,
      "7": 8.2,
      "1": 6.4,
      "5": 8.6
    },
    "31": {
      "7": 1.8,
      "0": 2.6,
      "5": 2.8,
      "6": 6.2,
      "1": 6.0,
      "8": 6.4,
      "2": 8.2,
      "4": 6.4,
      "3": 5.6,
      "9": 9.0
    },
    "32": {
      "0": 2.6,
      "6": 1.4,
      "3": 3.4,
      "7": 4.0,
      "8": 4.2,
      "2": 6.8,
      "4": 6.2,
      "9": 7.4,
      "5": 9.0,
      "1": 10.0
    },
    "33": {
      "9": 3.25,
      "8": 1.25,
      "2": 4.25,
      "5": 3.25,
      "1": 6.5,
      "0": 3.5,
      "4": 7.0,
      "3": 7.75,
      "6": 8.25,
      "7": 10.0
    },
    "34": {
      "7": 1.4,
      "1": 2.8,
      "8": 3.4,
      "5": 3.2,
      "2": 7.0,
      "4": 5.0,
      "3": 5.6,
      "0": 7.6,
      "6": 9.0
    },
    "35": {
      "6": 1.0,
      "1": 2.25,
      "3": 6.25,
      "8": 8.25,
      "7": 6.25,
      "2": 8.5,
      "9": 3.75,
      "5": 5.25,
      "4": 6.75,
      "0": 6.75
    },
    "36": {
      "5": 1.4,
      "3": 2.8,
      "0": 4.2,
      "8": 4.6,
      "2": 3.2,
      "7": 4.8,
      "6": 7.6,
      "1": 7.8,
      "4": 8.6
    },
    "37": {
      "6": 3.0,
      "0": 6.0,
      "4": 3.0,
      "2": 2.4,
      "7": 5.4,
      "5": 4.2,
      "1": 4.0,
      "3": 8.0
    },
    "38": {
      "6": 1.0,
      "2": 2.25,
      "3": 3.5,
      "0": 3.25,
      "1": 5.0,
      "8": 6.0,
      "4": 7.75,
      "5": 7.5,
      "7": 8.75
    },
    "39": {
      "5": 7.4,
      "2": 2.8,
      "3": 3.4,
      "6": 1.8,
      "1": 2.8,
      "0": 6.6,
      "9": 5.4,
      "8": 7.4,
      "7": 8.6,
      "4": 8.8
    },
    "40": {
      "2": 1.4,
      "7": 2.2,
      "6": 2.6,
      "1": 5.6,
      "0": 6.8,
      "3": 6.6,
      "4": 4.8,