{
  "content_diversity": 0.39527028799057007,
  "classifier_auc": 0.7329995828118481,
  "ranking_stability": 0.6400216226841614,
  "feature_coefficients": {
    "word_count": 0.15356971659646187,
    "sentence_count": 0.14668640596923682,
    "avg_sentence_length": -0.04289739873319661,
    "paragraph_count": 0.0,
    "heading_density": -0.5967677648635421,
    "list_frequency": -0.5982154802983912,
    "readability": -0.2006313724880282,
    "bold_emphasis_density": 0.11515444658905606,
    "citation_density": -0.5229733228066705,
    "statistic_density": -0.29007027447749384,
    "quote_density": -0.0006680369260012268,
    "named_source_mentions": -0.23606818216930608,
    "year_mentions": 0.14051875350365955,
    "claim_density": -0.009125129601854258,
    "external_reference_density": 0.13321279455331234,
    "question_density": -0.10405670239438249,
    "query_similarity": 0.6545131768664189,
    "corpus_centroid_similarity": 0.08681672003234313,
    "type_token_ratio": 0.13253004446352834,
    "vocabulary_sophistication": -0.05462011731264134,
    "sentiment_polarity": -0.0759777111267961,
    "avg_word_length": 0.2187304573549566,
    "semantic_uniqueness": 0.059962749701277566,
    "information_density": -0.0019596122598503803,
    "specificity_score": 0.3509369357953618
  },
  "avg_ranks": {
    "0": {
      "4": 1.2,
      "6": 1.8,
      "1": 4.2,
      "3": 5.6,
      "5": 5.8,
      "8": 6.2,
      "2": 5.0,
      "0": 7.8,
      "7": 7.4
    },
    "1": {
      "0": 2.0,
      "9": 2.2,
      "3": 3.4,
      "8": 4.8,
      "5": 5.0,
      "7": 9.0,
      "4": 5.4,
      "1": 6.2,
      "2": 7.6,
      "6": 9.4
    },
    "2": {
      "7": 1.4,
      "4": 3.2,
      "5": 1.8,
      "3": 4.0,
      "8": 4.6,
      "6": 6.0,
      "0": 7.4,
      "1": 8.4,
      "2": 8.2
    },
    "3": {
      "1": 2.4,
      "2": 2.2,
      "8": 1.4,
      "4": 5.4,
      "6": 7.0,
      "0": 5.8,
      "3": 6.6,
      "5": 6.8,
      "7": 8.0,
      "9": 9.4
    },
    "4": {
      "4": 1.2,
      "0": 1.8,
      "7": 3.6,
      "6": 4.8,
      "5": 5.2,
      "2": 5.2,
      "3": 7.8,
      "1": 6.4
    },
    "5": {
      "4": 2.4,
      "2": 3.6,
      "3": 4.6,
      "6": 6.4,
      "1": 1.8,
      "0": 3.0,
      "7": 6.2,
      "5": 8.0
    },
    "6": {
      "3": 1.4,
      "5": 2.2,
      "1": 2.4,
      "0": 4.0,
      "4": 6.2,
      "7": 6.2,
      "6": 6.8,
      "2": 6.8
    },
    "7": {
      "8": 2.2,
      "3": 4.0,
      "5": 3.2,
      "6": 2.6,
      "7": 3.6,
      "4": 5.8,
      "0": 6.6,
      "1": 8.2,
      "2": 8.8
    },
    "8": {
      "5": 2.4,
      "1": 1.2,
      "3": 4.2,
      "7": 3.0,
      "4": 4.2,
      "2": 6.4,
      "6": 6.8,
      "0": 8.6,
      "8": 8.2
    },
    "9": {
      "4": 1.0,
      "2": 2.0,
      "1": 3.6,
      "5": 4.8,
      "3": 5.0,
      "9": 4.6,
      "6": 9.4,
      "0": 8.2,
      "7": 8.8,
      "8": 7.6
    },
    "10": {
      "6": 2.0,
      "3": 5.6,
      "2": 2.4,
      "4": 5.0,
      "7": 2.6,
      "0": 4.4,
      "5": 6.2,
      "1": 7.8,
      "8": 9.0
    },
    "11": {
      "1": 1.75,
      "0": 2.75,
      "2": 3.0,
      "7": 5.75,
      "4": 7.75,
      "8": 4.75,
      "3": 6.25,
      "6": 5.75,
      "5": 7.25
    },
    "12": {
      "0": 1.0,
      "3": 2.0,
      "2": 3.6666666666666665,
      "1": 4.0,
      "6": 4.333333333333333,
      "7": 6.333333333333333,
      "5": 6.666666666666667,
      "4": 8.0
    },
    "13": {
      "6": 1.0,
      "2": 2.75,
      "5": 3.25,
      "3": 3.75,
      "7": 4.75,
      "0": 6.5,
      "1": 6.0,
      "8": 8.5,
      "4": 8.5
    },
    "14": {
      "1": 1.0,
      "5": 2.2,
      "2": 2.8,
      "6": 5.2,
      "0": 4.6,
      "3": 6.0,
      "4": 7.4,
      "7": 6.8
    },
    "15": {
      "6": 1.5,
      "7": 2.0,
      "3": 2.5,
      "1": 6.0,
      "8": 6.5,
      "2": 5.0,
      "0": 5.0,
      "4": 7.75,
      "5": 8.75
    },
    "16": {
      "3": 1.4,
      "0": 2.0,
      "6": 5.2,
      "1": 4.2,
      "4": 4.8,
      "5": 6.8,
      "7": 6.6,
      "9": 5.0,
      "8": 9.0,
      "2": 10.0
    },
    "17": {
      "4": 4.8,
      "6": 2.8,
      "8": 4.0,
      "0": 2.8,
      "1": 3.2,
      "3": 4.2,
      "7": 7.0,
      "2": 8.6,
      "5": 7.6
    },
    "18": {
      "0": 5.4,
      "2": 2.8,
      "4": 2.4,
      "1": 2.2,
      "3": 3.6,
      "5": 5.2,
      "7": 6.6,
      "6": 7.8
    },
    "19": {
      "2": 1.0,
      "3": 5.8,
      "6": 3.8,
      "7": 2.6,
      "5": 3.8,
      "4": 5.0,
      "1": 7.4,
      "0": 6.6
    },
    "20": {
      "8": 2.0,
      "6": 2.8,
      "7": 7.2,
      "0": 3.4,
      "4": 3.6,
      "2": 3.8,
      "3": 6.8,
      "1": 7.0,
      "9": 9.0,
      "5": 9.4
    },
    "21": {
      "6": 3.4,
      "4": 1.4,
      "1": 2.0,
      "8": 3.8,
      "2": 5.2,
      "0": 7.0,
      "3": 7.4,
      "7": 5.8,
      "5": 9.0
    },
    "22": {
      "9": 2.6,
      "2": 3.2,
      "7": 2.8,
      "8": 4.2,
      "3": 3.4,
      "6": 6.2,
      "0": 7.0,
      "5": 7.6,
      "4": 8.0,
      "1": 10.0
    },
    "23": {
      "6": 1.2,
      "5": 2.0,
      "0": 2.8,
      "7": 4.4,
      "1": 8.2,
      "8": 6.6,
      "2": 9.0,
      "3": 5.2,
      "4": 7.8,
      "9": 7.8
    },
    "24": {
      "0": 2.2,
      "6": 2.8,
      "3": 2.2,
      "5": 6.0,
      "1": 3.8,
      "2": 4.8,
      "4": 6.2,
      "8": 8.6,
      "7": 8.4
    },
    "25": {
      "1": 1.4,
      "5": 2.2,
      "2": 4.2,
      "8": 4.0,
      "0": 3.2,
      "7": 7.2,
      "3": 7.0,
      "6": 7.8,
      "4": 8.0
    },
    "26": {
      "5": 1.2,
      "7": 1.8,
      "0": 3.4,
      "1": 4.4,
      "3": 4.8,
      "8": 5.4,
      "6": 8.0,
      "2": 7.2,
      "4": 8.8
    },
    "27": {
      "1": 1.0,
      "5": 2.8,
      "3": 5.8,
      "2": 5.0,
      "0": 5.8,
      "4": 4.0,
      "7": 7.2,
      "6": 4.4
    },
    "28": {
      "4": 1.0,
      "0": 3.6,
      "6": 2.8,
      "2": 4.2,
      "7": 4.0,
      "3": 6.8,
      "8": 8.0,
      "1": 5.8,
      "5": 8.8
    },
    "29": {
      "4": 1.0,
      "0": 2.4,
      "6": 4.4,
      "8": 2.8,
      "7": 5.8,
      "1": 6.4,
      "3": 6.0,
      "5": 8.6,
      "2": 7.6
    },
    "30": {
      "0": 1.8,
      "3": 3.2,
      "4": 4.2,
      "2": 5.0,
      "6": 4.6,
      "8": 4.0,
      "1": 5.2,
      "7": 8.2,
      "5": 8.8
    },
    "31": {
      "0": 3.0,
      "7": 3.4,
      "5": 4.4,
      "9": 6.0,
      "4": 5.6,
      "3": 5.8,
      "2": 5.2,
      "8": 7.4,
      "1": 7.0,
      "6": 7.2
    },
    "32": {
      "7": 3.2,
      "6": 1.2,
      "0": 2.8,
      "2": 6.0,
      "8": 4.2,
      "3": 4.4,
      "5": 8.6,
      "9": 6.4,
      "1": 9.8,
      "4": 8.4
    },
    "33": {
      "0": 1.5,
      "8": 2.75,
      "2": 3.0,
      "5": 4.5,
      "9": 4.0,
      "4": 5.25,
      "1": 7.5,
      "6": 9.25,
      "3": 8.25,
      "7": 9.0
    },
    "34": {
      "7": 1.8,
      "8": 1.8,
      "5": 3.2,
      "1": 3.2,
      "3": 6.6,
      "4": 5.2,
      "0": 6.8,
      "2": 7.4,
      "6": 9.0
    },
    "35": {
      "7": 4.2,
      "1": 2.2,
      "6": 2.4,
      "4": 7.4,
      "9": 2.6,
      "5": 6.4,
      "0": 6.8,
      "3": 5.8,
      "8": 9.6,
      "2": 7.6
    },
    "36": {
      "5": 1.0,
      "3": 3.4,
      "2": 2.2,
      "8": 5.4,
      "7": 5.0,
      "0": 4.0,
      "1": 8.6,
      "4": 7.8,
      "6": 7.6
    },
    "37": {
      "2": 1.0,
      "4": 2.4,
      "5": 3.2,
      "1": 3.4,
      "7": 5.0,
      "6": 6.2,
      "0": 7.2,
      "3": 7.6
    },
    "38": {
      "6": 1.0,
      "2": 2.0,
      "0": 3.6,
      "3": 3.4,
      "1": 5.4,
      "8": 6.6,
      "5": 6.4,
      "4": 7.6,
      "7": 9.0
    },
    "39": {
      "6": 3.0,
      "1": 4.0,
      "3": 3.2,
      "2": 2.6,
      "9": 4.2,
      "0": 6.6,
      "7": 6.8,
      "4": 8.8,
      "8": 7.6,
      "5": 8.2
    },
    "40": {
      "2": 1.0,
      "5": 2.8,
      "6": 3.4,
      "7": 3.0,