{
  "content_diversity": 0.39608049392700195,
  "classifier_auc": 0.8282322600219971,
  "ranking_stability": 0.6346638419439229,
  "feature_coefficients": {
    "word_count": 0.5254132037154036,
    "sentence_count": 0.1859899016071374,
    "avg_sentence_length": -0.17455153636839932,
    "paragraph_count": -0.3276635652013971,
    "heading_density": -0.1549745091273564,
    "list_frequency": 0.18060590876813426,
    "readability": -0.09655595909241113,
    "bold_emphasis_density": -0.47760119009789265,
    "citation_density": 0.10462784034726355,
    "statistic_density": 0.06264396529237409,
    "quote_density": -0.23757138320524346,
    "named_source_mentions": 0.17041793136194633,
    "year_mentions": -0.016406315622663013,
    "claim_density": -0.32143111977818317,
    "external_reference_density": 0.018713850219041907,
    "question_density": -0.051960330876640135,
    "query_similarity": 0.9309113198413845,
    "corpus_centroid_similarity": 0.03177064930384598,
    "type_token_ratio": -0.2675672426290298,
    "vocabulary_sophistication": 0.12448885330973954,
    "sentiment_polarity": 0.040056366989846715,
    "avg_word_length": -0.14331464612947167,
    "semantic_uniqueness": 0.25336365314409587,
    "information_density": -0.06926233033248007,
    "specificity_score": 0.10299193602715148
  },
  "avg_ranks": {
    "0": {
      "6": 1.4,
      "4": 1.6,
      "3": 5.0,
      "5": 6.6,
      "8": 6.2,
      "2": 5.0,
      "0": 7.4,
      "1": 4.0,
      "7": 7.8
    },
    "1": {
      "9": 3.4,
      "0": 4.4,
      "3": 5.4,
      "5": 4.6,
      "8": 3.0,
      "4": 3.4,
      "1": 4.4,
      "2": 7.4,
      "6": 9.0,
      "7": 10.0
    },
    "2": {
      "5": 1.2,
      "7": 1.8,
      "8": 4.0,
      "4": 3.8,
      "6": 5.8,
      "3": 4.4,
      "0": 7.0,
      "2": 8.2,
      "1": 8.8
    },
    "3": {
      "8": 1.5,
      "2": 2.5,
      "1": 2.0,
      "5": 4.5,
      "0": 5.5,
      "4": 5.25,
      "3": 7.0,
      "9": 9.0,
      "6": 8.5,
      "7": 9.25
    },
    "4": {
      "4": 2.0,
      "5": 4.6,
      "2": 3.2,
      "6": 4.2,
      "0": 3.6,
      "7": 3.4,
      "3": 7.2,
      "1": 7.8
    },
    "5": {
      "1": 1.0,
      "4": 2.2,
      "0": 3.4,
      "2": 4.8,
      "3": 5.0,
      "6": 4.6,
      "5": 7.6,
      "7": 7.4
    },
    "6": {
      "3": 1.0,
      "1": 2.0,
      "5": 3.0,
      "0": 4.6,
      "6": 5.8,
      "7": 5.6,
      "2": 7.4,
      "4": 6.6
    },
    "7": {
      "3": 1.6666666666666667,
      "8": 1.3333333333333333,
      "5": 4.666666666666667,
      "7": 4.666666666666667,
      "6": 3.6666666666666665,
      "0": 6.0,
      "4": 6.0,
      "1": 8.0,
      "2": 9.0
    },
    "8": {
      "5": 1.2,
      "1": 1.8,
      "7": 3.8,
      "4": 3.4,
      "3": 4.8,
      "2": 6.0,
      "6": 7.8,
      "8": 8.4,
      "0": 7.8
    },
    "9": {
      "4": 1.0,
      "2": 2.0,
      "1": 3.4,
      "3": 4.0,
      "5": 5.4,
      "9": 5.2,
      "0": 8.0,
      "8": 7.6,
      "6": 9.2,
      "7": 9.2
    },
    "10": {
      "6": 2.0,
      "0": 2.8,
      "7": 2.8,
      "2": 2.8,
      "4": 4.6,
      "3": 6.2,
      "5": 7.2,
      "1": 7.8,
      "8": 8.8
    },
    "11": {
      "7": 2.8,
      "1": 2.6,
      "2": 2.8,
      "8": 2.8,
      "4": 7.2,
      "0": 5.4,
      "5": 6.4,
      "6": 6.8,
      "3": 8.2
    },
    "12": {
      "0": 1.2,
      "3": 3.2,
      "2": 3.4,
      "1": 3.6,
      "6": 3.6,
      "7": 6.4,
      "5": 6.8,
      "4": 7.8
    },
    "13": {
      "6": 1.4,
      "7": 1.6,
      "0": 4.6,
      "1": 4.2,
      "5": 5.2,
      "3": 5.6,
      "2": 5.4,
      "4": 8.2,
      "8": 8.8
    },
    "14": {
      "5": 1.0,
      "1": 2.2,
      "2": 2.8,
      "7": 5.4,
      "4": 6.8,
      "3": 5.4,
      "0": 6.0,
      "6": 6.4
    },
    "15": {
      "6": 1.0,
      "7": 2.2,
      "0": 2.8,
      "3": 5.2,
      "8": 6.2,
      "1": 4.8,
      "2": 6.6,
      "4": 8.0,
      "5": 8.2
    },
    "16": {
      "3": 3.2,
      "0": 1.4,
      "6": 2.4,
      "1": 4.6,
      "5": 6.6,
      "9": 5.0,
      "7": 6.0,
      "4": 6.8,
      "8": 9.0,
      "2": 10.0
    },
    "17": {
      "3": 1.2,
      "0": 2.6,
      "1": 4.8,
      "8": 4.6,
      "4": 5.8,
      "6": 3.6,
      "5": 7.6,
      "7": 7.8,
      "2": 7.0
    },
    "18": {
      "2": 3.0,
      "5": 2.2,
      "4": 3.6,
      "1": 5.2,
      "0": 3.6,
      "3": 5.8,
      "7": 4.6,
      "6": 8.0
    },
    "19": {
      "2": 1.0,
      "3": 4.0,
      "5": 2.6,
      "6": 4.2,
      "4": 5.4,
      "7": 4.0,
      "1": 7.4,
      "0": 7.4
    },
    "20": {
      "6": 1.2,
      "2": 5.0,
      "4": 3.4,
      "3": 5.2,
      "0": 3.2,
      "9": 6.8,
      "1": 7.2,
      "8": 4.6,
      "7": 9.0,
      "5": 9.4
    },
    "21": {
      "4": 1.8,
      "1": 1.8,
      "8": 3.2,
      "7": 6.6,
      "2": 5.4,
      "3": 6.8,
      "0": 6.6,
      "6": 4.0,
      "5": 8.8
    },
    "22": {
      "9": 1.0,
      "3": 3.0,
      "7": 3.8,
      "2": 3.6,
      "8": 6.0,
      "6": 7.6,
      "5": 5.4,
      "0": 7.0,
      "4": 7.6,
      "1": 10.0
    },
    "23": {
      "6": 1.0,
      "0": 2.2,
      "5": 2.8,
      "4": 4.8,
      "7": 5.8,
      "8": 8.4,
      "9": 6.6,
      "3": 6.6,
      "1": 7.2,
      "2": 9.6
    },
    "24": {
      "2": 2.6,
      "4": 3.8,
      "8": 7.8,
      "3": 2.8,
      "6": 4.0,
      "1": 3.6,
      "5": 7.0,
      "7": 8.0,
      "0": 5.4
    },
    "25": {
      "5": 1.4,
      "1": 2.0,
      "2": 4.0,
      "8": 4.6,
      "0": 3.0,
      "3": 6.6,
      "4": 6.8,
      "7": 7.6,
      "6": 9.0
    },
    "26": {
      "5": 1.2,
      "7": 1.8,
      "1": 4.0,
      "0": 3.4,
      "3": 4.6,
      "8": 6.6,
      "6": 7.6,
      "4": 8.2,
      "2": 7.6
    },
    "27": {
      "1": 1.0,
      "0": 4.2,
      "5": 3.4,
      "6": 4.0,
      "3": 4.4,
      "2": 6.0,
      "7": 7.4,
      "4": 5.6
    },
    "28": {
      "4": 1.8,
      "7": 3.2,
      "6": 2.8,
      "0": 4.2,
      "1": 5.6,
      "2": 4.2,
      "8": 6.8,
      "3": 7.4,
      "5": 9.0
    },
    "29": {
      "4": 1.0,
      "0": 3.4,
      "8": 2.2,
      "6": 4.2,
      "7": 4.8,
      "1": 5.4,
      "5": 7.6,
      "2": 8.4,
      "3": 8.0
    },
    "30": {
      "0": 1.4,
      "4": 2.2,
      "3": 3.6,
      "8": 5.4,
      "2": 5.8,
      "6": 6.8,
      "1": 5.2,
      "7": 5.6,
      "5": 9.0
    },
    "31": {
      "0": 2.6,
      "7": 3.2,
      "3": 4.6,
      "5": 4.6,
      "2": 4.4,
      "4": 7.4,
      "9": 7.0,
      "6": 6.8,
      "1": 6.2,
      "8": 8.2
    },
    "32": {
      "2": 2.8,
      "6": 2.0,
      "0": 2.2,
      "7": 4.8,
      "3": 4.2,
      "9": 7.4,
      "8": 6.4,
      "4": 6.2,
      "1": 9.8,
      "5": 9.2
    },
    "33": {
      "0": 1.6,
      "8": 2.4,
      "9": 3.6,
      "3": 6.4,
      "5": 4.0,
      "2": 4.4,
      "6": 7.4,
      "4": 6.6,
      "1": 8.6,
      "7": 10.0
    },
    "34": {
      "7": 2.2,
      "8": 2.8,
      "5": 2.8,
      "1": 3.0,
      "4": 4.4,
      "0": 7.4,
      "2": 6.2,
      "3": 7.4,
      "6": 8.8
    },
    "35": {
      "1": 2.2,
      "5": 2.4,
      "6": 2.8,
      "7": 3.0,
      "9": 5.6,
      "0": 7.2,
      "4": 5.4,
      "2": 8.4,
      "3": 8.2,
      "8": 9.8
    },
    "36": {
      "5": 2.0,
      "3": 1.6,
      "8": 5.2,
      "7": 3.4,
      "0": 5.2,
      "2": 4.8,
      "1": 8.2,
      "4": 6.0,
      "6": 8.6
    },
    "37": {
      "5": 1.8,
      "1": 3.2,
      "7": 3.8,
      "2": 1.8,
      "4": 5.0,
      "6": 6.0,
      "3": 7.6,
      "0": 6.8
    },
    "38": {
      "6": 1.0,
      "2": 2.2,
      "1": 3.0,
      "0": 4.0,
      "3": 5.4,
      "8": 6.8,
      "4": 6.2,
      "5": 7.6,
      "7": 8.8
    },
    "39": {
      "2": 1.8,
      "6": 3.4,
      "3": 3.4,
      "7": 7.4,
      "9": 5.0,
      "1": 4.2,
      "0": 6.8,
      "4": 8.6,
      "8": 8.0,
      "5": 6.4
    },
    "40": {
      "2": 1.4,
      "5": 4.4,
      "7": 1.8,