{
  "content_diversity": 0.39341360330581665,
  "classifier_auc": 0.7654135338345865,
  "ranking_stability": 0.6352283770651117,
  "feature_coefficients": {
    "word_count": 0.6886099509154273,
    "sentence_count": 0.08582914695751807,
    "avg_sentence_length": -0.23236457808725053,
    "paragraph_count": -0.39164031873105687,
    "heading_density": 0.22947440259403953,
    "list_frequency": 0.18526561681898757,
    "readability": -0.038310500452287954,
    "bold_emphasis_density": -0.3302568619551812,
    "citation_density": -0.05602422137250281,
    "statistic_density": -0.25090025514518194,
    "quote_density": -0.12024622131980381,
    "named_source_mentions": -0.28963772712407376,
    "year_mentions": 0.048073432782110466,
    "claim_density": 0.16563607649912282,
    "external_reference_density": 0.10035120295596109,
    "question_density": 0.009152875893230926,
    "query_similarity": 0.7522011356105214,
    "corpus_centroid_similarity": 0.04919113882329196,
    "type_token_ratio": -0.378217207202437,
    "vocabulary_sophistication": 0.11944961698774753,
    "sentiment_polarity": 0.05437765037045622,
    "avg_word_length": -0.007269294560051235,
    "semantic_uniqueness": 0.3072125327935362,
    "information_density": -0.1916909594670521,
    "specificity_score": 0.2939399197930486
  },
  "avg_ranks": {
    "0": {
      "6": 1.0,
      "4": 2.2,
      "2": 4.6,
      "1": 4.2,
      "7": 7.6,
      "8": 5.4,
      "3": 6.2,
      "5": 6.2,
      "0": 7.6
    },
    "1": {
      "0": 3.4,
      "9": 3.2,
      "1": 3.8,
      "8": 4.4,
      "3": 4.4,
      "2": 7.0,
      "5": 5.4,
      "4": 5.4,
      "7": 8.4,
      "6": 9.6
    },
    "2": {
      "3": 3.8,
      "7": 1.2,
      "5": 3.0,
      "4": 4.2,
      "8": 2.8,
      "6": 6.0,
      "2": 8.4,
      "0": 7.4,
      "1": 8.2
    },
    "3": {
      "2": 1.8,
      "1": 2.0,
      "8": 2.4,
      "5": 5.4,
      "4": 5.2,
      "0": 6.6,
      "6": 6.8,
      "3": 7.2,
      "7": 8.0,
      "9": 9.6
    },
    "4": {
      "7": 4.4,
      "6": 3.8,
      "0": 4.2,
      "4": 1.8,
      "5": 4.0,
      "3": 7.2,
      "2": 3.0,
      "1": 7.6
    },
    "5": {
      "4": 2.0,
      "1": 1.2,
      "0": 2.8,
      "2": 4.6,
      "3": 5.8,
      "7": 6.6,
      "5": 6.8,
      "6": 6.2
    },
    "6": {
      "3": 1.8,
      "1": 2.4,
      "5": 3.0,
      "0": 5.0,
      "4": 6.6,
      "7": 4.8,
      "6": 5.0,
      "2": 7.4
    },
    "7": {
      "8": 1.0,
      "3": 2.0,
      "7": 3.4,
      "6": 5.6,
      "5": 5.0,
      "0": 4.6,
      "4": 6.4,
      "1": 8.2,
      "2": 8.8
    },
    "8": {
      "5": 1.5,
      "1": 1.5,
      "4": 3.5,
      "3": 4.5,
      "7": 4.25,
      "2": 6.0,
      "6": 6.75,
      "0": 8.25,
      "8": 8.75
    },
    "9": {
      "4": 1.0,
      "2": 2.2,
      "8": 6.0,
      "3": 4.8,
      "1": 4.4,
      "5": 4.4,
      "9": 5.6,
      "7": 9.0,
      "0": 8.4,
      "6": 9.2
    },
    "10": {
      "6": 2.2,
      "2": 2.2,
      "0": 3.8,
      "4": 5.4,
      "7": 2.4,
      "1": 7.4,
      "5": 6.4,
      "3": 6.2,
      "8": 9.0
    },
    "11": {
      "1": 1.4,
      "2": 2.0,
      "8": 3.2,
      "0": 3.4,
      "5": 5.0,
      "7": 6.6,
      "4": 7.2,
      "3": 8.2,
      "6": 8.0
    },
    "12": {
      "0": 1.0,
      "3": 3.6,
      "1": 3.2,
      "2": 3.4,
      "6": 3.8,
      "7": 6.8,
      "5": 6.4,
      "4": 7.8
    },
    "13": {
      "6": 2.0,
      "5": 3.2,
      "3": 4.4,
      "1": 5.6,
      "7": 3.2,
      "0": 6.2,
      "2": 3.4,
      "4": 8.0,
      "8": 9.0
    },
    "14": {
      "5": 1.6,
      "1": 1.4,
      "2": 3.0,
      "6": 5.2,
      "0": 4.6,
      "7": 6.8,
      "3": 5.8,
      "4": 7.6
    },
    "15": {
      "6": 1.4,
      "7": 2.4,
      "3": 3.0,
      "0": 5.4,
      "8": 5.6,
      "2": 6.2,
      "1": 5.0,
      "5": 8.0,
      "4": 8.0
    },
    "16": {
      "0": 1.0,
      "1": 3.6,
      "3": 3.0,
      "4": 5.4,
      "5": 6.0,
      "6": 4.2,
      "7": 7.2,
      "9": 5.6,
      "8": 9.2,
      "2": 9.8
    },
    "17": {
      "6": 3.2,
      "0": 2.6,
      "3": 1.6,
      "8": 4.2,
      "1": 4.2,
      "4": 6.2,
      "5": 7.0,
      "2": 8.4,
      "7": 7.6
    },
    "18": {
      "0": 4.2,
      "4": 1.6,
      "3": 4.6,
      "5": 3.0,
      "2": 3.6,
      "1": 4.2,
      "7": 7.0,
      "6": 7.8
    },
    "19": {
      "2": 1.0,
      "3": 4.0,
      "5": 3.2,
      "6": 5.0,
      "7": 4.0,
      "4": 5.6,
      "0": 6.6,
      "1": 6.6
    },
    "20": {
      "1": 4.6,
      "2": 2.0,
      "6": 3.2,
      "0": 3.8,
      "4": 4.6,
      "3": 6.0,
      "8": 5.2,
      "7": 8.6,
      "9": 7.0,
      "5": 10.0
    },
    "21": {
      "4": 2.0,
      "6": 4.2,
      "1": 2.0,
      "8": 3.2,
      "0": 5.4,
      "7": 7.2,
      "2": 6.4,
      "5": 8.0,
      "3": 6.6
    },
    "22": {
      "9": 1.6,
      "3": 2.4,
      "2": 3.0,
      "5": 5.8,
      "7": 4.6,
      "8": 6.0,
      "4": 5.8,
      "0": 8.4,
      "6": 7.4,
      "1": 10.0
    },
    "23": {
      "6": 1.0,
      "5": 2.0,
      "0": 3.0,
      "9": 5.0,
      "7": 5.6,
      "3": 5.0,
      "1": 7.2,
      "4": 7.4,
      "2": 9.4,
      "8": 9.4
    },
    "24": {
      "6": 3.0,
      "2": 2.6,
      "3": 2.4,
      "8": 7.2,
      "4": 4.6,
      "1": 4.2,
      "0": 6.6,
      "5": 6.2,
      "7": 8.2
    },
    "25": {
      "0": 2.8,
      "5": 2.0,
      "1": 1.6,
      "8": 4.4,
      "2": 4.2,
      "3": 6.6,
      "7": 7.4,
      "4": 7.6,
      "6": 8.4
    },
    "26": {
      "7": 1.6,
      "5": 1.4,
      "1": 3.8,
      "0": 3.4,
      "3": 5.0,
      "4": 7.8,
      "8": 6.8,
      "6": 7.8,
      "2": 7.4
    },
    "27": {
      "1": 1.0,
      "4": 2.8,
      "0": 4.4,
      "6": 3.8,
      "5": 4.0,
      "3": 5.8,
      "2": 6.4,
      "7": 7.8
    },
    "28": {
      "4": 1.8,
      "0": 4.4,
      "6": 3.4,
      "7": 2.6,
      "2": 4.2,
      "3": 7.8,
      "8": 6.8,
      "1": 5.2,
      "5": 8.8
    },
    "29": {
      "4": 1.0,
      "1": 4.75,
      "6": 5.0,
      "0": 3.0,
      "8": 3.0,
      "7": 7.25,
      "2": 7.0,
      "3": 5.5,
      "5": 8.5
    },
    "30": {
      "0": 1.4,
      "4": 1.6,
      "2": 3.2,
      "3": 4.0,
      "8": 4.8,
      "1": 6.6,
      "6": 6.6,
      "5": 8.8,
      "7": 8.0
    },
    "31": {
      "0": 1.8,
      "7": 3.0,
      "5": 3.8,
      "9": 8.4,
      "3": 5.2,
      "1": 4.6,
      "8": 5.4,
      "6": 5.4,
      "2": 8.0,
      "4": 9.4
    },
    "32": {
      "0": 1.6,
      "6": 1.4,
      "7": 4.4,
      "3": 3.6,
      "2": 5.2,
      "8": 6.6,
      "9": 5.8,
      "4": 7.4,
      "5": 9.0,
      "1": 10.0
    },
    "33": {
      "9": 2.0,
      "0": 1.4,
      "2": 4.2,
      "8": 3.4,
      "5": 4.4,
      "4": 6.2,
      "6": 6.8,
      "1": 8.4,
      "3": 8.4,
      "7": 9.8
    },
    "34": {
      "8": 2.0,
      "5": 2.4,
      "1": 3.4,
      "7": 2.2,
      "4": 5.2,
      "3": 6.4,
      "2": 7.4,
      "0": 7.0,
      "6": 9.0
    },
    "35": {
      "1": 2.2,
      "6": 2.0,
      "9": 3.6,
      "4": 6.0,
      "5": 3.2,
      "7": 5.6,
      "3": 7.8,
      "0": 6.0,
      "2": 8.6,
      "8": 10.0
    },
    "36": {
      "5": 1.4,
      "3": 2.6,
      "2": 2.2,
      "8": 4.8,
      "7": 4.8,
      "0": 5.2,
      "4": 7.6,
      "6": 7.4,
      "1": 9.0
    },
    "37": {
      "1": 2.4,
      "5": 3.0,
      "7": 4.2,
      "4": 3.0,
      "2": 2.4,
      "0": 6.6,
      "6": 6.8,
      "3": 7.6
    },
    "38": {
      "6": 1.0,
      "2": 2.0,
      "1": 3.4,
      "0": 3.6,
      "8": 6.0,
      "3": 5.6,
      "4": 7.8,
      "5": 6.8,
      "7": 8.8
    },
    "39": {
      "6": 3.0,
      "1": 3.8,
      "3": 3.8,
      "2": 2.6,
      "9": 6.2,
      "0": 6.8,
      "8": 7.6,
      "7": 7.6,
      "4": 9.0,
      "5": 4.6
    },
    "40": {
      "2": 1.25,
      "7": 1.75,
      "6": 3.0,
      "4": 6.0,
      "0": 5.25,
      "3": 6.75,
      "1": 7.0,