{
  "content_diversity": 0.39332014322280884,
  "classifier_auc": 0.7452883263009845,
  "ranking_stability": 0.6377703043004987,
  "feature_coefficients": {
    "word_count": 0.36846685522419365,
    "sentence_count": 0.2507615958238492,
    "avg_sentence_length": 0.01723026632665475,
    "paragraph_count": -0.29747461345521714,
    "heading_density": -0.0278486132614833,
    "list_frequency": 0.03326134646098897,
    "readability": -0.29297627140153626,
    "bold_emphasis_density": 0.039040041816992714,
    "citation_density": 0.013763485743618624,
    "statistic_density": -0.10497841069969038,
    "quote_density": -0.029583181823428437,
    "named_source_mentions": -0.1349108395391776,
    "year_mentions": 0.11366866681471009,
    "claim_density": 0.04023302398942382,
    "external_reference_density": 0.14254105603238865,
    "question_density": -0.09171172887655567,
    "query_similarity": 0.8502464127885898,
    "corpus_centroid_similarity": -0.03290933613084307,
    "type_token_ratio": -0.10934977262051183,
    "vocabulary_sophistication": 0.08700253131832207,
    "sentiment_polarity": 0.04290800474321972,
    "avg_word_length": -0.04281780662262761,
    "semantic_uniqueness": 0.31759098657071916,
    "information_density": -0.03652727962144339,
    "specificity_score": 0.26074079034055014
  },
  "avg_ranks": {
    "0": {
      "6": 2.4,
      "4": 1.2,
      "1": 2.4,
      "7": 6.8,
      "8": 6.6,
      "2": 6.2,
      "3": 5.2,
      "0": 7.8,
      "5": 6.4
    },
    "1": {
      "0": 3.4,
      "9": 3.6,
      "8": 2.6,
      "3": 5.4,
      "7": 8.4,
      "2": 5.8,
      "5": 7.4,
      "1": 3.6,
      "6": 9.4,
      "4": 5.4
    },
    "2": {
      "4": 2.6,
      "7": 2.4,
      "3": 3.6,
      "5": 2.2,
      "8": 4.4,
      "6": 5.8,
      "0": 7.0,
      "1": 8.8,
      "2": 8.2
    },
    "3": {
      "8": 1.8,
      "2": 1.6,
      "4": 5.2,
      "1": 2.8,
      "5": 4.4,
      "3": 6.6,
      "0": 6.4,
      "6": 7.8,
      "9": 9.2,
      "7": 9.2
    },
    "4": {
      "4": 1.0,
      "0": 2.4,
      "2": 3.2,
      "6": 4.4,
      "7": 4.8,
      "5": 5.4,
      "1": 7.0,
      "3": 7.8
    },
    "5": {
      "1": 1.2,
      "4": 2.0,
      "0": 4.0,
      "2": 4.0,
      "3": 4.6,
      "7": 6.6,
      "6": 6.2,
      "5": 7.4
    },
    "6": {
      "3": 1.8,
      "1": 2.6,
      "0": 4.8,
      "5": 3.0,
      "7": 4.2,
      "6": 5.2,
      "4": 7.0,
      "2": 7.4
    },
    "7": {
      "5": 4.2,
      "6": 3.2,
      "7": 3.6,
      "3": 3.4,
      "8": 2.4,
      "4": 5.6,
      "0": 5.8,
      "2": 8.6,
      "1": 8.2
    },
    "8": {
      "5": 1.6,
      "1": 1.4,
      "7": 3.6,
      "4": 4.0,
      "3": 5.0,
      "2": 5.4,
      "0": 7.8,
      "6": 7.8,
      "8": 8.4
    },
    "9": {
      "4": 1.0,
      "2": 2.0,
      "3": 3.6,
      "1": 3.8,
      "9": 5.8,
      "5": 4.8,
      "0": 7.6,
      "7": 8.8,
      "8": 7.6,
      "6": 10.0
    },
    "10": {
      "6": 1.8,
      "7": 2.6,
      "0": 3.2,
      "2": 2.4,
      "4": 5.0,
      "3": 6.4,
      "5": 6.6,
      "1": 8.0,
      "8": 9.0
    },
    "11": {
      "2": 1.8,
      "8": 3.0,
      "1": 2.2,
      "0": 4.2,
      "5": 6.0,
      "7": 6.6,
      "4": 8.0,
      "6": 6.2,
      "3": 7.0
    },
    "12": {
      "0": 1.0,
      "1": 2.6,
      "2": 4.4,
      "6": 3.8,
      "3": 3.2,
      "7": 6.8,
      "4": 7.2,
      "5": 7.0
    },
    "13": {
      "6": 2.2,
      "5": 3.2,
      "2": 3.6,
      "7": 3.2,
      "3": 5.0,
      "1": 5.0,
      "0": 5.8,
      "8": 8.6,
      "4": 8.4
    },
    "14": {
      "5": 1.6,
      "1": 1.4,
      "2": 3.0,
      "3": 5.8,
      "4": 6.2,
      "7": 7.0,
      "6": 5.4,
      "0": 5.6
    },
    "15": {
      "6": 1.4,
      "7": 2.4,
      "3": 2.8,
      "1": 5.0,
      "2": 6.0,
      "0": 5.4,
      "8": 5.6,
      "4": 8.2,
      "5": 8.2
    },
    "16": {
      "0": 1.2,
      "1": 3.4,
      "6": 5.6,
      "3": 2.6,
      "9": 4.2,
      "5": 6.4,
      "7": 6.2,
      "4": 6.4,
      "8": 9.0,
      "2": 10.0
    },
    "17": {
      "4": 6.4,
      "0": 1.8,
      "6": 3.6,
      "1": 2.6,
      "3": 2.8,
      "8": 5.2,
      "5": 7.2,
      "2": 8.0,
      "7": 7.4
    },
    "18": {
      "4": 1.8,
      "2": 3.2,
      "1": 4.0,
      "5": 4.2,
      "3": 4.6,
      "0": 4.4,
      "7": 6.0,
      "6": 7.8
    },
    "19": {
      "2": 1.0,
      "7": 3.0,
      "6": 4.6,
      "4": 5.0,
      "3": 4.0,
      "5": 3.4,
      "0": 7.2,
      "1": 7.8
    },
    "20": {
      "2": 1.6,
      "6": 2.0,
      "4": 3.0,
      "0": 3.4,
      "8": 5.4,
      "3": 6.0,
      "1": 7.6,
      "7": 8.4,
      "5": 9.2,
      "9": 8.4
    },
    "21": {
      "4": 1.4,
      "1": 1.8,
      "8": 4.0,
      "6": 3.8,
      "2": 6.2,
      "0": 6.2,
      "3": 6.2,
      "7": 6.4,
      "5": 9.0
    },
    "22": {
      "9": 2.2,
      "3": 2.4,
      "8": 6.8,
      "7": 4.2,
      "2": 3.2,
      "0": 5.2,
      "5": 6.0,
      "6": 7.0,
      "4": 8.0,
      "1": 10.0
    },
    "23": {
      "6": 1.0,
      "5": 2.2,
      "0": 2.8,
      "4": 5.6,
      "9": 4.6,
      "3": 6.0,
      "8": 7.6,
      "1": 8.2,
      "2": 8.8,
      "7": 8.2
    },
    "24": {
      "0": 4.6,
      "6": 2.4,
      "3": 2.6,
      "2": 3.4,
      "4": 5.0,
      "1": 4.2,
      "5": 6.0,
      "7": 8.4,
      "8": 8.4
    },
    "25": {
      "1": 1.6,
      "5": 1.6,
      "2": 4.4,
      "8": 4.2,
      "0": 3.2,
      "7": 7.0,
      "3": 7.0,
      "6": 8.6,
      "4": 7.4
    },
    "26": {
      "7": 1.6,
      "5": 1.4,
      "0": 3.2,
      "1": 4.2,
      "3": 5.6,
      "8": 5.0,
      "6": 7.8,
      "2": 8.0,
      "4": 8.2
    },
    "27": {
      "1": 1.0,
      "5": 4.0,
      "6": 4.8,
      "4": 3.4,
      "2": 5.2,
      "0": 5.8,
      "3": 4.8,
      "7": 7.0
    },
    "28": {
      "4": 1.0,
      "7": 3.0,
      "6": 2.8,
      "2": 4.6,
      "0": 4.0,
      "8": 7.0,
      "3": 7.0,
      "1": 6.6,
      "5": 9.0
    },
    "29": {
      "4": 1.0,
      "0": 4.0,
      "6": 4.25,
      "1": 4.75,
      "7": 5.5,
      "2": 8.0,
      "3": 6.5,
      "8": 3.75,
      "5": 7.25
    },
    "30": {
      "4": 2.6,
      "0": 1.2,
      "1": 4.6,
      "6": 4.6,
      "8": 5.0,
      "3": 4.6,
      "2": 5.4,
      "5": 8.6,
      "7": 8.4
    },
    "31": {
      "0": 1.2,
      "7": 2.4,
      "5": 3.0,
      "3": 5.2,
      "9": 6.8,
      "4": 5.4,
      "2": 8.6,
      "6": 7.6,
      "1": 7.0,
      "8": 7.8
    },
    "32": {
      "6": 1.75,
      "0": 2.75,
      "3": 3.0,
      "4": 6.75,
      "8": 2.75,
      "2": 5.75,
      "7": 5.75,
      "9": 7.5,
      "5": 9.0,
      "1": 10.0
    },
    "33": {
      "0": 1.2,
      "9": 2.4,
      "8": 4.2,
      "2": 4.0,
      "5": 3.6,
      "3": 7.2,
      "4": 6.0,
      "1": 7.4,
      "6": 9.0,
      "7": 10.0
    },
    "34": {
      "8": 2.8,
      "7": 1.2,
      "5": 3.0,
      "1": 3.2,
      "4": 5.6,
      "3": 5.8,
      "0": 7.0,
      "2": 7.4,
      "6": 9.0
    },
    "35": {
      "5": 3.2,
      "1": 3.0,
      "6": 3.4,
      "7": 4.4,
      "3": 6.0,
      "2": 8.4,
      "4": 6.6,
      "0": 6.2,
      "9": 4.0,
      "8": 9.8
    },
    "36": {
      "5": 1.0,
      "2": 2.6,
      "3": 3.0,
      "0": 4.4,
      "7": 4.4,
      "8": 5.6,
      "6": 7.8,
      "4": 7.6,
      "1": 8.6
    },
    "37": {
      "0": 5.2,
      "6": 5.8,
      "2": 2.2,
      "4": 3.4,
      "5": 3.6,
      "1": 3.0,
      "7": 4.8,
      "3": 8.0
    },
    "38": {
      "6": 1.0,
      "2": 2.4,
      "3": 3.2,
      "0": 3.6,
      "1": 6.0,
      "8": 6.6,
      "5": 7.4,
      "7": 8.8,
      "4": 6.0
    },
    "39": {
      "5": 6.0,
      "6": 1.8,
      "1": 4.2,
      "3": 3.2,
      "2": 4.4,
      "9": 4.2,
      "0": 6.8,
      "8": 8.4,
      "7": 6.8,
      "4": 9.2
    },
    "40": {
      "7": 1.8,
      "2": 2.0,
      "6": 2.8,
      "4": 6.8,
      "3": 5.0,
      "1": 5.4,
      "5": 5.4,