{
  "content_diversity": 0.39602363109588623,
  "classifier_auc": 0.7850640414946544,
  "ranking_stability": 0.616794144255284,
  "feature_coefficients": {
    "word_count": 0.37450619154423886,
    "sentence_count": 0.30911023304564084,
    "avg_sentence_length": -0.3186003264791849,
    "paragraph_count": -0.0720341775074148,
    "heading_density": -0.03784789407546829,
    "list_frequency": -0.10020598731009966,
    "readability": 0.22326321349321382,
    "bold_emphasis_density": -0.4900155503230274,
    "citation_density": -0.379841184805628,
    "statistic_density": 0.05734913163192755,
    "quote_density": -0.11746707220231707,
    "named_source_mentions": -0.026501767454544675,
    "year_mentions": 0.07921007837737098,
    "claim_density": -0.04585845344960045,
    "external_reference_density": 0.012011341820349823,
    "question_density": -0.15962708659311356,
    "query_similarity": 0.9712655850431484,
    "corpus_centroid_similarity": 0.25673463211403846,
    "type_token_ratio": -0.019035049599461826,
    "vocabulary_sophistication": -0.013529278853724737,
    "sentiment_polarity": 0.02801234761516463,
    "avg_word_length": -0.3630337771009197,
    "semantic_uniqueness": 0.4215541415757247,
    "information_density": 0.028302136732071433,
    "specificity_score": 0.1617141853407517
  },
  "avg_ranks": {
    "0": {
      "6": 1.6,
      "4": 1.4,
      "1": 4.0,
      "2": 5.0,
      "8": 6.2,
      "3": 5.2,
      "0": 7.2,
      "5": 6.2,
      "7": 8.2
    },
    "1": {
      "8": 3.0,
      "0": 3.2,
      "9": 3.4,
      "3": 4.6,
      "4": 5.2,
      "1": 4.0,
      "5": 5.8,
      "2": 6.8,
      "6": 9.2,
      "7": 9.8
    },
    "2": {
      "5": 1.8,
      "7": 2.0,
      "8": 3.2,
      "3": 4.0,
      "4": 4.2,
      "6": 5.8,
      "1": 8.6,
      "2": 8.0,
      "0": 7.4
    },
    "3": {
      "1": 2.4,
      "2": 3.0,
      "8": 1.4,
      "5": 3.8,
      "4": 5.0,
      "0": 6.4,
      "3": 6.8,
      "7": 8.2,
      "9": 9.0,
      "6": 9.0
    },
    "4": {
      "4": 2.2,
      "6": 3.2,
      "2": 3.6,
      "7": 4.0,
      "0": 3.2,
      "5": 5.4,
      "3": 6.8,
      "1": 7.6
    },
    "5": {
      "1": 1.2,
      "4": 2.0,
      "3": 4.4,
      "2": 4.2,
      "0": 3.8,
      "6": 5.6,
      "7": 7.4,
      "5": 7.4
    },
    "6": {
      "1": 2.4,
      "5": 2.2,
      "3": 1.6,
      "7": 5.8,
      "6": 6.4,
      "4": 5.2,
      "0": 4.8,
      "2": 7.6
    },
    "7": {
      "8": 1.6,
      "3": 3.2,
      "7": 2.6,
      "0": 6.2,
      "4": 6.2,
      "1": 7.6,
      "6": 4.2,
      "5": 4.6,
      "2": 8.8
    },
    "8": {
      "5": 1.0,
      "1": 2.0,
      "7": 3.6,
      "3": 4.4,
      "4": 4.0,
      "2": 6.2,
      "0": 7.4,
      "6": 7.8,
      "8": 8.6
    },
    "9": {
      "4": 1.0,
      "2": 2.0,
      "3": 4.4,
      "5": 4.6,
      "1": 3.4,
      "9": 5.6,
      "8": 7.4,
      "0": 8.0,
      "7": 9.0,
      "6": 9.6
    },
    "10": {
      "6": 2.2,
      "7": 2.6,
      "2": 2.0,
      "0": 4.2,
      "1": 6.6,
      "4": 4.2,
      "3": 7.2,
      "5": 7.0,
      "8": 9.0
    },
    "11": {
      "4": 5.4,
      "8": 2.6,
      "7": 5.0,
      "1": 2.6,
      "2": 2.6,
      "5": 6.0,
      "0": 5.4,
      "6": 7.2,
      "3": 8.2
    },
    "12": {
      "0": 2.2,
      "3": 3.0,
      "1": 3.0,
      "2": 3.6,
      "6": 4.4,
      "5": 5.0,
      "4": 6.8,
      "7": 8.0
    },
    "13": {
      "7": 1.6,
      "6": 1.8,
      "2": 4.6,
      "5": 5.0,
      "1": 4.8,
      "0": 5.0,
      "3": 5.2,
      "4": 8.6,
      "8": 8.4
    },
    "14": {
      "1": 2.0,
      "5": 1.4,
      "2": 2.6,
      "0": 4.4,
      "3": 4.6,
      "4": 7.4,
      "6": 6.8,
      "7": 6.8
    },
    "15": {
      "6": 1.0,
      "7": 2.0,
      "0": 3.0,
      "3": 5.4,
      "8": 5.4,
      "2": 5.8,
      "5": 8.6,
      "1": 5.8,
      "4": 8.0
    },
    "16": {
      "0": 2.5,
      "6": 2.2,
      "4": 5.4,
      "1": 4.0,
      "7": 6.6,
      "3": 4.8,
      "9": 5.8,
      "5": 6.0,
      "8": 9.25,
      "2": 9.8
    },
    "17": {
      "3": 1.0,
      "6": 2.4,
      "1": 4.0,
      "0": 3.6,
      "8": 4.6,
      "7": 8.2,
      "4": 6.2,
      "5": 8.0,
      "2": 7.0
    },
    "18": {
      "0": 2.2,
      "6": 6.6,
      "5": 2.4,
      "1": 4.8,
      "4": 4.0,
      "2": 4.0,
      "7": 6.8,
      "3": 5.2
    },
    "19": {
      "2": 1.0,
      "6": 3.4,
      "5": 2.8,
      "7": 4.8,
      "0": 7.2,
      "4": 5.0,
      "3": 4.8,
      "1": 7.0
    },
    "20": {
      "6": 2.2,
      "2": 4.2,
      "1": 4.4,
      "0": 3.8,
      "8": 4.8,
      "3": 5.0,
      "4": 4.4,
      "7": 8.2,
      "9": 8.6,
      "5": 9.4
    },
    "21": {
      "4": 1.6,
      "6": 1.6,
      "1": 2.8,
      "8": 4.0,
      "0": 6.2,
      "2": 6.2,
      "7": 6.8,
      "3": 6.8,
      "5": 9.0
    },
    "22": {
      "0": 6.0,
      "3": 2.8,
      "2": 3.0,
      "7": 3.6,
      "8": 6.0,
      "6": 6.0,
      "5": 7.2,
      "9": 2.4,
      "4": 8.0,
      "1": 10.0
    },
    "23": {
      "6": 1.0,
      "5": 2.0,
      "0": 3.0,
      "3": 5.0,
      "7": 5.25,
      "8": 6.5,
      "1": 7.75,
      "4": 7.75,
      "9": 6.75,
      "2": 10.0
    },
    "24": {
      "2": 2.8,
      "4": 5.0,
      "8": 7.0,
      "3": 2.4,
      "6": 2.4,
      "1": 5.2,
      "0": 6.8,
      "7": 5.8,
      "5": 7.6
    },
    "25": {
      "0": 1.6,
      "5": 1.8,
      "1": 3.0,
      "8": 4.0,
      "2": 4.6,
      "3": 6.6,
      "4": 7.4,
      "6": 7.4,
      "7": 8.6
    },
    "26": {
      "5": 1.0,
      "7": 2.0,
      "0": 3.4,
      "1": 4.0,
      "3": 5.6,
      "8": 5.2,
      "2": 7.4,
      "6": 8.4,
      "4": 8.0
    },
    "27": {
      "1": 1.0,
      "2": 4.8,
      "5": 3.8,
      "6": 3.8,
      "3": 3.6,
      "0": 4.6,
      "7": 7.0,
      "4": 7.4
    },
    "28": {
      "4": 1.0,
      "0": 4.8,
      "7": 3.0,
      "6": 2.6,
      "2": 5.2,
      "8": 6.6,
      "3": 7.0,
      "1": 5.8,
      "5": 9.0
    },
    "29": {
      "4": 1.0,
      "7": 4.666666666666667,
      "1": 4.666666666666667,
      "3": 4.333333333333333,
      "6": 3.6666666666666665,
      "8": 5.666666666666667,
      "2": 7.0,
      "0": 5.666666666666667,
      "5": 8.333333333333334
    },
    "30": {
      "7": 6.6,
      "0": 1.2,
      "4": 3.0,
      "3": 3.6,
      "2": 4.0,
      "8": 5.0,
      "6": 6.0,
      "1": 6.8,
      "5": 8.8
    },
    "31": {
      "0": 1.0,
      "7": 2.0,
      "5": 3.0,
      "3": 4.4,
      "2": 5.8,
      "4": 9.2,
      "9": 6.2,
      "8": 8.0,
      "6": 7.6,
      "1": 7.8
    },
    "32": {
      "0": 1.4,
      "6": 1.6,
      "2": 4.0,
      "7": 5.2,
      "8": 6.0,
      "3": 5.0,
      "9": 6.6,
      "4": 6.2,
      "5": 9.2,
      "1": 9.8
    },
    "33": {
      "9": 2.8,
      "0": 2.8,
      "8": 1.8,
      "3": 5.2,
      "5": 5.6,
      "2": 4.6,
      "6": 6.8,
      "4": 7.4,
      "1": 8.0,
      "7": 10.0
    },
    "34": {
      "4": 2.4,
      "5": 2.6,
      "7": 1.4,
      "3": 5.6,
      "1": 4.6,
      "8": 5.0,
      "2": 7.0,
      "0": 7.4,
      "6": 9.0
    },
    "35": {
      "9": 4.2,
      "6": 2.8,
      "4": 4.4,
      "1": 2.2,
      "5": 4.6,
      "7": 4.6,
      "0": 7.6,
      "3": 6.8,
      "2": 7.8,
      "8": 10.0
    },
    "36": {
      "5": 1.2,
      "3": 2.4,
      "2": 4.6,
      "8": 3.8,
      "7": 4.6,
      "0": 4.4,
      "1": 8.2,
      "6": 7.8,
      "4": 8.0
    },
    "37": {
      "5": 3.0,
      "1": 4.2,
      "7": 5.2,
      "2": 3.2,
      "4": 5.2,
      "6": 4.0,
      "0": 3.6,
      "3": 7.6
    },
    "38": {
      "6": 1.0,
      "2": 2.2,
      "0": 4.4,
      "1": 3.8,
      "3": 4.8,
      "4": 7.0,
      "8": 6.2,
      "5": 6.8,
      "7": 8.8
    },
    "39": {
      "2": 2.2,
      "3": 3.4,
      "1": 3.4,
      "6": 2.6,
      "9": 5.0,
      "8": 7.0,
      "0": 7.0,
      "7": 5.8,
      "4": 9.2,
      "5": 9.4
    },
    "40": {
      "2": 1.2,