{
  "content_diversity": 0.39292362332344055,
  "classifier_auc": 0.7820068785119163,
  "ranking_stability": 0.6401360544217687,
  "feature_coefficients": {
    "word_count": 0.613754463775827,
    "sentence_count": -0.010009282494712876,
    "avg_sentence_length": -0.11856094121929936,
    "paragraph_count": -0.5125683142600579,
    "heading_density": -0.4026404444665504,
    "list_frequency": 0.12375977484906119,
    "readability": -0.63888435310906,
    "bold_emphasis_density": 0.03139754627665655,
    "citation_density": -0.3440230890742199,
    "statistic_density": 0.14794604635814138,
    "quote_density": -0.07680237115471836,
    "named_source_mentions": -0.004154097225787686,
    "year_mentions": 0.07345813452659752,
    "claim_density": -0.14906688398924467,
    "external_reference_density": 0.08340415545425799,
    "question_density": -0.19950991420152805,
    "query_similarity": 0.9011423446037865,
    "corpus_centroid_similarity": 0.018493635415425216,
    "type_token_ratio": -0.02495468539368591,
    "vocabulary_sophistication": 0.061190325457512344,
    "sentiment_polarity": 0.07081974456869315,
    "avg_word_length": 0.13124990835300604,
    "semantic_uniqueness": 0.3581300086497948,
    "information_density": 0.09582814700094572,
    "specificity_score": 0.18564307122388102
  },
  "avg_ranks": {
    "0": {
      "6": 2.2,
      "4": 1.2,
      "2": 4.2,
      "3": 5.0,
      "5": 6.6,
      "8": 5.4,
      "0": 7.6,
      "1": 3.8,
      "7": 9.0
    },
    "1": {
      "1": 4.6,
      "4": 5.0,
      "0": 2.2,
      "9": 2.8,
      "2": 5.8,
      "8": 4.6,
      "3": 4.0,
      "5": 7.2,
      "7": 9.0,
      "6": 9.8
    },
    "2": {
      "5": 1.8,
      "7": 1.8,
      "3": 3.8,
      "4": 3.4,
      "8": 4.2,
      "6": 6.0,
      "0": 7.2,
      "2": 8.2,
      "1": 8.6
    },
    "3": {
      "8": 1.8,
      "1": 2.0,
      "2": 2.4,
      "0": 5.0,
      "5": 5.4,
      "3": 6.0,
      "7": 9.4,
      "6": 7.6,
      "4": 6.8,
      "9": 8.6
    },
    "4": {
      "4": 2.2,
      "0": 2.4,
      "7": 3.4,
      "6": 3.6,
      "2": 3.8,
      "1": 6.4,
      "5": 6.2,
      "3": 8.0
    },
    "5": {
      "1": 1.0,
      "4": 2.4,
      "0": 2.6,
      "3": 5.2,
      "2": 4.4,
      "6": 6.8,
      "5": 7.6,
      "7": 6.0
    },
    "6": {
      "3": 1.4,
      "1": 2.0,
      "7": 5.2,
      "6": 6.2,
      "2": 7.4,
      "5": 3.6,
      "0": 4.4,
      "4": 5.8
    },
    "7": {
      "8": 1.8,
      "6": 2.8,
      "3": 3.4,
      "7": 3.6,
      "5": 3.6,
      "0": 5.8,
      "4": 7.0,
      "1": 8.2,
      "2": 8.8
    },
    "8": {
      "1": 1.5,
      "5": 1.5,
      "4": 3.5,
      "7": 3.5,
      "3": 5.0,
      "2": 6.0,
      "8": 8.0,
      "6": 8.0,
      "0": 8.0
    },
    "9": {
      "4": 1.0,
      "2": 2.0,
      "1": 3.4,
      "3": 5.4,
      "9": 5.0,
      "5": 4.6,
      "8": 7.6,
      "0": 7.6,
      "7": 8.8,
      "6": 9.6
    },
    "10": {
      "2": 1.2,
      "7": 2.8,
      "6": 3.0,
      "0": 3.2,
      "1": 6.6,
      "4": 5.0,
      "3": 7.0,
      "5": 7.2,
      "8": 9.0
    },
    "11": {
      "6": 4.8,
      "2": 3.0,
      "8": 3.0,
      "1": 2.6,
      "3": 6.8,
      "0": 4.6,
      "5": 6.6,
      "7": 6.2,
      "4": 7.4
    },
    "12": {
      "0": 1.2,
      "1": 2.0,
      "2": 3.8,
      "3": 3.2,
      "6": 4.8,
      "7": 6.6,
      "5": 6.8,
      "4": 7.6
    },
    "13": {
      "6": 1.0,
      "2": 3.2,
      "3": 4.2,
      "5": 2.8,
      "1": 5.2,
      "7": 4.8,
      "0": 6.8,
      "8": 8.6,
      "4": 8.4
    },
    "14": {
      "1": 1.0,
      "5": 2.4,
      "2": 3.0,
      "6": 4.4,
      "0": 4.6,
      "7": 6.6,
      "3": 6.0,
      "4": 8.0
    },
    "15": {
      "7": 1.6,
      "6": 1.4,
      "3": 4.0,
      "8": 5.2,
      "2": 6.2,
      "0": 4.8,
      "1": 4.8,
      "5": 8.4,
      "4": 8.6
    },
    "16": {
      "0": 1.2,
      "1": 2.0,
      "3": 4.8,
      "9": 6.4,
      "5": 5.0,
      "7": 4.4,
      "6": 5.8,
      "4": 6.4,
      "2": 9.4,
      "8": 9.6
    },
    "17": {
      "4": 5.0,
      "3": 2.4,
      "6": 4.6,
      "1": 3.2,
      "0": 2.6,
      "8": 4.2,
      "2": 7.4,
      "5": 8.2,
      "7": 7.4
    },
    "18": {
      "1": 2.4,
      "4": 2.0,
      "2": 4.0,
      "5": 5.0,
      "3": 3.8,
      "7": 6.2,
      "0": 4.8,
      "6": 7.8
    },
    "19": {
      "2": 1.0,
      "6": 3.2,
      "3": 3.6,
      "7": 3.2,
      "5": 4.6,
      "4": 5.4,
      "0": 7.0,
      "1": 8.0
    },
    "20": {
      "9": 7.4,
      "1": 5.6,
      "4": 3.2,
      "3": 5.2,
      "0": 3.6,
      "6": 3.8,
      "8": 3.8,
      "5": 9.4,
      "7": 6.6,
      "2": 6.4
    },
    "21": {
      "1": 2.2,
      "4": 1.6,
      "8": 4.0,
      "0": 5.8,
      "6": 2.6,
      "2": 7.0,
      "7": 6.6,
      "3": 6.2,
      "5": 9.0
    },
    "22": {
      "9": 1.0,
      "2": 2.6,
      "7": 3.0,
      "5": 6.0,
      "3": 3.6,
      "6": 6.4,
      "8": 6.6,
      "4": 8.2,
      "0": 7.6,
      "1": 10.0
    },
    "23": {
      "5": 2.0,
      "6": 1.2,
      "0": 2.8,
      "9": 5.4,
      "3": 5.8,
      "4": 5.8,
      "7": 7.2,
      "1": 7.4,
      "2": 9.6,
      "8": 7.8
    },
    "24": {
      "2": 3.4,
      "4": 4.0,
      "6": 2.4,
      "3": 2.0,
      "1": 4.4,
      "5": 5.8,
      "0": 6.6,
      "7": 7.6,
      "8": 8.8
    },
    "25": {
      "5": 1.6,
      "1": 1.8,
      "8": 4.0,
      "2": 4.2,
      "0": 3.4,
      "3": 6.6,
      "7": 6.8,
      "4": 7.8,
      "6": 8.8
    },
    "26": {
      "5": 1.4,
      "7": 1.6,
      "0": 3.6,
      "1": 3.8,
      "3": 5.6,
      "6": 8.2,
      "2": 7.4,
      "8": 6.2,
      "4": 7.2
    },
    "27": {
      "1": 1.0,
      "6": 3.4,
      "5": 2.8,
      "0": 5.8,
      "3": 5.8,
      "2": 5.8,
      "4": 4.0,
      "7": 7.4
    },
    "28": {
      "4": 1.0,
      "6": 3.0,
      "0": 3.8,
      "7": 3.4,
      "2": 4.8,
      "3": 7.0,
      "8": 7.2,
      "1": 5.8,
      "5": 9.0
    },
    "29": {
      "4": 1.0,
      "0": 2.6,
      "8": 4.0,
      "2": 6.6,
      "1": 5.8,
      "3": 5.4,
      "6": 5.0,
      "7": 6.4,
      "5": 8.2
    },
    "30": {
      "0": 1.4,
      "4": 1.6,
      "1": 5.6,
      "3": 3.8,
      "8": 4.8,
      "2": 4.6,
      "7": 8.0,
      "6": 6.4,
      "5": 8.8
    },
    "31": {
      "0": 3.4,
      "7": 3.4,
      "5": 4.6,
      "3": 4.8,
      "2": 3.4,
      "9": 5.2,
      "4": 5.2,
      "6": 8.6,
      "1": 8.4,
      "8": 8.0
    },
    "32": {
      "8": 2.2,
      "0": 2.2,
      "6": 3.0,
      "3": 2.6,
      "4": 7.0,
      "7": 5.6,
      "2": 6.2,
      "9": 7.2,
      "5": 9.0,
      "1": 10.0
    },
    "33": {
      "0": 1.5,
      "9": 1.5,
      "8": 4.0,
      "2": 4.0,
      "5": 4.0,
      "3": 6.75,
      "1": 8.25,
      "4": 6.75,
      "6": 8.75,
      "7": 9.5
    },
    "34": {
      "8": 2.0,
      "1": 3.0,
      "5": 3.0,
      "7": 2.6,
      "4": 5.4,
      "3": 5.2,
      "2": 7.2,
      "0": 7.6,
      "6": 9.0
    },
    "35": {
      "9": 3.0,
      "1": 2.2,
      "5": 4.4,
      "7": 3.2,
      "6": 3.4,
      "4": 6.0,
      "3": 7.8,
      "0": 6.4,
      "2": 8.8,
      "8": 9.8
    },
    "36": {
      "5": 1.0,
      "3": 3.4,
      "0": 4.2,
      "2": 2.8,
      "7": 5.2,
      "8": 4.4,
      "4": 8.2,
      "1": 8.2,
      "6": 7.6
    },
    "37": {
      "6": 3.2,
      "2": 1.6,
      "4": 2.4,
      "1": 3.6,
      "7": 4.8,
      "5": 5.4,
      "0": 7.0,
      "3": 8.0
    },
    "38": {
      "6": 1.0,
      "2": 2.25,
      "0": 2.75,
      "3": 4.25,
      "5": 6.75,
      "4": 7.25,
      "8": 6.0,
      "1": 5.75,
      "7": 9.0
    },
    "39": {
      "6": 1.2,
      "3": 3.0,
      "2": 3.8,
      "9": 5.6,
      "0": 5.8,
      "1": 4.4,
      "8": 7.8,
      "5": 7.2,
      "4": 9.0,
      "7": 7.2
    },
    "40": {
      "2": 1.0,
      "7": 2.4,
      "3": 3.8,
      "1": 6.0,
      "5": 5.0,
      "0": 6.0,
      "4": 6.4,