{
  "content_diversity": 0.39563536643981934,
  "classifier_auc": 0.8079670294939382,
  "ranking_stability": 0.6367914996251752,
  "feature_coefficients": {
    "word_count": 0.6248562494219815,
    "sentence_count": 0.10837115452074379,
    "avg_sentence_length": -0.49629743956368927,
    "paragraph_count": -0.34291327371859903,
    "heading_density": 0.032205298346910986,
    "list_frequency": 0.26558234606564834,
    "readability": 0.3212534439717145,
    "bold_emphasis_density": -0.6063478839743103,
    "citation_density": 0.05118713514469989,
    "statistic_density": -0.12567081001670655,
    "quote_density": -0.16844744174804707,
    "named_source_mentions": 0.2021318460493837,
    "year_mentions": 0.03844159654202696,
    "claim_density": -0.08588914891685626,
    "external_reference_density": 0.03663938711846787,
    "question_density": -0.17331398179100801,
    "query_similarity": 0.7688165111344281,
    "corpus_centroid_similarity": 0.1734728761528088,
    "type_token_ratio": -0.09358615144098081,
    "vocabulary_sophistication": 0.044233198356735094,
    "sentiment_polarity": -0.145193610870748,
    "avg_word_length": -0.35983447630741494,
    "semantic_uniqueness": 0.1875714444174372,
    "information_density": -0.03328910524291079,
    "specificity_score": 0.1208907942759706
  },
  "avg_ranks": {
    "0": {
      "6": 1.2,
      "4": 1.8,
      "1": 4.2,
      "2": 5.6,
      "3": 5.2,
      "5": 6.4,
      "0": 6.8,
      "8": 6.6,
      "7": 7.2
    },
    "1": {
      "0": 1.6,
      "9": 2.6,
      "3": 4.8,
      "2": 6.4,
      "4": 4.2,
      "8": 4.8,
      "5": 6.6,
      "1": 5.0,
      "7": 9.6,
      "6": 9.4
    },
    "2": {
      "7": 1.6,
      "5": 1.6,
      "4": 3.6,
      "3": 4.2,
      "8": 4.0,
      "6": 6.2,
      "0": 6.8,
      "2": 8.2,
      "1": 8.8
    },
    "3": {
      "3": 4.8,
      "8": 1.2,
      "1": 2.8,
      "2": 3.0,
      "5": 6.0,
      "7": 6.6,
      "4": 7.0,
      "0": 6.4,
      "6": 8.4,
      "9": 8.8
    },
    "4": {
      "0": 3.2,
      "7": 3.6,
      "6": 3.8,
      "2": 4.0,
      "5": 4.8,
      "4": 2.0,
      "1": 7.6,
      "3": 7.0
    },
    "5": {
      "1": 1.0,
      "4": 2.0,
      "0": 3.0,
      "6": 5.8,
      "3": 4.6,
      "2": 4.8,
      "7": 7.0,
      "5": 7.8
    },
    "6": {
      "3": 1.4,
      "5": 2.4,
      "1": 2.4,
      "0": 3.8,
      "4": 7.2,
      "7": 5.8,
      "6": 6.0,
      "2": 7.0
    },
    "7": {
      "8": 2.0,
      "3": 2.6,
      "5": 2.8,
      "7": 4.0,
      "6": 3.8,
      "0": 6.0,
      "1": 7.6,
      "4": 7.2,
      "2": 9.0
    },
    "8": {
      "5": 1.5,
      "1": 1.5,
      "7": 3.75,
      "4": 3.5,
      "3": 5.25,
      "2": 5.5,
      "6": 7.0,
      "0": 8.25,
      "8": 8.75
    },
    "9": {
      "4": 1.0,
      "2": 2.8,
      "8": 6.4,
      "3": 3.6,
      "9": 4.8,
      "5": 5.8,
      "1": 4.0,
      "6": 9.0,
      "0": 8.0,
      "7": 9.6
    },
    "10": {
      "2": 1.8,
      "7": 2.2,
      "6": 3.0,
      "0": 3.0,
      "8": 8.2,
      "3": 6.4,
      "5": 7.0,
      "1": 7.0,
      "4": 6.4
    },
    "11": {
      "1": 1.8,
      "2": 1.8,
      "8": 4.0,
      "5": 5.8,
      "7": 5.8,
      "4": 7.8,
      "0": 4.8,
      "6": 5.4,
      "3": 7.8
    },
    "12": {
      "0": 1.2,
      "3": 3.4,
      "1": 3.4,
      "2": 4.0,
      "6": 3.0,
      "5": 6.6,
      "4": 6.8,
      "7": 7.6
    },
    "13": {
      "6": 1.0,
      "7": 3.0,
      "2": 3.2,
      "5": 4.2,
      "3": 4.2,
      "1": 6.0,
      "0": 6.6,
      "4": 8.2,
      "8": 8.6
    },
    "14": {
      "1": 1.6,
      "5": 1.4,
      "2": 3.0,
      "6": 5.8,
      "3": 5.6,
      "7": 6.4,
      "0": 5.4,
      "4": 6.8
    },
    "15": {
      "6": 1.0,
      "7": 2.0,
      "0": 3.8,
      "3": 4.8,
      "2": 4.4,
      "1": 5.2,
      "8": 7.4,
      "5": 8.4,
      "4": 8.0
    },
    "16": {
      "0": 1.0,
      "6": 2.4,
      "1": 3.8,
      "3": 3.6,
      "9": 6.0,
      "5": 6.4,
      "7": 6.2,
      "4": 6.6,
      "2": 9.0,
      "8": 10.0
    },
    "17": {
      "3": 1.0,
      "0": 2.8,
      "1": 3.6,
      "8": 4.2,
      "4": 5.0,
      "6": 4.4,
      "5": 7.4,
      "2": 8.4,
      "7": 8.2
    },
    "18": {
      "0": 2.0,
      "6": 4.2,
      "5": 3.0,
      "2": 4.4,
      "4": 4.6,
      "1": 5.0,
      "3": 6.4,
      "7": 6.4
    },
    "19": {
      "2": 1.0,
      "5": 2.6,
      "6": 4.6,
      "4": 4.6,
      "7": 3.6,
      "0": 6.4,
      "1": 7.6,
      "3": 5.6
    },
    "20": {
      "6": 1.0,
      "2": 3.2,
      "0": 3.6,
      "8": 4.8,
      "3": 5.4,
      "4": 4.0,
      "1": 7.6,
      "9": 7.4,
      "7": 8.2,
      "5": 9.8
    },
    "21": {
      "1": 2.4,
      "4": 1.4,
      "6": 2.2,
      "2": 5.4,
      "8": 4.2,
      "0": 6.8,
      "3": 6.8,
      "7": 6.8,
      "5": 9.0
    },
    "22": {
      "9": 1.0,
      "2": 3.6,
      "3": 2.8,
      "5": 4.2,
      "7": 3.8,
      "0": 7.6,
      "6": 6.6,
      "8": 7.6,
      "4": 7.8,
      "1": 10.0
    },
    "23": {
      "6": 1.0,
      "0": 2.5,
      "5": 2.5,
      "4": 5.5,
      "3": 5.75,
      "7": 5.25,
      "1": 7.75,
      "9": 6.0,
      "8": 8.75,
      "2": 10.0
    },
    "24": {
      "6": 2.6,
      "3": 2.8,
      "2": 2.6,
      "1": 3.2,
      "0": 7.8,
      "4": 4.0,
      "5": 6.8,
      "8": 8.0,
      "7": 7.2
    },
    "25": {
      "0": 2.6,
      "5": 2.0,
      "1": 1.8,
      "2": 4.6,
      "8": 4.0,
      "3": 6.8,
      "4": 7.8,
      "7": 7.2,
      "6": 8.2
    },
    "26": {
      "7": 1.8,
      "5": 1.2,
      "1": 4.0,
      "0": 4.2,
      "3": 5.6,
      "6": 7.6,
      "4": 7.4,
      "8": 5.0,
      "2": 8.2
    },
    "27": {
      "1": 1.0,
      "5": 3.4,
      "6": 4.0,
      "3": 4.4,
      "2": 5.4,
      "0": 2.8,
      "4": 7.6,
      "7": 7.4
    },
    "28": {
      "4": 1.2,
      "7": 2.8,
      "6": 2.6,
      "1": 4.4,
      "3": 6.8,
      "2": 5.6,
      "8": 7.6,
      "0": 5.0,
      "5": 9.0
    },
    "29": {
      "4": 1.0,
      "0": 3.2,
      "8": 3.2,
      "1": 3.8,
      "6": 4.4,
      "5": 7.2,
      "3": 6.4,
      "7": 6.8,
      "2": 9.0
    },
    "30": {
      "0": 1.2,
      "4": 3.0,
      "2": 4.8,
      "3": 4.2,
      "8": 5.8,
      "1": 7.2,
      "6": 6.4,
      "7": 3.4,
      "5": 9.0
    },
    "31": {
      "2": 3.2,
      "0": 2.8,
      "5": 4.6,
      "7": 3.6,
      "3": 4.6,
      "9": 6.8,
      "4": 6.6,
      "6": 7.6,
      "1": 7.8,
      "8": 7.4
    },
    "32": {
      "6": 2.0,
      "2": 4.6,
      "0": 2.0,
      "7": 4.4,
      "4": 5.2,
      "3": 5.4,
      "8": 5.8,
      "9": 6.6,
      "1": 9.4,
      "5": 9.6
    },
    "33": {
      "8": 1.6666666666666667,
      "0": 2.6666666666666665,
      "5": 4.666666666666667,
      "2": 5.333333333333333,
      "9": 3.3333333333333335,
      "6": 7.0,
      "4": 7.666666666666667,
      "3": 4.666666666666667,
      "1": 8.0,
      "7": 10.0
    },
    "34": {
      "4": 1.8,
      "7": 1.4,
      "5": 3.4,
      "8": 4.6,
      "1": 5.0,
      "0": 7.2,
      "2": 6.2,
      "3": 6.4,
      "6": 9.0
    },
    "35": {
      "5": 4.8,
      "1": 1.6,
      "6": 3.4,
      "7": 4.8,
      "2": 7.2,
      "0": 6.8,
      "9": 3.6,
      "4": 6.2,
      "3": 6.8,
      "8": 9.8
    },
    "36": {
      "5": 1.0,
      "3": 2.6,
      "7": 3.6,
      "8": 5.0,
      "2": 3.8,
      "0": 5.2,
      "6": 7.4,
      "4": 7.8,
      "1": 8.6
    },
    "37": {
      "2": 2.6,
      "4": 4.4,
      "1": 3.0,
      "7": 4.4,
      "5": 2.6,
      "6": 5.4,
      "0": 5.6,
      "3": 8.0
    },
    "38": {
      "6": 1.0,
      "1": 3.6,
      "2": 2.2,
      "0": 3.2,
      "3": 5.2,
      "5": 7.4,
      "8": 6.4,
      "7": 8.8,
      "4": 7.2
    },
    "39": {
      "2": 3.2,
      "3": 2.6,
      "1": 4.2,
      "6": 3.6,
      "9": 4.4,
      "0": 5.0,
      "7": 7.2,
      "4": 8.4,
      "8": 8.4,
      "5": 8.0
    },
    "40": {
      "2": 1.2,