{
  "content_diversity": 0.3927212059497833,
  "classifier_auc": 0.7688471177944861,
  "ranking_stability": 0.6407469061070755,
  "feature_coefficients": {
    "word_count": 0.2674046394415978,
    "sentence_count": 0.47493173088770096,
    "avg_sentence_length": -0.10215918552392354,
    "paragraph_count": -0.3850203940094427,
    "heading_density": 0.24824582304827678,
    "list_frequency": 0.08501395688513042,
    "readability": -0.25317030855337547,
    "bold_emphasis_density": -0.03611070684346384,
    "citation_density": -0.05881391846646459,
    "statistic_density": -0.1537325153533838,
    "quote_density": -0.11341202778366204,
    "named_source_mentions": -0.09260018861518396,
    "year_mentions": 0.06678699803820022,
    "claim_density": 0.20594426367600813,
    "external_reference_density": 0.0600958033404507,
    "question_density": -0.07775369705213568,
    "query_similarity": 0.8226048069534515,
    "corpus_centroid_similarity": 0.03779562954926521,
    "type_token_ratio": -0.29886752866109767,
    "vocabulary_sophistication": 0.10956900806852958,
    "sentiment_polarity": 0.07565529132814215,
    "avg_word_length": 0.054206518832571354,
    "semantic_uniqueness": 0.32082797657762746,
    "information_density": 0.026346657983620295,
    "specificity_score": 0.28953823059380074
  },
  "avg_ranks": {
    "0": {
      "4": 1.0,
      "7": 5.8,
      "6": 2.4,
      "2": 4.6,
      "8": 5.6,
      "3": 6.8,
      "5": 6.8,
      "0": 7.4,
      "1": 4.6
    },
    "1": {
      "0": 2.8,
      "9": 3.0,
      "3": 3.8,
      "8": 3.6,
      "1": 4.0,
      "4": 4.2,
      "5": 7.6,
      "2": 7.0,
      "6": 9.2,
      "7": 9.8
    },
    "2": {
      "5": 1.0,
      "8": 3.6,
      "7": 2.2,
      "3": 3.8,
      "4": 4.4,
      "6": 6.0,
      "0": 7.0,
      "1": 8.2,
      "2": 8.8
    },
    "3": {
      "2": 1.8,
      "8": 2.0,
      "1": 2.2,
      "9": 8.2,
      "3": 5.8,
      "0": 7.2,
      "4": 6.4,
      "6": 8.6,
      "5": 6.0,
      "7": 6.8
    },
    "4": {
      "4": 2.8,
      "2": 2.4,
      "0": 2.6,
      "7": 4.0,
      "6": 3.8,
      "5": 5.4,
      "1": 7.4,
      "3": 7.6
    },
    "5": {
      "4": 2.0,
      "2": 4.0,
      "3": 4.6,
      "7": 7.0,
      "1": 1.8,
      "0": 3.6,
      "6": 6.2,
      "5": 6.8
    },
    "6": {
      "3": 1.2,
      "5": 2.0,
      "0": 3.8,
      "1": 3.0,
      "7": 5.6,
      "6": 6.2,
      "4": 6.2,
      "2": 8.0
    },
    "7": {
      "8": 1.8,
      "6": 4.2,
      "7": 4.0,
      "5": 3.2,
      "3": 3.2,
      "0": 5.4,
      "4": 6.6,
      "1": 8.2,
      "2": 8.4
    },
    "8": {
      "5": 1.25,
      "1": 1.75,
      "4": 3.5,
      "3": 5.0,
      "7": 3.75,
      "2": 6.0,
      "8": 8.0,
      "6": 8.0,
      "0": 7.75
    },
    "9": {
      "4": 1.0,
      "2": 2.0,
      "1": 3.4,
      "5": 4.6,
      "3": 4.8,
      "9": 5.2,
      "0": 8.2,
      "7": 8.6,
      "8": 8.8,
      "6": 8.4
    },
    "10": {
      "2": 1.2,
      "7": 2.6,
      "6": 3.2,
      "0": 3.8,
      "4": 4.8,
      "1": 6.6,
      "5": 6.8,
      "3": 7.0,
      "8": 9.0
    },
    "11": {
      "8": 2.4,
      "4": 6.2,
      "1": 1.8,
      "2": 2.8,
      "0": 5.2,
      "6": 6.6,
      "5": 5.8,
      "7": 6.4,
      "3": 7.8
    },
    "12": {
      "0": 1.0,
      "1": 2.0,
      "2": 3.8,
      "6": 4.0,
      "3": 4.2,
      "5": 6.0,
      "7": 7.0,
      "4": 8.0
    },
    "13": {
      "7": 3.2,
      "6": 1.6,
      "0": 5.2,
      "1": 5.8,
      "5": 2.8,
      "2": 3.6,
      "4": 8.2,
      "3": 6.0,
      "8": 8.6
    },
    "14": {
      "1": 1.0,
      "2": 2.4,
      "5": 2.6,
      "6": 6.4,
      "0": 4.8,
      "7": 6.0,
      "4": 7.0,
      "3": 5.8
    },
    "15": {
      "6": 1.4,
      "7": 1.6,
      "3": 4.2,
      "0": 4.0,
      "1": 5.2,
      "2": 6.8,
      "5": 8.2,
      "8": 5.4,
      "4": 8.2
    },
    "16": {
      "0": 1.2,
      "1": 3.2,
      "6": 5.4,
      "3": 2.8,
      "9": 5.8,
      "4": 4.8,
      "5": 5.4,
      "7": 7.4,
      "2": 9.6,
      "8": 9.4
    },
    "17": {
      "3": 1.0,
      "0": 2.4,
      "1": 4.0,
      "8": 4.0,
      "2": 6.6,
      "5": 6.8,
      "6": 4.0,
      "7": 8.0,
      "4": 8.2
    },
    "18": {
      "4": 2.0,
      "2": 3.6,
      "5": 5.6,
      "3": 4.2,
      "1": 5.4,
      "7": 4.8,
      "0": 2.6,
      "6": 7.8
    },
    "19": {
      "2": 1.0,
      "5": 3.6,
      "6": 4.4,
      "7": 3.6,
      "4": 5.4,
      "3": 3.4,
      "0": 6.8,
      "1": 7.8
    },
    "20": {
      "1": 3.8,
      "4": 3.8,
      "9": 7.2,
      "3": 5.4,
      "0": 2.8,
      "8": 5.4,
      "6": 3.8,
      "2": 4.4,
      "5": 9.4,
      "7": 9.0
    },
    "21": {
      "4": 1.4,
      "1": 2.2,
      "6": 2.4,
      "8": 4.4,
      "2": 6.2,
      "7": 6.8,
      "3": 6.4,
      "0": 6.4,
      "5": 8.8
    },
    "22": {
      "9": 1.0,
      "3": 2.8,
      "7": 4.4,
      "2": 4.2,
      "0": 4.8,
      "5": 6.2,
      "6": 6.8,
      "4": 8.4,
      "8": 6.4,
      "1": 10.0
    },
    "23": {
      "5": 2.2,
      "6": 1.2,
      "0": 2.6,
      "4": 5.6,
      "3": 5.6,
      "9": 4.4,
      "8": 8.2,
      "1": 7.8,
      "7": 7.8,
      "2": 9.6
    },
    "24": {
      "4": 5.4,
      "2": 4.8,
      "6": 2.0,
      "3": 2.2,
      "1": 4.0,
      "0": 4.2,
      "5": 6.0,
      "7": 7.8,
      "8": 8.6
    },
    "25": {
      "1": 1.4,
      "5": 1.8,
      "0": 3.6,
      "8": 3.8,
      "2": 4.4,
      "4": 7.6,
      "7": 7.2,
      "3": 7.4,
      "6": 7.8
    },
    "26": {
      "5": 1.2,
      "7": 1.8,
      "1": 3.8,
      "0": 3.8,
      "3": 5.2,
      "8": 5.2,
      "4": 8.0,
      "6": 8.2,
      "2": 7.8
    },
    "27": {
      "1": 1.0,
      "4": 4.2,
      "0": 4.6,
      "5": 3.2,
      "6": 3.8,
      "3": 6.0,
      "2": 5.6,
      "7": 7.6
    },
    "28": {
      "4": 1.2,
      "6": 2.8,
      "7": 3.2,
      "0": 3.6,
      "2": 4.4,
      "3": 7.2,
      "8": 7.0,
      "1": 6.6,
      "5": 9.0
    },
    "29": {
      "4": 1.0,
      "0": 3.25,
      "7": 4.25,
      "6": 3.5,
      "3": 5.75,
      "1": 6.0,
      "5": 7.25,
      "8": 5.5,
      "2": 8.5
    },
    "30": {
      "0": 1.0,
      "4": 2.2,
      "2": 5.2,
      "3": 4.2,
      "8": 4.4,
      "6": 5.6,
      "1": 6.0,
      "7": 8.0,
      "5": 8.4
    },
    "31": {
      "7": 1.8,
      "0": 1.4,
      "5": 2.8,
      "8": 6.2,
      "1": 6.2,
      "6": 6.8,
      "2": 7.4,
      "4": 8.0,
      "9": 8.0,
      "3": 6.4
    },
    "32": {
      "6": 1.0,
      "0": 2.2,
      "3": 3.6,
      "7": 5.6,
      "2": 4.6,
      "4": 6.6,
      "8": 5.8,
      "9": 7.2,
      "5": 8.4,
      "1": 10.0
    },
    "33": {
      "0": 1.0,
      "5": 3.75,
      "8": 3.75,
      "2": 4.25,
      "4": 6.0,
      "9": 3.5,
      "6": 7.75,
      "7": 9.5,
      "3": 7.25,
      "1": 8.25
    },
    "34": {
      "7": 1.8,
      "5": 2.6,
      "8": 2.0,
      "1": 3.6,
      "4": 5.2,
      "2": 6.4,
      "3": 6.6,
      "0": 7.8,
      "6": 9.0
    },
    "35": {
      "9": 2.6,
      "1": 2.0,
      "3": 7.0,
      "7": 3.0,
      "6": 3.6,
      "4": 5.4,
      "2": 7.0,
      "5": 6.0,
      "0": 8.8,
      "8": 9.6
    },
    "36": {
      "5": 1.0,
      "3": 2.4,
      "2": 4.4,
      "8": 4.4,
      "7": 4.4,
      "0": 4.4,
      "6": 7.8,
      "4": 7.8,
      "1": 8.4
    },
    "37": {
      "2": 2.6,
      "5": 3.2,
      "1": 3.0,
      "7": 4.0,
      "4": 4.2,
      "0": 5.2,
      "6": 5.8,
      "3": 8.0
    },
    "38": {
      "6": 1.0,
      "2": 2.0,
      "0": 3.0,
      "3": 4.0,
      "4": 6.25,
      "5": 5.5,
      "1": 7.25,
      "8": 7.0,
      "7": 9.0
    },
    "39": {
      "6": 2.8,
      "1": 4.4,
      "3": 3.2,
      "2": 2.6,
      "9": 6.2,
      "0": 5.8,
      "7": 5.0,
      "4": 8.4,
      "5": 8.0,
      "8": 8.6
    },
    "40": {
      "2": 1.4,
      "7": 1.8,
      "6": 3.2,
      "1": 5.8,
      "3": 4.6,
      "0": 6.0,
      "4": 7.4,