{
  "content_diversity": 0.39244362711906433,
  "classifier_auc": 0.775093399750934,
  "ranking_stability": 0.6460624349990622,
  "feature_coefficients": {
    "word_count": 0.5754961784171272,
    "sentence_count": 0.02119348402090968,
    "avg_sentence_length": -0.3743472783244183,
    "paragraph_count": -0.8945745271630028,
    "heading_density": -0.3276796389446224,
    "list_frequency": 0.19306154501093908,
    "readability": 0.014147483878997523,
    "bold_emphasis_density": 0.12925873508250507,
    "citation_density": -0.04787306779322478,
    "statistic_density": -0.24637215238960755,
    "quote_density": -0.02317890855469354,
    "named_source_mentions": -0.15558003799598255,
    "year_mentions": 0.12935195313326597,
    "claim_density": 0.14754538136978054,
    "external_reference_density": 0.10841104158630105,
    "question_density": -0.07655448704199931,
    "query_similarity": 0.9195830962148845,
    "corpus_centroid_similarity": 0.023101151168572604,
    "type_token_ratio": -0.04115380005940003,
    "vocabulary_sophistication": 0.18358058739552333,
    "sentiment_polarity": 0.045217200160042145,
    "avg_word_length": -0.1474801212952295,
    "semantic_uniqueness": 0.4526254433486154,
    "information_density": 0.06053897597267419,
    "specificity_score": 0.1711931280010754
  },
  "avg_ranks": {
    "0": {
      "4": 1.2,
      "6": 2.0,
      "2": 5.0,
      "8": 5.2,
      "1": 3.4,
      "0": 7.6,
      "5": 7.4,
      "3": 7.6,
      "7": 5.6
    },
    "1": {
      "3": 3.6,
      "8": 4.2,
      "0": 2.2,
      "9": 2.0,
      "2": 6.6,
      "4": 5.0,
      "1": 4.6,
      "5": 7.8,
      "6": 9.4,
      "7": 9.6
    },
    "2": {
      "7": 1.4,
      "5": 2.2,
      "4": 4.2,
      "6": 5.6,
      "3": 3.8,
      "8": 3.8,
      "0": 7.0,
      "2": 8.4,
      "1": 8.6
    },
    "3": {
      "1": 2.2,
      "2": 2.4,
      "8": 1.4,
      "5": 5.0,
      "7": 6.2,
      "4": 6.0,
      "0": 6.8,
      "3": 6.6,
      "9": 9.0,
      "6": 9.4
    },
    "4": {
      "4": 1.0,
      "6": 3.6,
      "2": 2.8,
      "0": 3.4,
      "7": 5.2,
      "5": 5.2,
      "3": 7.4,
      "1": 7.4
    },
    "5": {
      "1": 1.2,
      "4": 2.0,
      "0": 3.6,
      "3": 4.8,
      "2": 5.0,
      "6": 5.0,
      "7": 7.0,
      "5": 7.4
    },
    "6": {
      "1": 1.8,
      "5": 2.6,
      "3": 1.8,
      "0": 4.6,
      "4": 5.8,
      "7": 6.0,
      "6": 6.6,
      "2": 6.8
    },
    "7": {
      "5": 3.2,
      "6": 3.0,
      "7": 3.0,
      "3": 3.4,
      "0": 6.2,
      "8": 2.6,
      "4": 6.6,
      "1": 8.4,
      "2": 8.6
    },
    "8": {
      "5": 1.25,
      "1": 1.75,
      "7": 3.0,
      "4": 4.25,
      "3": 4.75,
      "2": 6.0,
      "6": 7.25,
      "8": 7.75,
      "0": 9.0
    },
    "9": {
      "4": 1.0,
      "2": 3.0,
      "5": 3.25,
      "9": 4.0,
      "1": 4.25,
      "3": 5.5,
      "6": 9.0,
      "0": 7.75,
      "7": 9.25,
      "8": 8.0
    },
    "10": {
      "6": 2.25,
      "7": 1.75,
      "2": 2.25,
      "0": 3.75,
      "1": 7.0,
      "4": 5.25,
      "3": 7.25,
      "5": 6.5,
      "8": 9.0
    },
    "11": {
      "2": 1.8,
      "8": 2.6,
      "1": 2.2,
      "0": 5.2,
      "5": 6.0,
      "7": 6.0,
      "4": 7.2,
      "6": 6.4,
      "3": 7.6
    },
    "12": {
      "0": 1.0,
      "3": 2.2,
      "1": 3.0,
      "2": 4.6,
      "6": 4.2,
      "7": 6.0,
      "4": 7.4,
      "5": 7.6
    },
    "13": {
      "6": 1.25,
      "5": 2.25,
      "2": 3.75,
      "3": 3.5,
      "7": 4.75,
      "1": 6.5,
      "0": 6.0,
      "8": 8.5,
      "4": 8.5
    },
    "14": {
      "1": 1.0,
      "5": 2.0,
      "2": 3.0,
      "6": 5.0,
      "0": 4.6,
      "3": 5.8,
      "4": 7.0,
      "7": 7.6
    },
    "15": {
      "7": 1.8,
      "6": 1.2,
      "0": 4.0,
      "3": 4.0,
      "2": 6.6,
      "1": 5.4,
      "8": 5.2,
      "4": 8.4,
      "5": 8.4
    },
    "16": {
      "0": 1.8,
      "1": 2.6,
      "6": 4.8,
      "4": 5.4,
      "3": 3.2,
      "9": 6.4,
      "5": 5.0,
      "7": 6.8,
      "8": 9.2,
      "2": 9.8
    },
    "17": {
      "6": 2.6666666666666665,
      "0": 1.3333333333333333,
      "1": 2.3333333333333335,
      "3": 4.333333333333333,
      "8": 4.333333333333333,
      "4": 7.333333333333333,
      "5": 8.0,
      "7": 7.333333333333333,
      "2": 7.333333333333333
    },
    "18": {
      "2": 3.8,
      "4": 2.2,
      "1": 4.6,
      "3": 5.0,
      "5": 5.0,
      "7": 5.6,
      "0": 2.2,
      "6": 7.6
    },
    "19": {
      "2": 1.0,
      "5": 3.0,
      "6": 4.8,
      "3": 4.4,
      "7": 2.8,
      "4": 5.0,
      "0": 7.0,
      "1": 8.0
    },
    "20": {
      "0": 2.6,
      "9": 3.4,
      "1": 4.8,
      "2": 4.6,
      "4": 4.2,
      "3": 6.4,
      "6": 4.2,
      "8": 6.2,
      "7": 9.6,
      "5": 9.0
    },
    "21": {
      "6": 2.25,
      "4": 1.75,
      "1": 2.25,
      "8": 4.5,
      "7": 7.0,
      "0": 6.5,
      "3": 6.25,
      "2": 6.25,
      "5": 8.25
    },
    "22": {
      "9": 1.0,
      "3": 2.25,
      "7": 3.5,
      "2": 4.0,
      "5": 6.5,
      "6": 6.0,
      "0": 5.75,
      "4": 7.75,
      "8": 8.25,
      "1": 10.0
    },
    "23": {
      "6": 1.0,
      "5": 2.4,
      "0": 2.6,
      "3": 5.2,
      "9": 5.6,
      "4": 5.0,
      "1": 7.2,
      "8": 8.2,
      "2": 9.0,
      "7": 8.8
    },
    "24": {
      "2": 2.4,
      "4": 3.2,
      "3": 2.8,
      "6": 3.2,
      "1": 4.8,
      "5": 6.4,
      "0": 5.6,
      "8": 7.8,
      "7": 8.8
    },
    "25": {
      "1": 1.8,
      "5": 1.8,
      "0": 3.2,
      "8": 4.2,
      "2": 4.0,
      "7": 6.8,
      "6": 7.0,
      "4": 8.2,
      "3": 8.0
    },
    "26": {
      "7": 1.8,
      "5": 1.2,
      "0": 3.4,
      "1": 4.0,
      "3": 5.4,
      "8": 5.4,
      "2": 7.0,
      "6": 8.0,
      "4": 8.8
    },
    "27": {
      "1": 1.0,
      "4": 2.8,
      "7": 6.8,
      "5": 3.4,
      "6": 4.0,
      "2": 5.8,
      "0": 5.4,
      "3": 6.8
    },
    "28": {
      "4": 1.0,
      "7": 2.8,
      "0": 3.8,
      "3": 6.4,
      "6": 4.2,
      "5": 8.4,
      "1": 5.2,
      "8": 7.8,
      "2": 5.4
    },
    "29": {
      "4": 1.0,
      "0": 3.0,
      "8": 2.2,
      "6": 4.2,
      "1": 5.8,
      "3": 5.8,
      "7": 6.6,
      "2": 7.6,
      "5": 8.8
    },
    "30": {
      "4": 1.4,
      "3": 3.0,
      "0": 2.4,
      "2": 5.6,
      "6": 5.0,
      "8": 5.2,
      "1": 6.0,
      "7": 8.8,
      "5": 7.6
    },
    "31": {
      "3": 4.4,
      "0": 1.4,
      "7": 2.4,
      "4": 5.4,
      "9": 7.2,
      "2": 6.8,
      "8": 7.4,
      "6": 7.8,
      "1": 7.6,
      "5": 4.6
    },
    "32": {
      "8": 4.0,
      "6": 1.2,
      "0": 2.2,
      "3": 3.2,
      "7": 4.6,
      "4": 7.4,
      "2": 6.0,
      "9": 8.2,
      "5": 8.6,
      "1": 9.6
    },
    "33": {
      "0": 1.2,
      "9": 2.4,
      "5": 3.6,
      "8": 3.8,
      "2": 4.0,
      "4": 7.2,
      "1": 7.0,
      "3": 7.4,
      "6": 8.6,
      "7": 9.8
    },
    "34": {
      "7": 1.0,
      "5": 2.6,
      "8": 3.0,
      "1": 3.8,
      "4": 4.8,
      "0": 7.0,
      "3": 6.4,
      "2": 7.4,
      "6": 9.0
    },
    "36": {
      "5": 1.0,
      "8": 4.2,
      "3": 3.4,
      "0": 4.8,
      "7": 4.4,
      "2": 3.2,
      "4": 8.0,
      "1": 8.6,
      "6": 7.4
    },
    "35": {
      "9": 1.5,
      "6": 2.5,
      "1": 2.5,
      "7": 4.0,
      "5": 4.75,
      "0": 6.75,
      "4": 7.25,
      "3": 6.75,
      "2": 9.25,
      "8": 9.75
    },
    "37": {
      "1": 2.4,
      "5": 3.0,
      "2": 2.6,
      "4": 3.4,
      "7": 4.6,
      "6": 5.4,
      "0": 7.0,
      "3": 7.6
    },
    "38": {
      "6": 1.0,
      "2": 2.2,
      "3": 2.8,
      "0": 4.0,
      "5": 6.2,
      "4": 6.6,
      "1": 6.4,
      "8": 6.8,
      "7": 9.0
    },
    "39": {
      "6": 3.0,
      "3": 2.4,
      "2": 2.2,
      "9": 4.0,
      "1": 4.6,
      "0": 6.2,
      "8": 8.0,
      "7": 7.0,
      "4": 7.6,