{
  "content_diversity": 0.39463916420936584,
  "classifier_auc": 0.7617436743674367,
  "ranking_stability": 0.6536730545876888,
  "feature_coefficients": {
    "word_count": 0.3837834417977856,
    "sentence_count": 0.16393091199454246,
    "avg_sentence_length": 0.002946763687863688,
    "paragraph_count": -0.17041264601096107,
    "heading_density": -0.5966797031795368,
    "list_frequency": 0.17339719761149186,
    "readability": -0.25382877460687847,
    "bold_emphasis_density": -0.2016838654667714,
    "citation_density": -0.0780834094569478,
    "statistic_density": -0.16629350170654694,
    "quote_density": -0.25415359155126893,
    "named_source_mentions": -0.2778036230040967,
    "year_mentions": 0.16611294999624207,
    "claim_density": 0.06486755076365044,
    "external_reference_density": 0.14465779887830382,
    "question_density": -0.029527175592574194,
    "query_similarity": 0.8445201275640859,
    "corpus_centroid_similarity": 0.13177449695548493,
    "type_token_ratio": 0.2263316221497686,
    "vocabulary_sophistication": 0.11803341152701011,
    "sentiment_polarity": 0.12805172276122984,
    "avg_word_length": 0.007415960338699283,
    "semantic_uniqueness": 0.2624724214903537,
    "information_density": 0.05540489692930872,
    "specificity_score": 0.2393636910717451
  },
  "avg_ranks": {
    "0": {
      "4": 1.2,
      "1": 4.0,
      "6": 2.0,
      "2": 5.0,
      "8": 4.0,
      "3": 5.2,
      "5": 6.8,
      "0": 8.2,
      "7": 8.6
    },
    "1": {
      "0": 1.8,
      "9": 2.4,
      "3": 2.4,
      "8": 3.4,
      "1": 5.4,
      "4": 5.6,
      "5": 7.4,
      "2": 7.6,
      "6": 9.0,
      "7": 10.0
    },
    "2": {
      "5": 1.0,
      "7": 2.0,
      "3": 3.8,
      "4": 3.6,
      "8": 5.0,
      "6": 5.6,
      "0": 7.2,
      "2": 8.2,
      "1": 8.6
    },
    "3": {
      "8": 1.0,
      "1": 2.4,
      "2": 2.6,
      "3": 6.4,
      "0": 5.4,
      "7": 8.2,
      "4": 6.0,
      "6": 7.6,
      "9": 8.6,
      "5": 6.8
    },
    "4": {
      "4": 2.0,
      "0": 2.0,
      "7": 3.4,
      "6": 3.2,
      "2": 4.8,
      "5": 6.4,
      "1": 6.6,
      "3": 7.6
    },
    "5": {
      "1": 1.2,
      "0": 3.2,
      "4": 2.0,
      "6": 5.8,
      "2": 4.6,
      "3": 5.2,
      "7": 6.8,
      "5": 7.2
    },
    "6": {
      "3": 1.2,
      "1": 2.2,
      "5": 2.8,
      "6": 5.0,
      "7": 5.6,
      "4": 7.2,
      "0": 4.4,
      "2": 7.6
    },
    "7": {
      "8": 1.4,
      "5": 2.4,
      "3": 3.6,
      "7": 4.8,
      "0": 6.0,
      "6": 3.2,
      "2": 8.4,
      "4": 6.8,
      "1": 8.4
    },
    "8": {
      "1": 1.4,
      "5": 1.6,
      "7": 3.0,
      "4": 4.0,
      "3": 5.0,
      "2": 6.2,
      "6": 6.8,
      "0": 8.6,
      "8": 8.4
    },
    "9": {
      "4": 1.0,
      "2": 2.0,
      "5": 4.4,
      "1": 3.6,
      "3": 4.2,
      "9": 5.8,
      "0": 7.6,
      "8": 7.4,
      "7": 9.0,
      "6": 10.0
    },
    "10": {
      "6": 1.6,
      "0": 3.2,
      "2": 2.4,
      "7": 3.8,
      "5": 6.0,
      "3": 6.4,
      "1": 7.4,
      "4": 5.8,
      "8": 8.4
    },
    "11": {
      "8": 3.0,
      "6": 4.6,
      "1": 1.8,
      "2": 3.2,
      "0": 4.6,
      "3": 6.2,
      "5": 6.8,
      "7": 6.2,
      "4": 8.6
    },
    "12": {
      "0": 1.0,
      "3": 2.0,
      "1": 4.0,
      "2": 3.8,
      "6": 4.2,
      "7": 7.0,
      "5": 6.4,
      "4": 7.6
    },
    "13": {
      "6": 1.0,
      "7": 3.6,
      "2": 3.6,
      "5": 3.6,
      "1": 5.6,
      "0": 5.8,
      "3": 4.8,
      "4": 8.6,
      "8": 8.4
    },
    "14": {
      "1": 2.0,
      "5": 1.8,
      "2": 2.6,
      "0": 3.8,
      "6": 5.6,
      "7": 7.4,
      "4": 6.6,
      "3": 6.2
    },
    "15": {
      "7": 2.0,
      "6": 1.8,
      "3": 3.8,
      "0": 4.0,
      "2": 5.2,
      "8": 4.6,
      "1": 7.0,
      "5": 8.2,
      "4": 8.4
    },
    "16": {
      "0": 1.2,
      "1": 3.2,
      "3": 2.8,
      "6": 4.8,
      "5": 5.0,
      "4": 4.6,
      "9": 7.4,
      "8": 9.0,
      "7": 7.2,
      "2": 9.8
    },
    "17": {
      "3": 2.4,
      "1": 2.6,
      "0": 4.0,
      "8": 4.6,
      "6": 4.4,
      "7": 6.8,
      "5": 6.4,
      "4": 5.0,
      "2": 8.8
    },
    "18": {
      "4": 2.0,
      "1": 3.2,
      "2": 4.0,
      "0": 2.8,
      "3": 4.0,
      "7": 6.0,
      "5": 6.0,
      "6": 8.0
    },
    "19": {
      "2": 1.0,
      "6": 4.6,
      "4": 3.8,
      "5": 3.0,
      "7": 3.8,
      "0": 6.8,
      "1": 7.0,
      "3": 6.0
    },
    "20": {
      "7": 6.0,
      "6": 3.6,
      "8": 3.6,
      "0": 3.6,
      "4": 4.0,
      "3": 6.2,
      "2": 5.0,
      "1": 6.0,
      "9": 7.2,
      "5": 9.8
    },
    "21": {
      "1": 1.8,
      "4": 2.6,
      "8": 3.8,
      "6": 2.2,
      "7": 6.0,
      "2": 6.2,
      "3": 6.2,
      "0": 7.2,
      "5": 9.0
    },
    "22": {
      "9": 3.6,
      "2": 1.6,
      "7": 2.6,
      "3": 3.0,
      "5": 5.8,
      "6": 6.0,
      "8": 6.2,
      "0": 8.2,
      "4": 8.0,
      "1": 10.0
    },
    "23": {
      "5": 1.8,
      "6": 1.4,
      "0": 3.0,
      "7": 3.8,
      "8": 6.6,
      "1": 8.0,
      "4": 7.8,
      "2": 9.4,
      "3": 6.4,
      "9": 6.8
    },
    "24": {
      "0": 1.4,
      "6": 2.8,
      "3": 2.0,
      "5": 5.2,
      "1": 4.0,
      "2": 6.0,
      "4": 6.6,
      "7": 8.2,
      "8": 8.8
    },
    "25": {
      "5": 2.0,
      "1": 1.6,
      "0": 2.8,
      "2": 4.2,
      "8": 4.4,
      "4": 7.6,
      "3": 7.0,
      "6": 8.0,
      "7": 7.4
    },
    "26": {
      "5": 1.25,
      "7": 1.75,
      "0": 3.25,
      "1": 3.75,
      "3": 5.25,
      "8": 5.75,
      "2": 7.5,
      "6": 8.0,
      "4": 8.5
    },
    "27": {
      "1": 1.0,
      "4": 3.8,
      "6": 3.8,
      "5": 3.2,
      "2": 4.8,
      "3": 5.6,
      "0": 6.0,
      "7": 7.8
    },
    "28": {
      "4": 1.2,
      "6": 3.4,
      "0": 2.8,
      "7": 3.4,
      "1": 6.2,
      "3": 6.8,
      "2": 4.8,
      "8": 7.8,
      "5": 8.6
    },
    "29": {
      "4": 1.0,
      "0": 2.4,
      "8": 3.8,
      "6": 4.0,
      "3": 5.4,
      "1": 6.4,
      "2": 8.0,
      "7": 5.8,
      "5": 8.2
    },
    "30": {
      "4": 1.0,
      "0": 2.0,
      "8": 3.6,
      "3": 4.4,
      "2": 6.4,
      "1": 5.4,
      "7": 7.8,
      "6": 5.4,
      "5": 9.0
    },
    "31": {
      "0": 1.2,
      "7": 2.0,
      "5": 2.8,
      "2": 8.6,
      "9": 7.6,
      "4": 6.0,
      "1": 6.4,
      "6": 6.6,
      "8": 7.0,
      "3": 6.8
    },
    "32": {
      "3": 2.0,
      "6": 2.5,
      "0": 2.0,
      "7": 3.5,
      "2": 5.25,
      "8": 6.0,
      "9": 7.25,
      "4": 7.5,
      "5": 9.0,
      "1": 10.0
    },
    "33": {
      "8": 1.75,
      "5": 4.0,
      "2": 3.0,
      "0": 2.5,
      "4": 5.5,
      "1": 7.0,
      "9": 4.5,
      "6": 8.75,
      "3": 8.25,
      "7": 9.75
    },
    "34": {
      "7": 1.2,
      "8": 2.2,
      "5": 3.0,
      "1": 3.6,
      "2": 7.2,
      "4": 5.4,
      "3": 6.4,
      "0": 7.0,
      "6": 9.0
    },
    "35": {
      "9": 1.4,
      "1": 2.6,
      "6": 2.8,
      "7": 4.2,
      "4": 7.0,
      "5": 6.4,
      "3": 5.4,
      "0": 7.6,
      "2": 8.2,
      "8": 9.4
    },
    "36": {
      "5": 1.0,
      "8": 3.4,
      "3": 3.2,
      "2": 3.2,
      "7": 5.0,
      "0": 5.2,
      "6": 7.6,
      "4": 8.0,
      "1": 8.4
    },
    "37": {
      "5": 2.6,
      "1": 2.0,
      "7": 4.2,
      "2": 3.6,
      "4": 4.6,
      "3": 7.6,
      "0": 6.0,
      "6": 5.4
    },
    "38": {
      "6": 1.0,
      "2": 2.0,
      "0": 3.4,
      "3": 3.6,
      "1": 5.6,
      "8": 6.6,
      "5": 7.0,
      "4": 7.0,
      "7": 8.8
    },
    "39": {
      "6": 1.6,
      "1": 3.2,
      "3": 2.6,
      "2": 2.8,
      "0": 5.8,
      "9": 5.2,
      "8": 7.2,
      "7": 8.2,
      "4": 8.4,
      "5": 10.0
    },
    "40": {
      "2": 1.2,
      "7": 2.8,
      "6": 3.2,
      "0": 6.2,
      "5": 3.4,
      "3": 6.2,
      "4": 5.8,