{
  "content_diversity": 0.3920154571533203,
  "classifier_auc": 0.7889158163265306,
  "ranking_stability": 0.6397085877085876,
  "feature_coefficients": {
    "word_count": 0.5776382499815476,
    "sentence_count": 0.08870714399280916,
    "avg_sentence_length": 0.023685838134856016,
    "paragraph_count": -0.3367825104266751,
    "heading_density": 0.26524630466527654,
    "list_frequency": 0.1802983385048998,
    "readability": -0.25207615886340917,
    "bold_emphasis_density": -0.1012760830106339,
    "citation_density": 0.015685860045179707,
    "statistic_density": -0.1042855941886793,
    "quote_density": -0.206937461144119,
    "named_source_mentions": -0.32744928762302583,
    "year_mentions": 0.09713591807826719,
    "claim_density": -0.12222106146847002,
    "external_reference_density": 0.03778868039014561,
    "question_density": -0.007251100166547428,
    "query_similarity": 0.8192973837310711,
    "corpus_centroid_similarity": 0.1855132671775497,
    "type_token_ratio": -0.4536976116858603,
    "vocabulary_sophistication": 0.021557282831225665,
    "sentiment_polarity": -0.0015096203692024895,
    "avg_word_length": -0.10569750543083653,
    "semantic_uniqueness": 0.31022578508682064,
    "information_density": -0.013821731900318428,
    "specificity_score": 0.41148806826619816
  },
  "avg_ranks": {
    "0": {
      "4": 1.2,
      "1": 4.6,
      "6": 2.0,
      "3": 6.0,
      "2": 4.2,
      "5": 7.0,
      "8": 5.8,
      "7": 6.0,
      "0": 8.2
    },
    "1": {
      "0": 2.6,
      "9": 4.6,
      "3": 5.0,
      "1": 1.6,
      "8": 5.4,
      "2": 7.2,
      "4": 3.4,
      "5": 6.2,
      "6": 9.2,
      "7": 9.8
    },
    "2": {
      "5": 1.4,
      "7": 1.8,
      "3": 3.2,
      "8": 4.4,
      "4": 4.4,
      "6": 5.8,
      "0": 7.0,
      "2": 8.0,
      "1": 9.0
    },
    "3": {
      "1": 2.4,
      "2": 2.2,
      "8": 1.4,
      "5": 5.6,
      "3": 4.8,
      "7": 7.6,
      "6": 7.8,
      "4": 6.4,
      "0": 7.4,
      "9": 9.4
    },
    "4": {
      "4": 2.4,
      "2": 2.4,
      "0": 3.4,
      "6": 4.4,
      "5": 4.8,
      "7": 4.4,
      "3": 6.8,
      "1": 7.4
    },
    "5": {
      "1": 1.2,
      "4": 1.8,
      "0": 3.6,
      "2": 4.6,
      "3": 5.2,
      "7": 5.8,
      "6": 6.0,
      "5": 7.8
    },
    "6": {
      "3": 1.0,
      "5": 2.2,
      "1": 2.8,
      "0": 4.0,
      "2": 6.8,
      "7": 5.8,
      "6": 6.8,
      "4": 6.6
    },
    "7": {
      "8": 1.8,
      "3": 2.4,
      "4": 6.2,
      "7": 3.4,
      "5": 4.2,
      "0": 6.0,
      "6": 4.0,
      "1": 8.0,
      "2": 9.0
    },
    "8": {
      "1": 1.4,
      "5": 1.6,
      "6": 5.8,
      "2": 5.8,
      "7": 3.4,
      "4": 4.6,
      "3": 5.4,
      "0": 8.4,
      "8": 8.6
    },
    "9": {
      "4": 1.0,
      "2": 2.2,
      "1": 3.4,
      "5": 4.6,
      "9": 5.0,
      "3": 5.6,
      "8": 7.0,
      "0": 7.4,
      "6": 9.8,
      "7": 9.0
    },
    "10": {
      "6": 2.6,
      "7": 2.8,
      "2": 1.4,
      "4": 3.6,
      "0": 4.8,
      "3": 7.6,
      "5": 7.0,
      "1": 6.8,
      "8": 8.4
    },
    "11": {
      "6": 5.6,
      "8": 2.4,
      "2": 2.0,
      "1": 2.4,
      "3": 6.6,
      "0": 4.8,
      "5": 6.0,
      "7": 7.2,
      "4": 8.0
    },
    "12": {
      "0": 1.0,
      "1": 2.8,
      "2": 4.0,
      "3": 3.4,
      "6": 3.8,
      "7": 6.6,
      "4": 7.4,
      "5": 7.0
    },
    "13": {
      "7": 2.4,
      "1": 4.2,
      "0": 5.2,
      "6": 2.6,
      "2": 4.2,
      "5": 3.8,
      "3": 5.6,
      "4": 8.4,
      "8": 8.6
    },
    "14": {
      "1": 1.2,
      "5": 1.8,
      "2": 3.0,
      "0": 5.6,
      "3": 6.2,
      "6": 5.8,
      "7": 5.6,
      "4": 6.8
    },
    "15": {
      "6": 1.4,
      "7": 1.6,
      "0": 3.4,
      "8": 5.6,
      "2": 5.8,
      "1": 4.4,
      "5": 7.4,
      "3": 6.8,
      "4": 8.6
    },
    "16": {
      "0": 1.0,
      "1": 2.0,
      "3": 5.2,
      "5": 4.0,
      "7": 6.0,
      "6": 5.6,
      "4": 5.2,
      "8": 8.8,
      "9": 7.2,
      "2": 10.0
    },
    "17": {
      "3": 2.8,
      "0": 1.6,
      "8": 3.4,
      "6": 4.4,
      "1": 3.8,
      "5": 6.6,
      "2": 7.8,
      "4": 6.6,
      "7": 8.0
    },
    "18": {
      "0": 5.2,
      "4": 1.2,
      "3": 4.4,
      "5": 3.0,
      "2": 4.0,
      "7": 7.4,
      "1": 3.6,
      "6": 7.2
    },
    "19": {
      "2": 1.0,
      "7": 2.25,
      "6": 4.5,
      "5": 4.0,
      "4": 5.25,
      "3": 4.0,
      "0": 7.0,
      "1": 8.0
    },
    "20": {
      "2": 2.6,
      "0": 2.6,
      "6": 3.6,
      "8": 6.0,
      "4": 4.4,
      "3": 5.4,
      "1": 5.2,
      "9": 6.4,
      "5": 9.6,
      "7": 9.2
    },
    "21": {
      "1": 1.6,
      "8": 2.6,
      "4": 2.6,
      "6": 4.2,
      "7": 6.0,
      "3": 6.2,
      "0": 7.0,
      "5": 8.2,
      "2": 6.6
    },
    "22": {
      "9": 2.8,
      "3": 2.0,
      "5": 5.6,
      "2": 3.4,
      "7": 3.8,
      "8": 7.4,
      "4": 6.6,
      "6": 7.0,
      "0": 6.4,
      "1": 10.0
    },
    "23": {
      "6": 1.0,
      "5": 2.25,
      "0": 2.75,
      "9": 4.25,
      "3": 6.0,
      "4": 6.25,
      "7": 7.75,
      "2": 8.75,
      "1": 7.75,
      "8": 8.25
    },
    "24": {
      "0": 4.0,
      "3": 2.8,
      "6": 3.2,
      "1": 5.2,
      "2": 2.4,
      "4": 4.0,
      "7": 8.0,
      "5": 7.0,
      "8": 8.4
    },
    "25": {
      "0": 2.6,
      "5": 1.8,
      "1": 1.6,
      "2": 4.6,
      "8": 4.4,
      "7": 6.6,
      "3": 7.4,
      "6": 8.4,
      "4": 7.6
    },
    "26": {
      "5": 1.0,
      "7": 2.0,
      "0": 3.4,
      "1": 4.4,
      "3": 5.4,
      "8": 5.8,
      "6": 8.0,
      "2": 7.4,
      "4": 7.6
    },
    "27": {
      "1": 1.0,
      "0": 5.0,
      "6": 4.8,
      "5": 3.2,
      "3": 5.2,
      "4": 4.2,
      "2": 5.2,
      "7": 7.4
    },
    "28": {
      "4": 1.2,
      "0": 4.4,
      "6": 2.8,
      "7": 2.8,
      "2": 5.0,
      "3": 6.4,
      "1": 6.2,
      "8": 7.2,
      "5": 9.0
    },
    "29": {
      "4": 1.0,
      "8": 3.0,
      "3": 5.0,
      "0": 2.75,
      "1": 5.25,
      "6": 5.25,
      "7": 7.25,
      "2": 8.0,
      "5": 7.5
    },
    "30": {
      "0": 1.0,
      "4": 2.2,
      "8": 4.8,
      "3": 3.0,
      "6": 6.0,
      "1": 7.0,
      "2": 4.6,
      "7": 7.4,
      "5": 9.0
    },
    "31": {
      "0": 1.6,
      "7": 1.6,
      "5": 2.8,
      "3": 5.6,
      "6": 7.0,
      "1": 6.8,
      "8": 7.2,
      "2": 5.0,
      "4": 9.6,
      "9": 7.8
    },
    "32": {
      "6": 1.6,
      "0": 1.8,
      "4": 6.6,
      "3": 3.4,
      "7": 4.4,
      "9": 7.0,
      "2": 5.6,
      "8": 6.0,
      "5": 8.8,
      "1": 9.8
    },
    "33": {
      "0": 1.0,
      "2": 3.8,
      "8": 3.2,
      "5": 4.6,
      "4": 6.6,
      "9": 3.0,
      "3": 6.2,
      "6": 8.8,
      "1": 7.8,
      "7": 10.0
    },
    "34": {
      "7": 1.0,
      "1": 3.2,
      "8": 2.6,
      "5": 3.2,
      "4": 5.0,
      "2": 6.8,
      "3": 6.6,
      "0": 7.6,
      "6": 9.0
    },
    "35": {
      "1": 2.2,
      "7": 3.2,
      "9": 3.8,
      "3": 6.4,
      "6": 3.2,
      "5": 3.4,
      "4": 6.8,
      "0": 7.0,
      "2": 9.0,
      "8": 10.0
    },
    "36": {
      "5": 1.2,
      "3": 2.4,
      "2": 3.2,
      "8": 5.2,
      "0": 4.4,
      "7": 4.8,
      "6": 7.4,
      "4": 7.8,
      "1": 8.6
    },
    "37": {
      "2": 2.0,
      "4": 2.6,
      "1": 3.2,
      "5": 3.8,
      "7": 5.4,
      "3": 7.6,
      "0": 5.8,
      "6": 5.6
    },
    "38": {
      "6": 1.0,
      "2": 2.0,
      "1": 5.0,
      "0": 3.5,
      "8": 5.5,
      "3": 5.5,
      "4": 7.5,
      "5": 6.0,
      "7": 9.0
    },
    "39": {
      "2": 1.8,
      "3": 3.2,
      "1": 3.4,
      "6": 3.0,
      "9": 4.6,
      "8": 6.6,
      "0": 5.8,
      "7": 8.0,
      "4": 8.6,
      "5": 10.0
    },
    "40": {
      "5": 5.0,
      "7": 2.4,
      "2": 1.4,
      "4": 6.6,
      "6": 3.4,
      "3": 5.6,
      "1": 5.0,