{
  "content_diversity": 0.3945958912372589,
  "classifier_auc": 0.761109693877551,
  "ranking_stability": 0.6468786295005806,
  "feature_coefficients": {
    "word_count": 0.43000052652584897,
    "sentence_count": 0.23408683508809705,
    "avg_sentence_length": -0.014629647447644317,
    "paragraph_count": -0.45060794477709715,
    "heading_density": -0.3387393163330298,
    "list_frequency": 0.24268662803921767,
    "readability": -0.28447832870612366,
    "bold_emphasis_density": -0.1508716626918452,
    "citation_density": -0.09991125477703283,
    "statistic_density": -0.20129460375523134,
    "quote_density": -0.0637611854464439,
    "named_source_mentions": -0.2082069783352689,
    "year_mentions": 0.11953038098369011,
    "claim_density": 0.09710021969058491,
    "external_reference_density": 0.025708164826722908,
    "question_density": -0.08535868705460314,
    "query_similarity": 0.8922778240949819,
    "corpus_centroid_similarity": 0.06558359302489421,
    "type_token_ratio": 0.04980243252698079,
    "vocabulary_sophistication": 0.1600027955667845,
    "sentiment_polarity": 0.11286488497446581,
    "avg_word_length": 0.02675047516954722,
    "semantic_uniqueness": 0.35214615818155165,
    "information_density": -0.008314342595566983,
    "specificity_score": 0.1686273484206216
  },
  "avg_ranks": {
    "0": {
      "4": 1.0,
      "1": 3.8,
      "6": 2.4,
      "7": 5.6,
      "3": 6.2,
      "0": 7.6,
      "5": 7.0,
      "2": 6.0,
      "8": 5.4
    },
    "1": {
      "8": 2.8,
      "0": 3.0,
      "9": 3.2,
      "4": 5.4,
      "1": 3.4,
      "5": 6.8,
      "3": 4.0,
      "2": 8.4,
      "7": 8.6,
      "6": 9.4
    },
    "2": {
      "5": 2.2,
      "7": 1.4,
      "4": 3.8,
      "3": 4.2,
      "8": 3.6,
      "6": 5.8,
      "0": 7.8,
      "1": 8.2,
      "2": 8.0
    },
    "3": {
      "8": 1.4,
      "2": 2.2,
      "1": 2.4,
      "5": 5.0,
      "4": 5.4,
      "3": 6.6,
      "6": 6.2,
      "0": 7.4,
      "7": 8.6,
      "9": 9.8
    },
    "4": {
      "4": 4.4,
      "5": 4.8,
      "0": 2.0,
      "2": 4.4,
      "6": 3.2,
      "7": 2.4,
      "1": 6.8,
      "3": 8.0
    },
    "5": {
      "1": 1.0,
      "4": 2.2,
      "0": 3.4,
      "6": 5.4,
      "2": 4.4,
      "3": 5.6,
      "7": 6.4,
      "5": 7.6
    },
    "6": {
      "3": 1.2,
      "1": 2.4,
      "5": 3.0,
      "6": 5.6,
      "7": 5.4,
      "4": 6.6,
      "0": 4.0,
      "2": 7.8
    },
    "7": {
      "8": 1.2,
      "6": 3.0,
      "7": 5.0,
      "3": 3.8,
      "5": 3.2,
      "0": 5.8,
      "1": 8.0,
      "4": 6.2,
      "2": 8.8
    },
    "8": {
      "5": 1.0,
      "1": 2.0,
      "7": 3.2,
      "2": 5.8,
      "3": 5.0,
      "4": 4.2,
      "6": 8.2,
      "8": 7.8,
      "0": 7.8
    },
    "9": {
      "4": 1.0,
      "2": 2.0,
      "9": 4.4,
      "5": 4.2,
      "1": 4.8,
      "3": 4.6,
      "0": 8.0,
      "7": 8.8,
      "8": 7.6,
      "6": 9.6
    },
    "10": {
      "2": 1.6,
      "0": 2.8,
      "6": 2.2,
      "7": 3.4,
      "1": 5.8,
      "4": 6.4,
      "5": 7.0,
      "3": 6.8,
      "8": 9.0
    },
    "11": {
      "8": 2.4,
      "6": 5.0,
      "2": 2.8,
      "1": 2.4,
      "0": 4.6,
      "3": 6.8,
      "7": 6.6,
      "5": 6.4,
      "4": 8.0
    },
    "12": {
      "0": 1.0,
      "1": 2.4,
      "6": 4.2,
      "2": 3.2,
      "3": 4.2,
      "7": 6.4,
      "5": 7.0,
      "4": 7.6
    },
    "13": {
      "6": 1.8,
      "5": 3.4,
      "2": 3.2,
      "3": 6.0,
      "0": 5.4,
      "7": 3.2,
      "1": 5.0,
      "4": 8.2,
      "8": 8.8
    },
    "14": {
      "5": 1.6,
      "1": 1.4,
      "2": 3.0,
      "4": 6.0,
      "3": 5.8,
      "7": 6.4,
      "6": 5.8,
      "0": 6.0
    },
    "15": {
      "7": 1.6,
      "6": 1.4,
      "0": 3.4,
      "2": 5.2,
      "1": 6.6,
      "8": 5.2,
      "3": 5.0,
      "4": 8.0,
      "5": 8.6
    },
    "16": {
      "0": 1.4,
      "1": 2.6,
      "5": 4.0,
      "4": 4.2,
      "3": 3.6,
      "7": 7.4,
      "6": 5.8,
      "9": 7.0,
      "8": 9.4,
      "2": 9.6
    },
    "17": {
      "3": 1.75,
      "0": 2.5,
      "6": 2.75,
      "1": 3.0,
      "4": 7.25,
      "5": 7.5,
      "8": 5.75,
      "2": 8.0,
      "7": 6.5
    },
    "18": {
      "2": 3.4,
      "4": 2.0,
      "3": 4.6,
      "5": 5.0,
      "1": 4.2,
      "7": 7.2,
      "0": 3.0,
      "6": 6.6
    },
    "19": {
      "2": 1.0,
      "3": 2.6,
      "5": 3.6,
      "6": 5.2,
      "4": 5.4,
      "7": 3.6,
      "0": 6.8,
      "1": 7.8
    },
    "20": {
      "4": 3.2,
      "0": 3.0,
      "8": 2.4,
      "6": 1.6,
      "2": 4.8,
      "3": 6.4,
      "1": 7.4,
      "9": 8.2,
      "5": 9.4,
      "7": 8.6
    },
    "21": {
      "4": 2.0,
      "6": 2.2,
      "1": 2.2,
      "8": 4.2,
      "2": 6.6,
      "0": 5.6,
      "7": 6.4,
      "3": 7.4,
      "5": 8.4
    },
    "22": {
      "9": 1.0,
      "8": 5.2,
      "3": 3.0,
      "7": 3.4,
      "2": 3.2,
      "5": 6.0,
      "6": 6.8,
      "0": 7.6,
      "4": 8.8,
      "1": 10.0
    },
    "23": {
      "6": 1.5,
      "5": 1.75,
      "0": 3.25,
      "8": 6.0,
      "7": 4.25,
      "4": 8.0,
      "3": 6.25,
      "1": 9.25,
      "9": 6.5,
      "2": 8.25
    },
    "24": {
      "0": 1.8,
      "3": 1.6,
      "2": 5.0,
      "4": 6.0,
      "6": 3.8,
      "5": 6.4,
      "1": 4.2,
      "7": 7.4,
      "8": 8.8
    },
    "25": {
      "5": 1.2,
      "0": 3.0,
      "1": 2.2,
      "2": 4.2,
      "8": 4.4,
      "6": 7.6,
      "4": 8.0,
      "3": 7.4,
      "7": 7.0
    },
    "26": {
      "5": 1.0,
      "7": 2.0,
      "0": 3.8,
      "1": 4.4,
      "3": 5.4,
      "8": 5.2,
      "6": 7.4,
      "2": 8.2,
      "4": 7.6
    },
    "27": {
      "1": 1.0,
      "4": 3.0,
      "3": 5.4,
      "2": 5.6,
      "5": 3.4,
      "6": 4.2,
      "0": 5.6,
      "7": 7.8
    },
    "28": {
      "4": 1.0,
      "0": 2.8,
      "6": 3.6,
      "2": 3.8,
      "7": 3.8,
      "1": 6.4,
      "8": 6.8,
      "3": 7.8,
      "5": 9.0
    },
    "29": {
      "4": 1.0,
      "0": 2.2,
      "6": 4.8,
      "8": 3.0,
      "1": 5.4,
      "7": 6.2,
      "3": 6.0,
      "2": 8.4,
      "5": 8.0
    },
    "30": {
      "0": 1.8,
      "4": 1.4,
      "3": 3.4,
      "6": 5.2,
      "8": 4.2,
      "1": 6.6,
      "2": 6.2,
      "7": 7.4,
      "5": 8.8
    },
    "31": {
      "4": 4.8,
      "9": 6.6,
      "0": 2.4,
      "7": 3.0,
      "5": 4.8,
      "1": 6.6,
      "3": 6.0,
      "2": 7.0,
      "6": 7.6,
      "8": 6.2
    },
    "32": {
      "6": 2.2,
      "0": 1.6,
      "3": 3.0,
      "8": 4.6,
      "7": 4.2,
      "2": 6.0,
      "4": 7.6,
      "9": 7.2,
      "1": 9.6,
      "5": 9.0
    },
    "33": {
      "0": 3.0,
      "9": 1.25,
      "2": 3.25,
      "8": 3.0,
      "4": 5.75,
      "5": 6.0,
      "6": 8.0,
      "1": 7.75,
      "3": 7.0,
      "7": 10.0
    },
    "34": {
      "7": 1.6,
      "3": 4.4,
      "5": 2.4,
      "1": 3.8,
      "8": 3.6,
      "4": 5.2,
      "2": 7.4,
      "0": 7.6,
      "6": 9.0
    },
    "35": {
      "6": 1.8,
      "2": 7.4,
      "3": 6.0,
      "7": 3.6,
      "9": 4.2,
      "1": 3.4,
      "5": 5.2,
      "4": 6.4,
      "0": 7.0,
      "8": 10.0
    },
    "36": {
      "5": 1.2,
      "2": 1.8,
      "8": 4.8,
      "3": 3.2,
      "7": 5.2,
      "0": 4.8,
      "4": 7.8,
      "1": 8.6,
      "6": 7.6
    },
    "37": {
      "2": 1.8,
      "4": 3.0,
      "1": 2.6,
      "5": 3.6,
      "7": 4.6,
      "6": 5.4,
      "3": 7.8,
      "0": 7.2
    },
    "38": {
      "6": 1.0,
      "2": 2.0,
      "0": 3.0,
      "3": 4.4,
      "8": 5.4,
      "1": 5.6,
      "5": 7.0,
      "7": 8.8,
      "4": 7.8
    },
    "39": {
      "5": 4.6,
      "6": 2.4,
      "1": 4.8,
      "3": 3.4,
      "2": 3.6,
      "9": 5.6,
      "8": 8.0,
      "0": 6.6,
      "7": 6.6,
      "4": 9.4
    },
    "40": {
      "6": 2.8,
      "2": 1.6,
      "7": 1.8,
      "5": 4.4,
      "3": 5.8,
      "1": 6.6,
      "4": 6.0,