{
  "content_diversity": 0.3963872194290161,
  "classifier_auc": 0.812641639570401,
  "ranking_stability": 0.6291010756919848,
  "feature_coefficients": {
    "word_count": 0.7165443195793213,
    "sentence_count": 0.05584216496060554,
    "avg_sentence_length": -0.2567167591812361,
    "paragraph_count": -0.24178626247376886,
    "heading_density": -0.17785966806021505,
    "list_frequency": 0.17343352498981712,
    "readability": 0.09323323916461461,
    "bold_emphasis_density": -0.5763575073730661,
    "citation_density": 0.06775181102201513,
    "statistic_density": -0.011737619704263796,
    "quote_density": -0.3192126655104206,
    "named_source_mentions": -0.12819995834911163,
    "year_mentions": 0.020353432092650062,
    "claim_density": -0.17152175367968825,
    "external_reference_density": 0.03558478249743096,
    "question_density": -0.17527904701283864,
    "query_similarity": 0.8920448283087977,
    "corpus_centroid_similarity": 0.10370999590216994,
    "type_token_ratio": -0.19661317673018078,
    "vocabulary_sophistication": 0.1678410803242963,
    "sentiment_polarity": 0.01618625631792617,
    "avg_word_length": -0.32259261245966114,
    "semantic_uniqueness": 0.38398678377288054,
    "information_density": -0.029899992274482538,
    "specificity_score": 0.20043734665543594
  },
  "avg_ranks": {
    "0": {
      "6": 1.2,
      "4": 1.8,
      "7": 6.6,
      "2": 4.0,
      "0": 7.4,
      "3": 6.2,
      "5": 6.8,
      "8": 6.6,
      "1": 4.4
    },
    "1": {
      "1": 4.6,
      "9": 2.8,
      "0": 3.0,
      "3": 4.8,
      "8": 3.2,
      "4": 5.4,
      "5": 4.8,
      "6": 8.6,
      "2": 8.0,
      "7": 9.8
    },
    "2": {
      "5": 1.4,
      "7": 1.6,
      "8": 3.6,
      "4": 4.0,
      "6": 5.8,
      "3": 4.6,
      "2": 7.8,
      "0": 7.4,
      "1": 8.8
    },
    "3": {
      "8": 1.8,
      "2": 1.8,
      "1": 2.4,
      "5": 5.6,
      "0": 6.0,
      "6": 7.8,
      "4": 7.0,
      "3": 6.6,
      "7": 7.6,
      "9": 8.4
    },
    "4": {
      "4": 1.0,
      "0": 2.2,
      "7": 4.8,
      "2": 4.0,
      "6": 3.8,
      "5": 5.2,
      "3": 7.4,
      "1": 7.6
    },
    "5": {
      "4": 1.8,
      "1": 1.2,
      "0": 5.0,
      "2": 3.8,
      "3": 4.4,
      "7": 6.0,
      "6": 5.8,
      "5": 8.0
    },
    "6": {
      "3": 1.6,
      "1": 2.4,
      "5": 3.2,
      "0": 4.8,
      "7": 5.2,
      "6": 5.8,
      "4": 6.0,
      "2": 7.0
    },
    "7": {
      "8": 1.4,
      "3": 3.0,
      "7": 3.2,
      "6": 3.6,
      "5": 4.0,
      "0": 5.8,
      "4": 7.2,
      "1": 8.0,
      "2": 8.8
    },
    "8": {
      "5": 1.2,
      "1": 2.0,
      "4": 3.6,
      "7": 3.4,
      "3": 4.8,
      "2": 6.2,
      "6": 7.2,
      "8": 8.4,
      "0": 8.2
    },
    "9": {
      "4": 1.0,
      "2": 2.0,
      "1": 3.4,
      "9": 5.0,
      "8": 7.4,
      "5": 5.6,
      "3": 4.4,
      "0": 7.6,
      "7": 8.6,
      "6": 10.0
    },
    "10": {
      "4": 2.8,
      "2": 2.0,
      "7": 3.0,
      "0": 4.2,
      "6": 3.4,
      "3": 6.0,
      "5": 6.6,
      "1": 8.0,
      "8": 9.0
    },
    "11": {
      "8": 2.0,
      "2": 2.4,
      "1": 2.2,
      "5": 6.2,
      "0": 4.8,
      "6": 6.2,
      "3": 7.8,
      "7": 6.2,
      "4": 7.2
    },
    "12": {
      "0": 1.0,
      "6": 4.4,
      "1": 3.4,
      "3": 2.8,
      "2": 3.4,
      "7": 6.4,
      "5": 6.8,
      "4": 7.8
    },
    "13": {
      "6": 1.2,
      "2": 4.0,
      "3": 5.2,
      "5": 5.0,
      "7": 2.6,
      "1": 5.2,
      "0": 4.8,
      "4": 8.2,
      "8": 8.8
    },
    "14": {
      "5": 1.25,
      "1": 1.75,
      "2": 3.0,
      "3": 5.25,
      "7": 5.25,
      "6": 6.5,
      "4": 7.0,
      "0": 6.0
    },
    "15": {
      "6": 1.0,
      "0": 3.8,
      "7": 2.4,
      "8": 6.2,
      "3": 3.8,
      "1": 4.4,
      "2": 6.8,
      "4": 8.0,
      "5": 8.6
    },
    "16": {
      "0": 1.2,
      "6": 1.8,
      "5": 5.2,
      "1": 4.2,
      "7": 5.8,
      "4": 7.2,
      "3": 4.0,
      "9": 6.6,
      "2": 9.6,
      "8": 9.4
    },
    "17": {
      "3": 1.0,
      "0": 2.4,
      "8": 3.4,
      "1": 4.2,
      "6": 4.2,
      "5": 7.0,
      "4": 6.4,
      "2": 7.8,
      "7": 8.6
    },
    "18": {
      "3": 3.0,
      "1": 4.0,
      "5": 3.5,
      "2": 3.75,
      "4": 3.75,
      "0": 4.5,
      "6": 7.5,
      "7": 6.0
    },
    "19": {
      "2": 1.0,
      "3": 5.25,
      "7": 3.0,
      "5": 2.75,
      "6": 4.75,
      "4": 4.75,
      "0": 6.5,
      "1": 8.0
    },
    "20": {
      "6": 1.0,
      "2": 2.0,
      "8": 3.8,
      "0": 3.6,
      "4": 4.8,
      "3": 5.8,
      "1": 7.4,
      "7": 8.0,
      "9": 9.4,
      "5": 9.2
    },
    "21": {
      "4": 1.6,
      "6": 1.8,
      "1": 3.2,
      "0": 6.4,
      "8": 4.6,
      "2": 6.0,
      "3": 7.6,
      "7": 5.0,
      "5": 8.8
    },
    "22": {
      "9": 1.0,
      "3": 2.0,
      "7": 4.2,
      "2": 4.0,
      "6": 5.6,
      "8": 7.2,
      "5": 6.6,
      "0": 7.0,
      "4": 7.4,
      "1": 10.0
    },
    "23": {
      "6": 1.2,
      "5": 2.2,
      "0": 2.6,
      "4": 5.0,
      "9": 4.8,
      "3": 5.6,
      "7": 7.0,
      "8": 7.6,
      "2": 9.8,
      "1": 9.2
    },
    "24": {
      "3": 2.0,
      "1": 2.4,
      "6": 2.0,
      "0": 5.0,
      "5": 6.4,
      "2": 4.6,
      "4": 5.6,
      "7": 8.4,
      "8": 8.6
    },
    "25": {
      "0": 2.4,
      "5": 1.8,
      "1": 2.6,
      "2": 3.6,
      "8": 4.6,
      "3": 7.2,
      "7": 7.4,
      "6": 7.6,
      "4": 7.8
    },
    "26": {
      "5": 1.0,
      "7": 2.0,
      "0": 3.4,
      "1": 3.6,
      "3": 5.2,
      "2": 7.2,
      "8": 6.0,
      "6": 7.6,
      "4": 9.0
    },
    "27": {
      "1": 1.0,
      "6": 3.8,
      "5": 3.6,
      "3": 3.4,
      "2": 6.0,
      "7": 7.6,
      "0": 5.4,
      "4": 5.2
    },
    "28": {
      "4": 2.0,
      "0": 5.4,
      "7": 2.4,
      "1": 4.2,
      "6": 3.4,
      "8": 7.0,
      "3": 7.2,
      "2": 4.4,
      "5": 9.0
    },
    "29": {
      "4": 1.0,
      "8": 2.0,
      "0": 5.0,
      "6": 4.25,
      "7": 4.75,
      "1": 5.25,
      "3": 6.5,
      "5": 7.5,
      "2": 8.75
    },
    "30": {
      "0": 1.4,
      "4": 2.2,
      "8": 5.2,
      "3": 4.2,
      "1": 7.2,
      "6": 5.0,
      "2": 6.4,
      "7": 4.4,
      "5": 9.0
    },
    "31": {
      "0": 1.6,
      "7": 1.8,
      "5": 2.6,
      "3": 5.0,
      "9": 6.6,
      "4": 8.2,
      "2": 6.0,
      "8": 7.4,
      "1": 7.8,
      "6": 8.0
    },
    "32": {
      "6": 1.8,
      "0": 1.6,
      "9": 5.6,
      "2": 3.0,
      "3": 5.8,
      "7": 5.0,
      "8": 6.4,
      "4": 6.8,
      "5": 9.2,
      "1": 9.8
    },
    "33": {
      "8": 2.8,
      "9": 3.0,
      "0": 2.4,
      "5": 4.6,
      "2": 4.4,
      "6": 6.8,
      "3": 5.6,
      "4": 6.6,
      "7": 9.4,
      "1": 9.4
    },
    "34": {
      "7": 1.4,
      "8": 5.2,
      "1": 4.6,
      "5": 3.4,
      "4": 3.0,
      "3": 4.6,
      "2": 6.8,
      "0": 7.0,
      "6": 9.0
    },
    "35": {
      "1": 1.0,
      "3": 7.2,
      "7": 3.8,
      "6": 3.2,
      "0": 6.2,
      "9": 4.0,
      "5": 6.0,
      "4": 5.4,
      "2": 8.4,
      "8": 9.8
    },
    "36": {
      "3": 2.0,
      "5": 1.2,
      "7": 4.8,
      "2": 3.4,
      "0": 5.0,
      "1": 8.4,
      "8": 4.8,
      "4": 7.6,
      "6": 7.8
    },
    "37": {
      "0": 5.6,
      "6": 5.6,
      "2": 2.2,
      "4": 4.6,
      "5": 2.2,
      "1": 3.2,
      "7": 4.8,
      "3": 7.8
    },
    "38": {
      "6": 1.0,
      "1": 3.0,
      "2": 2.2,
      "0": 3.8,
      "3": 5.6,
      "4": 7.2,
      "5": 6.6,
      "8": 6.6,
      "7": 9.0
    },
    "39": {
      "5": 8.2,
      "2": 1.2,
      "3": 3.4,
      "1": 3.6,
      "6": 3.4,
      "9": 5.0,
      "0": 6.8,
      "8": 8.0,
      "7": 7.0,
      "4": 8.4
    },
    "40": {
      "2": 1.2,
      "7": 2.0,
      "6": 3.8,
      "3": 6.2,
      "5": 4.6,
      "1": 5.6,
      "0": 6.0,