{
  "content_diversity": 0.3952130675315857,
  "classifier_auc": 0.7847149825604594,
  "ranking_stability": 0.6291038052647958,
  "feature_coefficients": {
    "word_count": 0.6553927656691712,
    "sentence_count": 0.05821145594602478,
    "avg_sentence_length": -0.14797556326353914,
    "paragraph_count": -0.22779939695081347,
    "heading_density": 0.12729062977321282,
    "list_frequency": 0.10095591185875155,
    "readability": -0.32309640936693007,
    "bold_emphasis_density": -0.25759427639973287,
    "citation_density": 0.07918876018352851,
    "statistic_density": 0.03216625305222638,
    "quote_density": -0.19207705431514574,
    "named_source_mentions": -0.130465284874654,
    "year_mentions": 0.09906594953699613,
    "claim_density": -0.237727406925125,
    "external_reference_density": 0.022523660696206413,
    "question_density": -0.2485635737757961,
    "query_similarity": 0.8241377158479717,
    "corpus_centroid_similarity": 0.181040411096954,
    "type_token_ratio": -0.21661025103167386,
    "vocabulary_sophistication": 0.12615433432772263,
    "sentiment_polarity": 0.1507537823788036,
    "avg_word_length": -0.036235524508258454,
    "semantic_uniqueness": 0.31095989926902934,
    "information_density": -0.0920734321305286,
    "specificity_score": 0.15412394312449687
  },
  "avg_ranks": {
    "0": {
      "4": 1.25,
      "6": 1.75,
      "7": 5.75,
      "2": 3.5,
      "8": 5.25,
      "1": 6.5,
      "0": 7.25,
      "5": 6.75,
      "3": 7.0
    },
    "1": {
      "3": 4.0,
      "0": 2.2,
      "9": 2.4,
      "8": 4.0,
      "4": 4.0,
      "5": 6.8,
      "1": 5.6,
      "7": 8.6,
      "2": 8.2,
      "6": 9.2
    },
    "2": {
      "7": 1.0,
      "5": 2.6,
      "3": 3.8,
      "8": 3.8,
      "4": 3.8,
      "6": 6.0,
      "0": 7.2,
      "2": 8.2,
      "1": 8.6
    },
    "3": {
      "8": 1.4,
      "2": 2.2,
      "1": 2.4,
      "4": 5.8,
      "5": 4.8,
      "0": 5.6,
      "6": 8.0,
      "7": 8.0,
      "3": 7.0,
      "9": 9.8
    },
    "4": {
      "4": 1.0,
      "5": 5.0,
      "0": 2.8,
      "6": 3.4,
      "2": 3.8,
      "7": 5.4,
      "3": 6.6,
      "1": 8.0
    },
    "5": {
      "1": 1.6,
      "4": 1.8,
      "0": 3.6,
      "2": 3.6,
      "3": 4.6,
      "6": 6.8,
      "7": 6.4,
      "5": 7.6
    },
    "6": {
      "1": 2.4,
      "3": 1.4,
      "0": 5.2,
      "5": 2.4,
      "4": 6.0,
      "2": 6.4,
      "7": 5.6,
      "6": 6.6
    },
    "7": {
      "3": 1.8,
      "8": 2.4,
      "7": 3.0,
      "0": 4.8,
      "5": 4.2,
      "6": 4.8,
      "4": 7.4,
      "1": 7.6,
      "2": 9.0
    },
    "8": {
      "5": 1.25,
      "1": 1.75,
      "7": 3.25,
      "4": 3.75,
      "2": 5.75,
      "3": 5.25,
      "0": 8.0,
      "6": 7.75,
      "8": 8.25
    },
    "9": {
      "4": 1.0,
      "2": 2.0,
      "1": 4.75,
      "5": 4.75,
      "3": 3.75,
      "9": 4.75,
      "8": 7.5,
      "0": 8.5,
      "7": 9.0,
      "6": 9.0
    },
    "10": {
      "2": 2.8,
      "6": 2.0,
      "7": 2.0,
      "0": 3.6,
      "4": 4.6,
      "5": 7.0,
      "3": 6.4,
      "1": 7.6,
      "8": 9.0
    },
    "11": {
      "2": 2.2,
      "8": 4.8,
      "1": 2.0,
      "5": 6.0,
      "0": 4.2,
      "7": 5.0,
      "6": 7.0,
      "3": 7.4,
      "4": 6.4
    },
    "12": {
      "0": 1.0,
      "1": 3.2,
      "2": 3.0,
      "3": 2.8,
      "6": 5.2,
      "5": 6.6,
      "7": 7.0,
      "4": 7.2
    },
    "13": {
      "6": 1.6,
      "7": 2.4,
      "3": 4.0,
      "5": 5.8,
      "2": 4.2,
      "0": 4.8,
      "1": 5.2,
      "8": 8.6,
      "4": 8.4
    },
    "14": {
      "5": 1.6,
      "1": 1.6,
      "2": 2.8,
      "0": 4.8,
      "7": 5.8,
      "3": 5.0,
      "6": 7.2,
      "4": 7.2
    },
    "15": {
      "3": 2.6,
      "8": 4.0,
      "6": 2.2,
      "7": 2.8,
      "0": 4.2,
      "5": 8.2,
      "1": 6.0,
      "2": 6.8,
      "4": 8.2
    },
    "16": {
      "0": 1.0,
      "6": 2.2,
      "1": 3.2,
      "7": 6.4,
      "5": 5.2,
      "4": 4.6,
      "3": 5.6,
      "9": 7.8,
      "2": 9.8,
      "8": 9.2
    },
    "17": {
      "3": 2.6,
      "1": 2.8,
      "0": 2.4,
      "8": 4.6,
      "6": 4.4,
      "5": 6.6,
      "2": 8.0,
      "4": 5.8,
      "7": 7.8
    },
    "18": {
      "0": 1.0,
      "4": 4.6,
      "1": 4.0,
      "5": 2.4,
      "2": 4.0,
      "6": 7.4,
      "3": 5.2,
      "7": 7.4
    },
    "19": {
      "2": 1.0,
      "3": 4.6,
      "5": 2.6,
      "7": 3.8,
      "6": 5.4,
      "4": 5.2,
      "0": 5.8,
      "1": 7.6
    },
    "20": {
      "6": 2.4,
      "2": 3.2,
      "4": 4.0,
      "0": 3.0,
      "8": 4.4,
      "3": 5.8,
      "7": 8.2,
      "9": 8.0,
      "1": 6.4,
      "5": 9.6
    },
    "21": {
      "1": 2.0,
      "4": 2.4,
      "8": 3.2,
      "2": 5.6,
      "6": 3.0,
      "0": 6.4,
      "3": 6.4,
      "7": 7.2,
      "5": 8.8
    },
    "22": {
      "9": 1.0,
      "3": 2.6,
      "2": 3.2,
      "5": 4.4,
      "7": 4.8,
      "6": 5.6,
      "8": 7.2,
      "0": 7.8,
      "4": 8.4,
      "1": 10.0
    },
    "23": {
      "6": 1.0,
      "5": 2.0,
      "0": 3.0,
      "9": 5.6,
      "7": 5.8,
      "8": 7.8,
      "3": 5.8,
      "4": 6.6,
      "1": 7.4,
      "2": 10.0
    },
    "24": {
      "6": 1.4,
      "1": 3.2,
      "3": 1.8,
      "2": 4.0,
      "4": 4.6,
      "5": 6.2,
      "8": 8.2,
      "0": 7.8,
      "7": 7.8
    },
    "25": {
      "0": 2.6,
      "5": 1.6,
      "1": 2.2,
      "2": 4.0,
      "8": 4.6,
      "6": 7.8,
      "4": 7.6,
      "7": 7.0,
      "3": 7.6
    },
    "26": {
      "5": 1.4,
      "7": 1.6,
      "0": 3.0,
      "6": 7.4,
      "8": 7.0,
      "3": 5.6,
      "1": 4.6,
      "2": 7.4,
      "4": 7.0
    },
    "27": {
      "1": 1.0,
      "0": 3.4,
      "3": 3.4,
      "5": 3.4,
      "6": 4.0,
      "2": 6.0,
      "4": 7.2,
      "7": 7.6
    },
    "28": {
      "4": 1.0,
      "0": 4.6,
      "6": 4.0,
      "7": 2.6,
      "2": 4.8,
      "1": 4.4,
      "8": 6.8,
      "3": 7.8,
      "5": 9.0
    },
    "29": {
      "4": 1.0,
      "8": 2.3333333333333335,
      "6": 4.0,
      "7": 4.666666666666667,
      "3": 7.0,
      "1": 4.666666666666667,
      "0": 5.0,
      "5": 8.0,
      "2": 8.333333333333334
    },
    "30": {
      "0": 1.6,
      "4": 1.8,
      "2": 6.0,
      "3": 4.0,
      "8": 5.8,
      "6": 5.6,
      "1": 6.0,
      "7": 5.2,
      "5": 9.0
    },
    "31": {
      "0": 3.0,
      "7": 3.2,
      "5": 4.0,
      "8": 6.8,
      "6": 5.8,
      "1": 5.6,
      "3": 4.4,
      "4": 9.2,
      "9": 7.6,
      "2": 5.4
    },
    "32": {
      "6": 1.2,
      "4": 5.0,
      "0": 2.4,
      "3": 4.8,
      "2": 4.8,
      "7": 4.2,
      "8": 6.4,
      "9": 7.2,
      "5": 9.2,
      "1": 9.8
    },
    "33": {
      "0": 1.8,
      "3": 5.4,
      "9": 2.4,
      "8": 2.4,
      "2": 4.6,
      "5": 5.8,
      "4": 7.2,
      "6": 7.6,
      "1": 7.8,
      "7": 10.0
    },
    "34": {
      "7": 1.8,
      "4": 2.6,
      "5": 4.2,
      "1": 4.0,
      "8": 3.8,
      "3": 6.4,
      "2": 6.4,
      "0": 6.8,
      "6": 9.0
    },
    "35": {
      "7": 3.5,
      "1": 3.0,
      "6": 3.25,
      "5": 4.25,
      "3": 5.25,
      "4": 6.0,
      "9": 4.25,
      "0": 7.25,
      "2": 8.5,
      "8": 9.75
    },
    "36": {
      "5": 1.0,
      "2": 3.0,
      "3": 2.6,
      "8": 4.8,
      "0": 4.8,
      "7": 4.8,
      "6": 8.0,
      "4": 7.6,
      "1": 8.4
    },
    "37": {
      "2": 2.6,
      "5": 3.6,
      "1": 3.8,
      "7": 4.6,
      "4": 4.4,
      "6": 4.2,
      "0": 4.8,
      "3": 8.0
    },
    "38": {
      "6": 1.0,
      "2": 2.25,
      "0": 3.5,
      "3": 5.0,
      "1": 3.5,
      "8": 6.0,
      "5": 8.25,
      "4": 7.0,
      "7": 8.5
    },
    "39": {
      "2": 1.8,
      "3": 2.8,
      "9": 4.6,
      "8": 6.8,
      "7": 5.8,
      "6": 3.8,
      "1": 5.0,
      "4": 9.2,
      "0": 7.6,
      "5": 7.6
    },
    "40": {
      "2": 1.2,
      "7": 1.8,
      "6": 4.0,