{
  "content_diversity": 0.3950249254703522,
  "classifier_auc": 0.7941806922832645,
  "ranking_stability": 0.6159114452798663,
  "feature_coefficients": {
    "word_count": 0.5446325426790503,
    "sentence_count": 0.0955074877500651,
    "avg_sentence_length": -0.07657109095593441,
    "paragraph_count": -0.18746335817977464,
    "heading_density": 0.13565272887547483,
    "list_frequency": 0.14442996999952035,
    "readability": -0.3179964216020866,
    "bold_emphasis_density": -0.3487362016685785,
    "citation_density": -0.019526433872423882,
    "statistic_density": -0.07192587514179496,
    "quote_density": -0.12383788417619565,
    "named_source_mentions": -0.1381566079606848,
    "year_mentions": 0.0776429017157945,
    "claim_density": -0.06531919339896411,
    "external_reference_density": 0.07944503336616791,
    "question_density": -0.15769915032488677,
    "query_similarity": 0.8746368834668293,
    "corpus_centroid_similarity": 0.047865867082090674,
    "type_token_ratio": -0.2996023029248514,
    "vocabulary_sophistication": -0.05774292993027967,
    "sentiment_polarity": 0.06285263287052457,
    "avg_word_length": 0.02825157317619598,
    "semantic_uniqueness": 0.3778814156541105,
    "information_density": -0.023190234000426472,
    "specificity_score": 0.34869744543916587
  },
  "avg_ranks": {
    "0": {
      "6": 1.0,
      "4": 2.0,
      "3": 5.6,
      "5": 5.8,
      "0": 6.2,
      "2": 4.0,
      "8": 5.8,
      "1": 6.6,
      "7": 8.0
    },
    "1": {
      "5": 4.4,
      "1": 3.2,
      "8": 3.4,
      "0": 3.4,
      "9": 3.6,
      "4": 5.6,
      "3": 4.8,
      "2": 7.6,
      "7": 9.4,
      "6": 9.6
    },
    "2": {
      "7": 1.4,
      "5": 1.8,
      "8": 3.4,
      "4": 3.8,
      "3": 4.6,
      "6": 6.0,
      "0": 7.8,
      "2": 7.8,
      "1": 8.4
    },
    "3": {
      "1": 2.0,
      "2": 2.8,
      "8": 2.5,
      "5": 3.6,
      "3": 7.8,
      "4": 5.8,
      "0": 5.8,
      "6": 7.0,
      "7": 9.4,
      "9": 9.2
    },
    "4": {
      "4": 1.8,
      "6": 2.6,
      "2": 4.0,
      "7": 5.0,
      "0": 2.8,
      "5": 6.4,
      "1": 7.6,
      "3": 5.8
    },
    "5": {
      "1": 1.8,
      "0": 3.8,
      "4": 1.8,
      "6": 4.2,
      "2": 4.6,
      "3": 5.2,
      "7": 6.8,
      "5": 7.8
    },
    "6": {
      "3": 1.2,
      "5": 2.4,
      "1": 3.0,
      "0": 4.6,
      "4": 6.6,
      "7": 5.0,
      "6": 5.8,
      "2": 7.4
    },
    "7": {
      "6": 3.6,
      "8": 1.8,
      "3": 2.6,
      "7": 4.4,
      "5": 4.4,
      "0": 5.8,
      "4": 5.4,
      "1": 8.0,
      "2": 9.0
    },
    "8": {
      "5": 1.2,
      "1": 1.8,
      "7": 3.6,
      "4": 4.0,
      "3": 4.4,
      "2": 6.0,
      "8": 7.4,
      "6": 8.2,
      "0": 8.4
    },
    "9": {
      "4": 1.0,
      "2": 2.0,
      "9": 4.0,
      "5": 5.2,
      "3": 5.0,
      "1": 4.4,
      "8": 6.6,
      "7": 8.8,
      "0": 8.4,
      "6": 9.6
    },
    "10": {
      "2": 2.2,
      "7": 3.0,
      "6": 2.2,
      "0": 2.8,
      "4": 5.4,
      "3": 6.8,
      "5": 6.4,
      "1": 7.4,
      "8": 8.8
    },
    "11": {
      "4": 5.8,
      "7": 3.4,
      "1": 2.0,
      "2": 2.8,
      "8": 4.4,
      "0": 5.6,
      "5": 6.4,
      "6": 6.4,
      "3": 8.2
    },
    "12": {
      "0": 1.0,
      "3": 2.6666666666666665,
      "1": 3.0,
      "6": 4.0,
      "2": 4.333333333333333,
      "5": 6.666666666666667,
      "4": 7.666666666666667,
      "7": 6.666666666666667
    },
    "13": {
      "7": 1.6,
      "6": 2.6,
      "5": 4.0,
      "2": 5.2,
      "3": 5.0,
      "1": 4.4,
      "0": 5.2,
      "8": 8.4,
      "4": 8.6
    },
    "14": {
      "1": 1.0,
      "5": 2.4,
      "2": 2.6,
      "0": 4.0,
      "3": 5.6,
      "6": 6.0,
      "4": 7.6,
      "7": 6.8
    },
    "15": {
      "7": 1.8,
      "6": 1.2,
      "3": 4.8,
      "2": 6.4,
      "4": 7.4,
      "1": 6.0,
      "5": 8.0,
      "0": 4.4,
      "8": 5.0
    },
    "16": {
      "0": 1.0,
      "6": 2.0,
      "3": 3.4,
      "4": 6.2,
      "5": 5.6,
      "7": 6.8,
      "1": 5.4,
      "9": 5.6,
      "8": 9.2,
      "2": 9.8
    },
    "17": {
      "0": 1.6,
      "8": 3.8,
      "3": 2.8,
      "1": 3.4,
      "6": 4.4,
      "4": 6.4,
      "5": 6.4,
      "2": 8.0,
      "7": 8.2
    },
    "18": {
      "4": 1.4,
      "5": 2.8,
      "2": 3.6,
      "1": 5.4,
      "0": 3.2,
      "7": 5.8,
      "3": 6.0,
      "6": 7.8
    },
    "19": {
      "2": 1.0,
      "5": 2.4,
      "4": 4.4,
      "6": 4.8,
      "3": 4.6,
      "7": 5.4,
      "0": 6.6,
      "1": 6.8
    },
    "20": {
      "1": 4.0,
      "4": 2.6,
      "9": 7.0,
      "0": 3.8,
      "2": 3.6,
      "3": 5.8,
      "6": 4.0,
      "8": 6.2,
      "5": 8.8,
      "7": 9.2
    },
    "21": {
      "4": 1.2,
      "6": 2.6,
      "1": 2.8,
      "7": 5.8,
      "8": 3.6,
      "2": 6.0,
      "3": 7.6,
      "0": 6.4,
      "5": 9.0
    },
    "22": {
      "9": 2.8,
      "0": 6.4,
      "3": 2.4,
      "7": 3.4,
      "2": 4.2,
      "5": 6.6,
      "6": 7.6,
      "8": 5.6,
      "4": 6.0,
      "1": 10.0
    },
    "23": {
      "6": 1.0,
      "5": 2.4,
      "0": 2.8,
      "7": 7.6,
      "3": 4.2,
      "4": 6.4,
      "8": 7.4,
      "1": 8.2,
      "9": 5.8,
      "2": 9.2
    },
    "24": {
      "1": 3.4,
      "3": 1.6,
      "2": 5.0,
      "4": 6.0,
      "6": 3.2,
      "0": 3.4,
      "5": 6.4,
      "7": 7.0,
      "8": 9.0
    },
    "25": {
      "5": 1.8,
      "0": 2.8,
      "1": 1.8,
      "8": 4.0,
      "2": 4.6,
      "6": 7.8,
      "3": 6.8,
      "4": 8.2,
      "7": 7.2
    },
    "26": {
      "5": 1.2,
      "7": 1.8,
      "0": 3.4,
      "1": 3.8,
      "3": 5.2,
      "6": 7.4,
      "8": 6.4,
      "2": 7.8,
      "4": 8.0
    },
    "27": {
      "1": 1.0,
      "5": 3.4,
      "6": 3.6,
      "0": 4.8,
      "2": 6.4,
      "3": 5.6,
      "4": 3.8,
      "7": 7.4
    },
    "28": {
      "4": 1.0,
      "0": 3.6,
      "7": 2.4,
      "1": 5.8,
      "2": 5.0,
      "6": 4.0,
      "8": 7.8,
      "3": 6.4,
      "5": 9.0
    },
    "29": {
      "4": 1.0,
      "8": 2.25,
      "6": 4.25,
      "7": 5.75,
      "1": 6.0,
      "5": 6.75,
      "2": 8.25,
      "0": 4.0,
      "3": 6.75
    },
    "30": {
      "4": 2.0,
      "0": 1.2,
      "3": 3.6,
      "2": 4.2,
      "6": 5.8,
      "1": 6.4,
      "8": 5.4,
      "7": 7.4,
      "5": 9.0
    },
    "31": {
      "0": 1.2,
      "3": 4.2,
      "7": 2.0,
      "5": 3.6,
      "2": 6.8,
      "4": 8.2,
      "9": 9.2,
      "6": 6.2,
      "1": 6.4,
      "8": 7.2
    },
    "32": {
      "0": 3.2,
      "6": 2.2,
      "3": 2.2,
      "8": 3.4,
      "7": 5.0,
      "9": 6.2,
      "2": 5.8,
      "4": 8.0,
      "5": 9.2,
      "1": 9.8
    },
    "33": {
      "0": 2.25,
      "9": 2.5,
      "5": 4.75,
      "8": 2.25,
      "2": 3.75,
      "4": 6.75,
      "6": 6.75,
      "3": 7.0,
      "7": 9.5,
      "1": 9.5
    },
    "34": {
      "7": 2.4,
      "2": 6.2,
      "8": 2.0,
      "5": 3.4,
      "4": 5.2,
      "1": 3.4,
      "0": 6.8,
      "3": 6.6,
      "6": 9.0
    },
    "35": {
      "1": 1.4,
      "6": 2.6,
      "5": 4.4,
      "7": 4.2,
      "9": 3.8,
      "0": 7.2,
      "4": 7.0,
      "3": 6.8,
      "2": 7.8,
      "8": 9.8
    },
    "36": {
      "5": 1.0,
      "3": 3.0,
      "2": 4.0,
      "8": 3.2,
      "6": 7.6,
      "0": 5.2,
      "7": 5.2,
      "4": 7.2,
      "1": 8.6
    },
    "37": {
      "6": 4.8,
      "0": 4.2,
      "2": 3.2,
      "4": 4.4,
      "1": 2.8,
      "5": 3.8,
      "7": 4.8,
      "3": 8.0
    },
    "38": {
      "6": 1.0,
      "2": 2.25,
      "0": 3.25,
      "3": 5.25,
      "1": 4.0,
      "8": 6.0,
      "5": 6.75,
      "4": 7.5,
      "7": 9.0
    },
    "39": {
      "5": 6.0,
      "6": 2.4,
      "1": 3.4,
      "2": 2.8,
      "3": 3.4,
      "7": 8.2,
      "9": 5.8,
      "0": 6.4,
      "8": 7.2,
      "4": 9.4
    },
    "40": {
      "2": 1.2,
      "7": 1.8,
      "5": 4.8,