{
  "content_diversity": 0.39496421813964844,
  "classifier_auc": 0.7935570227936729,
  "ranking_stability": 0.6351092089728453,
  "feature_coefficients": {
    "word_count": 0.41019979817905033,
    "sentence_count": 0.14750404459817082,
    "avg_sentence_length": -0.4568038993352498,
    "paragraph_count": -0.23580000149351857,
    "heading_density": -0.0664967393914645,
    "list_frequency": -0.05753203505369186,
    "readability": 0.1783319926786688,
    "bold_emphasis_density": -0.1653156699138541,
    "citation_density": -0.02968836605445449,
    "statistic_density": -0.18274674256537493,
    "quote_density": -0.21404411526821593,
    "named_source_mentions": -0.10594928806225826,
    "year_mentions": 0.12421272977647443,
    "claim_density": 0.002669141749700917,
    "external_reference_density": 0.10164755552038032,
    "question_density": -0.11222236834670153,
    "query_similarity": 0.9388317824118259,
    "corpus_centroid_similarity": 0.11873546580710621,
    "type_token_ratio": -0.2702553289974874,
    "vocabulary_sophistication": -0.02774754772817102,
    "sentiment_polarity": 0.03056001062976503,
    "avg_word_length": -0.2875224297749224,
    "semantic_uniqueness": 0.42531561051045325,
    "information_density": -0.06432198807807717,
    "specificity_score": 0.3607397670352512
  },
  "avg_ranks": {
    "0": {
      "6": 1.0,
      "4": 2.0,
      "0": 6.8,
      "3": 5.0,
      "5": 5.6,
      "2": 5.8,
      "8": 6.0,
      "7": 7.6,
      "1": 5.2
    },
    "1": {
      "4": 3.4,
      "1": 5.4,
      "9": 3.6,
      "0": 3.4,
      "3": 3.8,
      "8": 3.0,
      "5": 5.8,
      "2": 7.6,
      "6": 9.0,
      "7": 10.0
    },
    "2": {
      "5": 1.0,
      "7": 2.0,
      "8": 3.2,
      "3": 4.4,
      "4": 4.4,
      "6": 6.0,
      "0": 7.8,
      "2": 8.2,
      "1": 8.0
    },
    "3": {
      "8": 1.0,
      "1": 2.8,
      "2": 2.6,
      "5": 4.0,
      "7": 6.8,
      "3": 6.6,
      "4": 6.4,
      "0": 7.0,
      "6": 9.0,
      "9": 8.8
    },
    "4": {
      "4": 1.6,
      "0": 2.0,
      "2": 3.6,
      "7": 4.2,
      "3": 7.0,
      "5": 6.0,
      "6": 4.0,
      "1": 7.6
    },
    "5": {
      "1": 2.0,
      "4": 1.6,
      "0": 4.2,
      "2": 3.8,
      "3": 4.4,
      "7": 5.8,
      "5": 7.8,
      "6": 6.4
    },
    "6": {
      "3": 1.2,
      "5": 3.0,
      "1": 2.2,
      "0": 5.0,
      "7": 4.6,
      "6": 5.2,
      "4": 6.8,
      "2": 8.0
    },
    "7": {
      "8": 2.8,
      "3": 3.0,
      "6": 2.6,
      "5": 3.8,
      "0": 5.6,
      "7": 3.4,
      "1": 7.8,
      "4": 7.0,
      "2": 9.0
    },
    "8": {
      "5": 1.0,
      "1": 2.0,
      "4": 3.5,
      "7": 3.5,
      "3": 5.0,
      "2": 6.25,
      "0": 8.25,
      "6": 7.0,
      "8": 8.5
    },
    "9": {
      "4": 1.0,
      "2": 2.0,
      "1": 4.0,
      "9": 3.8,
      "3": 4.8,
      "5": 5.4,
      "8": 7.8,
      "7": 8.6,
      "6": 9.8,
      "0": 7.8
    },
    "10": {
      "2": 1.6,
      "0": 2.0,
      "6": 3.6,
      "7": 3.2,
      "5": 6.8,
      "4": 5.0,
      "1": 6.4,
      "3": 7.4,
      "8": 9.0
    },
    "11": {
      "1": 1.4,
      "0": 3.6,
      "2": 2.2,
      "8": 4.4,
      "5": 5.6,
      "7": 7.2,
      "4": 8.2,
      "3": 6.8,
      "6": 5.6
    },
    "12": {
      "0": 1.0,
      "1": 3.4,
      "2": 4.0,
      "3": 2.6,
      "6": 4.0,
      "7": 7.2,
      "5": 6.6,
      "4": 7.2
    },
    "13": {
      "6": 2.0,
      "2": 3.2,
      "7": 2.2,
      "5": 3.8,
      "3": 6.0,
      "0": 5.2,
      "1": 5.6,
      "8": 8.4,
      "4": 8.6
    },
    "14": {
      "5": 1.2,
      "1": 2.0,
      "2": 2.8,
      "3": 4.6,
      "7": 6.0,
      "4": 6.0,
      "6": 7.4,
      "0": 6.0
    },
    "15": {
      "6": 1.2,
      "7": 1.8,
      "0": 3.8,
      "3": 5.2,
      "8": 5.0,
      "1": 5.4,
      "2": 6.0,
      "4": 8.4,
      "5": 8.2
    },
    "16": {
      "0": 1.2,
      "6": 2.4,
      "3": 3.2,
      "1": 3.6,
      "4": 5.8,
      "5": 6.8,
      "7": 6.6,
      "9": 6.4,
      "8": 9.2,
      "2": 9.8
    },
    "17": {
      "3": 1.0,
      "6": 3.2,
      "0": 2.4,
      "8": 4.0,
      "1": 4.4,
      "5": 7.0,
      "7": 6.8,
      "2": 8.8,
      "4": 7.4
    },
    "18": {
      "0": 2.0,
      "5": 2.6,
      "1": 3.6,
      "2": 4.8,
      "4": 2.8,
      "3": 5.6,
      "7": 7.2,
      "6": 7.4
    },
    "19": {
      "2": 1.0,
      "5": 2.0,
      "7": 4.5,
      "4": 3.5,
      "0": 6.75,
      "1": 7.25,
      "6": 5.0,
      "3": 6.0
    },
    "20": {
      "6": 1.8,
      "2": 3.4,
      "0": 3.2,
      "8": 4.0,
      "4": 4.2,
      "3": 6.2,
      "1": 5.2,
      "7": 9.0,
      "9": 8.4,
      "5": 9.6
    },
    "21": {
      "1": 2.2,
      "4": 2.2,
      "6": 2.4,
      "8": 3.4,
      "0": 6.2,
      "3": 6.6,
      "2": 6.6,
      "7": 6.4,
      "5": 9.0
    },
    "22": {
      "9": 1.0,
      "3": 2.6,
      "7": 3.8,
      "2": 4.4,
      "5": 5.8,
      "0": 5.0,
      "6": 6.4,
      "8": 7.6,
      "4": 8.4,
      "1": 10.0
    },
    "23": {
      "6": 1.0,
      "0": 2.6,
      "5": 2.4,
      "3": 5.8,
      "8": 8.0,
      "7": 5.8,
      "1": 7.8,
      "4": 6.8,
      "9": 6.2,
      "2": 8.6
    },
    "24": {
      "2": 3.2,
      "6": 1.8,
      "3": 2.6,
      "4": 4.2,
      "8": 6.8,
      "1": 4.4,
      "5": 7.2,
      "7": 8.6,
      "0": 6.2
    },
    "25": {
      "1": 1.0,
      "5": 2.0,
      "8": 3.6,
      "2": 3.4,
      "0": 5.2,
      "7": 7.0,
      "3": 7.0,
      "4": 7.4,
      "6": 8.4
    },
    "26": {
      "5": 1.4,
      "7": 1.6,
      "3": 4.8,
      "1": 5.0,
      "0": 4.2,
      "2": 7.6,
      "8": 4.4,
      "6": 7.4,
      "4": 8.6
    },
    "27": {
      "1": 1.0,
      "6": 3.75,
      "5": 3.0,
      "4": 5.25,
      "0": 3.75,
      "3": 5.75,
      "2": 5.75,
      "7": 7.75
    },
    "28": {
      "4": 1.0,
      "0": 4.6,
      "7": 2.4,
      "2": 4.8,
      "6": 3.2,
      "3": 7.0,
      "8": 6.0,
      "1": 7.0,
      "5": 9.0
    },
    "29": {
      "4": 1.0,
      "8": 2.75,
      "0": 3.5,
      "6": 4.5,
      "7": 6.25,
      "1": 4.25,
      "2": 7.75,
      "3": 7.25,
      "5": 7.75
    },
    "30": {
      "7": 6.6,
      "4": 1.6,
      "0": 1.8,
      "3": 4.0,
      "8": 4.4,
      "6": 5.0,
      "1": 6.8,
      "2": 6.0,
      "5": 8.8
    },
    "31": {
      "7": 4.0,
      "0": 2.4,
      "5": 5.6,
      "2": 4.8,
      "3": 3.6,
      "6": 5.6,
      "1": 5.0,
      "8": 5.6,
      "4": 9.0,
      "9": 9.4
    },
    "32": {
      "6": 1.0,
      "3": 3.0,
      "0": 2.4,
      "7": 4.6,
      "2": 5.6,
      "8": 4.4,
      "4": 7.4,
      "9": 7.6,
      "1": 9.8,
      "5": 9.2
    },
    "33": {
      "0": 1.25,
      "9": 1.75,
      "8": 3.5,
      "3": 6.75,
      "2": 4.75,
      "5": 4.5,
      "4": 7.0,
      "6": 7.25,
      "1": 8.25,
      "7": 10.0
    },
    "34": {
      "8": 3.2,
      "7": 1.4,
      "4": 3.8,
      "5": 3.2,
      "1": 4.4,
      "0": 7.2,
      "3": 6.0,
      "2": 6.8,
      "6": 9.0
    },
    "35": {
      "9": 4.0,
      "6": 3.0,
      "1": 2.8,
      "5": 4.0,
      "4": 6.8,
      "3": 6.4,
      "7": 4.8,
      "0": 7.8,
      "2": 7.2,
      "8": 8.2
    },
    "36": {
      "5": 1.2,
      "8": 4.4,
      "7": 4.8,
      "0": 4.2,
      "2": 3.4,
      "3": 3.0,
      "4": 7.6,
      "6": 7.4,
      "1": 9.0
    },
    "37": {
      "2": 2.4,
      "5": 1.8,
      "7": 3.6,
      "1": 3.0,
      "4": 4.2,
      "0": 6.6,
      "6": 6.4,
      "3": 8.0
    },
    "38": {
      "6": 1.0,
      "2": 2.4,
      "0": 3.6,
      "1": 3.2,
      "3": 6.4,
      "8": 5.2,
      "5": 7.2,
      "4": 7.0,
      "7": 9.0
    },
    "39": {
      "3": 2.4,
      "2": 2.6,
      "9": 4.6,
      "0": 5.6,
      "6": 3.0,
      "1": 4.0,
      "7": 8.4,
      "4": 8.6,
      "8": 8.6,
      "5": 7.2
    },
    "40": {
      "7": 2.0,
      "2": 1.6,
      "6": 3.2,
      "4": 6.0,
      "3": 5.4,
      "5": 6.4,