{
  "content_diversity": 0.39504000544548035,
  "classifier_auc": 0.7913220161237465,
  "ranking_stability": 0.6349142602154649,
  "feature_coefficients": {
    "word_count": 0.5342853013100636,
    "sentence_count": 0.3856128959810498,
    "avg_sentence_length": -0.23733324782093457,
    "paragraph_count": -0.10498218257875122,
    "heading_density": 0.2656354959298665,
    "list_frequency": 0.0468614209511563,
    "readability": 0.18570681224343513,
    "bold_emphasis_density": -0.24782441803909908,
    "citation_density": -0.2023346645665855,
    "statistic_density": -0.026942674431820617,
    "quote_density": -0.19182871990489167,
    "named_source_mentions": -0.21901894241965864,
    "year_mentions": 0.02809483485817344,
    "claim_density": 0.039911766711669926,
    "external_reference_density": -0.01787502591193289,
    "question_density": -0.09142951224300797,
    "query_similarity": 0.9315680670867014,
    "corpus_centroid_similarity": -0.0020940493267842908,
    "type_token_ratio": -0.18724770728413553,
    "vocabulary_sophistication": -0.045937395628176,
    "sentiment_polarity": 0.05235522162253037,
    "avg_word_length": -0.18568322931054237,
    "semantic_uniqueness": 0.3041196806070116,
    "information_density": -0.0393641026162544,
    "specificity_score": 0.3209080602362051
  },
  "avg_ranks": {
    "0": {
      "6": 1.4,
      "4": 1.6,
      "1": 4.0,
      "2": 5.2,
      "0": 7.0,
      "3": 4.8,
      "5": 5.8,
      "8": 6.4,
      "7": 8.8
    },
    "1": {
      "0": 3.8,
      "9": 3.6,
      "3": 4.0,
      "8": 3.4,
      "4": 5.0,
      "1": 3.4,
      "6": 8.2,
      "5": 6.0,
      "2": 7.6,
      "7": 10.0
    },
    "2": {
      "7": 1.4,
      "5": 1.6,
      "8": 3.4,
      "4": 3.8,
      "3": 4.8,
      "6": 6.0,
      "2": 7.8,
      "0": 7.2,
      "1": 9.0
    },
    "3": {
      "1": 2.4,
      "2": 2.6,
      "8": 1.6,
      "5": 4.8,
      "4": 5.8,
      "6": 8.0,
      "7": 7.0,
      "9": 9.0,
      "0": 7.6,
      "3": 6.2
    },
    "4": {
      "4": 2.0,
      "2": 3.2,
      "7": 3.6,
      "6": 3.6,
      "5": 4.2,
      "0": 4.4,
      "1": 7.8,
      "3": 7.2
    },
    "5": {
      "1": 1.2,
      "4": 1.8,
      "6": 5.4,
      "2": 4.0,
      "3": 5.0,
      "7": 6.2,
      "0": 4.6,
      "5": 7.8
    },
    "6": {
      "3": 1.4,
      "1": 2.0,
      "5": 2.8,
      "7": 5.2,
      "6": 5.8,
      "4": 6.6,
      "0": 4.4,
      "2": 7.8
    },
    "7": {
      "6": 3.0,
      "7": 2.8,
      "5": 2.8,
      "8": 2.6,
      "0": 6.8,
      "3": 4.2,
      "4": 6.6,
      "1": 7.6,
      "2": 8.6
    },
    "8": {
      "1": 1.6,
      "5": 1.4,
      "7": 3.8,
      "4": 3.8,
      "3": 4.4,
      "8": 7.6,
      "0": 8.0,
      "2": 6.4,
      "6": 8.0
    },
    "9": {
      "4": 1.0,
      "2": 2.0,
      "1": 3.0,
      "5": 4.4,
      "3": 5.2,
      "9": 5.4,
      "8": 7.2,
      "0": 8.4,
      "7": 8.8,
      "6": 9.6
    },
    "10": {
      "0": 2.2,
      "2": 1.8,
      "7": 3.4,
      "6": 3.0,
      "4": 5.0,
      "1": 7.4,
      "5": 6.4,
      "3": 6.8,
      "8": 9.0
    },
    "11": {
      "1": 1.6,
      "2": 1.6,
      "8": 4.2,
      "5": 4.8,
      "0": 4.4,
      "7": 6.0,
      "4": 7.8,
      "3": 7.8,
      "6": 6.8
    },
    "12": {
      "0": 1.0,
      "3": 3.0,
      "6": 4.0,
      "1": 3.2,
      "2": 3.8,
      "7": 6.4,
      "5": 7.0,
      "4": 7.6
    },
    "13": {
      "7": 1.0,
      "0": 3.2,
      "2": 5.2,
      "5": 4.2,
      "1": 3.4,
      "6": 4.4,
      "3": 7.0,
      "4": 8.0,
      "8": 8.6
    },
    "14": {
      "5": 1.6,
      "1": 1.6,
      "2": 2.8,
      "3": 4.6,
      "7": 6.4,
      "4": 7.4,
      "6": 6.4,
      "0": 5.2
    },
    "15": {
      "6": 1.0,
      "7": 2.0,
      "0": 4.4,
      "2": 7.0,
      "3": 4.2,
      "1": 5.4,
      "5": 7.4,
      "8": 5.0,
      "4": 8.6
    },
    "16": {
      "0": 1.2,
      "6": 2.4,
      "3": 3.4,
      "1": 4.0,
      "5": 5.4,
      "4": 6.4,
      "7": 6.8,
      "9": 6.4,
      "8": 9.4,
      "2": 9.6
    },
    "17": {
      "0": 1.4,
      "1": 3.2,
      "8": 3.4,
      "3": 2.6,
      "6": 4.6,
      "4": 7.4,
      "7": 7.8,
      "5": 6.8,
      "2": 7.8
    },
    "18": {
      "4": 2.0,
      "5": 2.6,
      "0": 4.4,
      "2": 3.8,
      "3": 4.0,
      "1": 4.6,
      "7": 7.6,
      "6": 7.0
    },
    "19": {
      "2": 1.0,
      "3": 3.2,
      "5": 3.2,
      "6": 4.4,
      "7": 3.8,
      "4": 5.4,
      "0": 7.2,
      "1": 7.8
    },
    "20": {
      "1": 4.6,
      "4": 2.8,
      "0": 2.2,
      "3": 6.2,
      "8": 4.4,
      "2": 4.0,
      "6": 4.2,
      "9": 7.8,
      "5": 9.6,
      "7": 9.2
    },
    "21": {
      "6": 1.4,
      "4": 1.8,
      "1": 3.0,
      "8": 4.4,
      "2": 5.2,
      "7": 6.4,
      "3": 7.6,
      "0": 6.8,
      "5": 8.4
    },
    "22": {
      "9": 2.4,
      "4": 6.8,
      "7": 4.2,
      "3": 2.4,
      "2": 3.8,
      "6": 6.0,
      "5": 6.6,
      "0": 6.6,
      "8": 6.2,
      "1": 10.0
    },
    "23": {
      "6": 1.0,
      "9": 5.4,
      "5": 2.4,
      "0": 3.0,
      "3": 5.2,
      "8": 7.6,
      "7": 5.2,
      "4": 6.6,
      "1": 8.6,
      "2": 10.0
    },
    "24": {
      "2": 3.8,
      "4": 4.8,
      "6": 2.0,
      "3": 2.6,
      "1": 3.8,
      "5": 5.8,
      "7": 7.6,
      "0": 6.4,
      "8": 8.2
    },
    "25": {
      "1": 1.0,
      "5": 2.0,
      "2": 3.6,
      "8": 3.8,
      "0": 4.6,
      "6": 7.4,
      "7": 7.6,
      "3": 7.4,
      "4": 7.6
    },
    "26": {
      "5": 1.2,
      "7": 1.8,
      "0": 3.2,
      "1": 4.0,
      "3": 5.8,
      "8": 5.4,
      "2": 8.4,
      "6": 8.0,
      "4": 7.2
    },
    "27": {
      "1": 1.0,
      "5": 3.0,
      "6": 4.2,
      "0": 4.2,
      "2": 4.8,
      "3": 6.8,
      "7": 7.4,
      "4": 4.6
    },
    "28": {
      "4": 1.2,
      "0": 4.2,
      "7": 2.6,
      "2": 4.8,
      "6": 3.8,
      "1": 4.8,
      "8": 6.6,
      "5": 8.6,
      "3": 8.4
    },
    "29": {
      "4": 1.0,
      "8": 5.4,
      "6": 3.6,
      "7": 5.4,
      "0": 2.8,
      "1": 4.8,
      "3": 5.8,
      "2": 8.0,
      "5": 8.2
    },
    "30": {
      "0": 1.0,
      "4": 2.0,
      "6": 4.4,
      "8": 4.6,
      "3": 4.6,
      "7": 7.6,
      "2": 5.0,
      "1": 6.8,
      "5": 9.0
    },
    "31": {
      "0": 2.0,
      "7": 2.2,
      "5": 2.8,
      "3": 5.4,
      "1": 6.6,
      "6": 7.2,
      "8": 6.6,
      "2": 6.0,
      "4": 8.2,
      "9": 8.0
    },
    "32": {
      "0": 1.6,
      "6": 2.6,
      "7": 5.4,
      "3": 3.8,
      "8": 3.8,
      "9": 5.4,
      "2": 5.8,
      "5": 9.2,
      "4": 7.8,
      "1": 9.6
    },
    "33": {
      "0": 1.2,
      "9": 2.0,
      "8": 3.2,
      "2": 4.2,
      "5": 4.8,
      "4": 6.6,
      "7": 9.4,
      "3": 6.8,
      "1": 8.0,
      "6": 8.8
    },
    "34": {
      "4": 3.4,
      "7": 2.0,
      "5": 3.2,
      "3": 5.4,
      "2": 7.0,
      "1": 3.8,
      "8": 4.0,
      "0": 7.2,
      "6": 9.0
    },
    "35": {
      "1": 1.4,
      "6": 3.2,
      "5": 3.8,
      "3": 5.6,
      "7": 3.2,
      "2": 8.0,
      "0": 7.8,
      "8": 9.6,
      "4": 6.4,
      "9": 6.0
    },
    "36": {
      "5": 1.2,
      "3": 2.2,
      "2": 3.4,
      "8": 4.8,
      "7": 4.6,
      "0": 4.8,
      "4": 7.4,
      "1": 8.6,
      "6": 8.0
    },
    "37": {
      "2": 2.0,
      "5": 1.8,
      "1": 2.4,
      "7": 4.4,
      "4": 4.8,
      "0": 6.4,
      "6": 6.4,
      "3": 7.8
    },
    "38": {
      "6": 1.0,
      "2": 2.2,
      "1": 3.8,
      "0": 4.0,
      "4": 6.6,
      "5": 6.4,
      "8": 6.6,
      "3": 5.4,
      "7": 9.0
    },
    "39": {
      "2": 2.4,
      "3": 4.2,
      "6": 3.2,
      "1": 3.8,
      "9": 6.0,
      "8": 9.2,
      "7": 8.0,
      "0": 6.8,
      "4": 8.6,
      "5": 2.8
    },
    "40": {
      "2": 1.4,
      "7": 1.8,
      "5": 6.4,
      "6": 3.0,
      "4": 6.4,
      "1": 5.4,
      "0": 5.4,