{
  "content_diversity": 0.39557456970214844,
  "classifier_auc": 0.8159549044056525,
  "ranking_stability": 0.6392271662763466,
  "feature_coefficients": {
    "word_count": 0.6381290916674985,
    "sentence_count": 0.3198698899147465,
    "avg_sentence_length": -0.18466782263112727,
    "paragraph_count": -0.16983062615361802,
    "heading_density": 0.24520089093230676,
    "list_frequency": 0.18090673029808066,
    "readability": 0.01480367471877464,
    "bold_emphasis_density": -0.5571836444908473,
    "citation_density": 0.05469895993563753,
    "statistic_density": -0.06680425851259363,
    "quote_density": -0.11112621302796645,
    "named_source_mentions": -0.2920714569399326,
    "year_mentions": 0.10833151513546947,
    "claim_density": -0.060827126119958996,
    "external_reference_density": 0.02646519644439232,
    "question_density": -0.17981934574461952,
    "query_similarity": 0.9603160688782738,
    "corpus_centroid_similarity": 0.0827191726958947,
    "type_token_ratio": -0.2640450315026027,
    "vocabulary_sophistication": -0.0234469461553345,
    "sentiment_polarity": -0.009169043699139102,
    "avg_word_length": -0.18853711167697215,
    "semantic_uniqueness": 0.5691507258302614,
    "information_density": 0.03238374050235317,
    "specificity_score": 0.4168419147241191
  },
  "avg_ranks": {
    "0": {
      "6": 1.2,
      "4": 1.8,
      "1": 3.2,
      "7": 7.8,
      "2": 6.0,
      "8": 5.0,
      "3": 5.8,
      "5": 7.0,
      "0": 7.2
    },
    "1": {
      "8": 4.0,
      "0": 1.8,
      "9": 2.4,
      "3": 3.6,
      "2": 6.8,
      "5": 6.8,
      "1": 5.2,
      "4": 5.4,
      "6": 9.0,
      "7": 10.0
    },
    "2": {
      "7": 1.4,
      "5": 1.8,
      "3": 3.6,
      "8": 4.0,
      "4": 4.2,
      "6": 6.0,
      "1": 8.2,
      "0": 8.0,
      "2": 7.8
    },
    "3": {
      "2": 1.6,
      "1": 2.2,
      "8": 2.2,
      "5": 5.0,
      "6": 7.0,
      "4": 6.0,
      "0": 6.2,
      "9": 7.8,
      "3": 8.0,
      "7": 9.0
    },
    "4": {
      "4": 2.2,
      "0": 2.0,
      "2": 4.0,
      "6": 3.8,
      "5": 5.2,
      "7": 4.0,
      "1": 7.4,
      "3": 7.4
    },
    "5": {
      "1": 1.0,
      "4": 2.2,
      "6": 4.8,
      "3": 5.0,
      "2": 5.2,
      "7": 6.0,
      "0": 3.8,
      "5": 8.0
    },
    "6": {
      "3": 1.0,
      "1": 2.4,
      "5": 2.8,
      "0": 3.8,
      "7": 5.8,
      "6": 6.4,
      "4": 5.8,
      "2": 8.0
    },
    "7": {
      "8": 1.25,
      "3": 3.25,
      "7": 3.5,
      "5": 3.75,
      "6": 3.75,
      "0": 6.0,
      "1": 8.0,
      "4": 6.75,
      "2": 8.75
    },
    "8": {
      "5": 1.2,
      "1": 1.8,
      "4": 3.6,
      "3": 4.6,
      "7": 3.8,
      "2": 6.8,
      "8": 7.2,
      "6": 7.4,
      "0": 8.6
    },
    "9": {
      "4": 1.0,
      "2": 2.2,
      "9": 5.0,
      "3": 3.8,
      "1": 3.4,
      "5": 5.6,
      "0": 8.4,
      "8": 7.4,
      "7": 8.4,
      "6": 9.8
    },
    "10": {
      "2": 1.2,
      "4": 5.0,
      "6": 2.4,
      "7": 3.0,
      "0": 4.4,
      "1": 6.6,
      "5": 6.6,
      "3": 6.8,
      "8": 9.0
    },
    "11": {
      "2": 1.4,
      "1": 2.6,
      "0": 4.2,
      "8": 3.8,
      "5": 5.8,
      "7": 5.0,
      "6": 6.4,
      "3": 7.6,
      "4": 8.2
    },
    "12": {
      "0": 1.4,
      "3": 2.6,
      "6": 2.8,
      "2": 4.2,
      "1": 4.0,
      "5": 6.0,
      "4": 7.0,
      "7": 8.0
    },
    "13": {
      "6": 1.2,
      "2": 2.6,
      "3": 3.8,
      "5": 5.2,
      "7": 3.8,
      "0": 5.6,
      "1": 5.8,
      "4": 8.2,
      "8": 8.8
    },
    "14": {
      "5": 1.6,
      "1": 1.8,
      "2": 2.6,
      "0": 5.2,
      "3": 5.6,
      "7": 5.6,
      "6": 7.0,
      "4": 6.6
    },
    "15": {
      "6": 1.0,
      "7": 2.0,
      "0": 3.2,
      "8": 7.0,
      "1": 5.8,
      "2": 5.6,
      "4": 7.4,
      "3": 4.8,
      "5": 8.2
    },
    "16": {
      "0": 1.0,
      "6": 2.4,
      "3": 4.0,
      "9": 6.4,
      "1": 3.8,
      "4": 6.4,
      "5": 5.6,
      "7": 6.4,
      "8": 9.0,
      "2": 10.0
    },
    "17": {
      "3": 1.2,
      "0": 2.4,
      "8": 4.8,
      "4": 5.6,
      "2": 7.8,
      "6": 3.6,
      "5": 6.8,
      "7": 8.4,
      "1": 4.4
    },
    "18": {
      "0": 1.8,
      "5": 1.8,
      "2": 3.6,
      "4": 3.6,
      "3": 5.8,
      "1": 4.8,
      "7": 6.6,
      "6": 8.0
    },
    "19": {
      "2": 1.0,
      "7": 3.4,
      "5": 2.2,
      "3": 4.4,
      "6": 5.6,
      "4": 5.8,
      "0": 5.6,
      "1": 8.0
    },
    "20": {
      "0": 2.4,
      "4": 2.2,
      "6": 2.0,
      "2": 4.8,
      "3": 5.8,
      "1": 7.4,
      "8": 5.0,
      "7": 7.0,
      "9": 8.6,
      "5": 9.8
    },
    "21": {
      "1": 2.0,
      "8": 2.6,
      "4": 3.2,
      "2": 6.0,
      "6": 3.0,
      "0": 5.8,
      "3": 5.6,
      "7": 8.4,
      "5": 8.4
    },
    "22": {
      "9": 1.4,
      "0": 7.4,
      "7": 4.0,
      "2": 3.2,
      "8": 5.6,
      "3": 4.2,
      "6": 6.2,
      "4": 6.2,
      "5": 6.8,
      "1": 10.0
    },
    "23": {
      "6": 1.0,
      "5": 2.75,
      "0": 2.25,
      "9": 5.75,
      "7": 6.25,
      "3": 5.0,
      "4": 5.5,
      "8": 8.0,
      "1": 8.5,
      "2": 10.0
    },
    "24": {
      "0": 3.6,
      "6": 2.4,
      "3": 3.4,
      "1": 4.2,
      "2": 3.2,
      "4": 4.2,
      "8": 8.4,
      "5": 7.2,
      "7": 8.4
    },
    "25": {
      "1": 2.2,
      "5": 1.4,
      "0": 2.4,
      "8": 4.2,
      "2": 4.8,
      "7": 6.8,
      "4": 7.6,
      "3": 7.2,
      "6": 8.4
    },
    "26": {
      "5": 1.0,
      "7": 2.0,
      "0": 3.8,
      "1": 3.6,
      "8": 5.6,
      "3": 5.2,
      "6": 7.8,
      "2": 7.2,
      "4": 8.8
    },
    "27": {
      "1": 1.0,
      "4": 5.2,
      "3": 4.4,
      "5": 3.2,
      "6": 3.8,
      "0": 4.4,
      "2": 6.4,
      "7": 7.6
    },
    "28": {
      "7": 2.4,
      "6": 3.2,
      "2": 4.6,
      "4": 1.8,
      "8": 6.0,
      "1": 5.6,
      "0": 5.4,
      "3": 7.2,
      "5": 8.8
    },
    "29": {
      "4": 1.0,
      "8": 2.0,
      "0": 3.2,
      "3": 5.2,
      "2": 7.4,
      "7": 6.0,
      "6": 4.6,
      "5": 8.2,
      "1": 7.4
    },
    "30": {
      "0": 1.2,
      "4": 2.2,
      "3": 3.4,
      "2": 5.2,
      "6": 5.6,
      "8": 4.8,
      "1": 7.4,
      "7": 6.2,
      "5": 9.0
    },
    "31": {
      "7": 1.6,
      "0": 2.0,
      "5": 3.2,
      "2": 4.8,
      "3": 5.4,
      "1": 8.0,
      "6": 8.2,
      "8": 7.6,
      "4": 7.2,
      "9": 7.0
    },
    "32": {
      "6": 2.8,
      "4": 6.6,
      "2": 4.8,
      "0": 2.0,
      "7": 4.2,
      "8": 4.6,
      "3": 3.8,
      "9": 7.2,
      "5": 9.0,
      "1": 10.0
    },
    "33": {
      "2": 3.2,
      "8": 1.4,
      "0": 2.4,
      "5": 4.2,
      "9": 3.8,
      "4": 6.8,
      "6": 6.8,
      "3": 7.6,
      "1": 8.8,
      "7": 10.0
    },
    "34": {
      "4": 2.0,
      "7": 2.6,
      "1": 3.6,
      "5": 3.0,
      "8": 4.6,
      "3": 5.4,
      "2": 7.4,
      "0": 7.6,
      "6": 8.8
    },
    "35": {
      "1": 2.25,
      "7": 4.0,
      "6": 3.25,
      "4": 4.5,
      "9": 3.75,
      "0": 7.25,
      "5": 5.0,
      "2": 6.75,
      "8": 9.75,
      "3": 8.5
    },
    "36": {
      "5": 1.8,
      "0": 3.4,
      "3": 4.0,
      "8": 3.2,
      "2": 4.2,
      "7": 4.4,
      "6": 8.0,
      "4": 7.6,
      "1": 8.4
    },
    "37": {
      "5": 1.8,
      "1": 2.4,
      "7": 3.8,
      "2": 3.0,
      "4": 4.0,
      "6": 6.8,
      "0": 7.0,
      "3": 7.2
    },
    "38": {
      "6": 1.0,
      "2": 2.0,
      "0": 3.4,
      "1": 4.0,
      "3": 4.8,
      "8": 6.2,
      "5": 7.2,
      "4": 7.6,
      "7": 8.8
    },
    "39": {
      "6": 2.6,
      "2": 2.4,
      "3": 3.0,
      "7": 6.6,
      "9": 5.2,
      "0": 6.0,
      "1": 4.8,
      "4": 8.4,
      "8": 8.2,
      "5": 7.8
    },
    "40": {
      "7": 1.6,
      "2": 1.4,
      "5": 5.4,
      "0": 5.8,
      "3": 4.6,
      "6": 5.4,
      "4": 6.0,