{
  "content_diversity": 0.3925788104534149,
  "classifier_auc": 0.7877358490566038,
  "ranking_stability": 0.6449790621844844,
  "feature_coefficients": {
    "word_count": 0.3922562095128505,
    "sentence_count": 0.17460080880271212,
    "avg_sentence_length": -0.01059205232831252,
    "paragraph_count": -0.23896716059435005,
    "heading_density": 0.03317335789371339,
    "list_frequency": 0.17523727970841022,
    "readability": -0.18089543012192055,
    "bold_emphasis_density": -0.1760996547913252,
    "citation_density": -0.0820045361291031,
    "statistic_density": -0.0017514102293941835,
    "quote_density": -0.015450330352933766,
    "named_source_mentions": -0.12233966015471569,
    "year_mentions": 0.0528128265708481,
    "claim_density": -0.04983824969280297,
    "external_reference_density": 0.09574440216380944,
    "question_density": -0.15729582682891224,
    "query_similarity": 0.9635322477537019,
    "corpus_centroid_similarity": 0.18594542808859513,
    "type_token_ratio": -0.2756269644692366,
    "vocabulary_sophistication": -0.165855788181292,
    "sentiment_polarity": 0.020651763360131047,
    "avg_word_length": -0.19373379841585137,
    "semantic_uniqueness": 0.39464305928398985,
    "information_density": -0.01861964905369137,
    "specificity_score": 0.3165218317562676
  },
  "avg_ranks": {
    "0": {
      "6": 1.0,
      "4": 2.0,
      "1": 4.2,
      "8": 5.4,
      "2": 4.2,
      "7": 6.6,
      "0": 7.0,
      "3": 7.2,
      "5": 7.4
    },
    "1": {
      "1": 3.0,
      "4": 4.4,
      "3": 4.6,
      "0": 3.0,
      "9": 3.2,
      "5": 6.6,
      "2": 5.8,
      "8": 5.4,
      "7": 9.2,
      "6": 9.8
    },
    "2": {
      "7": 1.0,
      "5": 2.0,
      "4": 3.8,
      "8": 4.0,
      "3": 4.2,
      "6": 6.0,
      "0": 7.2,
      "2": 8.2,
      "1": 8.6
    },
    "3": {
      "1": 1.8,
      "2": 1.6,
      "8": 2.6,
      "5": 6.0,
      "6": 7.8,
      "4": 6.0,
      "0": 5.2,
      "3": 8.0,
      "7": 6.8,
      "9": 9.2
    },
    "4": {
      "0": 2.6,
      "7": 3.0,
      "6": 4.2,
      "2": 2.4,
      "5": 4.8,
      "4": 4.0,
      "3": 7.0,
      "1": 8.0
    },
    "5": {
      "4": 1.8,
      "1": 1.6,
      "3": 5.4,
      "2": 4.8,
      "7": 6.0,
      "6": 5.0,
      "0": 3.6,
      "5": 7.8
    },
    "6": {
      "3": 1.0,
      "1": 2.2,
      "5": 3.0,
      "7": 5.0,
      "6": 6.0,
      "4": 6.6,
      "0": 4.4,
      "2": 7.8
    },
    "7": {
      "8": 1.2,
      "6": 3.8,
      "5": 5.0,
      "3": 3.0,
      "7": 3.8,
      "0": 5.8,
      "4": 5.4,
      "1": 8.0,
      "2": 9.0
    },
    "8": {
      "1": 1.6,
      "5": 1.4,
      "4": 3.8,
      "3": 4.6,
      "7": 3.6,
      "2": 6.6,
      "6": 7.2,
      "0": 8.2,
      "8": 8.0
    },
    "9": {
      "4": 1.0,
      "2": 2.0,
      "8": 4.6,
      "1": 4.6,
      "5": 5.2,
      "9": 5.8,
      "0": 7.8,
      "3": 5.0,
      "7": 9.2,
      "6": 9.8
    },
    "10": {
      "7": 1.6,
      "6": 1.8,
      "2": 2.6,
      "4": 5.2,
      "0": 4.2,
      "3": 6.0,
      "5": 7.0,
      "1": 7.6,
      "8": 9.0
    },
    "11": {
      "1": 1.6,
      "2": 1.4,
      "5": 5.0,
      "0": 4.0,
      "8": 3.6,
      "7": 6.4,
      "4": 7.6,
      "6": 7.2,
      "3": 8.2
    },
    "12": {
      "0": 1.0,
      "1": 2.8,
      "2": 3.4,
      "3": 3.2,
      "6": 4.6,
      "5": 6.2,
      "4": 7.4,
      "7": 7.4
    },
    "13": {
      "6": 2.8,
      "7": 2.4,
      "2": 3.4,
      "5": 3.0,
      "3": 6.6,
      "1": 4.2,
      "0": 6.0,
      "8": 8.4,
      "4": 8.2
    },
    "14": {
      "5": 1.8,
      "1": 1.4,
      "2": 2.8,
      "3": 5.0,
      "7": 6.2,
      "6": 6.0,
      "0": 5.4,
      "4": 7.4
    },
    "15": {
      "7": 1.8,
      "6": 1.6,
      "3": 3.8,
      "8": 5.2,
      "2": 6.0,
      "0": 4.2,
      "1": 5.4,
      "4": 8.0,
      "5": 9.0
    },
    "16": {
      "0": 2.0,
      "9": 4.4,
      "3": 2.4,
      "1": 3.2,
      "6": 4.6,
      "4": 7.0,
      "5": 5.6,
      "7": 6.8,
      "8": 9.0,
      "2": 10.0
    },
    "17": {
      "6": 2.6,
      "3": 1.6,
      "0": 2.4,
      "8": 4.4,
      "1": 4.0,
      "4": 7.2,
      "2": 7.4,
      "7": 8.0,
      "5": 7.4
    },
    "18": {
      "0": 2.2,
      "4": 1.8,
      "2": 3.4,
      "5": 5.4,
      "7": 6.0,
      "1": 4.6,
      "3": 5.2,
      "6": 7.4
    },
    "19": {
      "2": 1.0,
      "3": 2.0,
      "6": 4.333333333333333,
      "5": 4.666666666666667,
      "4": 5.333333333333333,
      "7": 4.666666666666667,
      "0": 6.333333333333333,
      "1": 7.666666666666667
    },
    "20": {
      "6": 2.75,
      "4": 4.75,
      "2": 3.5,
      "0": 3.5,
      "3": 5.0,
      "8": 4.75,
      "1": 4.5,
      "9": 8.75,
      "7": 9.25,
      "5": 8.25
    },
    "21": {
      "4": 2.6,
      "8": 3.4,
      "1": 2.0,
      "3": 5.4,
      "7": 6.6,
      "6": 3.2,
      "0": 6.6,
      "2": 6.4,
      "5": 8.8
    },
    "22": {
      "9": 1.0,
      "0": 5.0,
      "2": 3.4,
      "7": 4.8,
      "3": 3.4,
      "5": 6.0,
      "6": 6.6,
      "4": 7.4,
      "8": 7.4,
      "1": 10.0
    },
    "23": {
      "6": 1.2,
      "5": 1.8,
      "0": 3.0,
      "4": 6.0,
      "9": 5.2,
      "7": 6.6,
      "3": 5.6,
      "8": 8.2,
      "2": 9.6,
      "1": 7.8
    },
    "24": {
      "0": 4.4,
      "3": 2.8,
      "6": 2.0,
      "2": 3.2,
      "1": 4.4,
      "4": 4.8,
      "7": 7.6,
      "5": 7.6,
      "8": 8.2
    },
    "25": {
      "1": 2.0,
      "0": 3.2,
      "5": 1.8,
      "2": 4.0,
      "8": 4.2,
      "4": 7.4,
      "7": 7.4,
      "3": 7.0,
      "6": 8.0
    },
    "26": {
      "5": 1.2,
      "7": 1.8,
      "1": 4.0,
      "0": 3.4,
      "3": 5.4,
      "8": 5.4,
      "6": 7.8,
      "4": 8.0,
      "2": 8.0
    },
    "27": {
      "1": 1.0,
      "0": 4.0,
      "6": 4.0,
      "5": 3.4,
      "3": 6.2,
      "2": 4.8,
      "4": 5.0,
      "7": 7.6
    },
    "28": {
      "4": 1.0,
      "7": 3.6,
      "1": 5.8,
      "2": 5.0,
      "6": 3.6,
      "0": 3.2,
      "3": 6.0,
      "8": 7.8,
      "5": 9.0
    },
    "29": {
      "4": 1.0,
      "8": 2.5,
      "0": 2.5,
      "6": 4.75,
      "1": 5.75,
      "3": 6.25,
      "7": 6.0,
      "2": 7.75,
      "5": 8.5
    },
    "30": {
      "4": 1.8,
      "0": 1.2,
      "1": 5.8,
      "6": 4.8,
      "3": 5.2,
      "8": 4.8,
      "2": 5.4,
      "7": 7.0,
      "5": 9.0
    },
    "31": {
      "0": 1.6,
      "7": 2.2,
      "5": 3.6,
      "3": 4.6,
      "9": 8.4,
      "4": 8.6,
      "2": 6.2,
      "6": 6.4,
      "1": 6.2,
      "8": 7.2
    },
    "32": {
      "0": 2.25,
      "6": 2.25,
      "3": 2.25,
      "8": 4.5,
      "7": 4.75,
      "9": 7.25,
      "2": 5.5,
      "4": 8.5,
      "5": 8.25,
      "1": 9.5
    },
    "33": {
      "0": 1.6666666666666667,
      "8": 3.0,
      "5": 3.6666666666666665,
      "2": 3.0,
      "4": 5.333333333333333,
      "9": 4.666666666666667,
      "6": 7.0,
      "3": 8.333333333333334,
      "1": 8.333333333333334,
      "7": 10.0
    },
    "34": {
      "7": 1.0,
      "1": 3.2,
      "5": 2.6,
      "8": 3.2,
      "4": 5.0,
      "3": 6.6,
      "2": 6.6,
      "0": 7.8,
      "6": 9.0
    },
    "35": {
      "1": 1.0,
      "6": 3.0,
      "9": 3.3333333333333335,
      "2": 7.333333333333333,
      "3": 6.666666666666667,
      "7": 6.0,
      "4": 5.666666666666667,
      "0": 6.666666666666667,
      "5": 5.333333333333333,
      "8": 10.0
    },
    "36": {
      "3": 1.4,
      "5": 2.0,
      "2": 4.0,
      "7": 4.4,
      "8": 5.8,
      "0": 5.2,
      "4": 6.0,
      "1": 8.2,
      "6": 8.0
    },
    "37": {
      "0": 6.0,
      "6": 5.4,
      "2": 1.4,
      "4": 3.4,
      "3": 7.0,
      "1": 4.2,
      "5": 4.0,
      "7": 4.6
    },
    "38": {
      "6": 1.0,
      "2": 2.2,
      "0": 3.0,
      "4": 6.2,
      "3": 4.8,
      "8": 5.8,
      "1": 5.2,
      "5": 8.0,
      "7": 8.8
    },
    "39": {
      "2": 2.4,
      "3": 2.8,