{
  "content_diversity": 0.631464958190918,
  "classifier_auc": 0.7171832382841558,
  "ranking_stability": 0.44174667178699434,
  "feature_coefficients": {
    "word_count": 0.6953713641130627,
    "sentence_count": -0.5787337216855407,
    "avg_sentence_length": -0.1016387019254385,
    "paragraph_count": -0.31580164675284805,
    "heading_density": -0.7434180733573368,
    "list_frequency": 0.18073927946492743,
    "readability": 0.0013813541382475276,
    "bold_emphasis_density": -0.07875689216674862,
    "citation_density": -0.0013429402773496195,
    "statistic_density": 0.10496621117974247,
    "quote_density": 0.26162112592949044,
    "named_source_mentions": -0.22423106311763463,
    "year_mentions": 0.044462625831196256,
    "claim_density": -0.25522004939864695,
    "external_reference_density": 0.30258616412045447,
    "question_density": -0.0965959404204966,
    "query_similarity": -0.040592238049006996,
    "corpus_centroid_similarity": 0.1681039289491947,
    "type_token_ratio": -0.2669405946915415,
    "vocabulary_sophistication": 0.13202092881368313,
    "sentiment_polarity": 0.18990049966108108,
    "avg_word_length": 0.19015233841354556,
    "semantic_uniqueness": -0.46163926504219155,
    "information_density": 0.07176258048879329,
    "specificity_score": 0.035252591863572
  },
  "avg_ranks": {
    "0": {
      "6": 1.2,
      "0": 3.2,
      "4": 3.8,
      "2": 4.2,
      "1": 2.6,
      "3": 6.2,
      "5": 6.8
    },
    "1": {
      "4": 3.4,
      "1": 1.6,
      "3": 2.0,
      "5": 3.8,
      "2": 4.2,
      "0": 6.0
    },
    "2": {
      "4": 1.0,
      "2": 2.8,
      "5": 3.4,
      "6": 2.8,
      "0": 6.6,
      "7": 5.6,
      "3": 7.2,
      "1": 6.6
    },
    "3": {
      "1": 2.2,
      "2": 3.2,
      "3": 3.0,
      "4": 2.8,
      "0": 3.8
    },
    "4": {
      "0": 2.0,
      "3": 1.6,
      "1": 3.0,
      "2": 3.4
    },
    "5": {
      "5": 2.4,
      "2": 1.2,
      "4": 4.6,
      "1": 3.2,
      "3": 4.6,
      "0": 6.4,
      "6": 5.6
    },
    "6": {
      "4": 2.6,
      "2": 3.0,
      "0": 2.4,
      "1": 3.2,
      "3": 4.0,
      "5": 5.8
    },
    "7": {
      "3": 2.6,
      "4": 2.0,
      "6": 4.0,
      "2": 4.6,
      "5": 5.2,
      "0": 5.4,
      "1": 4.2
    },
    "8": {
      "1": 2.0,
      "5": 2.4,
      "4": 4.0,
      "2": 3.8,
      "6": 4.8,
      "0": 5.4,
      "3": 5.6
    },
    "9": {
      "2": 1.0,
      "1": 2.2,
      "4": 2.8,
      "3": 4.6,
      "0": 4.4
    },
    "10": {
      "3": 3.0,
      "1": 1.6,
      "4": 2.6,
      "0": 3.8,
      "2": 4.0
    },
    "11": {
      "5": 2.4,
      "0": 3.0,
      "4": 5.2,
      "2": 2.8,
      "1": 4.2,
      "3": 4.8,
      "6": 6.8,
      "7": 6.8
    },
    "12": {
      "7": 3.4,
      "2": 3.0,
      "3": 3.6,
      "4": 4.0,
      "5": 5.2,
      "1": 3.4,
      "0": 5.4,
      "6": 8.0
    },
    "13": {
      "0": 1.2,
      "3": 3.4,
      "4": 3.8,
      "5": 3.0,
      "2": 4.4,
      "1": 5.2
    },
    "14": {
      "2": 2.4,
      "3": 2.6,
      "0": 2.0,
      "1": 3.0
    },
    "15": {
      "1": 4.4,
      "3": 2.0,
      "0": 3.2,
      "4": 4.6,
      "2": 2.0,
      "5": 4.8
    },
    "16": {
      "4": 1.2,
      "0": 2.8,
      "1": 3.4,
      "3": 5.6,
      "6": 4.8,
      "5": 6.8,
      "2": 3.4
    },
    "17": {
      "2": 1.2,
      "5": 1.8,
      "0": 3.2,
      "6": 4.4,
      "4": 5.2,
      "3": 5.6,
      "1": 6.6
    },
    "18": {
      "0": 1.2,
      "1": 1.8,
      "2": 3.0
    },
    "19": {
      "3": 2.25,
      "2": 1.25,
      "1": 2.5,
      "0": 4.25,
      "5": 4.75,
      "4": 6.0
    },
    "20": {
      "1": 1.8,
      "4": 3.0,
      "2": 3.8,
      "5": 5.6,
      "0": 2.8,
      "3": 4.0
    },
    "21": {
      "0": 2.8,
      "3": 2.0,
      "2": 3.6,
      "1": 3.6,
      "4": 3.0
    },
    "22": {
      "3": 3.4,
      "1": 4.0,
      "5": 1.8,
      "2": 4.6,
      "0": 4.4,
      "4": 2.8
    },
    "23": {
      "2": 1.6,
      "4": 3.4,
      "1": 3.2,
      "0": 3.8,
      "6": 3.0,
      "3": 6.4,
      "5": 6.6
    },
    "24": {
      "3": 2.8,
      "6": 4.0,
      "2": 3.4,
      "5": 5.6,
      "7": 3.2,
      "4": 2.8,
      "1": 6.2,
      "0": 8.0
    },
    "25": {
      "5": 2.4,
      "2": 3.4,
      "4": 2.8,
      "6": 4.8,
      "8": 3.6,
      "1": 5.2,
      "0": 6.0,
      "3": 7.8,
      "7": 9.0
    },
    "26": {
      "2": 3.0,
      "4": 2.0,
      "0": 3.8,
      "3": 3.0,
      "6": 5.4,
      "1": 5.6,
      "5": 5.2
    },
    "27": {
      "1": 1.8,
      "5": 1.6,
      "3": 4.2,
      "2": 4.0,
      "0": 5.0,
      "4": 4.4
    },
    "28": {
      "4": 1.4,
      "1": 2.0,
      "3": 2.6,
      "0": 4.8,
      "2": 4.2
    },
    "29": {
      "1": 2.0,
      "0": 1.4,
      "2": 2.6,
      "3": 4.0
    },
    "30": {
      "4": 2.2,
      "6": 2.8,
      "5": 2.4,
      "3": 3.2,
      "2": 5.4,
      "0": 6.2,
      "1": 5.8
    },
    "31": {
      "3": 1.8,
      "2": 3.0,
      "4": 2.0,
      "1": 4.4,
      "0": 4.2,
      "5": 5.6
    },
    "32": {
      "3": 1.0,
      "2": 2.4,
      "0": 3.2,
      "1": 3.4,
      "4": 5.0
    },
    "33": {
      "4": 3.4,
      "1": 3.0,
      "0": 3.8,
      "5": 4.4,
      "2": 5.2,
      "7": 5.4,
      "3": 5.8,
      "6": 5.2,
      "8": 8.8
    },
    "34": {
      "4": 3.8,
      "2": 1.2,
      "1": 2.2,
      "5": 4.8,
      "0": 5.4,
      "3": 3.6
    },
    "35": {
      "7": 1.0,
      "3": 2.0,
      "0": 3.2,
      "4": 4.8,
      "6": 4.0,
      "8": 6.2,
      "2": 7.4,
      "5": 8.4,
      "1": 8.0
    },
    "36": {
      "2": 4.0,
      "6": 5.0,
      "3": 4.2,
      "8": 3.4,
      "0": 3.6,
      "7": 4.4,
      "4": 8.0,
      "5": 7.4,
      "1": 5.0
    },
    "37": {
      "1": 1.6,
      "3": 1.4,
      "5": 5.0,
      "4": 3.8,
      "2": 5.4,
      "0": 3.8
    },
    "38": {
      "5": 2.4,
      "1": 2.0,
      "2": 2.0,
      "0": 4.0,
      "4": 4.8,
      "3": 5.8
    },
    "39": {
      "2": 1.8,
      "4": 2.0,
      "3": 2.6,
      "5": 3.8,
      "0": 5.6,
      "1": 5.2
    },
    "40": {
      "1": 1.6,
      "0": 2.0,
      "3": 3.6,
      "2": 4.4,
      "4": 5.2,
      "5": 4.2
    },
    "41": {
      "1": 1.5,
      "0": 2.5,
      "3": 2.0,
      "4": 4.0,
      "2": 5.0
    },
    "42": {
      "1": 4.6,
      "2": 3.0,
      "0": 2.8,
      "4": 4.6,
      "6": 3.2,
      "3": 4.8,
      "5": 5.0
    },
    "43": {
      "3": 1.6,
      "2": 2.0,
      "5": 2.8,
      "6": 5.4,
      "4": 4.0,
      "0": 5.2,
      "1": 7.0
    },
    "44": {
      "4": 1.0,
      "5": 2.4,
      "2": 4.6,
      "1": 2.8,
      "3": 4.2,
      "0": 6.0
    },
    "45": {
      "2": 2.0,
      "5": 2.4,
      "0": 3.2,
      "1": 3.4,
      "3": 4.0,
      "4": 6.0
    },
    "46": {
      "1": 1.0,
      "2": 2.0,
      "0": 3.2,
      "3": 3.8
    },
    "47": {
      "3": 1.8,
      "0": 2.0,
      "2": 2.2,
      "1": 4.0
    },
    "48": {
      "3": 2.4,
      "4": 4.8,
      "2": 3.6,
      "1": 3.0,
      "5": 4.8,
      "0": 2.4
    },
    "49": {
      "7": 1.2,
      "6": 2.4,
      "1": 4.2,
      "4": 3.8,
      "5": 4.2,
      "0": 6.2,
      "2": 6.2,
      "3": 7.8
    },
    "50": {
      "3": 1.6,
      "2": 1.4,
      "4": 4.0,
      "0": 4.6,
      "1": 3.4
    },
    "51": {
      "1": 1.4,
      "2": 1.6,
      "0": 3.0
    },
    "52": {
      "7": 1.0,
      "8": 2.0,
      "3": 4.4,
      "0": 4.2,
      "5": 4.8,
      "2": 6.2,
      "4": 7.0,
      "1": 7.4,
      "6": 8.0
    },
    "53": {
      "0": 1.0,
      "1": 4.0,
      "3": 2.2,
      "2": 3.2,
      "4": 4.6
    },
    "54": {
      "3": 3.2,
      "2": 2.4,
      "1": 3.0,
      "0": 5.2,
      "5": 2.6,
      "4": 4.6
    },
    "55": {
      "1": 2.8,
      "2": 1.8,
      "3": 2.6,
      "0": 2.8,
      "4": 5.0
    },
    "56": {
      "1": 3.2,
      "0": 1.2,
      "4": 2.4,
      "3": 3.2,
      "2": 5.0
    },
    "57": {
      "4": 1.2,