{
  "content_diversity": 0.6430635452270508,
  "classifier_auc": 0.6862407636880995,
  "ranking_stability": 0.4349012183874569,
  "feature_coefficients": {
    "word_count": 0.04811525362972802,
    "sentence_count": 0.07436593073316373,
    "avg_sentence_length": 0.4312740810671276,
    "paragraph_count": -0.12450915732974188,
    "heading_density": -0.8207970705920261,
    "list_frequency": 0.17093867537511434,
    "readability": -0.5282665884063179,
    "bold_emphasis_density": -0.041634530327444304,
    "citation_density": -0.07790276592629604,
    "statistic_density": -0.05401443043755409,
    "quote_density": -0.16678781665153533,
    "named_source_mentions": -0.2673734488977769,
    "year_mentions": 0.26954654834451247,
    "claim_density": -0.37436386440724256,
    "external_reference_density": 0.24792005728361993,
    "question_density": -0.1219501071169878,
    "query_similarity": 0.04743499004163225,
    "corpus_centroid_similarity": 0.17820577547746505,
    "type_token_ratio": -0.22822079412344873,
    "vocabulary_sophistication": 0.4149722563692491,
    "sentiment_polarity": -0.010972008218965603,
    "avg_word_length": -0.0069411558466941515,
    "semantic_uniqueness": -0.030113487933896673,
    "information_density": -0.2117957359270179,
    "specificity_score": -0.18704673936222133
  },
  "avg_ranks": {
    "0": {
      "6": 1.6,
      "1": 1.4,
      "2": 3.2,
      "0": 4.8,
      "3": 4.8,
      "5": 5.2,
      "4": 7.0
    },
    "1": {
      "3": 2.0,
      "1": 1.6,
      "5": 2.6,
      "2": 4.0,
      "4": 4.8,
      "0": 6.0
    },
    "2": {
      "1": 5.4,
      "4": 1.2,
      "5": 2.6,
      "2": 3.8,
      "7": 5.4,
      "6": 3.6,
      "3": 7.2,
      "0": 6.8
    },
    "3": {
      "3": 2.4,
      "1": 2.2,
      "2": 3.8,
      "0": 3.4,
      "4": 3.2
    },
    "4": {
      "0": 1.2,
      "1": 2.2,
      "3": 3.4,
      "2": 3.2
    },
    "5": {
      "5": 2.0,
      "2": 2.0,
      "0": 5.6,
      "1": 4.6,
      "4": 4.6,
      "3": 5.0,
      "6": 4.2
    },
    "6": {
      "2": 1.4,
      "3": 3.6,
      "0": 3.6,
      "1": 4.4,
      "5": 5.6,
      "4": 2.4
    },
    "7": {
      "2": 3.0,
      "4": 2.0,
      "3": 3.0,
      "0": 3.6,
      "1": 4.6,
      "6": 4.8,
      "5": 7.0
    },
    "8": {
      "4": 2.6,
      "1": 3.4,
      "5": 3.8,
      "2": 3.4,
      "6": 3.8,
      "0": 6.0,
      "3": 5.0
    },
    "9": {
      "2": 1.4,
      "3": 4.4,
      "1": 2.6,
      "4": 2.6,
      "0": 4.0
    },
    "10": {
      "3": 4.0,
      "1": 1.8,
      "4": 2.8,
      "0": 3.4,
      "2": 3.0
    },
    "11": {
      "6": 6.2,
      "5": 3.4,
      "4": 5.6,
      "7": 6.0,
      "0": 4.0,
      "3": 3.0,
      "1": 4.0,
      "2": 3.8
    },
    "12": {
      "2": 2.8,
      "1": 3.8,
      "7": 4.2,
      "5": 4.0,
      "0": 4.6,
      "4": 3.6,
      "3": 5.0,
      "6": 8.0
    },
    "13": {
      "5": 3.4,
      "0": 1.4,
      "2": 4.0,
      "3": 3.8,
      "1": 4.6,
      "4": 3.8
    },
    "14": {
      "2": 1.8,
      "0": 2.0,
      "3": 2.8,
      "1": 3.4
    },
    "15": {
      "0": 3.0,
      "3": 1.6,
      "4": 3.4,
      "1": 4.8,
      "2": 3.0,
      "5": 5.2
    },
    "16": {
      "4": 1.4,
      "0": 2.8,
      "3": 3.8,
      "2": 2.6,
      "1": 4.4,
      "6": 6.0,
      "5": 7.0
    },
    "17": {
      "0": 3.6,
      "6": 2.2,
      "2": 2.2,
      "5": 3.4,
      "4": 5.8,
      "1": 6.0,
      "3": 4.8
    },
    "18": {
      "1": 1.2,
      "0": 1.8,
      "2": 3.0
    },
    "19": {
      "5": 4.2,
      "3": 2.8,
      "1": 1.6,
      "2": 2.6,
      "0": 3.8,
      "4": 6.0
    },
    "20": {
      "4": 3.6,
      "1": 3.2,
      "0": 3.2,
      "2": 2.2,
      "3": 3.8,
      "5": 5.0
    },
    "21": {
      "2": 3.0,
      "0": 2.4,
      "3": 2.6,
      "1": 2.4,
      "4": 4.6
    },
    "22": {
      "4": 1.2,
      "5": 1.8,
      "2": 3.8,
      "3": 3.8,
      "1": 4.4,
      "0": 6.0
    },
    "23": {
      "0": 2.8,
      "2": 1.6,
      "4": 4.2,
      "1": 2.8,
      "6": 3.8,
      "5": 6.6,
      "3": 6.2
    },
    "24": {
      "6": 2.2,
      "7": 2.0,
      "3": 3.2,
      "4": 3.0,
      "5": 4.8,
      "2": 6.2,
      "1": 6.6,
      "0": 8.0
    },
    "25": {
      "5": 5.0,
      "8": 2.2,
      "4": 3.4,
      "0": 3.6,
      "6": 4.8,
      "2": 3.8,
      "1": 5.8,
      "3": 7.4,
      "7": 9.0
    },
    "26": {
      "3": 1.4,
      "4": 1.8,
      "5": 3.8,
      "0": 3.4,
      "2": 4.6,
      "1": 6.4,
      "6": 6.6
    },
    "27": {
      "5": 2.6,
      "1": 1.8,
      "3": 3.4,
      "2": 4.0,
      "0": 3.2,
      "4": 6.0
    },
    "28": {
      "3": 1.6,
      "1": 1.4,
      "4": 3.0,
      "0": 4.6,
      "2": 4.4
    },
    "29": {
      "1": 1.6,
      "0": 1.8,
      "2": 2.6,
      "3": 4.0
    },
    "30": {
      "4": 2.2,
      "6": 2.2,
      "3": 1.8,
      "5": 3.8,
      "2": 5.0,
      "1": 6.2,
      "0": 6.8
    },
    "31": {
      "4": 1.8,
      "3": 2.6,
      "2": 1.6,
      "0": 4.2,
      "5": 5.8,
      "1": 5.0
    },
    "32": {
      "3": 1.0,
      "2": 2.4,
      "1": 3.0,
      "0": 3.6,
      "4": 5.0
    },
    "33": {
      "4": 3.8,
      "7": 3.4,
      "1": 3.0,
      "0": 4.0,
      "2": 5.4,
      "5": 7.4,
      "6": 4.8,
      "3": 4.4,
      "8": 8.8
    },
    "34": {
      "3": 2.6,
      "2": 1.8,
      "1": 2.4,
      "4": 3.8,
      "0": 4.8,
      "5": 5.6
    },
    "35": {
      "7": 1.0,
      "0": 2.4,
      "3": 3.0,
      "4": 4.8,
      "8": 5.0,
      "5": 8.0,
      "2": 6.6,
      "1": 8.0,
      "6": 6.2
    },
    "36": {
      "6": 3.6,
      "2": 3.6,
      "5": 6.0,
      "4": 7.0,
      "7": 5.2,
      "3": 5.2,
      "1": 3.8,
      "0": 5.4,
      "8": 5.2
    },
    "37": {
      "3": 1.2,
      "0": 4.0,
      "1": 2.0,
      "4": 4.0,
      "5": 5.2,
      "2": 4.6
    },
    "38": {
      "2": 1.6,
      "1": 2.0,
      "0": 3.6,
      "5": 3.2,
      "3": 5.8,
      "4": 4.8
    },
    "39": {
      "3": 2.2,
      "4": 2.4,
      "2": 1.8,
      "1": 4.4,
      "5": 4.2,
      "0": 6.0
    },
    "40": {
      "3": 1.6,
      "1": 2.0,
      "0": 3.2,
      "2": 5.0,
      "5": 3.8,
      "4": 5.4
    },
    "41": {
      "0": 2.2,
      "3": 1.8,
      "1": 2.0,
      "2": 4.8,
      "4": 4.2
    },
    "42": {
      "1": 5.8,
      "6": 2.2,
      "0": 2.6,
      "5": 4.0,
      "2": 4.0,
      "3": 5.0,
      "4": 4.4
    },
    "43": {
      "3": 2.6,
      "6": 2.4,
      "2": 2.2,
      "5": 2.8,
      "4": 5.4,
      "0": 5.6,
      "1": 7.0
    },
    "44": {
      "4": 1.4,
      "1": 2.0,
      "5": 2.8,
      "3": 4.6,
      "2": 4.2,
      "0": 6.0
    },
    "45": {
      "2": 1.8,
      "5": 1.8,
      "0": 4.0,
      "1": 3.2,
      "3": 4.2,
      "4": 6.0
    },
    "46": {
      "0": 2.6,
      "1": 1.8,
      "2": 2.2,
      "3": 3.4
    },
    "47": {
      "2": 1.8,
      "0": 1.8,
      "3": 2.6,
      "1": 3.8
    },
    "48": {
      "4": 2.75,
      "0": 2.25,
      "2": 3.5,
      "3": 4.0,
      "1": 2.5,
      "5": 6.0
    },
    "49": {
      "4": 2.0,
      "6": 3.4,
      "7": 2.6,
      "1": 4.2,
      "5": 3.0,
      "2": 6.2,
      "0": 6.8,
      "3": 7.8
    },
    "50": {
      "3": 1.0,
      "1": 2.4,
      "2": 3.0,
      "4": 4.0,
      "0": 4.6
    },
    "51": {
      "1": 1.75,
      "0": 2.25,
      "2": 2.0
    },
    "52": {
      "7": 1.2,
      "8": 2.2,
      "5": 4.6,
      "0": 4.0,
      "3": 5.6,
      "1": 6.2,
      "6": 8.6,
      "2": 5.0,
      "4": 7.6
    },
    "53": {
      "0": 1.4,
      "3": 2.0,
      "1": 4.4,
      "2": 3.0,
      "4": 4.2
    },
    "54": {
      "2": 3.8,
      "4": 4.8,
      "5": 3.2,
      "3": 2.6,
      "1": 3.8,
      "0": 2.8
    },
    "55": {
      "2": 1.2,
      "0": 2.8,
      "3": 3.6,
      "1": 3.2,
      "4": 4.2
    },
    "56": {
      "4": 1.6,
      "1": 3.0,
      "0": 2.2,
      "3": 3.2,
      "2": 5.0
    },