{
  "content_diversity": 0.6315016150474548,
  "classifier_auc": 0.7033395176252318,
  "ranking_stability": 0.4630920634920635,
  "feature_coefficients": {
    "word_count": 0.19270757437395247,
    "sentence_count": -0.04011458115396654,
    "avg_sentence_length": 0.13458517124771208,
    "paragraph_count": 0.14293951415724124,
    "heading_density": -0.30564841409085736,
    "list_frequency": -0.018268989782234048,
    "readability": -0.22046908718989128,
    "bold_emphasis_density": -0.08356952083424461,
    "citation_density": -0.7095743991598609,
    "statistic_density": 0.22493478771610045,
    "quote_density": -0.10584587493411454,
    "named_source_mentions": 0.24826040183585096,
    "year_mentions": -0.08099241993218512,
    "claim_density": -0.2626628205601142,
    "external_reference_density": -0.06364673281192894,
    "question_density": -0.14885275582819452,
    "query_similarity": 0.3223018773299139,
    "corpus_centroid_similarity": 0.11582810925680373,
    "type_token_ratio": -0.21382765033615841,
    "vocabulary_sophistication": 0.24238488987317275,
    "sentiment_polarity": 0.04080506051844856,
    "avg_word_length": -0.14759918533477237,
    "semantic_uniqueness": -0.06677447877076652,
    "information_density": -0.0016483610490230368,
    "specificity_score": -0.28713804601219906
  },
  "avg_ranks": {
    "0": {
      "6": 1.8,
      "1": 2.0,
      "2": 3.4,
      "3": 4.4,
      "0": 5.6,
      "4": 4.6,
      "5": 6.2
    },
    "1": {
      "1": 1.6,
      "5": 2.8,
      "3": 2.4,
      "2": 4.4,
      "4": 3.8,
      "0": 6.0
    },
    "2": {
      "4": 1.0,
      "6": 2.8,
      "5": 3.4,
      "2": 2.8,
      "7": 5.6,
      "1": 6.0,
      "0": 7.0,
      "3": 7.4
    },
    "3": {
      "4": 2.6,
      "0": 3.2,
      "1": 2.4,
      "2": 4.0,
      "3": 2.8
    },
    "4": {
      "1": 2.0,
      "0": 2.0,
      "3": 2.0,
      "2": 4.0
    },
    "5": {
      "3": 3.8,
      "5": 1.8,
      "2": 2.4,
      "4": 5.4,
      "0": 4.4,
      "6": 6.4,
      "1": 3.8
    },
    "6": {
      "0": 2.6,
      "2": 1.6,
      "1": 2.8,
      "3": 3.8,
      "4": 4.6,
      "5": 5.6
    },
    "7": {
      "0": 4.0,
      "2": 2.6,
      "4": 2.0,
      "3": 2.6,
      "1": 5.2,
      "6": 6.0,
      "5": 5.6
    },
    "8": {
      "5": 2.8,
      "1": 3.8,
      "4": 1.6,
      "3": 5.6,
      "2": 4.0,
      "6": 4.8,
      "0": 5.4
    },
    "9": {
      "2": 1.0,
      "1": 2.2,
      "0": 3.6,
      "4": 3.2,
      "3": 5.0
    },
    "10": {
      "1": 1.6,
      "0": 3.0,
      "3": 3.4,
      "4": 2.8,
      "2": 4.2
    },
    "11": {
      "0": 3.4,
      "5": 2.6,
      "4": 5.6,
      "7": 6.4,
      "3": 3.4,
      "2": 3.2,
      "1": 4.2,
      "6": 7.2
    },
    "12": {
      "2": 1.0,
      "1": 2.4,
      "7": 4.2,
      "4": 4.0,
      "0": 5.4,
      "3": 4.6,
      "5": 6.4,
      "6": 8.0
    },
    "13": {
      "1": 4.6,
      "0": 1.2,
      "2": 3.8,
      "5": 4.2,
      "3": 3.2,
      "4": 4.0
    },
    "14": {
      "0": 1.4,
      "3": 2.0,
      "1": 2.8,
      "2": 3.8
    },
    "15": {
      "4": 2.2,
      "0": 2.2,
      "3": 2.8,
      "2": 4.6,
      "5": 5.2,
      "1": 4.0
    },
    "16": {
      "4": 1.0,
      "0": 2.2,
      "1": 3.2,
      "2": 4.2,
      "6": 4.8,
      "3": 5.6,
      "5": 7.0
    },
    "17": {
      "5": 1.4,
      "2": 1.6,
      "6": 4.4,
      "0": 4.6,
      "4": 3.8,
      "3": 5.2,
      "1": 7.0
    },
    "18": {
      "1": 1.8,
      "2": 2.8,
      "0": 1.4
    },
    "19": {
      "0": 3.2,
      "1": 2.4,
      "2": 1.6,
      "3": 3.0,
      "5": 4.8,
      "4": 6.0
    },
    "20": {
      "0": 4.0,
      "1": 1.8,
      "4": 3.0,
      "2": 2.4,
      "3": 3.8,
      "5": 6.0
    },
    "21": {
      "0": 1.6,
      "1": 1.8,
      "4": 4.6,
      "2": 3.8,
      "3": 3.2
    },
    "22": {
      "4": 1.8,
      "5": 1.6,
      "3": 3.0,
      "0": 4.8,
      "1": 5.2,
      "2": 4.6
    },
    "23": {
      "2": 1.2,
      "0": 2.2,
      "4": 4.0,
      "1": 2.8,
      "6": 4.8,
      "5": 6.4,
      "3": 6.6
    },
    "24": {
      "3": 3.2,
      "4": 2.2,
      "7": 2.6,
      "2": 3.0,
      "1": 6.0,
      "0": 7.4,
      "5": 5.0,
      "6": 6.6
    },
    "25": {
      "5": 2.4,
      "8": 3.4,
      "0": 5.2,
      "6": 5.4,
      "4": 2.6,
      "2": 2.6,
      "1": 6.4,
      "3": 8.0,
      "7": 9.0
    },
    "26": {
      "4": 2.2,
      "5": 3.2,
      "6": 5.0,
      "1": 4.8,
      "2": 4.2,
      "3": 3.2,
      "0": 5.4
    },
    "27": {
      "0": 2.4,
      "2": 4.4,
      "1": 2.2,
      "5": 2.6,
      "3": 4.6,
      "4": 4.8
    },
    "28": {
      "4": 2.2,
      "3": 1.8,
      "1": 2.0,
      "2": 4.2,
      "0": 4.8
    },
    "29": {
      "0": 1.6,
      "1": 1.6,
      "2": 2.8,
      "3": 4.0
    },
    "30": {
      "4": 3.2,
      "6": 2.0,
      "5": 2.8,
      "3": 2.8,
      "2": 4.4,
      "1": 6.2,
      "0": 6.6
    },
    "31": {
      "1": 4.6,
      "4": 2.0,
      "3": 2.2,
      "2": 3.0,
      "0": 4.0,
      "5": 5.2
    },
    "32": {
      "3": 1.0,
      "2": 2.2,
      "0": 3.6,
      "1": 3.2,
      "4": 5.0
    },
    "33": {
      "1": 2.2,
      "2": 3.8,
      "0": 2.4,
      "3": 5.4,
      "5": 5.8,
      "6": 5.0,
      "7": 6.4,
      "4": 5.0,
      "8": 9.0
    },
    "34": {
      "1": 1.8,
      "2": 1.8,
      "3": 3.0,
      "0": 4.6,
      "4": 3.8,
      "5": 6.0
    },
    "35": {
      "7": 1.6,
      "3": 2.0,
      "0": 2.8,
      "6": 4.0,
      "8": 6.0,
      "4": 4.8,
      "2": 6.8,
      "1": 8.2,
      "5": 8.8
    },
    "36": {
      "2": 5.0,
      "7": 3.6,
      "1": 3.2,
      "0": 3.6,
      "8": 5.0,
      "3": 3.6,
      "5": 6.2,
      "6": 5.8,
      "4": 9.0
    },
    "37": {
      "5": 4.8,
      "1": 2.4,
      "3": 1.6,
      "0": 3.8,
      "4": 3.4,
      "2": 5.0
    },
    "38": {
      "5": 2.0,
      "1": 2.0,
      "2": 2.2,
      "0": 3.8,
      "4": 5.0,
      "3": 6.0
    },
    "39": {
      "4": 1.8,
      "2": 1.6,
      "5": 3.4,
      "3": 3.2,
      "1": 5.0,
      "0": 6.0
    },
    "40": {
      "1": 1.8,
      "0": 2.0,
      "5": 5.0,
      "2": 4.0,
      "3": 2.6,
      "4": 5.6
    },
    "41": {
      "3": 1.8,
      "1": 2.4,
      "0": 1.8,
      "4": 4.2,
      "2": 4.8
    },
    "42": {
      "5": 3.8,
      "0": 2.0,
      "2": 4.0,
      "3": 4.8,
      "6": 2.2,
      "4": 4.6,
      "1": 6.6
    },
    "43": {
      "3": 2.2,
      "2": 2.2,
      "5": 2.4,
      "6": 5.0,
      "4": 4.0,
      "0": 5.2,
      "1": 7.0
    },
    "44": {
      "4": 1.2,
      "1": 2.4,
      "5": 3.0,
      "2": 4.6,
      "3": 3.8,
      "0": 6.0
    },
    "45": {
      "5": 1.8,
      "2": 2.2,
      "0": 3.8,
      "1": 3.8,
      "3": 4.0,
      "4": 5.4
    },
    "46": {
      "2": 2.2,
      "3": 2.6,
      "1": 1.4,
      "0": 3.8
    },
    "47": {
      "2": 1.2,
      "0": 2.0,
      "3": 2.8,
      "1": 4.0
    },
    "48": {
      "3": 3.6,
      "4": 4.2,
      "1": 2.4,
      "0": 2.0,
      "5": 4.8,
      "2": 4.0
    },
    "49": {
      "4": 2.8,
      "7": 1.2,
      "6": 2.4,
      "5": 4.0,
      "1": 5.0,
      "0": 7.2,
      "2": 6.4,
      "3": 7.0
    },
    "50": {
      "3": 1.0,
      "2": 2.2,
      "1": 2.8,
      "0": 4.4,
      "4": 4.6
    },
    "51": {
      "2": 1.6,
      "0": 2.4,
      "1": 2.0
    },
    "52": {
      "7": 1.2,
      "8": 2.2,
      "0": 3.4,
      "2": 3.8,
      "5": 4.4,
      "4": 7.0,
      "1": 7.4,
      "3": 7.0,
      "6": 8.6
    },
    "53": {
      "0": 1.0,
      "3": 2.2,
      "1": 3.2,
      "2": 4.0,
      "4": 4.6
    },
    "54": {
      "4": 4.0,
      "5": 2.8,
      "3": 4.0,
      "1": 3.6,
      "2": 4.0,
      "0": 2.6
    },
    "55": {
      "0": 2.4,
      "2": 2.2,
      "1": 2.6,
      "3": 2.8,
      "4": 5.0
    },
    "56": {
      "4": 1.4,
      "0": 1.6,
      "1": 3.4,
      "3": 3.6,
      "2": 5.0
    },