{
  "content_diversity": 0.64111328125,
  "classifier_auc": 0.691738202298224,
  "ranking_stability": 0.4528380952380952,
  "feature_coefficients": {
    "word_count": 0.08084541567615375,
    "sentence_count": -0.3591514905300167,
    "avg_sentence_length": 0.06460380129964426,
    "paragraph_count": 0.10638168935362957,
    "heading_density": -1.2794517330261426,
    "list_frequency": 0.024567779227789015,
    "readability": -0.3163604888032934,
    "bold_emphasis_density": -0.22935105286755897,
    "citation_density": 0.04567012890531945,
    "statistic_density": 0.0804258926907606,
    "quote_density": 0.017917679732506527,
    "named_source_mentions": 0.2526043609134059,
    "year_mentions": -0.10542095240203384,
    "claim_density": -0.27120752419129096,
    "external_reference_density": 0.3344072639503368,
    "question_density": -0.08625663778663265,
    "query_similarity": -0.06299640935150416,
    "corpus_centroid_similarity": 0.019014730338559327,
    "type_token_ratio": -0.4595838044207659,
    "vocabulary_sophistication": 0.13655755908888723,
    "sentiment_polarity": -0.0626611937003595,
    "avg_word_length": 0.2132537670463615,
    "semantic_uniqueness": -0.06788467988348756,
    "information_density": -0.20014098418796877,
    "specificity_score": -0.32049525071300433
  },
  "avg_ranks": {
    "0": {
      "4": 5.2,
      "6": 1.4,
      "1": 2.0,
      "3": 4.6,
      "0": 4.0,
      "5": 5.2,
      "2": 5.6
    },
    "1": {
      "1": 1.4,
      "3": 2.2,
      "4": 2.6,
      "2": 4.6,
      "5": 4.2,
      "0": 6.0
    },
    "2": {
      "4": 1.2,
      "5": 3.0,
      "2": 3.8,
      "6": 3.0,
      "0": 6.4,
      "1": 5.0,
      "7": 5.8,
      "3": 7.8
    },
    "3": {
      "2": 2.8,
      "1": 2.2,
      "4": 3.4,
      "3": 3.2,
      "0": 3.4
    },
    "4": {
      "0": 1.0,
      "3": 3.0,
      "1": 2.2,
      "2": 3.8
    },
    "5": {
      "1": 4.6,
      "2": 2.0,
      "5": 1.4,
      "4": 4.6,
      "3": 4.2,
      "6": 6.6,
      "0": 4.6
    },
    "6": {
      "2": 1.8,
      "0": 2.6,
      "1": 4.4,
      "3": 3.6,
      "5": 5.4,
      "4": 3.2
    },
    "7": {
      "2": 1.2,
      "4": 1.8,
      "3": 3.2,
      "0": 3.8,
      "1": 5.0,
      "6": 6.4,
      "5": 6.6
    },
    "8": {
      "0": 2.6,
      "5": 3.0,
      "2": 4.8,
      "6": 4.2,
      "3": 5.0,
      "1": 4.8,
      "4": 3.6
    },
    "9": {
      "4": 2.6,
      "2": 2.4,
      "1": 3.0,
      "0": 3.6,
      "3": 3.4
    },
    "10": {
      "4": 2.6,
      "1": 2.4,
      "2": 3.2,
      "3": 2.8,
      "0": 4.0
    },
    "11": {
      "6": 4.2,
      "5": 1.4,
      "0": 2.4,
      "4": 4.8,
      "7": 4.6,
      "3": 6.6,
      "1": 6.0,
      "2": 6.0
    },
    "12": {
      "2": 1.2,
      "1": 1.8,
      "3": 4.8,
      "4": 4.6,
      "5": 5.2,
      "0": 4.6,
      "7": 5.8,
      "6": 8.0
    },
    "13": {
      "0": 1.2,
      "4": 4.0,
      "2": 3.0,
      "3": 3.8,
      "5": 3.6,
      "1": 5.4
    },
    "14": {
      "3": 1.8,
      "0": 1.8,
      "1": 3.0,
      "2": 3.4
    },
    "15": {
      "3": 1.8,
      "2": 4.4,
      "5": 5.0,
      "0": 3.0,
      "4": 2.0,
      "1": 4.8
    },
    "16": {
      "4": 1.0,
      "0": 3.4,
      "1": 3.6,
      "3": 4.4,
      "6": 5.8,
      "2": 2.8,
      "5": 7.0
    },
    "17": {
      "6": 3.6,
      "2": 2.2,
      "5": 2.4,
      "1": 5.0,
      "0": 4.2,
      "4": 4.8,
      "3": 5.8
    },
    "18": {
      "1": 1.6,
      "0": 2.0,
      "2": 2.4
    },
    "19": {
      "1": 2.0,
      "3": 2.0,
      "2": 2.4,
      "0": 3.6,
      "5": 5.0,
      "4": 6.0
    },
    "20": {
      "4": 1.8,
      "1": 2.6,
      "0": 3.8,
      "2": 3.8,
      "3": 3.2,
      "5": 5.8
    },
    "21": {
      "1": 2.0,
      "2": 3.2,
      "0": 3.8,
      "3": 2.8,
      "4": 3.2
    },
    "22": {
      "4": 1.2,
      "5": 2.2,
      "3": 3.2,
      "0": 5.6,
      "2": 4.6,
      "1": 4.2
    },
    "23": {
      "2": 1.2,
      "1": 2.0,
      "0": 2.8,
      "4": 4.4,
      "6": 4.8,
      "3": 6.2,
      "5": 6.6
    },
    "24": {
      "6": 3.2,
      "3": 1.6,
      "7": 2.6,
      "2": 5.8,
      "4": 4.4,
      "1": 4.4,
      "0": 7.8,
      "5": 6.2
    },
    "25": {
      "4": 3.0,
      "5": 1.6,
      "8": 3.8,
      "2": 2.2,
      "6": 6.2,
      "0": 4.6,
      "1": 6.6,
      "3": 8.0,
      "7": 9.0
    },
    "26": {
      "5": 3.6,
      "4": 2.2,
      "2": 3.2,
      "0": 3.8,
      "3": 2.6,
      "1": 6.0,
      "6": 6.6
    },
    "27": {
      "5": 1.8,
      "1": 1.8,
      "3": 3.2,
      "4": 4.2,
      "2": 4.8,
      "0": 5.2
    },
    "28": {
      "3": 2.0,
      "1": 2.2,
      "4": 1.8,
      "2": 4.2,
      "0": 4.8
    },
    "29": {
      "0": 1.8,
      "1": 1.2,
      "3": 3.6,
      "2": 3.4
    },
    "30": {
      "2": 3.6,
      "6": 2.2,
      "4": 2.6,
      "3": 3.4,
      "5": 3.4,
      "0": 6.8,
      "1": 6.0
    },
    "31": {
      "4": 1.2,
      "0": 3.8,
      "3": 2.8,
      "2": 2.4,
      "5": 5.6,
      "1": 5.2
    },
    "32": {
      "3": 1.0,
      "2": 3.0,
      "1": 2.4,
      "0": 3.6,
      "4": 5.0
    },
    "33": {
      "1": 2.0,
      "0": 2.2,
      "6": 4.2,
      "7": 4.6,
      "5": 6.4,
      "4": 4.2,
      "3": 6.2,
      "2": 6.2,
      "8": 9.0
    },
    "34": {
      "3": 2.4,
      "0": 4.2,
      "2": 1.6,
      "1": 2.6,
      "4": 4.6,
      "5": 5.6
    },
    "35": {
      "7": 1.2,
      "0": 3.0,
      "4": 3.8,
      "3": 2.2,
      "6": 5.2,
      "5": 8.2,
      "1": 7.8,
      "2": 7.2,
      "8": 6.4
    },
    "36": {
      "0": 4.8,
      "3": 4.2,
      "7": 7.6,
      "8": 6.0,
      "1": 5.0,
      "2": 2.4,
      "6": 3.0,
      "4": 6.0,
      "5": 6.0
    },
    "37": {
      "1": 1.6,
      "3": 1.6,
      "0": 3.6,
      "4": 4.0,
      "2": 5.2,
      "5": 5.0
    },
    "38": {
      "2": 1.8,
      "1": 2.2,
      "0": 4.0,
      "5": 2.8,
      "4": 4.2,
      "3": 6.0
    },
    "39": {
      "2": 2.0,
      "4": 3.2,
      "1": 3.0,
      "3": 2.0,
      "5": 4.8,
      "0": 6.0
    },
    "40": {
      "1": 2.2,
      "3": 1.6,
      "5": 4.8,
      "2": 3.8,
      "0": 2.8,
      "4": 5.8
    },
    "41": {
      "0": 1.4,
      "3": 2.6,
      "1": 2.0,
      "4": 4.0,
      "2": 5.0
    },
    "42": {
      "6": 2.2,
      "2": 2.6,
      "3": 5.0,
      "5": 3.4,
      "4": 3.6,
      "1": 6.8,
      "0": 4.4
    },
    "43": {
      "2": 2.0,
      "5": 2.4,
      "4": 5.2,
      "6": 4.0,
      "3": 2.6,
      "0": 4.8,
      "1": 7.0
    },
    "44": {
      "1": 1.8,
      "4": 1.2,
      "5": 3.2,
      "2": 4.0,
      "3": 4.8,
      "0": 6.0
    },
    "45": {
      "5": 1.8,
      "2": 3.2,
      "1": 3.4,
      "0": 3.8,
      "3": 3.6,
      "4": 5.2
    },
    "46": {
      "2": 2.8,
      "1": 1.2,
      "3": 2.2,
      "0": 3.8
    },
    "47": {
      "3": 2.4,
      "0": 1.8,
      "2": 2.0,
      "1": 3.8
    },
    "48": {
      "0": 1.0,
      "1": 2.8,
      "2": 3.0,
      "4": 4.0,
      "3": 4.6,
      "5": 5.6
    },
    "49": {
      "6": 1.6,
      "7": 1.8,
      "4": 2.8,
      "5": 4.2,
      "1": 4.6,
      "2": 6.0,
      "0": 7.2,
      "3": 7.8
    },
    "50": {
      "3": 1.2,
      "2": 1.8,
      "4": 3.6,
      "1": 4.0,
      "0": 4.4
    },
    "51": {
      "2": 2.6,
      "1": 1.6,
      "0": 1.8
    },
    "52": {
      "5": 4.4,
      "7": 1.8,
      "8": 2.0,
      "2": 4.4,
      "0": 4.2,
      "6": 8.0,
      "1": 7.0,
      "4": 7.4,
      "3": 5.8
    },
    "53": {
      "0": 1.0,
      "3": 2.2,
      "2": 3.8,
      "1": 3.4,
      "4": 4.6
    },
    "54": {
      "3": 3.2,
      "1": 2.4,
      "0": 3.8,
      "5": 3.6,
      "2": 3.8,
      "4": 4.2
    },
    "55": {
      "2": 1.2,
      "0": 2.4,
      "1": 2.4,
      "3": 4.0,
      "4": 5.0
    },
    "56": {
      "4": 1.0,
      "0": 2.0,
      "3": 3.4,
      "1": 3.6,
      "2": 5.0
    },
    "57": {
      "4": 1.0,