{
  "content_diversity": 0.6297105550765991,
  "classifier_auc": 0.6671237187556196,
  "ranking_stability": 0.4454420858035315,
  "feature_coefficients": {
    "word_count": 0.44954289396824837,
    "sentence_count": -0.3487974570491015,
    "avg_sentence_length": -0.01511664756706721,
    "paragraph_count": 0.1684786192941911,
    "heading_density": -0.6004875115530256,
    "list_frequency": 0.024376596252442605,
    "readability": -0.06674755375186142,
    "bold_emphasis_density": -0.031042318153435652,
    "citation_density": -0.06194104160253428,
    "statistic_density": -0.1979338319651662,
    "quote_density": -0.11773856253458846,
    "named_source_mentions": 0.14930776166540588,
    "year_mentions": -0.24048776705854172,
    "claim_density": 0.02721822896878153,
    "external_reference_density": 0.35955066715285017,
    "question_density": -0.263698397799112,
    "query_similarity": 0.12374833180097615,
    "corpus_centroid_similarity": 0.0705306444596765,
    "type_token_ratio": -0.15339329814338828,
    "vocabulary_sophistication": 0.28543114552182475,
    "sentiment_polarity": -0.03205271994356182,
    "avg_word_length": -0.1611914236514276,
    "semantic_uniqueness": -0.06982170812387437,
    "information_density": -0.24110529413480092,
    "specificity_score": -0.1596503149703484
  },
  "avg_ranks": {
    "0": {
      "6": 1.8,
      "1": 2.0,
      "2": 3.4,
      "5": 4.8,
      "0": 5.0,
      "3": 4.8,
      "4": 6.2
    },
    "1": {
      "1": 1.8,
      "4": 3.2,
      "3": 2.6,
      "5": 2.8,
      "2": 4.6,
      "0": 6.0
    },
    "2": {
      "4": 1.2,
      "6": 2.4,
      "2": 2.8,
      "5": 4.0,
      "3": 7.2,
      "7": 6.0,
      "1": 6.4,
      "0": 6.0
    },
    "3": {
      "4": 3.4,
      "0": 3.2,
      "1": 1.8,
      "2": 3.4,
      "3": 3.2
    },
    "4": {
      "3": 1.4,
      "1": 2.6,
      "2": 3.6,
      "0": 2.4
    },
    "5": {
      "5": 1.6,
      "2": 2.8,
      "3": 4.4,
      "1": 4.6,
      "0": 4.4,
      "4": 5.0,
      "6": 5.2
    },
    "6": {
      "1": 2.6,
      "3": 3.6,
      "2": 2.2,
      "0": 3.0,
      "4": 4.0,
      "5": 5.6
    },
    "7": {
      "4": 1.4,
      "3": 2.0,
      "2": 4.2,
      "1": 4.4,
      "0": 4.0,
      "5": 6.2,
      "6": 5.8
    },
    "8": {
      "1": 1.8,
      "5": 3.0,
      "4": 3.8,
      "2": 4.2,
      "3": 3.8,
      "6": 4.4,
      "0": 7.0
    },
    "9": {
      "2": 1.0,
      "4": 2.4,
      "1": 2.6,
      "3": 4.8,
      "0": 4.2
    },
    "10": {
      "1": 1.8,
      "2": 2.4,
      "4": 2.6,
      "0": 4.4,
      "3": 3.8
    },
    "11": {
      "5": 2.2,
      "6": 6.4,
      "0": 2.2,
      "7": 5.0,
      "2": 4.2,
      "3": 5.4,
      "1": 5.2,
      "4": 5.4
    },
    "12": {
      "3": 3.8,
      "7": 2.4,
      "4": 4.2,
      "5": 5.6,
      "0": 5.6,
      "1": 3.4,
      "2": 3.0,
      "6": 8.0
    },
    "13": {
      "5": 2.6,
      "0": 1.6,
      "4": 2.8,
      "3": 4.0,
      "2": 4.0,
      "1": 6.0
    },
    "14": {
      "0": 1.8,
      "1": 2.6,
      "3": 2.8,
      "2": 2.8
    },
    "15": {
      "0": 2.8,
      "1": 5.0,
      "3": 2.0,
      "4": 3.6,
      "2": 3.2,
      "5": 4.4
    },
    "16": {
      "4": 1.4,
      "2": 3.4,
      "0": 2.4,
      "1": 3.2,
      "6": 4.8,
      "3": 5.8,
      "5": 7.0
    },
    "17": {
      "2": 1.2,
      "5": 1.8,
      "3": 4.4,
      "4": 3.4,
      "6": 5.0,
      "0": 5.4,
      "1": 6.8
    },
    "18": {
      "0": 1.8,
      "1": 1.8,
      "2": 2.4
    },
    "19": {
      "0": 3.0,
      "3": 2.6,
      "2": 2.2,
      "1": 2.2,
      "5": 5.0,
      "4": 6.0
    },
    "20": {
      "1": 2.4,
      "3": 3.8,
      "2": 2.2,
      "4": 3.0,
      "0": 3.6,
      "5": 6.0
    },
    "21": {
      "4": 4.0,
      "1": 2.4,
      "0": 2.8,
      "3": 2.8,
      "2": 3.0
    },
    "22": {
      "5": 1.4,
      "4": 2.2,
      "1": 3.4,
      "3": 3.0,
      "0": 5.6,
      "2": 5.4
    },
    "23": {
      "2": 1.4,
      "0": 2.8,
      "1": 3.2,
      "4": 3.2,
      "6": 4.4,
      "3": 6.4,
      "5": 6.6
    },
    "24": {
      "4": 2.8,
      "7": 2.8,
      "3": 2.4,
      "1": 4.6,
      "6": 3.4,
      "2": 6.6,
      "0": 7.4,
      "5": 6.0
    },
    "25": {
      "2": 2.2,
      "4": 3.2,
      "5": 3.8,
      "8": 3.4,
      "0": 5.6,
      "6": 5.0,
      "1": 4.8,
      "3": 8.0,
      "7": 9.0
    },
    "26": {
      "2": 2.4,
      "4": 2.4,
      "3": 3.0,
      "5": 3.8,
      "6": 5.0,
      "1": 5.6,
      "0": 5.8
    },
    "27": {
      "1": 1.4,
      "5": 2.6,
      "0": 3.0,
      "3": 4.4,
      "4": 5.6,
      "2": 4.0
    },
    "28": {
      "1": 1.6,
      "3": 1.8,
      "4": 2.6,
      "2": 4.2,
      "0": 4.8
    },
    "29": {
      "1": 1.0,
      "0": 2.0,
      "2": 3.0,
      "3": 4.0
    },
    "30": {
      "5": 1.8,
      "4": 3.4,
      "1": 5.8,
      "6": 2.2,
      "3": 3.4,
      "2": 5.0,
      "0": 6.4
    },
    "31": {
      "3": 2.6,
      "4": 2.0,
      "2": 3.2,
      "0": 4.0,
      "1": 3.4,
      "5": 5.8
    },
    "32": {
      "3": 1.0,
      "2": 2.4,
      "1": 2.8,
      "0": 4.0,
      "4": 4.8
    },
    "33": {
      "4": 3.2,
      "3": 3.6,
      "1": 2.6,
      "2": 3.4,
      "0": 3.6,
      "6": 5.2,
      "7": 6.8,
      "5": 7.6,
      "8": 9.0
    },
    "34": {
      "1": 1.6,
      "2": 1.6,
      "4": 4.0,
      "3": 3.8,
      "0": 4.2,
      "5": 5.8
    },
    "35": {
      "7": 1.8,
      "3": 1.8,
      "0": 3.4,
      "6": 4.6,
      "8": 5.6,
      "2": 7.8,
      "4": 4.6,
      "5": 7.2,
      "1": 8.2
    },
    "36": {
      "0": 2.8,
      "1": 3.6,
      "8": 3.0,
      "7": 1.8,
      "3": 3.8,
      "2": 6.2,
      "6": 6.8,
      "4": 8.4,
      "5": 8.6
    },
    "37": {
      "3": 1.8,
      "4": 3.6,
      "1": 2.0,
      "2": 5.4,
      "5": 4.8,
      "0": 3.4
    },
    "38": {
      "2": 1.4,
      "1": 2.0,
      "5": 2.8,
      "0": 3.8,
      "4": 5.0,
      "3": 6.0
    },
    "39": {
      "2": 2.0,
      "4": 1.8,
      "3": 2.6,
      "5": 3.6,
      "1": 5.0,
      "0": 6.0
    },
    "40": {
      "5": 4.4,
      "3": 2.8,
      "1": 2.2,
      "0": 2.2,
      "2": 3.8,
      "4": 5.6
    },
    "41": {
      "3": 1.8,
      "0": 2.8,
      "1": 1.4,
      "4": 4.0,
      "2": 5.0
    },
    "42": {
      "1": 5.6,
      "0": 2.8,
      "6": 3.4,
      "5": 3.2,
      "4": 4.6,
      "3": 5.6,
      "2": 2.8
    },
    "43": {
      "2": 2.5,
      "5": 2.0,
      "4": 3.5,
      "3": 3.25,
      "0": 3.75,
      "6": 6.0,
      "1": 7.0
    },
    "44": {
      "1": 1.6,
      "4": 1.4,
      "5": 3.6,
      "2": 4.4,
      "3": 4.0,
      "0": 6.0
    },
    "45": {
      "1": 3.2,
      "5": 1.6,
      "2": 4.2,
      "3": 4.0,
      "0": 3.0,
      "4": 5.0
    },
    "46": {
      "1": 1.2,
      "2": 1.8,
      "0": 3.6,
      "3": 3.4
    },
    "47": {
      "3": 1.8,
      "2": 1.8,
      "0": 2.6,
      "1": 3.8
    },
    "48": {
      "2": 3.8,
      "0": 1.6,
      "1": 1.8,
      "3": 4.8,
      "5": 4.0,
      "4": 5.0
    },
    "49": {
      "1": 3.4,
      "7": 2.0,
      "4": 3.4,
      "6": 2.6,
      "5": 3.6,
      "3": 6.6,
      "0": 7.0,
      "2": 7.4
    },
    "50": {
      "2": 2.2,
      "3": 1.2,
      "1": 2.6,
      "0": 4.2,
      "4": 4.8
    },
    "51": {
      "1": 1.4,
      "2": 1.6,
      "0": 3.0
    },
    "52": {
      "7": 1.8,
      "8": 1.6,
      "3": 5.8,
      "0": 3.0,
      "5": 5.6,
      "6": 8.2,
      "1": 5.6,
      "4": 6.8,
      "2": 6.6
    },
    "53": {
      "3": 2.2,
      "2": 2.4,
      "1": 3.0,
      "0": 3.2,
      "4": 4.2
    },
    "54": {
      "1": 4.4,
      "3": 2.2,
      "5": 2.8,
      "4": 2.4,
      "0": 3.6,
      "2": 5.6
    },
    "55": {
      "1": 1.2,
      "2": 1.8,
      "0": 3.0,
      "3": 4.0,
      "4": 5.0
    },
    "56": {
      "0": 1.2,
      "4": 2.2,
      "1": 3.2,
      "3": 3.4,
      "2": 5.0
    },
    "57": {
      "4": 1.0,