{
  "content_diversity": 0.6444243788719177,
  "classifier_auc": 0.6888823952526524,
  "ranking_stability": 0.45286613970824496,
  "feature_coefficients": {
    "word_count": 0.1796760268370116,
    "sentence_count": -0.1766428706968278,
    "avg_sentence_length": 0.12532182239300413,
    "paragraph_count": 0.13214071355303225,
    "heading_density": -0.8617870304901419,
    "list_frequency": 0.29707173609160686,
    "readability": -0.2223404503941951,
    "bold_emphasis_density": 0.07159803271849258,
    "citation_density": 0.002474267147190518,
    "statistic_density": -0.163988351700838,
    "quote_density": 0.049840759457148456,
    "named_source_mentions": 0.2758165210838875,
    "year_mentions": -0.3808319041762222,
    "claim_density": -0.20838239470493858,
    "external_reference_density": 0.048499137458127735,
    "question_density": 0.044133031977686005,
    "query_similarity": 0.12897538709924725,
    "corpus_centroid_similarity": 0.17133243468046006,
    "type_token_ratio": -0.32655399753978726,
    "vocabulary_sophistication": 0.14220525768803088,
    "sentiment_polarity": -0.05187500169040435,
    "avg_word_length": -0.10884492156416511,
    "semantic_uniqueness": -0.03223117446433659,
    "information_density": 0.11867163150081933,
    "specificity_score": 0.00712579670148803
  },
  "avg_ranks": {
    "0": {
      "6": 1.4,
      "1": 2.4,
      "5": 5.0,
      "4": 6.4,
      "2": 4.6,
      "3": 4.4,
      "0": 3.8
    },
    "1": {
      "4": 3.0,
      "1": 1.6,
      "3": 2.4,
      "2": 3.8,
      "5": 4.2,
      "0": 6.0
    },
    "2": {
      "1": 5.6,
      "4": 1.6,
      "6": 3.0,
      "5": 3.4,
      "2": 2.8,
      "7": 5.6,
      "3": 7.8,
      "0": 6.2
    },
    "3": {
      "4": 2.6,
      "0": 3.6,
      "1": 1.8,
      "2": 3.0,
      "3": 4.0
    },
    "4": {
      "0": 1.2,
      "1": 1.8,
      "3": 3.6,
      "2": 3.4
    },
    "5": {
      "2": 1.2,
      "3": 3.0,
      "5": 2.6,
      "1": 3.8,
      "4": 4.4,
      "0": 6.6,
      "6": 6.4
    },
    "6": {
      "2": 1.8,
      "0": 3.8,
      "3": 3.0,
      "4": 4.0,
      "1": 3.0,
      "5": 5.4
    },
    "7": {
      "4": 1.6,
      "3": 2.6,
      "2": 2.4,
      "1": 4.6,
      "0": 4.2,
      "6": 5.8,
      "5": 6.8
    },
    "8": {
      "4": 2.2,
      "0": 2.4,
      "1": 3.6,
      "2": 4.2,
      "5": 4.8,
      "6": 4.4,
      "3": 6.4
    },
    "9": {
      "4": 2.8,
      "2": 1.8,
      "0": 3.8,
      "1": 2.4,
      "3": 4.2
    },
    "10": {
      "2": 3.2,
      "1": 1.6,
      "4": 2.2,
      "3": 3.8,
      "0": 4.2
    },
    "11": {
      "5": 3.4,
      "0": 3.2,
      "2": 2.8,
      "1": 2.8,
      "3": 3.0,
      "4": 6.2,
      "7": 7.4,
      "6": 7.2
    },
    "12": {
      "5": 3.4,
      "4": 3.4,
      "0": 4.6,
      "1": 3.6,
      "2": 4.0,
      "7": 4.4,
      "3": 4.6,
      "6": 8.0
    },
    "13": {
      "0": 1.2,
      "2": 3.0,
      "5": 2.4,
      "4": 3.8,
      "3": 4.6,
      "1": 6.0
    },
    "14": {
      "3": 1.8,
      "0": 1.4,
      "2": 3.2,
      "1": 3.6
    },
    "15": {
      "3": 1.6,
      "4": 3.0,
      "0": 3.6,
      "2": 2.8,
      "1": 5.4,
      "5": 4.6
    },
    "16": {
      "4": 1.2,
      "2": 2.6,
      "0": 3.0,
      "3": 3.6,
      "1": 4.8,
      "6": 5.8,
      "5": 7.0
    },
    "17": {
      "5": 2.2,
      "3": 2.6,
      "2": 2.4,
      "4": 5.0,
      "0": 4.2,
      "6": 4.8,
      "1": 6.8
    },
    "18": {
      "1": 1.4,
      "0": 1.6,
      "2": 3.0
    },
    "19": {
      "2": 2.0,
      "1": 1.6,
      "3": 2.8,
      "0": 3.8,
      "5": 4.8,
      "4": 6.0
    },
    "20": {
      "1": 2.8,
      "4": 3.0,
      "0": 2.6,
      "3": 3.4,
      "2": 3.4,
      "5": 5.8
    },
    "21": {
      "0": 1.8,
      "1": 2.4,
      "3": 2.4,
      "2": 4.6,
      "4": 3.8
    },
    "22": {
      "4": 1.4,
      "5": 1.6,
      "3": 4.6,
      "1": 4.4,
      "0": 4.0,
      "2": 5.0
    },
    "23": {
      "2": 1.0,
      "1": 3.0,
      "0": 2.4,
      "4": 4.2,
      "3": 6.0,
      "6": 4.6,
      "5": 6.8
    },
    "24": {
      "7": 2.4,
      "6": 1.8,
      "3": 2.8,
      "4": 3.6,
      "1": 6.0,
      "2": 5.4,
      "5": 6.4,
      "0": 7.6
    },
    "25": {
      "8": 2.8,
      "4": 4.2,
      "5": 2.6,
      "1": 5.0,
      "6": 3.6,
      "0": 5.0,
      "2": 4.8,
      "3": 8.0,
      "7": 9.0
    },
    "26": {
      "4": 2.4,
      "3": 1.8,
      "2": 4.2,
      "5": 4.6,
      "0": 5.6,
      "6": 4.8,
      "1": 4.6
    },
    "27": {
      "1": 1.4,
      "2": 2.6,
      "5": 2.6,
      "0": 4.4,
      "3": 4.0,
      "4": 6.0
    },
    "28": {
      "2": 3.6,
      "3": 1.8,
      "1": 2.0,
      "4": 2.8,
      "0": 4.8
    },
    "29": {
      "0": 1.8,
      "1": 1.2,
      "2": 3.6,
      "3": 3.4
    },
    "30": {
      "6": 2.6,
      "4": 2.4,
      "5": 4.6,
      "3": 1.8,
      "2": 4.0,
      "1": 5.8,
      "0": 6.8
    },
    "31": {
      "2": 2.4,
      "4": 2.6,
      "3": 3.4,
      "1": 3.0,
      "0": 4.4,
      "5": 5.2
    },
    "32": {
      "3": 1.2,
      "2": 2.8,
      "1": 2.8,
      "0": 3.2,
      "4": 5.0
    },
    "33": {
      "1": 1.6,
      "7": 3.8,
      "0": 3.6,
      "3": 3.8,
      "6": 3.6,
      "4": 5.4,
      "5": 6.8,
      "2": 7.4,
      "8": 9.0
    },
    "34": {
      "1": 2.4,
      "3": 2.0,
      "2": 2.2,
      "4": 3.4,
      "5": 5.6,
      "0": 5.4
    },
    "35": {
      "7": 1.0,
      "0": 3.0,
      "3": 3.0,
      "8": 4.2,
      "2": 6.0,
      "6": 5.8,
      "4": 5.4,
      "5": 7.8,
      "1": 8.8
    },
    "36": {
      "7": 3.8,
      "0": 4.2,
      "1": 2.8,
      "8": 6.6,
      "3": 4.2,
      "2": 4.6,
      "5": 7.4,
      "4": 6.2,
      "6": 5.2
    },
    "37": {
      "3": 1.0,
      "1": 2.4,
      "4": 2.8,
      "0": 4.0,
      "5": 5.6,
      "2": 5.2
    },
    "38": {
      "4": 4.4,
      "2": 1.4,
      "1": 2.4,
      "0": 3.6,
      "5": 3.4,
      "3": 5.8
    },
    "39": {
      "2": 1.2,
      "5": 3.4,
      "0": 5.4,
      "3": 3.6,
      "1": 4.8,
      "4": 2.6
    },
    "40": {
      "3": 2.0,
      "1": 1.6,
      "5": 4.4,
      "0": 2.8,
      "2": 5.0,
      "4": 5.2
    },
    "41": {
      "3": 1.8,
      "0": 1.8,
      "1": 2.6,
      "4": 3.8,
      "2": 5.0
    },
    "42": {
      "4": 4.8,
      "0": 2.4,
      "6": 2.0,
      "5": 4.8,
      "2": 4.0,
      "3": 4.6,
      "1": 5.4
    },
    "43": {
      "5": 2.4,
      "2": 2.4,
      "6": 3.4,
      "3": 2.8,
      "4": 4.4,
      "0": 5.6,
      "1": 7.0
    },
    "44": {
      "4": 1.4,
      "1": 1.6,
      "5": 3.2,
      "3": 4.8,
      "2": 4.0,
      "0": 6.0
    },
    "45": {
      "2": 1.6,
      "5": 3.2,
      "1": 3.8,
      "3": 3.6,
      "0": 2.8,
      "4": 6.0
    },
    "46": {
      "1": 1.0,
      "2": 3.2,
      "3": 2.8,
      "0": 3.0
    },
    "47": {
      "3": 1.8,
      "0": 2.0,
      "2": 2.2,
      "1": 4.0
    },
    "48": {
      "2": 3.6,
      "4": 2.0,
      "1": 3.0,
      "0": 2.2,
      "3": 4.2,
      "5": 6.0
    },
    "49": {
      "5": 4.8,
      "4": 3.4,
      "7": 2.0,
      "6": 2.8,
      "3": 7.0,
      "1": 4.2,
      "2": 5.2,
      "0": 6.6
    },
    "50": {
      "3": 1.4,
      "2": 1.6,
      "4": 3.6,
      "1": 3.4,
      "0": 5.0
    },
    "51": {
      "2": 1.2,
      "1": 1.8,
      "0": 3.0
    },
    "52": {
      "7": 1.2,
      "8": 2.4,
      "0": 2.8,
      "3": 3.6,
      "6": 7.2,
      "2": 6.8,
      "5": 6.0,
      "1": 7.8,
      "4": 7.2
    },
    "53": {
      "2": 3.4,
      "1": 3.6,
      "3": 2.2,
      "0": 1.6,
      "4": 4.2
    },
    "54": {
      "3": 3.0,
      "2": 2.6,
      "0": 4.2,
      "1": 4.8,
      "5": 3.6,
      "4": 2.8
    },
    "55": {
      "2": 1.4,
      "0": 2.4,
      "3": 3.2,
      "1": 3.4,
      "4": 4.6
    },
    "56": {
      "0": 1.2,
      "4": 1.8,
      "1": 3.0,
      "3": 4.0,
      "2": 5.0
    },
    "57": {
      "4": 1.0,