{
  "content_diversity": 0.636758029460907,
  "classifier_auc": 0.7062130464282252,
  "ranking_stability": 0.47435873015873015,
  "feature_coefficients": {
    "word_count": 0.2525412087119521,
    "sentence_count": -0.3333623178680891,
    "avg_sentence_length": 0.18834656150388235,
    "paragraph_count": -0.4170111683193583,
    "heading_density": -0.4700929590636309,
    "list_frequency": 0.04116152152202052,
    "readability": -0.38098134979751525,
    "bold_emphasis_density": 0.16699386308697647,
    "citation_density": -0.6304012243922449,
    "statistic_density": -0.03987449356764067,
    "quote_density": -0.07500527211732871,
    "named_source_mentions": 0.06898563394508271,
    "year_mentions": 0.026656690971608762,
    "claim_density": 0.04823033969970356,
    "external_reference_density": 0.3533371980175543,
    "question_density": -0.24214976545653383,
    "query_similarity": -0.01968914717035802,
    "corpus_centroid_similarity": 0.057170865409164245,
    "type_token_ratio": -0.5217777244523288,
    "vocabulary_sophistication": 0.3412343866348941,
    "sentiment_polarity": 0.06020344395775226,
    "avg_word_length": 0.2661069685671025,
    "semantic_uniqueness": -0.12657955925543385,
    "information_density": -0.07423071983429658,
    "specificity_score": -0.14669558039497563
  },
  "avg_ranks": {
    "0": {
      "6": 1.4,
      "1": 2.0,
      "4": 4.8,
      "0": 4.4,
      "2": 4.2,
      "3": 6.0,
      "5": 5.2
    },
    "1": {
      "5": 2.6,
      "1": 1.6,
      "3": 3.0,
      "2": 3.8,
      "4": 4.0,
      "0": 6.0
    },
    "2": {
      "2": 2.6,
      "4": 1.4,
      "6": 2.6,
      "5": 3.4,
      "7": 5.8,
      "0": 7.0,
      "1": 6.4,
      "3": 6.8
    },
    "3": {
      "0": 2.6,
      "4": 2.8,
      "1": 2.2,
      "3": 3.4,
      "2": 4.0
    },
    "4": {
      "0": 1.2,
      "3": 2.6,
      "1": 2.2,
      "2": 4.0
    },
    "5": {
      "2": 1.8,
      "5": 2.0,
      "4": 3.8,
      "1": 3.8,
      "3": 5.6,
      "0": 4.8,
      "6": 6.2
    },
    "6": {
      "2": 2.2,
      "0": 2.4,
      "4": 3.2,
      "3": 3.8,
      "1": 3.6,
      "5": 5.8
    },
    "7": {
      "3": 2.4,
      "4": 1.8,
      "2": 3.4,
      "1": 4.2,
      "0": 3.2,
      "6": 6.2,
      "5": 6.8
    },
    "8": {
      "1": 1.8,
      "6": 4.2,
      "5": 3.2,
      "2": 4.0,
      "3": 5.4,
      "4": 3.0,
      "0": 6.4
    },
    "9": {
      "2": 1.0,
      "1": 2.0,
      "4": 3.2,
      "3": 4.8,
      "0": 4.0
    },
    "10": {
      "2": 3.0,
      "1": 1.8,
      "4": 2.6,
      "3": 3.4,
      "0": 4.2
    },
    "11": {
      "0": 2.8,
      "5": 3.2,
      "2": 3.4,
      "3": 4.2,
      "1": 4.0,
      "4": 7.0,
      "7": 6.0,
      "6": 5.4
    },
    "12": {
      "7": 3.2,
      "1": 1.8,
      "2": 1.6,
      "3": 4.0,
      "4": 5.6,
      "0": 5.2,
      "5": 6.6,
      "6": 8.0
    },
    "13": {
      "0": 1.2,
      "3": 2.6,
      "2": 3.4,
      "1": 5.2,
      "5": 4.4,
      "4": 4.2
    },
    "14": {
      "0": 2.0,
      "3": 2.4,
      "1": 2.8,
      "2": 2.8
    },
    "15": {
      "2": 1.4,
      "3": 2.0,
      "4": 2.6,
      "0": 4.0,
      "1": 5.8,
      "5": 5.2
    },
    "16": {
      "4": 1.0,
      "0": 3.0,
      "2": 3.0,
      "3": 4.0,
      "1": 4.4,
      "6": 5.6,
      "5": 7.0
    },
    "17": {
      "2": 1.4,
      "5": 2.4,
      "4": 5.0,
      "3": 5.2,
      "6": 4.2,
      "0": 4.0,
      "1": 5.8
    },
    "18": {
      "0": 1.6,
      "1": 1.6,
      "2": 2.8
    },
    "19": {
      "2": 1.2,
      "1": 2.0,
      "3": 2.8,
      "0": 4.0,
      "5": 5.0,
      "4": 6.0
    },
    "20": {
      "5": 5.0,
      "4": 3.2,
      "2": 2.8,
      "1": 2.8,
      "0": 3.4,
      "3": 3.8
    },
    "21": {
      "1": 2.2,
      "3": 3.0,
      "0": 2.8,
      "2": 3.2,
      "4": 3.8
    },
    "22": {
      "5": 1.6,
      "4": 1.4,
      "0": 5.0,
      "3": 4.2,
      "2": 4.8,
      "1": 4.0
    },
    "23": {
      "2": 1.2,
      "4": 3.0,
      "0": 2.4,
      "6": 5.0,
      "1": 3.6,
      "5": 6.4,
      "3": 6.4
    },
    "24": {
      "3": 1.4,
      "7": 2.8,
      "4": 4.0,
      "2": 4.2,
      "6": 4.2,
      "5": 5.6,
      "1": 6.2,
      "0": 7.6
    },
    "25": {
      "8": 1.8,
      "4": 3.8,
      "6": 4.4,
      "2": 2.8,
      "5": 4.0,
      "1": 6.8,
      "0": 4.6,
      "3": 7.8,
      "7": 9.0
    },
    "26": {
      "3": 3.0,
      "4": 2.2,
      "0": 4.4,
      "2": 3.8,
      "5": 3.6,
      "1": 5.4,
      "6": 5.6
    },
    "27": {
      "1": 2.4,
      "3": 2.4,
      "5": 2.2,
      "0": 3.4,
      "2": 5.2,
      "4": 5.4
    },
    "28": {
      "4": 1.8,
      "1": 1.8,
      "3": 2.4,
      "0": 4.8,
      "2": 4.2
    },
    "29": {
      "1": 1.4,
      "0": 2.4,
      "2": 2.2,
      "3": 4.0
    },
    "30": {
      "4": 1.8,
      "5": 3.2,
      "6": 2.8,
      "3": 3.4,
      "1": 5.4,
      "2": 4.8,
      "0": 6.6
    },
    "31": {
      "4": 2.0,
      "2": 1.4,
      "3": 2.6,
      "0": 4.2,
      "1": 5.4,
      "5": 5.4
    },
    "32": {
      "3": 1.0,
      "2": 2.2,
      "4": 3.8,
      "1": 3.4,
      "0": 4.6
    },
    "33": {
      "2": 4.6,
      "1": 1.6,
      "4": 4.8,
      "0": 2.8,
      "5": 6.0,
      "6": 4.8,
      "3": 5.6,
      "7": 5.8,
      "8": 9.0
    },
    "34": {
      "2": 1.0,
      "1": 2.4,
      "4": 4.0,
      "3": 3.0,
      "0": 4.6,
      "5": 6.0
    },
    "35": {
      "3": 2.2,
      "0": 2.8,
      "6": 4.0,
      "7": 2.2,
      "4": 4.6,
      "8": 5.8,
      "2": 6.8,
      "1": 8.2,
      "5": 8.4
    },
    "36": {
      "0": 1.8,
      "7": 4.2,
      "8": 3.8,
      "1": 3.4,
      "3": 4.2,
      "2": 5.0,
      "6": 7.6,
      "4": 6.6,
      "5": 8.4
    },
    "37": {
      "3": 1.6,
      "1": 2.0,
      "0": 3.0,
      "4": 4.2,
      "5": 4.8,
      "2": 5.4
    },
    "38": {
      "1": 1.6,
      "5": 3.0,
      "2": 2.2,
      "0": 4.8,
      "4": 4.2,
      "3": 5.2
    },
    "39": {
      "4": 1.6,
      "2": 1.4,
      "3": 3.4,
      "1": 4.8,
      "5": 3.8,
      "0": 6.0
    },
    "40": {
      "0": 1.8,
      "1": 2.2,
      "3": 3.0,
      "2": 3.6,
      "5": 4.8,
      "4": 5.6
    },
    "41": {
      "3": 1.2,
      "0": 2.0,
      "1": 2.8,
      "4": 4.2,
      "2": 4.8
    },
    "42": {
      "0": 2.0,
      "6": 2.2,
      "2": 2.8,
      "5": 4.8,
      "3": 6.0,
      "4": 3.6,
      "1": 6.6
    },
    "43": {
      "2": 1.8,
      "4": 4.0,
      "3": 1.6,
      "5": 3.4,
      "6": 4.2,
      "0": 6.0,
      "1": 7.0
    },
    "44": {
      "4": 1.2,
      "1": 2.2,
      "5": 2.6,
      "2": 4.6,
      "3": 4.4,
      "0": 6.0
    },
    "45": {
      "2": 2.2,
      "5": 1.6,
      "1": 3.4,
      "0": 3.8,
      "3": 4.0,
      "4": 6.0
    },
    "46": {
      "1": 1.4,
      "3": 3.0,
      "0": 2.4,
      "2": 3.2
    },
    "47": {
      "2": 1.6,
      "0": 2.2,
      "3": 2.2,
      "1": 4.0
    },
    "48": {
      "0": 1.6,
      "1": 2.2,
      "5": 4.6,
      "4": 3.8,
      "3": 4.0,
      "2": 4.8
    },
    "49": {
      "5": 2.2,
      "7": 1.8,
      "6": 2.8,
      "4": 3.2,
      "1": 5.0,
      "0": 6.4,
      "2": 6.8,
      "3": 7.8
    },
    "50": {
      "3": 1.4,
      "1": 2.6,
      "2": 2.0,
      "4": 4.2,
      "0": 4.8
    },
    "51": {
      "2": 1.0,
      "1": 2.2,
      "0": 2.8
    },
    "52": {
      "7": 1.0,
      "8": 2.0,
      "4": 6.2,
      "0": 4.4,
      "2": 4.6,
      "1": 6.0,
      "3": 7.0,
      "5": 5.2,
      "6": 8.6
    },
    "53": {
      "0": 1.2,
      "3": 3.2,
      "2": 2.8,
      "4": 4.4,
      "1": 3.4
    },
    "54": {
      "5": 3.8,
      "3": 1.8,
      "2": 2.8,
      "4": 3.4,
      "1": 3.6,
      "0": 5.6
    },
    "55": {
      "1": 3.0,
      "2": 2.0,
      "0": 2.4,
      "3": 2.6,
      "4": 5.0
    },
    "56": {
      "4": 1.6,
      "0": 2.6,
      "3": 1.8,
      "1": 4.0,
      "2": 5.0
    },
    "57": {
      "4": 1.0,