{
  "content_diversity": 0.6300431489944458,
  "classifier_auc": 0.7235818096577591,
  "ranking_stability": 0.3837333460827437,
  "feature_coefficients": {
    "word_count": 0.5698554555932434,
    "sentence_count": 0.34083519766625275,
    "avg_sentence_length": -0.003367909640855323,
    "paragraph_count": 0.0,
    "heading_density": -0.4900576473014154,
    "list_frequency": -0.1346611748580312,
    "readability": 0.010872182891875052,
    "bold_emphasis_density": 0.0,
    "citation_density": -0.8020997392705828,
    "statistic_density": 0.3300177798420405,
    "quote_density": -0.0050162623620219095,
    "named_source_mentions": 0.12326416256523896,
    "year_mentions": -0.7300721065109952,
    "claim_density": -0.0662606467064186,
    "external_reference_density": 0.15116727661969243,
    "question_density": -0.08625443061671084,
    "query_similarity": -0.08391667437793685,
    "corpus_centroid_similarity": 0.2215865419522029,
    "type_token_ratio": 0.02743274215526581,
    "vocabulary_sophistication": 0.3318856830862655,
    "sentiment_polarity": 0.13812371068844376,
    "avg_word_length": 0.14175419259813626,
    "semantic_uniqueness": -0.2321480101867527,
    "information_density": -0.16675465666470962,
    "specificity_score": -0.13777650185368362
  },
  "avg_ranks": {
    "0": {
      "6": 1.4,
      "2": 2.8,
      "3": 5.2,
      "1": 2.6,
      "4": 3.8,
      "0": 6.0,
      "5": 6.2
    },
    "1": {
      "4": 2.4,
      "5": 3.0,
      "1": 2.6,
      "3": 2.4,
      "2": 4.6,
      "0": 6.0
    },
    "2": {
      "3": 3.6,
      "7": 5.4,
      "2": 2.4,
      "4": 3.6,
      "6": 3.2,
      "0": 6.8,
      "5": 4.0,
      "1": 7.0
    },
    "3": {
      "1": 1.2,
      "0": 2.6,
      "3": 3.2,
      "4": 3.8,
      "2": 4.2
    },
    "4": {
      "3": 1.6,
      "2": 3.6,
      "1": 2.6,
      "0": 2.2
    },
    "5": {
      "5": 1.6,
      "4": 3.6,
      "2": 4.2,
      "3": 2.6,
      "1": 3.8,
      "6": 6.2,
      "0": 6.0
    },
    "6": {
      "1": 3.2,
      "3": 3.6,
      "0": 2.8,
      "4": 3.8,
      "2": 3.8,
      "5": 3.8
    },
    "7": {
      "5": 4.4,
      "6": 4.6,
      "3": 2.6,
      "4": 2.4,
      "2": 4.4,
      "1": 4.8,
      "0": 4.8
    },
    "8": {
      "1": 4.0,
      "2": 2.6,
      "6": 5.0,
      "0": 4.2,
      "4": 3.0,
      "3": 6.2,
      "5": 3.0
    },
    "9": {
      "2": 1.4,
      "1": 2.0,
      "4": 2.6,
      "0": 4.0,
      "3": 5.0
    },
    "10": {
      "2": 2.2,
      "1": 2.0,
      "3": 3.4,
      "4": 2.4,
      "0": 5.0
    },
    "11": {
      "1": 3.6,
      "3": 3.8,
      "2": 5.2,
      "7": 4.8,
      "0": 3.4,
      "6": 5.6,
      "5": 4.4,
      "4": 5.2
    },
    "12": {
      "4": 3.2,
      "5": 3.6,
      "0": 4.6,
      "3": 3.8,
      "1": 4.0,
      "2": 4.6,
      "7": 4.2,
      "6": 8.0
    },
    "13": {
      "2": 1.8,
      "0": 2.0,
      "3": 3.4,
      "4": 4.6,
      "1": 4.8,
      "5": 4.4
    },
    "14": {
      "0": 1.6,
      "3": 2.2,
      "1": 2.8,
      "2": 3.4
    },
    "15": {
      "3": 2.0,
      "4": 3.6,
      "1": 2.6,
      "0": 2.6,
      "5": 4.2,
      "2": 6.0
    },
    "16": {
      "1": 3.2,
      "6": 3.4,
      "0": 2.2,
      "3": 5.0,
      "4": 2.4,
      "2": 5.2,
      "5": 6.6
    },
    "17": {
      "5": 1.6,
      "2": 1.4,
      "6": 4.4,
      "4": 4.0,
      "3": 4.4,
      "0": 5.2,
      "1": 7.0
    },
    "18": {
      "0": 1.6,
      "2": 2.4,
      "1": 2.0
    },
    "19": {
      "3": 2.8,
      "1": 2.0,
      "2": 1.8,
      "0": 3.6,
      "4": 5.8,
      "5": 5.0
    },
    "20": {
      "4": 1.4,
      "1": 4.0,
      "0": 2.4,
      "2": 2.6,
      "5": 5.2,
      "3": 5.4
    },
    "21": {
      "1": 2.4,
      "4": 3.4,
      "2": 3.6,
      "0": 2.0,
      "3": 3.6
    },
    "22": {
      "1": 3.0,
      "3": 3.6,
      "5": 2.0,
      "2": 4.6,
      "4": 2.8,
      "0": 5.0
    },
    "23": {
      "6": 3.6,
      "2": 1.4,
      "1": 2.8,
      "0": 3.4,
      "4": 3.8,
      "3": 6.6,
      "5": 6.4
    },
    "24": {
      "4": 3.6,
      "5": 4.0,
      "2": 4.4,
      "7": 2.2,
      "6": 2.8,
      "3": 5.4,
      "1": 7.2,
      "0": 6.4
    },
    "25": {
      "1": 4.6,
      "4": 3.2,
      "8": 1.8,
      "0": 4.2,
      "5": 4.2,
      "6": 4.2,
      "2": 5.8,
      "3": 8.0,
      "7": 9.0
    },
    "26": {
      "5": 1.8,
      "4": 3.8,
      "2": 4.0,
      "3": 3.4,
      "0": 4.0,
      "6": 5.6,
      "1": 5.4
    },
    "27": {
      "1": 2.2,
      "5": 2.2,
      "3": 3.0,
      "4": 3.8,
      "0": 4.4,
      "2": 5.4
    },
    "28": {
      "4": 1.8,
      "1": 2.0,
      "3": 2.2,
      "2": 4.0,
      "0": 5.0
    },
    "29": {
      "2": 2.2,
      "1": 1.8,
      "0": 2.0,
      "3": 4.0
    },
    "30": {
      "2": 4.0,
      "4": 1.6,
      "5": 3.2,
      "6": 3.2,
      "3": 3.6,
      "1": 5.8,
      "0": 6.6
    },
    "31": {
      "4": 2.2,
      "2": 2.6,
      "3": 3.0,
      "0": 3.0,
      "5": 5.6,
      "1": 4.6
    },
    "32": {
      "1": 2.4,
      "2": 1.6,
      "3": 2.4,
      "0": 3.6,
      "4": 5.0
    },
    "33": {
      "4": 1.2,
      "6": 4.4,
      "7": 5.6,
      "3": 5.0,
      "0": 4.8,
      "5": 4.8,
      "2": 5.0,
      "1": 5.2,
      "8": 9.0
    },
    "34": {
      "2": 1.0,
      "3": 3.2,
      "4": 3.4,
      "1": 2.6,
      "5": 5.6,
      "0": 5.2
    },
    "35": {
      "3": 1.6,
      "7": 1.4,
      "0": 3.4,
      "5": 6.6,
      "6": 4.0,
      "8": 6.8,
      "4": 5.2,
      "2": 7.4,
      "1": 8.6
    },
    "36": {
      "0": 2.75,
      "3": 4.0,
      "1": 4.25,
      "8": 6.25,
      "2": 3.5,
      "7": 4.5,
      "4": 8.25,
      "5": 7.0,
      "6": 4.5
    },
    "37": {
      "3": 1.6,
      "1": 1.6,
      "0": 4.0,
      "2": 4.0,
      "4": 4.8,
      "5": 5.0
    },
    "38": {
      "2": 1.4,
      "1": 2.2,
      "5": 3.0,
      "0": 3.4,
      "3": 5.6,
      "4": 5.4
    },
    "39": {
      "2": 2.0,
      "4": 1.8,
      "5": 3.4,
      "3": 3.0,
      "1": 4.8,
      "0": 6.0
    },
    "40": {
      "0": 2.2,
      "3": 3.0,
      "2": 2.6,
      "1": 2.2,
      "5": 5.4,
      "4": 5.6
    },
    "41": {
      "1": 2.0,
      "3": 1.4,
      "0": 2.6,
      "2": 4.6,
      "4": 4.4
    },
    "42": {
      "5": 2.8,
      "6": 2.6,
      "0": 3.6,
      "2": 3.2,
      "3": 5.0,
      "4": 5.2,
      "1": 5.6
    },
    "43": {
      "2": 2.6,
      "0": 4.6,
      "5": 2.4,
      "4": 3.2,
      "3": 2.8,
      "6": 5.6,
      "1": 6.8
    },
    "44": {
      "4": 1.2,
      "1": 2.0,
      "2": 4.4,
      "5": 3.0,
      "3": 4.4,
      "0": 6.0
    },
    "45": {
      "5": 1.4,
      "0": 2.6,
      "1": 3.6,
      "2": 3.2,
      "3": 4.2,
      "4": 6.0
    },
    "46": {
      "1": 1.2,
      "2": 1.8,
      "0": 3.2,
      "3": 3.8
    },
    "47": {
      "3": 1.0,
      "2": 2.0,
      "0": 3.4,
      "1": 3.6
    },
    "48": {
      "0": 1.0,
      "1": 2.2,
      "2": 3.0,
      "3": 4.8,
      "4": 5.4,
      "5": 4.6
    },
    "49": {
      "6": 2.6,
      "5": 4.4,
      "7": 3.0,
      "1": 2.6,
      "4": 4.4,
      "3": 6.2,
      "0": 7.4,
      "2": 5.4
    },
    "50": {
      "2": 2.0,
      "3": 1.6,
      "1": 2.4,
      "4": 4.6,
      "0": 4.4
    },
    "51": {
      "0": 2.2,
      "1": 2.0,
      "2": 1.8
    },
    "52": {
      "7": 1.4,
      "8": 2.0,
      "0": 4.6,
      "5": 3.0,
      "2": 4.6,
      "6": 7.8,
      "1": 7.0,
      "4": 7.4,
      "3": 7.2
    },
    "53": {
      "0": 1.4,
      "3": 2.8,
      "2": 2.6,
      "1": 3.8,
      "4": 4.4
    },
    "54": {
      "1": 2.2,
      "0": 3.2,
      "2": 4.4,
      "3": 3.6,
      "4": 2.8,
      "5": 4.8
    },
    "55": {
      "1": 2.8,
      "0": 2.0,
      "2": 2.0,
      "3": 3.2,
      "4": 5.0
    },
    "56": {
      "4": 1.4,
      "1": 3.2,
      "3": 3.2,
      "0": 2.2,
      "2": 5.0
    },
    "57": {
      "4": 1.0,
      "2": 4.4,
      "0": 2.8,