{
  "content_diversity": 0.6381548047065735,
  "classifier_auc": 0.7119688975284643,
  "ranking_stability": 0.43513650793650793,
  "feature_coefficients": {
    "word_count": -0.24712053979974866,
    "sentence_count": 0.13396247923251198,
    "avg_sentence_length": -0.0607110464582983,
    "paragraph_count": -0.1236975421090002,
    "heading_density": -0.5036894875247462,
    "list_frequency": 0.004342610901596701,
    "readability": -0.22752476999441873,
    "bold_emphasis_density": -0.01724082249381673,
    "citation_density": -1.0800663667263795,
    "statistic_density": -0.2840356241922439,
    "quote_density": -0.2877182137537355,
    "named_source_mentions": 0.6139994078193144,
    "year_mentions": -0.8242666401350863,
    "claim_density": 0.1408384763487275,
    "external_reference_density": 0.328918320588203,
    "question_density": -0.21802741588257643,
    "query_similarity": 0.035210312614051484,
    "corpus_centroid_similarity": 0.06278864830836973,
    "type_token_ratio": -0.43582307812923654,
    "vocabulary_sophistication": 0.08387228223047842,
    "sentiment_polarity": -0.07351729902230593,
    "avg_word_length": 0.23387615214160243,
    "semantic_uniqueness": -0.046618042342557904,
    "information_density": 0.06666054179259048,
    "specificity_score": -0.2066705910596459
  },
  "avg_ranks": {
    "0": {
      "6": 1.0,
      "1": 2.0,
      "5": 4.0,
      "0": 4.0,
      "3": 5.4,
      "4": 6.4,
      "2": 5.2
    },
    "1": {
      "3": 1.8,
      "2": 3.2,
      "4": 3.8,
      "1": 2.8,
      "5": 3.4,
      "0": 6.0
    },
    "2": {
      "5": 3.8,
      "2": 2.8,
      "4": 1.6,
      "6": 3.4,
      "0": 6.8,
      "1": 4.2,
      "7": 6.6,
      "3": 6.8
    },
    "3": {
      "4": 3.0,
      "0": 2.2,
      "2": 4.6,
      "1": 1.6,
      "3": 3.6
    },
    "4": {
      "0": 2.2,
      "1": 1.6,
      "3": 2.6,
      "2": 3.6
    },
    "5": {
      "1": 2.8,
      "2": 1.8,
      "0": 5.2,
      "3": 4.2,
      "4": 4.6,
      "5": 3.2,
      "6": 6.2
    },
    "6": {
      "3": 3.6,
      "2": 1.2,
      "1": 3.2,
      "0": 2.4,
      "4": 5.2,
      "5": 5.4
    },
    "7": {
      "3": 2.6,
      "4": 2.4,
      "2": 1.8,
      "0": 4.2,
      "1": 4.6,
      "6": 5.6,
      "5": 6.8
    },
    "8": {
      "4": 1.6,
      "1": 3.8,
      "5": 2.8,
      "0": 5.0,
      "3": 4.6,
      "6": 5.4,
      "2": 4.8
    },
    "9": {
      "1": 1.8,
      "2": 1.2,
      "4": 3.2,
      "0": 4.0,
      "3": 4.8
    },
    "10": {
      "4": 2.4,
      "1": 2.4,
      "2": 2.8,
      "3": 3.2,
      "0": 4.2
    },
    "11": {
      "7": 4.8,
      "5": 2.4,
      "0": 2.6,
      "3": 5.0,
      "1": 5.4,
      "4": 5.0,
      "6": 6.0,
      "2": 4.8
    },
    "12": {
      "5": 3.8,
      "4": 3.2,
      "0": 5.4,
      "3": 4.0,
      "2": 3.8,
      "1": 3.8,
      "7": 4.0,
      "6": 8.0
    },
    "13": {
      "0": 1.4,
      "3": 3.2,
      "2": 3.2,
      "4": 4.4,
      "5": 2.8,
      "1": 6.0
    },
    "14": {
      "1": 2.6,
      "0": 1.6,
      "3": 2.6,
      "2": 3.2
    },
    "15": {
      "4": 2.0,
      "3": 1.8,
      "1": 4.4,
      "2": 3.0,
      "0": 4.0,
      "5": 5.8
    },
    "16": {
      "4": 1.2,
      "2": 3.4,
      "0": 2.6,
      "3": 3.8,
      "1": 4.2,
      "6": 5.8,
      "5": 7.0
    },
    "17": {
      "5": 1.8,
      "2": 1.2,
      "6": 5.0,
      "4": 3.2,
      "3": 4.8,
      "0": 5.6,
      "1": 6.4
    },
    "18": {
      "1": 1.2,
      "0": 2.2,
      "2": 2.6
    },
    "19": {
      "1": 1.4,
      "2": 2.6,
      "3": 2.8,
      "0": 3.4,
      "5": 4.8,
      "4": 6.0
    },
    "20": {
      "5": 5.0,
      "2": 2.0,
      "1": 2.4,
      "4": 3.6,
      "3": 4.2,
      "0": 3.8
    },
    "21": {
      "1": 2.6,
      "3": 2.0,
      "0": 4.2,
      "2": 2.2,
      "4": 4.0
    },
    "22": {
      "5": 2.0,
      "4": 2.8,
      "1": 4.6,
      "2": 4.2,
      "3": 2.6,
      "0": 4.8
    },
    "23": {
      "0": 2.4,
      "2": 2.2,
      "4": 3.2,
      "1": 3.4,
      "6": 4.2,
      "3": 6.4,
      "5": 6.2
    },
    "24": {
      "3": 1.2,
      "6": 3.8,
      "7": 2.4,
      "5": 6.6,
      "4": 4.4,
      "1": 4.2,
      "0": 7.6,
      "2": 5.8
    },
    "25": {
      "2": 1.4,
      "4": 4.4,
      "8": 4.4,
      "5": 3.0,
      "0": 5.2,
      "6": 5.0,
      "1": 6.0,
      "3": 6.6,
      "7": 9.0
    },
    "26": {
      "4": 1.6,
      "5": 4.0,
      "2": 2.6,
      "0": 5.0,
      "3": 4.2,
      "1": 5.8,
      "6": 4.8
    },
    "27": {
      "1": 2.0,
      "5": 2.4,
      "3": 4.0,
      "4": 5.2,
      "2": 3.2,
      "0": 4.2
    },
    "28": {
      "4": 1.8,
      "1": 2.0,
      "3": 2.2,
      "0": 4.6,
      "2": 4.4
    },
    "29": {
      "0": 1.6,
      "1": 1.4,
      "2": 3.0,
      "3": 4.0
    },
    "30": {
      "6": 1.6,
      "5": 2.2,
      "1": 4.2,
      "3": 4.2,
      "4": 3.0,
      "2": 5.8,
      "0": 7.0
    },
    "31": {
      "0": 3.0,
      "4": 1.8,
      "2": 2.6,
      "3": 2.8,
      "5": 5.6,
      "1": 5.2
    },
    "32": {
      "3": 1.6,
      "2": 2.6,
      "0": 3.6,
      "1": 2.8,
      "4": 4.4
    },
    "33": {
      "1": 2.2,
      "0": 3.0,
      "2": 5.4,
      "7": 3.8,
      "6": 5.0,
      "3": 4.4,
      "5": 6.4,
      "4": 5.8,
      "8": 9.0
    },
    "34": {
      "2": 1.2,
      "1": 2.4,
      "3": 3.0,
      "4": 4.4,
      "0": 4.2,
      "5": 5.8
    },
    "35": {
      "7": 1.0,
      "3": 2.2,
      "0": 3.0,
      "6": 5.8,
      "4": 4.0,
      "8": 5.2,
      "1": 8.2,
      "2": 7.4,
      "5": 8.2
    },
    "36": {
      "3": 4.0,
      "7": 5.4,
      "0": 3.2,
      "1": 4.0,
      "8": 3.8,
      "4": 3.6,
      "2": 4.4,
      "6": 8.4,
      "5": 8.2
    },
    "37": {
      "4": 2.8,
      "3": 1.6,
      "1": 2.4,
      "0": 3.2,
      "5": 5.4,
      "2": 5.6
    },
    "38": {
      "2": 1.8,
      "0": 3.6,
      "1": 2.2,
      "5": 2.6,
      "4": 4.8,
      "3": 6.0
    },
    "39": {
      "2": 1.2,
      "3": 2.8,
      "4": 2.8,
      "5": 3.2,
      "1": 5.0,
      "0": 6.0
    },
    "40": {
      "0": 1.2,
      "1": 2.2,
      "2": 3.2,
      "3": 3.4,
      "4": 5.6,
      "5": 5.4
    },
    "41": {
      "3": 1.6,
      "0": 2.0,
      "1": 2.4,
      "4": 4.2,
      "2": 4.8
    },
    "42": {
      "0": 2.4,
      "6": 2.0,
      "5": 4.2,
      "4": 4.6,
      "2": 3.2,
      "3": 4.8,
      "1": 6.8
    },
    "43": {
      "2": 1.6,
      "5": 2.8,
      "3": 3.0,
      "6": 3.8,
      "4": 4.2,
      "0": 5.6,
      "1": 7.0
    },
    "44": {
      "1": 2.0,
      "4": 1.4,
      "5": 2.6,
      "2": 4.4,
      "3": 4.6,
      "0": 6.0
    },
    "45": {
      "2": 2.2,
      "1": 3.8,
      "5": 1.6,
      "0": 3.8,
      "4": 5.6,
      "3": 4.0
    },
    "46": {
      "1": 1.8,
      "3": 2.0,
      "2": 3.4,
      "0": 2.8
    },
    "47": {
      "3": 1.8,
      "2": 2.0,
      "0": 2.2,
      "1": 4.0
    },
    "48": {
      "4": 2.6,
      "0": 2.2,
      "2": 4.0,
      "5": 5.0,
      "3": 3.4,
      "1": 3.8
    },
    "49": {
      "7": 1.6,
      "4": 4.4,
      "5": 3.4,
      "6": 3.2,
      "2": 5.0,
      "1": 5.2,
      "0": 6.8,
      "3": 6.4
    },
    "50": {
      "3": 1.4,
      "2": 1.8,
      "4": 3.6,
      "1": 3.2,
      "0": 5.0
    },
    "51": {
      "0": 1.8,
      "1": 1.6,
      "2": 2.6
    },
    "52": {
      "7": 1.8,
      "8": 2.4,
      "2": 3.4,
      "0": 4.4,
      "1": 5.8,
      "5": 5.4,
      "3": 7.0,
      "4": 7.0,
      "6": 7.8
    },
    "53": {
      "0": 1.0,
      "3": 3.4,
      "1": 2.4,
      "4": 4.8,
      "2": 3.4
    },
    "54": {
      "4": 4.6,
      "0": 3.8,
      "5": 2.6,
      "1": 3.6,
      "3": 3.4,
      "2": 3.0
    },
    "55": {
      "2": 1.4,
      "1": 2.4,
      "0": 2.2,
      "3": 4.0,
      "4": 5.0
    },
    "56": {
      "4": 1.2,
      "0": 1.8,
      "1": 3.8,
      "3": 3.2,
      "2": 5.0
    },
    "57": {
      "4": 1.0,