{
  "content_diversity": 0.6292912364006042,
  "classifier_auc": 0.7543617330619367,
  "ranking_stability": 0.4434222222222222,
  "feature_coefficients": {
    "word_count": 0.20134861615986074,
    "sentence_count": 0.3768720779102166,
    "avg_sentence_length": 0.18533192257091496,
    "paragraph_count": -0.0735772210659888,
    "heading_density": -0.5590614279812539,
    "list_frequency": -0.03911722953457212,
    "readability": -0.27055447694186785,
    "bold_emphasis_density": 0.06393101520821129,
    "citation_density": -0.08832619614700908,
    "statistic_density": 0.1899294109595386,
    "quote_density": -0.05397683751643344,
    "named_source_mentions": -0.2830279032708481,
    "year_mentions": 0.06280225364005135,
    "claim_density": 0.08032191924784263,
    "external_reference_density": 0.3209598225503573,
    "question_density": -0.07696194563815545,
    "query_similarity": 0.03244475049739698,
    "corpus_centroid_similarity": 0.12547206607749556,
    "type_token_ratio": -0.33516168551914477,
    "vocabulary_sophistication": 0.1559151166165508,
    "sentiment_polarity": 0.06906043368318675,
    "avg_word_length": 0.2761537287374169,
    "semantic_uniqueness": 0.07876967237955453,
    "information_density": -0.16184321752869538,
    "specificity_score": -0.8180247464544835
  },
  "avg_ranks": {
    "0": {
      "6": 1.2,
      "1": 2.6,
      "4": 4.2,
      "0": 4.0,
      "2": 4.2,
      "5": 6.4,
      "3": 5.4
    },
    "1": {
      "3": 1.6,
      "1": 2.2,
      "2": 4.0,
      "5": 3.8,
      "4": 3.6,
      "0": 5.8
    },
    "2": {
      "4": 1.0,
      "6": 2.8,
      "5": 4.4,
      "2": 3.4,
      "7": 4.6,
      "0": 6.8,
      "3": 6.4,
      "1": 6.6
    },
    "3": {
      "1": 1.6,
      "0": 2.6,
      "4": 2.4,
      "3": 4.4,
      "2": 4.0
    },
    "4": {
      "0": 1.0,
      "3": 2.2,
      "1": 2.8,
      "2": 4.0
    },
    "5": {
      "2": 2.2,
      "3": 4.0,
      "5": 1.8,
      "1": 5.0,
      "0": 6.0,
      "4": 3.0,
      "6": 6.0
    },
    "6": {
      "4": 4.4,
      "2": 3.6,
      "0": 2.6,
      "1": 1.6,
      "3": 3.2,
      "5": 5.6
    },
    "7": {
      "3": 1.6,
      "4": 1.8,
      "2": 4.0,
      "0": 3.6,
      "1": 4.4,
      "6": 6.0,
      "5": 6.6
    },
    "8": {
      "3": 4.2,
      "1": 2.6,
      "2": 3.4,
      "6": 5.2,
      "5": 2.2,
      "0": 5.2,
      "4": 5.2
    },
    "9": {
      "2": 1.2,
      "1": 2.4,
      "0": 4.0,
      "4": 3.0,
      "3": 4.4
    },
    "10": {
      "1": 1.6,
      "3": 2.6,
      "4": 3.6,
      "2": 3.4,
      "0": 3.8
    },
    "11": {
      "0": 2.6,
      "5": 2.8,
      "7": 5.6,
      "2": 3.4,
      "1": 4.4,
      "3": 4.2,
      "4": 5.8,
      "6": 7.2
    },
    "12": {
      "7": 2.6,
      "1": 2.0,
      "2": 1.4,
      "5": 6.0,
      "0": 5.6,
      "3": 5.2,
      "4": 5.2,
      "6": 8.0
    },
    "13": {
      "0": 2.2,
      "5": 4.0,
      "3": 3.0,
      "1": 4.2,
      "4": 3.6,
      "2": 4.0
    },
    "14": {
      "0": 1.6,
      "3": 2.0,
      "1": 3.4,
      "2": 3.0
    },
    "15": {
      "3": 2.4,
      "1": 5.0,
      "0": 3.4,
      "4": 4.6,
      "2": 2.4,
      "5": 3.2
    },
    "16": {
      "4": 2.6,
      "1": 2.8,
      "0": 2.8,
      "6": 3.4,
      "3": 5.4,
      "2": 4.0,
      "5": 7.0
    },
    "17": {
      "2": 1.6,
      "5": 1.4,
      "4": 5.2,
      "0": 4.2,
      "6": 4.2,
      "1": 6.0,
      "3": 5.4
    },
    "18": {
      "1": 1.4,
      "0": 1.6,
      "2": 3.0
    },
    "19": {
      "2": 1.4,
      "1": 1.8,
      "0": 3.8,
      "3": 3.2,
      "5": 4.8,
      "4": 6.0
    },
    "20": {
      "4": 3.0,
      "2": 2.6,
      "1": 2.8,
      "0": 2.8,
      "3": 4.6,
      "5": 5.2
    },
    "21": {
      "3": 2.0,
      "1": 2.6,
      "2": 3.0,
      "4": 3.8,
      "0": 3.6
    },
    "22": {
      "5": 1.4,
      "4": 2.6,
      "0": 4.0,
      "3": 3.2,
      "2": 4.4,
      "1": 5.4
    },
    "23": {
      "1": 2.0,
      "2": 1.8,
      "0": 4.0,
      "4": 3.2,
      "6": 4.0,
      "3": 6.4,
      "5": 6.6
    },
    "24": {
      "1": 4.4,
      "7": 2.4,
      "3": 4.0,
      "4": 4.0,
      "2": 5.8,
      "6": 3.8,
      "5": 6.6,
      "0": 5.0
    },
    "25": {
      "5": 2.6,
      "8": 4.0,
      "4": 3.4,
      "1": 4.6,
      "0": 4.4,
      "6": 4.6,
      "2": 4.6,
      "3": 7.8,
      "7": 9.0
    },
    "26": {
      "4": 2.6,
      "2": 3.2,
      "5": 3.4,
      "1": 3.6,
      "6": 4.2,
      "3": 4.8,
      "0": 6.2
    },
    "27": {
      "1": 1.6,
      "5": 2.6,
      "3": 4.6,
      "0": 3.2,
      "2": 3.4,
      "4": 5.6
    },
    "28": {
      "4": 2.2,
      "1": 1.8,
      "3": 2.0,
      "2": 4.0,
      "0": 5.0
    },
    "29": {
      "0": 1.0,
      "1": 2.0,
      "2": 3.0,
      "3": 4.0
    },
    "30": {
      "2": 4.8,
      "6": 2.2,
      "5": 2.4,
      "4": 3.4,
      "3": 3.6,
      "1": 5.4,
      "0": 6.2
    },
    "31": {
      "0": 3.2,
      "2": 2.8,
      "4": 2.6,
      "3": 3.4,
      "5": 5.4,
      "1": 3.6
    },
    "32": {
      "3": 1.0,
      "1": 2.6,
      "2": 2.8,
      "0": 3.6,
      "4": 5.0
    },
    "33": {
      "4": 1.6,
      "1": 2.6,
      "0": 3.8,
      "3": 4.6,
      "6": 4.2,
      "5": 5.0,
      "2": 6.6,
      "7": 7.6,
      "8": 9.0
    },
    "34": {
      "4": 2.0,
      "2": 1.8,
      "1": 2.8,
      "0": 5.4,
      "5": 4.8,
      "3": 4.2
    },
    "35": {
      "7": 1.6,
      "3": 2.0,
      "0": 2.6,
      "4": 4.6,
      "8": 5.2,
      "6": 5.0,
      "1": 8.4,
      "2": 7.4,
      "5": 8.2
    },
    "36": {
      "7": 3.8,
      "1": 3.0,
      "3": 2.8,
      "0": 3.6,
      "8": 4.8,
      "2": 6.4,
      "5": 6.6,
      "6": 5.6,
      "4": 8.4
    },
    "37": {
      "4": 3.2,
      "3": 1.2,
      "1": 2.2,
      "0": 3.8,
      "5": 5.0,
      "2": 5.6
    },
    "38": {
      "2": 1.2,
      "1": 2.0,
      "5": 3.4,
      "0": 3.8,
      "3": 5.2,
      "4": 5.4
    },
    "39": {
      "4": 1.6,
      "2": 1.8,
      "5": 4.0,
      "3": 2.8,
      "1": 5.2,
      "0": 5.6
    },
    "40": {
      "1": 2.0,
      "2": 3.4,
      "5": 2.8,
      "0": 3.8,
      "3": 3.0,
      "4": 6.0
    },
    "41": {
      "1": 1.8,
      "0": 2.2,
      "3": 2.0,
      "4": 4.4,
      "2": 4.6
    },
    "42": {
      "0": 2.2,
      "6": 5.4,
      "5": 3.4,
      "2": 3.0,
      "4": 3.6,
      "3": 5.8,
      "1": 4.6
    },
    "43": {
      "3": 2.6,
      "2": 2.4,
      "4": 4.8,
      "5": 1.8,
      "0": 4.6,
      "6": 4.8,
      "1": 7.0
    },
    "44": {
      "3": 3.4,
      "4": 1.2,
      "1": 2.4,
      "5": 3.6,
      "2": 4.4,
      "0": 6.0
    },
    "45": {
      "5": 1.6,
      "0": 3.2,
      "3": 4.8,
      "1": 3.6,
      "2": 2.0,
      "4": 5.8
    },
    "46": {
      "1": 2.0,
      "2": 1.4,
      "3": 3.8,
      "0": 2.8
    },
    "47": {
      "0": 2.0,
      "2": 1.8,
      "1": 3.8,
      "3": 2.4
    },
    "48": {
      "0": 2.0,
      "1": 1.8,
      "4": 3.8,
      "3": 4.4,
      "2": 4.2,
      "5": 4.8
    },
    "49": {
      "7": 1.2,
      "6": 2.4,
      "4": 3.0,
      "5": 3.4,
      "1": 5.2,
      "2": 5.8,
      "3": 7.4,
      "0": 7.6
    },
    "50": {
      "3": 1.4,
      "1": 2.6,
      "2": 2.0,
      "4": 4.2,
      "0": 4.8
    },
    "51": {
      "2": 1.0,
      "1": 2.0,
      "0": 3.0
    },
    "52": {
      "5": 3.0,
      "7": 1.2,
      "8": 2.4,
      "0": 5.8,
      "3": 5.6,
      "4": 7.6,
      "1": 7.4,
      "6": 6.0,
      "2": 6.0
    },
    "53": {
      "0": 1.2,
      "3": 2.2,
      "2": 3.6,
      "1": 4.0,
      "4": 4.0
    },
    "54": {
      "0": 3.2,
      "5": 2.2,
      "2": 2.8,
      "1": 4.2,
      "3": 5.2,
      "4": 3.4
    },
    "55": {
      "2": 2.0,
      "1": 2.6,
      "0": 2.2,
      "3": 3.2,
      "4": 5.0
    },
    "56": {
      "0": 1.2,
      "4": 2.2,
      "1": 2.8,
      "3": 3.8,
      "2": 5.0
    },
    "57": {
      "4": 1.0,