{
  "content_diversity": 0.6401240229606628,
  "classifier_auc": 0.6971658264068675,
  "ranking_stability": 0.44698730158730154,
  "feature_coefficients": {
    "word_count": 0.37402413993346006,
    "sentence_count": 0.11174441966367152,
    "avg_sentence_length": 0.03494730220224933,
    "paragraph_count": 0.11966850150574146,
    "heading_density": -0.8427623461458149,
    "list_frequency": 0.03049319831585274,
    "readability": -0.012312117109651625,
    "bold_emphasis_density": -0.24100742752023346,
    "citation_density": -0.18862880117918937,
    "statistic_density": -0.06384381714199346,
    "quote_density": -0.1373856920859197,
    "named_source_mentions": -0.09510662611656116,
    "year_mentions": -0.2542154901772359,
    "claim_density": -0.042019661809243936,
    "external_reference_density": 0.27802623963559014,
    "question_density": -0.055850677483997746,
    "query_similarity": 0.1668190222594109,
    "corpus_centroid_similarity": 0.06695670114086483,
    "type_token_ratio": -0.2375844878881911,
    "vocabulary_sophistication": 0.1856543109923593,
    "sentiment_polarity": 0.15103380086825557,
    "avg_word_length": 0.05044403436510928,
    "semantic_uniqueness": 0.040744976530366905,
    "information_density": -0.2570811881963956,
    "specificity_score": -0.09515198447850766
  },
  "avg_ranks": {
    "0": {
      "1": 1.8,
      "6": 1.2,
      "4": 6.0,
      "0": 5.0,
      "5": 5.4,
      "3": 4.8,
      "2": 3.8
    },
    "1": {
      "1": 2.0,
      "5": 2.0,
      "3": 2.6,
      "2": 4.2,
      "4": 4.4,
      "0": 5.8
    },
    "2": {
      "4": 1.0,
      "5": 2.4,
      "6": 2.8,
      "2": 3.8,
      "1": 6.2,
      "7": 5.4,
      "0": 6.8,
      "3": 7.6
    },
    "3": {
      "2": 2.2,
      "1": 1.4,
      "4": 4.2,
      "3": 3.4,
      "0": 3.8
    },
    "4": {
      "3": 2.8,
      "0": 2.2,
      "1": 1.4,
      "2": 3.6
    },
    "5": {
      "2": 1.6,
      "4": 3.6,
      "5": 2.0,
      "1": 4.2,
      "3": 5.2,
      "6": 5.8,
      "0": 5.6
    },
    "6": {
      "2": 1.2,
      "4": 3.2,
      "0": 2.8,
      "1": 4.0,
      "3": 4.0,
      "5": 5.8
    },
    "7": {
      "4": 1.4,
      "2": 2.0,
      "3": 2.6,
      "0": 4.4,
      "1": 4.6,
      "6": 6.0,
      "5": 7.0
    },
    "8": {
      "4": 3.6,
      "1": 3.8,
      "5": 3.4,
      "2": 3.4,
      "6": 3.0,
      "3": 5.2,
      "0": 5.6
    },
    "9": {
      "2": 1.6,
      "4": 3.2,
      "1": 2.0,
      "0": 4.4,
      "3": 3.8
    },
    "10": {
      "3": 3.2,
      "4": 3.0,
      "1": 2.0,
      "2": 2.6,
      "0": 4.2
    },
    "11": {
      "7": 4.6,
      "5": 2.2,
      "0": 2.4,
      "6": 7.0,
      "2": 4.2,
      "4": 4.2,
      "3": 5.4,
      "1": 6.0
    },
    "12": {
      "1": 1.6,
      "2": 1.4,
      "7": 3.0,
      "0": 4.8,
      "4": 4.6,
      "3": 5.8,
      "5": 6.8,
      "6": 8.0
    },
    "13": {
      "0": 1.2,
      "5": 2.8,
      "4": 4.0,
      "3": 3.2,
      "2": 4.2,
      "1": 5.6
    },
    "14": {
      "0": 2.6,
      "3": 2.4,
      "1": 2.4,
      "2": 2.6
    },
    "15": {
      "4": 2.0,
      "0": 3.2,
      "3": 2.2,
      "2": 3.6,
      "5": 4.4,
      "1": 5.6
    },
    "16": {
      "4": 1.8,
      "1": 3.6,
      "0": 2.8,
      "3": 3.8,
      "6": 5.6,
      "5": 6.6,
      "2": 3.8
    },
    "17": {
      "5": 1.8,
      "2": 2.0,
      "0": 4.0,
      "6": 2.8,
      "3": 4.8,
      "4": 5.6,
      "1": 7.0
    },
    "18": {
      "0": 2.0,
      "1": 1.4,
      "2": 2.6
    },
    "19": {
      "1": 2.0,
      "3": 2.0,
      "0": 3.2,
      "2": 2.8,
      "5": 5.0,
      "4": 6.0
    },
    "20": {
      "2": 3.4,
      "0": 2.8,
      "1": 2.8,
      "3": 3.4,
      "4": 2.8,
      "5": 5.8
    },
    "21": {
      "2": 3.0,
      "0": 4.2,
      "1": 2.2,
      "3": 3.0,
      "4": 2.6
    },
    "22": {
      "4": 1.2,
      "5": 1.8,
      "1": 4.2,
      "2": 4.6,
      "3": 3.8,
      "0": 5.4
    },
    "23": {
      "6": 4.0,
      "2": 1.4,
      "0": 2.6,
      "1": 3.2,
      "4": 4.0,
      "3": 6.6,
      "5": 6.2
    },
    "24": {
      "6": 3.6,
      "7": 2.0,
      "3": 2.6,
      "4": 4.4,
      "5": 4.8,
      "2": 4.0,
      "1": 7.2,
      "0": 7.4
    },
    "25": {
      "8": 2.2,
      "2": 2.8,
      "5": 4.4,
      "4": 4.6,
      "0": 4.2,
      "6": 3.4,
      "1": 6.6,
      "3": 7.8,
      "7": 9.0
    },
    "26": {
      "2": 2.8,
      "4": 1.8,
      "3": 2.8,
      "0": 4.8,
      "5": 3.2,
      "1": 6.0,
      "6": 6.6
    },
    "27": {
      "2": 3.8,
      "1": 1.6,
      "0": 3.2,
      "5": 2.6,
      "3": 3.8,
      "4": 6.0
    },
    "28": {
      "4": 2.2,
      "1": 1.6,
      "3": 2.2,
      "2": 4.4,
      "0": 4.6
    },
    "29": {
      "1": 1.0,
      "0": 2.0,
      "2": 3.0,
      "3": 4.0
    },
    "30": {
      "5": 2.4,
      "6": 2.6,
      "3": 3.6,
      "4": 2.4,
      "2": 4.8,
      "1": 5.4,
      "0": 6.8
    },
    "31": {
      "0": 3.6,
      "2": 1.8,
      "4": 2.6,
      "3": 2.8,
      "1": 4.2,
      "5": 6.0
    },
    "32": {
      "3": 1.0,
      "1": 2.6,
      "0": 3.8,
      "2": 2.8,
      "4": 4.8
    },
    "33": {
      "1": 2.2,
      "4": 2.8,
      "0": 2.4,
      "2": 5.4,
      "7": 4.4,
      "5": 6.6,
      "3": 6.8,
      "6": 7.0,
      "8": 7.4
    },
    "34": {
      "2": 2.0,
      "1": 1.4,
      "4": 4.2,
      "3": 3.0,
      "0": 4.8,
      "5": 5.6
    },
    "35": {
      "7": 1.4,
      "3": 1.8,
      "6": 3.6,
      "0": 3.6,
      "4": 4.6,
      "8": 6.8,
      "1": 7.2,
      "2": 7.4,
      "5": 8.6
    },
    "36": {
      "2": 2.8,
      "6": 4.6,
      "5": 7.0,
      "0": 4.4,
      "8": 4.2,
      "1": 3.6,
      "7": 5.8,
      "3": 4.4,
      "4": 8.2
    },
    "37": {
      "3": 1.0,
      "0": 3.8,
      "1": 2.2,
      "5": 5.0,
      "4": 3.6,
      "2": 5.4
    },
    "38": {
      "1": 2.0,
      "2": 1.6,
      "5": 3.8,
      "0": 3.2,
      "4": 4.8,
      "3": 5.6
    },
    "39": {
      "2": 1.2,
      "4": 2.2,
      "5": 3.8,
      "3": 3.0,
      "1": 4.8,
      "0": 6.0
    },
    "40": {
      "3": 1.4,
      "1": 2.6,
      "0": 3.0,
      "5": 4.6,
      "2": 3.6,
      "4": 5.8
    },
    "41": {
      "0": 2.2,
      "3": 1.4,
      "1": 2.4,
      "4": 4.0,
      "2": 5.0
    },
    "42": {
      "4": 2.2,
      "0": 2.8,
      "6": 1.8,
      "2": 3.6,
      "3": 5.4,
      "5": 5.4,
      "1": 6.8
    },
    "43": {
      "3": 2.4,
      "2": 2.4,
      "5": 2.2,
      "6": 4.2,
      "0": 5.0,
      "4": 4.8,
      "1": 7.0
    },
    "44": {
      "4": 1.2,
      "1": 2.2,
      "5": 2.6,
      "3": 4.4,
      "2": 4.6,
      "0": 6.0
    },
    "45": {
      "2": 2.0,
      "0": 3.0,
      "5": 1.8,
      "3": 4.0,
      "1": 4.4,
      "4": 5.8
    },
    "46": {
      "0": 2.2,
      "3": 3.0,
      "1": 2.4,
      "2": 2.4
    },
    "47": {
      "0": 1.8,
      "3": 2.2,
      "2": 2.0,
      "1": 4.0
    },
    "48": {
      "0": 1.6,
      "2": 4.0,
      "1": 2.4,
      "4": 2.6,
      "3": 4.8,
      "5": 5.6
    },
    "49": {
      "3": 5.6,
      "7": 1.6,
      "6": 2.6,
      "1": 5.4,
      "4": 3.4,
      "5": 3.6,
      "0": 7.4,
      "2": 6.4
    },
    "50": {
      "3": 2.4,
      "2": 2.6,
      "0": 2.8,
      "4": 3.4,
      "1": 3.8
    },
    "51": {
      "0": 1.8,
      "1": 1.6,
      "2": 2.6
    },
    "52": {
      "8": 3.0,
      "7": 1.4,
      "5": 2.2,
      "1": 6.2,
      "0": 5.2,
      "2": 4.8,
      "4": 7.6,
      "3": 5.6,
      "6": 9.0
    },
    "53": {
      "0": 1.8,
      "1": 2.6,
      "3": 2.6,
      "2": 3.6,
      "4": 4.4
    },
    "54": {
      "5": 3.2,
      "4": 2.8,
      "3": 2.8,
      "2": 3.6,
      "0": 5.0,
      "1": 3.6
    },
    "55": {
      "1": 2.8,
      "2": 2.2,
      "0": 2.8,
      "3": 2.2,
      "4": 5.0
    },
    "56": {
      "0": 2.0,
      "4": 1.6,
      "3": 2.4,
      "1": 4.0,
      "2": 5.0
    },
    "57": {
      "4": 1.0,