{
  "content_diversity": 0.6444650888442993,
  "classifier_auc": 0.6867542052043898,
  "ranking_stability": 0.4407936507936508,
  "feature_coefficients": {
    "word_count": 0.14514081486337688,
    "sentence_count": 0.038181820512551,
    "avg_sentence_length": 0.21944134224379258,
    "paragraph_count": -0.1644729848078897,
    "heading_density": -0.4667303570581495,
    "list_frequency": 0.22600656498342553,
    "readability": -0.387736791206494,
    "bold_emphasis_density": -0.0005414327977944899,
    "citation_density": -1.1418907044252506,
    "statistic_density": -0.39790522676989987,
    "quote_density": -0.16295732512514066,
    "named_source_mentions": -0.2813456983287913,
    "year_mentions": 0.289870338989047,
    "claim_density": 0.07007482436174256,
    "external_reference_density": 0.371189106135227,
    "question_density": -0.2087946269859923,
    "query_similarity": 0.1468534578329785,
    "corpus_centroid_similarity": 0.26558628664812634,
    "type_token_ratio": -0.12576109447326328,
    "vocabulary_sophistication": 0.3434961933370499,
    "sentiment_polarity": 0.13283641657391207,
    "avg_word_length": -0.10143626599077173,
    "semantic_uniqueness": -0.048391303611621944,
    "information_density": -0.20585797690600544,
    "specificity_score": -0.19586186710262518
  },
  "avg_ranks": {
    "0": {
      "6": 1.0,
      "0": 3.8,
      "2": 3.6,
      "1": 2.4,
      "3": 4.6,
      "5": 5.8,
      "4": 6.8
    },
    "1": {
      "3": 2.2,
      "1": 1.6,
      "2": 4.0,
      "5": 3.6,
      "0": 5.8,
      "4": 3.8
    },
    "2": {
      "4": 1.4,
      "5": 4.0,
      "6": 2.4,
      "2": 4.0,
      "7": 4.2,
      "1": 5.0,
      "0": 7.4,
      "3": 7.6
    },
    "3": {
      "1": 2.4,
      "4": 2.0,
      "0": 2.4,
      "3": 3.8,
      "2": 4.4
    },
    "4": {
      "0": 1.2,
      "1": 1.8,
      "3": 3.4,
      "2": 3.6
    },
    "5": {
      "1": 4.6,
      "5": 2.0,
      "2": 2.4,
      "0": 5.4,
      "3": 4.4,
      "4": 4.8,
      "6": 4.4
    },
    "6": {
      "1": 3.0,
      "3": 3.8,
      "2": 2.0,
      "0": 3.4,
      "5": 5.6,
      "4": 3.2
    },
    "7": {
      "4": 1.6,
      "3": 3.2,
      "2": 1.8,
      "0": 4.2,
      "1": 4.2,
      "6": 6.2,
      "5": 6.8
    },
    "8": {
      "4": 1.8,
      "5": 4.2,
      "0": 3.2,
      "2": 3.6,
      "6": 4.6,
      "1": 3.6,
      "3": 7.0
    },
    "9": {
      "2": 2.2,
      "3": 2.6,
      "4": 3.2,
      "1": 3.8,
      "0": 3.2
    },
    "10": {
      "2": 2.6,
      "4": 2.0,
      "1": 2.6,
      "3": 2.8,
      "0": 5.0
    },
    "11": {
      "5": 2.6,
      "6": 4.2,
      "0": 4.6,
      "7": 5.2,
      "4": 6.8,
      "2": 3.6,
      "3": 4.4,
      "1": 4.6
    },
    "12": {
      "5": 4.0,
      "4": 3.4,
      "3": 3.8,
      "1": 4.0,
      "2": 3.8,
      "0": 4.6,
      "7": 4.4,
      "6": 8.0
    },
    "13": {
      "0": 1.0,
      "3": 3.0,
      "4": 3.8,
      "2": 3.0,
      "5": 4.2,
      "1": 6.0
    },
    "14": {
      "2": 2.6,
      "0": 2.0,
      "3": 3.0,
      "1": 2.4
    },
    "15": {
      "2": 2.4,
      "3": 1.6,
      "0": 3.4,
      "4": 4.2,
      "1": 5.2,
      "5": 4.2
    },
    "16": {
      "4": 1.6,
      "2": 4.2,
      "0": 3.0,
      "3": 3.4,
      "1": 3.6,
      "6": 5.2,
      "5": 7.0
    },
    "17": {
      "6": 4.4,
      "0": 5.0,
      "2": 2.6,
      "5": 2.2,
      "3": 3.2,
      "4": 4.8,
      "1": 5.8
    },
    "18": {
      "0": 1.6,
      "1": 1.8,
      "2": 2.6
    },
    "19": {
      "2": 1.6,
      "1": 1.8,
      "5": 4.6,
      "3": 2.8,
      "0": 4.2,
      "4": 6.0
    },
    "20": {
      "3": 2.6,
      "4": 4.8,
      "1": 2.6,
      "0": 4.2,
      "2": 2.8,
      "5": 4.0
    },
    "21": {
      "4": 4.2,
      "3": 3.0,
      "0": 2.4,
      "1": 2.0,
      "2": 3.4
    },
    "22": {
      "4": 1.2,
      "5": 1.8,
      "1": 3.6,
      "3": 4.2,
      "2": 4.8,
      "0": 5.4
    },
    "23": {
      "2": 1.2,
      "1": 3.4,
      "0": 2.4,
      "4": 3.6,
      "6": 4.4,
      "5": 6.4,
      "3": 6.6
    },
    "24": {
      "3": 3.4,
      "7": 2.8,
      "4": 4.0,
      "6": 3.2,
      "2": 4.8,
      "5": 6.8,
      "0": 6.2,
      "1": 4.8
    },
    "25": {
      "6": 5.2,
      "0": 4.0,
      "8": 2.8,
      "5": 2.4,
      "2": 3.6,
      "4": 4.2,
      "1": 6.0,
      "3": 7.8,
      "7": 9.0
    },
    "26": {
      "2": 2.6,
      "4": 1.4,
      "3": 2.0,
      "5": 4.6,
      "6": 5.6,
      "1": 6.6,
      "0": 5.2
    },
    "27": {
      "0": 1.8,
      "2": 3.8,
      "5": 3.4,
      "1": 2.8,
      "3": 3.8,
      "4": 5.4
    },
    "28": {
      "1": 1.4,
      "3": 1.6,
      "4": 3.0,
      "2": 4.0,
      "0": 5.0
    },
    "29": {
      "1": 1.2,
      "0": 2.4,
      "2": 2.4,
      "3": 4.0
    },
    "30": {
      "3": 1.8,
      "4": 3.2,
      "6": 3.0,
      "5": 2.0,
      "2": 5.8,
      "1": 6.0,
      "0": 6.2
    },
    "31": {
      "3": 2.0,
      "4": 1.6,
      "2": 2.4,
      "0": 4.4,
      "1": 4.8,
      "5": 5.8
    },
    "32": {
      "3": 1.2,
      "2": 2.4,
      "1": 2.6,
      "0": 4.0,
      "4": 4.8
    },
    "33": {
      "7": 2.2,
      "1": 2.2,
      "0": 3.2,
      "2": 5.4,
      "3": 4.4,
      "6": 5.6,
      "5": 7.0,
      "4": 6.0,
      "8": 9.0
    },
    "34": {
      "1": 2.0,
      "2": 1.8,
      "3": 3.2,
      "4": 3.6,
      "0": 4.4,
      "5": 6.0
    },
    "35": {
      "7": 1.0,
      "8": 3.6,
      "3": 3.0,
      "4": 5.2,
      "0": 3.0,
      "5": 7.8,
      "6": 6.6,
      "1": 7.6,
      "2": 7.2
    },
    "36": {
      "2": 5.6,
      "6": 6.6,
      "5": 6.8,
      "3": 2.8,
      "0": 3.2,
      "8": 5.0,
      "1": 3.8,
      "4": 7.8,
      "7": 3.4
    },
    "37": {
      "3": 1.6,
      "0": 3.2,
      "1": 2.0,
      "4": 4.0,
      "5": 5.2,
      "2": 5.0
    },
    "38": {
      "1": 1.6,
      "2": 1.4,
      "0": 4.0,
      "5": 3.6,
      "4": 5.2,
      "3": 5.2
    },
    "39": {
      "2": 1.6,
      "4": 1.8,
      "3": 2.8,
      "5": 4.2,
      "1": 5.0,
      "0": 5.6
    },
    "40": {
      "3": 1.8,
      "1": 1.4,
      "0": 3.4,
      "5": 3.6,
      "2": 4.8,
      "4": 6.0
    },
    "41": {
      "0": 1.4,
      "1": 2.8,
      "3": 1.8,
      "4": 4.0,
      "2": 5.0
    },
    "42": {
      "3": 4.4,
      "6": 3.0,
      "0": 2.6,
      "2": 2.0,
      "5": 5.6,
      "4": 4.8,
      "1": 5.6
    },
    "43": {
      "0": 5.0,
      "2": 2.8,
      "5": 2.2,
      "3": 2.0,
      "6": 3.8,
      "4": 5.2,
      "1": 7.0
    },
    "44": {
      "5": 1.8,
      "4": 1.4,
      "1": 2.8,
      "2": 4.4,
      "3": 4.6,
      "0": 6.0
    },
    "45": {
      "2": 1.8,
      "5": 2.0,
      "0": 3.8,
      "1": 3.0,
      "3": 4.8,
      "4": 5.6
    },
    "46": {
      "1": 1.4,
      "3": 2.0,
      "2": 2.8,
      "0": 3.8
    },
    "47": {
      "0": 1.2,
      "3": 2.2,
      "1": 3.4,
      "2": 3.2
    },
    "48": {
      "1": 2.6,
      "0": 2.0,
      "4": 3.0,
      "5": 5.4,
      "2": 3.6,
      "3": 4.4
    },
    "49": {
      "4": 2.0,
      "7": 2.0,
      "3": 6.6,
      "6": 3.2,
      "5": 3.4,
      "1": 5.0,
      "2": 6.6,
      "0": 7.2
    },
    "50": {
      "3": 1.4,
      "1": 2.6,
      "2": 2.0,
      "4": 4.2,
      "0": 4.8
    },
    "51": {
      "2": 2.6,
      "1": 1.6,
      "0": 1.8
    },
    "52": {
      "7": 1.2,
      "8": 2.0,
      "5": 5.4,
      "0": 3.0,
      "3": 6.6,
      "4": 7.0,
      "1": 7.4,
      "2": 4.8,
      "6": 7.6
    },
    "53": {
      "0": 1.8,
      "3": 1.8,
      "4": 3.6,
      "2": 3.6,
      "1": 4.2
    },
    "54": {
      "3": 3.0,
      "1": 3.8,
      "2": 3.0,
      "5": 3.2,
      "0": 4.0,
      "4": 4.0
    },
    "55": {
      "0": 2.2,
      "2": 2.0,
      "4": 3.8,
      "3": 2.8,
      "1": 4.2
    },
    "56": {
      "0": 1.2,
      "4": 2.2,
      "3": 3.8,
      "1": 2.8,
      "2": 5.0
    },
    "57": {
      "5": 2.6,