{
  "content_diversity": 0.6299454569816589,
  "classifier_auc": 0.7388533488417176,
  "ranking_stability": 0.46345396825396823,
  "feature_coefficients": {
    "word_count": 0.5546186367843452,
    "sentence_count": -0.032371488668658834,
    "avg_sentence_length": 0.06304952910459545,
    "paragraph_count": -0.266062643343225,
    "heading_density": -0.975362788444401,
    "list_frequency": -0.026722193365774406,
    "readability": -0.36937999637119884,
    "bold_emphasis_density": 0.16809449248244163,
    "citation_density": -0.29632524052255055,
    "statistic_density": 0.4149760562286826,
    "quote_density": -0.02156680736188526,
    "named_source_mentions": -0.04062082429190059,
    "year_mentions": -0.3083584342372373,
    "claim_density": 0.0343606568327035,
    "external_reference_density": 0.2056295791692061,
    "question_density": 0.10976049290064549,
    "query_similarity": -0.09589021192895687,
    "corpus_centroid_similarity": -0.042653399565748276,
    "type_token_ratio": -0.2848599635288213,
    "vocabulary_sophistication": 0.21594764989317386,
    "sentiment_polarity": 0.07426980856225937,
    "avg_word_length": 0.400720173373737,
    "semantic_uniqueness": -0.24299753959320547,
    "information_density": -0.12825970218386726,
    "specificity_score": -0.39686962827139277
  },
  "avg_ranks": {
    "0": {
      "6": 1.6,
      "1": 2.6,
      "0": 3.2,
      "2": 4.2,
      "4": 5.4,
      "3": 5.8,
      "5": 5.2
    },
    "1": {
      "1": 1.8,
      "3": 2.0,
      "2": 4.0,
      "5": 3.2,
      "4": 4.0,
      "0": 6.0
    },
    "2": {
      "2": 3.0,
      "4": 1.2,
      "6": 2.8,
      "5": 3.0,
      "7": 5.4,
      "1": 6.6,
      "0": 6.8,
      "3": 7.2
    },
    "3": {
      "1": 1.4,
      "3": 3.6,
      "0": 3.4,
      "4": 3.6,
      "2": 3.0
    },
    "4": {
      "0": 2.2,
      "1": 2.6,
      "2": 3.2,
      "3": 2.0
    },
    "5": {
      "6": 5.2,
      "2": 2.2,
      "1": 2.0,
      "5": 3.6,
      "4": 5.2,
      "0": 4.2,
      "3": 5.6
    },
    "6": {
      "2": 1.6,
      "1": 3.4,
      "0": 2.4,
      "3": 3.4,
      "5": 4.4,
      "4": 5.8
    },
    "7": {
      "4": 1.4,
      "3": 2.4,
      "1": 3.6,
      "2": 4.2,
      "0": 3.4,
      "6": 6.6,
      "5": 6.4
    },
    "8": {
      "1": 1.6,
      "4": 3.0,
      "5": 3.0,
      "3": 3.4,
      "2": 4.4,
      "0": 6.6,
      "6": 6.0
    },
    "9": {
      "2": 1.2,
      "0": 3.6,
      "1": 3.0,
      "4": 2.8,
      "3": 4.4
    },
    "10": {
      "2": 3.0,
      "1": 1.4,
      "3": 3.4,
      "4": 2.8,
      "0": 4.4
    },
    "11": {
      "2": 2.4,
      "1": 4.4,
      "3": 3.8,
      "5": 3.4,
      "0": 4.0,
      "7": 5.6,
      "6": 7.4,
      "4": 5.0
    },
    "12": {
      "3": 3.6,
      "2": 1.6,
      "1": 2.2,
      "4": 5.2,
      "0": 5.2,
      "5": 6.6,
      "7": 3.6,
      "6": 8.0
    },
    "13": {
      "5": 3.0,
      "0": 1.4,
      "4": 4.4,
      "3": 3.2,
      "1": 5.0,
      "2": 4.0
    },
    "14": {
      "1": 2.4,
      "0": 1.4,
      "2": 3.6,
      "3": 2.6
    },
    "15": {
      "3": 1.8,
      "2": 4.4,
      "4": 2.4,
      "5": 4.0,
      "0": 3.2,
      "1": 5.2
    },
    "16": {
      "4": 1.4,
      "2": 2.8,
      "0": 2.4,
      "6": 4.6,
      "3": 5.8,
      "1": 4.2,
      "5": 6.8
    },
    "17": {
      "2": 1.4,
      "5": 1.6,
      "4": 4.0,
      "6": 4.8,
      "0": 4.8,
      "3": 4.4,
      "1": 7.0
    },
    "18": {
      "0": 1.4,
      "1": 1.6,
      "2": 3.0
    },
    "19": {
      "3": 2.6,
      "2": 1.8,
      "1": 2.0,
      "0": 3.8,
      "5": 4.8,
      "4": 6.0
    },
    "20": {
      "4": 3.2,
      "1": 2.2,
      "2": 3.0,
      "0": 3.2,
      "3": 3.6,
      "5": 5.8
    },
    "21": {
      "2": 2.8,
      "0": 2.6,
      "3": 2.2,
      "1": 3.2,
      "4": 4.2
    },
    "22": {
      "4": 1.8,
      "5": 1.6,
      "3": 3.2,
      "1": 4.6,
      "0": 5.4,
      "2": 4.4
    },
    "23": {
      "2": 1.2,
      "1": 2.6,
      "0": 4.0,
      "4": 3.2,
      "6": 4.0,
      "5": 6.4,
      "3": 6.6
    },
    "24": {
      "3": 2.2,
      "7": 2.6,
      "6": 3.2,
      "4": 5.0,
      "5": 5.8,
      "2": 5.2,
      "1": 4.4,
      "0": 7.6
    },
    "25": {
      "5": 1.6,
      "2": 2.2,
      "8": 3.8,
      "4": 4.8,
      "0": 5.6,
      "6": 5.8,
      "1": 5.6,
      "3": 6.6,
      "7": 9.0
    },
    "26": {
      "2": 2.4,
      "4": 1.6,
      "3": 4.0,
      "5": 3.2,
      "1": 5.8,
      "6": 5.0,
      "0": 6.0
    },
    "27": {
      "0": 3.6,
      "1": 1.8,
      "5": 2.0,
      "3": 3.8,
      "2": 4.8,
      "4": 5.0
    },
    "28": {
      "4": 1.4,
      "1": 2.4,
      "3": 2.2,
      "2": 4.0,
      "0": 5.0
    },
    "29": {
      "1": 1.0,
      "0": 2.0,
      "2": 3.0,
      "3": 4.0
    },
    "30": {
      "4": 2.6,
      "3": 2.2,
      "5": 2.6,
      "6": 3.4,
      "2": 4.2,
      "1": 6.0,
      "0": 7.0
    },
    "31": {
      "2": 2.0,
      "4": 1.8,
      "3": 2.8,
      "0": 3.4,
      "5": 5.2,
      "1": 5.8
    },
    "32": {
      "3": 1.0,
      "1": 2.8,
      "2": 2.4,
      "0": 3.8,
      "4": 5.0
    },
    "33": {
      "6": 4.4,
      "4": 4.6,
      "1": 2.2,
      "0": 3.0,
      "7": 5.6,
      "2": 6.4,
      "5": 5.0,
      "3": 4.8,
      "8": 9.0
    },
    "34": {
      "2": 1.4,
      "1": 2.4,
      "3": 3.6,
      "4": 3.6,
      "5": 5.4,
      "0": 4.6
    },
    "35": {
      "3": 1.2,
      "0": 3.4,
      "7": 2.2,
      "4": 4.2,
      "6": 4.4,
      "8": 5.6,
      "1": 7.4,
      "5": 7.6,
      "2": 9.0
    },
    "36": {
      "7": 3.8,
      "8": 3.8,
      "3": 3.8,
      "0": 3.0,
      "1": 3.6,
      "4": 7.2,
      "2": 5.4,
      "6": 6.8,
      "5": 7.6
    },
    "37": {
      "4": 1.8,
      "3": 2.0,
      "1": 3.0,
      "0": 4.4,
      "5": 5.0,
      "2": 4.8
    },
    "38": {
      "1": 1.6,
      "5": 2.2,
      "2": 2.2,
      "0": 4.0,
      "4": 5.2,
      "3": 5.8
    },
    "39": {
      "2": 1.4,
      "4": 1.6,
      "3": 3.0,
      "5": 4.6,
      "1": 4.8,
      "0": 5.6
    },
    "40": {
      "0": 2.6,
      "1": 1.6,
      "2": 3.8,
      "3": 4.2,
      "4": 5.2,
      "5": 3.6
    },
    "41": {
      "3": 1.6,
      "1": 2.2,
      "0": 2.2,
      "4": 4.4,
      "2": 4.6
    },
    "42": {
      "3": 5.0,
      "2": 3.2,
      "0": 2.6,
      "6": 2.8,
      "5": 3.8,
      "1": 6.8,
      "4": 3.8
    },
    "43": {
      "5": 2.2,
      "4": 4.8,
      "2": 2.2,
      "3": 2.2,
      "6": 4.6,
      "0": 5.2,
      "1": 6.8
    },
    "44": {
      "4": 1.0,
      "1": 2.0,
      "5": 3.0,
      "2": 4.6,
      "3": 4.4,
      "0": 6.0
    },
    "45": {
      "1": 3.4,
      "3": 2.8,
      "0": 3.8,
      "2": 3.0,
      "5": 2.2,
      "4": 5.8
    },
    "46": {
      "1": 1.4,
      "2": 1.8,
      "0": 3.0,
      "3": 3.8
    },
    "47": {
      "0": 1.4,
      "2": 2.4,
      "1": 3.8,
      "3": 2.4
    },
    "48": {
      "5": 3.4,
      "1": 2.2,
      "0": 1.8,
      "4": 5.0,
      "3": 4.8,
      "2": 3.8
    },
    "49": {
      "7": 1.2,
      "1": 4.8,
      "6": 2.4,
      "5": 3.6,
      "4": 3.4,
      "2": 6.8,
      "3": 6.4,
      "0": 7.4
    },
    "50": {
      "3": 1.4,
      "1": 2.8,
      "2": 1.8,
      "0": 4.6,
      "4": 4.4
    },
    "51": {
      "1": 1.4,
      "2": 1.6,
      "0": 3.0
    },
    "52": {
      "7": 1.2,
      "8": 2.4,
      "5": 2.8,
      "0": 4.6,
      "2": 4.4,
      "1": 6.4,
      "3": 7.6,
      "4": 7.6,
      "6": 8.0
    },
    "53": {
      "0": 1.2,
      "2": 3.2,
      "1": 4.0,
      "3": 2.2,
      "4": 4.4
    },
    "54": {
      "4": 4.2,
      "5": 3.0,
      "1": 2.8,
      "3": 4.2,
      "2": 3.6,
      "0": 3.2
    },
    "55": {
      "1": 2.8,
      "0": 2.6,
      "2": 1.8,
      "3": 2.8,
      "4": 5.0
    },
    "56": {
      "0": 1.2,
      "4": 2.0,
      "1": 3.6,
      "3": 3.2,
      "2": 5.0
    },
    "57": {
      "4": 1.0,