{
  "content_diversity": 0.6423731446266174,
  "classifier_auc": 0.7215796961769699,
  "ranking_stability": 0.45534285714285716,
  "feature_coefficients": {
    "word_count": 0.44304096127924447,
    "sentence_count": -0.4695675704590185,
    "avg_sentence_length": 0.11071063030705629,
    "paragraph_count": 0.10520532633005009,
    "heading_density": -0.7213698348306625,
    "list_frequency": -0.15438837051337964,
    "readability": -0.3622023698692343,
    "bold_emphasis_density": -0.04756689100892762,
    "citation_density": -1.0186028757699306,
    "statistic_density": 0.1544056825462218,
    "quote_density": 0.017282712399939115,
    "named_source_mentions": 0.13617758533365634,
    "year_mentions": -0.11518230418167817,
    "claim_density": -0.10453910244046914,
    "external_reference_density": 0.4092772782128078,
    "question_density": -0.11326475567597011,
    "query_similarity": -0.09368320112878066,
    "corpus_centroid_similarity": 0.05134744254601045,
    "type_token_ratio": -0.24832244250332286,
    "vocabulary_sophistication": 0.44980878830829507,
    "sentiment_polarity": -0.12984221489747477,
    "avg_word_length": -0.371052808136912,
    "semantic_uniqueness": -0.09995763305839232,
    "information_density": -0.26667187571861484,
    "specificity_score": -0.6327982402946403
  },
  "avg_ranks": {
    "0": {
      "6": 1.0,
      "1": 2.0,
      "2": 4.0,
      "0": 4.6,
      "5": 4.2,
      "3": 5.2,
      "4": 7.0
    },
    "1": {
      "3": 2.2,
      "1": 1.6,
      "5": 3.4,
      "2": 4.4,
      "4": 3.4,
      "0": 6.0
    },
    "2": {
      "4": 1.0,
      "6": 2.4,
      "5": 3.0,
      "2": 3.6,
      "7": 5.4,
      "1": 6.2,
      "0": 6.6,
      "3": 7.8
    },
    "3": {
      "1": 1.4,
      "4": 3.2,
      "3": 3.8,
      "0": 4.0,
      "2": 2.6
    },
    "4": {
      "0": 1.2,
      "1": 1.8,
      "3": 3.4,
      "2": 3.6
    },
    "5": {
      "0": 3.6,
      "2": 1.6,
      "5": 2.6,
      "1": 4.4,
      "3": 4.0,
      "6": 6.0,
      "4": 5.8
    },
    "6": {
      "1": 3.2,
      "0": 2.0,
      "3": 3.6,
      "2": 2.6,
      "5": 5.4,
      "4": 4.2
    },
    "7": {
      "4": 1.6,
      "3": 3.0,
      "2": 1.6,
      "1": 5.0,
      "0": 4.2,
      "6": 6.2,
      "5": 6.4
    },
    "8": {
      "4": 3.2,
      "1": 2.4,
      "0": 4.0,
      "2": 4.0,
      "5": 4.6,
      "6": 4.6,
      "3": 5.2
    },
    "9": {
      "2": 1.4,
      "1": 2.6,
      "4": 3.6,
      "0": 3.8,
      "3": 3.6
    },
    "10": {
      "3": 3.0,
      "1": 2.4,
      "4": 2.8,
      "2": 3.6,
      "0": 3.2
    },
    "11": {
      "3": 2.8,
      "1": 2.8,
      "2": 2.2,
      "5": 4.0,
      "0": 3.8,
      "6": 7.0,
      "7": 7.2,
      "4": 6.2
    },
    "12": {
      "2": 2.0,
      "1": 2.6,
      "0": 5.0,
      "4": 4.2,
      "3": 4.6,
      "7": 4.4,
      "5": 5.2,
      "6": 8.0
    },
    "13": {
      "0": 2.0,
      "2": 3.8,
      "1": 4.6,
      "3": 2.6,
      "5": 4.4,
      "4": 3.6
    },
    "14": {
      "0": 1.2,
      "3": 1.8,
      "1": 3.0,
      "2": 4.0
    },
    "15": {
      "4": 2.8,
      "3": 1.6,
      "0": 2.8,
      "1": 4.8,
      "2": 3.4,
      "5": 5.6
    },
    "16": {
      "1": 3.4,
      "3": 2.8,
      "0": 3.4,
      "4": 2.0,
      "6": 5.4,
      "2": 4.0,
      "5": 7.0
    },
    "17": {
      "2": 2.6,
      "5": 2.8,
      "4": 5.8,
      "3": 4.4,
      "0": 3.4,
      "6": 3.0,
      "1": 6.0
    },
    "18": {
      "1": 1.6,
      "0": 2.0,
      "2": 2.4
    },
    "19": {
      "1": 1.8,
      "3": 2.4,
      "2": 2.0,
      "0": 4.0,
      "5": 4.8,
      "4": 6.0
    },
    "20": {
      "4": 2.4,
      "0": 2.6,
      "3": 3.8,
      "2": 2.8,
      "1": 3.6,
      "5": 5.8
    },
    "21": {
      "0": 1.0,
      "3": 2.2,
      "1": 3.0,
      "4": 4.0,
      "2": 4.8
    },
    "22": {
      "4": 1.0,
      "5": 2.2,
      "2": 3.4,
      "3": 3.8,
      "1": 5.0,
      "0": 5.6
    },
    "23": {
      "2": 2.0,
      "4": 3.2,
      "0": 2.4,
      "1": 3.2,
      "6": 4.2,
      "5": 6.8,
      "3": 6.2
    },
    "24": {
      "6": 1.8,
      "3": 2.0,
      "7": 2.8,
      "5": 4.0,
      "4": 5.0,
      "2": 6.0,
      "1": 6.4,
      "0": 8.0
    },
    "25": {
      "6": 4.4,
      "8": 2.4,
      "0": 3.2,
      "2": 4.4,
      "4": 4.0,
      "5": 2.6,
      "1": 7.0,
      "3": 8.0,
      "7": 9.0
    },
    "26": {
      "3": 1.6,
      "4": 2.4,
      "2": 3.0,
      "0": 3.8,
      "5": 4.6,
      "6": 6.0,
      "1": 6.6
    },
    "27": {
      "0": 3.0,
      "1": 2.0,
      "5": 2.2,
      "4": 5.0,
      "3": 3.2,
      "2": 5.6
    },
    "28": {
      "4": 1.8,
      "3": 1.8,
      "1": 2.4,
      "2": 4.8,
      "0": 4.2
    },
    "29": {
      "1": 1.0,
      "0": 2.0,
      "2": 3.2,
      "3": 3.8
    },
    "30": {
      "2": 4.6,
      "6": 2.2,
      "3": 2.2,
      "4": 3.0,
      "5": 3.8,
      "1": 5.4,
      "0": 6.8
    },
    "31": {
      "0": 3.8,
      "2": 1.6,
      "4": 1.8,
      "3": 3.2,
      "1": 4.6,
      "5": 6.0
    },
    "32": {
      "3": 1.0,
      "2": 2.4,
      "1": 2.6,
      "0": 4.0,
      "4": 5.0
    },
    "33": {
      "5": 6.4,
      "7": 3.0,
      "0": 3.0,
      "1": 2.6,
      "6": 5.2,
      "3": 4.4,
      "2": 6.6,
      "8": 8.8,
      "4": 5.0
    },
    "34": {
      "1": 2.0,
      "2": 1.4,
      "3": 3.2,
      "4": 4.0,
      "0": 5.4,
      "5": 5.0
    },
    "35": {
      "3": 2.6,
      "7": 1.4,
      "0": 2.4,
      "4": 5.6,
      "8": 4.4,
      "2": 6.8,
      "6": 5.6,
      "5": 8.2,
      "1": 8.0
    },
    "36": {
      "7": 2.6,
      "8": 4.0,
      "1": 2.2,
      "3": 3.0,
      "0": 3.2,
      "4": 8.2,
      "6": 7.0,
      "5": 8.0,
      "2": 6.8
    },
    "37": {
      "1": 2.2,
      "3": 1.4,
      "0": 4.0,
      "4": 3.8,
      "5": 4.4,
      "2": 5.2
    },
    "38": {
      "2": 1.4,
      "1": 2.4,
      "5": 3.2,
      "0": 3.6,
      "4": 4.4,
      "3": 6.0
    },
    "39": {
      "4": 1.8,
      "2": 1.4,
      "3": 3.0,
      "5": 4.2,
      "1": 4.6,
      "0": 6.0
    },
    "40": {
      "3": 2.6,
      "1": 1.8,
      "0": 3.2,
      "2": 4.6,
      "5": 3.2,
      "4": 5.6
    },
    "41": {
      "0": 1.6,
      "3": 1.6,
      "1": 2.8,
      "4": 4.4,
      "2": 4.6
    },
    "42": {
      "4": 4.0,
      "2": 3.6,
      "0": 3.4,
      "6": 2.8,
      "5": 3.2,
      "3": 5.2,
      "1": 5.8
    },
    "43": {
      "5": 1.6,
      "2": 2.4,
      "6": 3.6,
      "3": 2.8,
      "0": 4.6,
      "4": 6.0,
      "1": 7.0
    },
    "44": {
      "4": 1.4,
      "5": 2.0,
      "1": 2.6,
      "2": 4.4,
      "3": 4.6,
      "0": 6.0
    },
    "45": {
      "2": 1.8,
      "1": 2.6,
      "5": 2.4,
      "0": 4.2,
      "4": 5.8,
      "3": 4.2
    },
    "46": {
      "0": 2.8,
      "1": 1.2,
      "3": 2.4,
      "2": 3.6
    },
    "47": {
      "3": 1.4,
      "2": 2.4,
      "0": 2.2,
      "1": 4.0
    },
    "48": {
      "2": 2.8,
      "4": 3.0,
      "0": 3.0,
      "1": 3.6,
      "3": 3.4,
      "5": 5.2
    },
    "49": {
      "4": 2.6,
      "7": 2.2,
      "6": 3.2,
      "5": 4.4,
      "1": 4.6,
      "2": 5.4,
      "0": 7.0,
      "3": 6.6
    },
    "50": {
      "3": 1.0,
      "2": 2.2,
      "4": 3.8,
      "0": 4.4,
      "1": 3.6
    },
    "51": {
      "2": 1.6,
      "0": 2.2,
      "1": 2.2
    },
    "52": {
      "7": 1.6,
      "8": 1.8,
      "3": 5.8,
      "2": 4.4,
      "0": 3.8,
      "5": 6.2,
      "4": 6.8,
      "6": 8.2,
      "1": 6.4
    },
    "53": {
      "0": 1.2,
      "1": 3.2,
      "2": 3.8,
      "3": 2.2,
      "4": 4.6
    },
    "54": {
      "2": 2.0,
      "1": 3.2,
      "3": 2.8,
      "5": 4.6,
      "4": 4.2,
      "0": 4.2
    },
    "55": {
      "0": 2.4,
      "2": 1.8,
      "4": 4.0,
      "3": 2.6,
      "1": 4.2
    },
    "56": {
      "4": 1.4,
      "0": 1.6,
      "1": 3.6,
      "3": 3.4,
      "2": 5.0
    },
    "57": {
      "4": 1.0,