{
  "content_diversity": 0.6411634087562561,
  "classifier_auc": 0.6882598039215687,
  "ranking_stability": 0.4376984126984127,
  "feature_coefficients": {
    "word_count": -0.047138978305439984,
    "sentence_count": 0.2528533680047916,
    "avg_sentence_length": 0.1502772221455557,
    "paragraph_count": -0.001322929071718089,
    "heading_density": -1.079360753969728,
    "list_frequency": 0.07685070789259918,
    "readability": -0.38029851734259096,
    "bold_emphasis_density": -0.04400057733205491,
    "citation_density": -1.1091290346946414,
    "statistic_density": -0.20305018655476453,
    "quote_density": -0.004544304016775264,
    "named_source_mentions": 0.30275954346059836,
    "year_mentions": -0.4765040062704978,
    "claim_density": 0.09733246714702619,
    "external_reference_density": 0.33094881062384746,
    "question_density": -0.04284803129793879,
    "query_similarity": 0.022219004848784522,
    "corpus_centroid_similarity": 0.16566631183850483,
    "type_token_ratio": -0.2061542924194302,
    "vocabulary_sophistication": 0.3206204397246692,
    "sentiment_polarity": -0.05568737220813501,
    "avg_word_length": 0.011155015985533962,
    "semantic_uniqueness": 0.13002082914918991,
    "information_density": 0.045761057100309824,
    "specificity_score": 0.025534990308223825
  },
  "avg_ranks": {
    "0": {
      "1": 1.8,
      "6": 1.2,
      "0": 4.8,
      "5": 5.6,
      "3": 4.2,
      "4": 6.2,
      "2": 4.2
    },
    "1": {
      "1": 1.6,
      "3": 2.4,
      "2": 4.6,
      "5": 3.6,
      "4": 2.8,
      "0": 6.0
    },
    "2": {
      "4": 1.0,
      "2": 2.8,
      "5": 2.8,
      "6": 3.4,
      "7": 5.2,
      "1": 6.4,
      "0": 6.4,
      "3": 8.0
    },
    "3": {
      "1": 1.8,
      "2": 3.4,
      "0": 4.2,
      "4": 2.8,
      "3": 2.8
    },
    "4": {
      "0": 1.2,
      "1": 1.8,
      "2": 3.8,
      "3": 3.2
    },
    "5": {
      "0": 5.2,
      "1": 3.0,
      "2": 2.0,
      "3": 4.0,
      "5": 3.4,
      "4": 3.8,
      "6": 6.6
    },
    "6": {
      "0": 3.0,
      "2": 1.8,
      "3": 3.2,
      "1": 3.4,
      "5": 5.4,
      "4": 4.2
    },
    "7": {
      "4": 1.6,
      "2": 1.6,
      "3": 2.8,
      "0": 4.4,
      "1": 4.8,
      "6": 6.4,
      "5": 6.4
    },
    "8": {
      "4": 4.0,
      "0": 4.2,
      "1": 3.6,
      "2": 3.8,
      "5": 3.6,
      "6": 4.4,
      "3": 4.4
    },
    "9": {
      "1": 2.2,
      "2": 1.2,
      "4": 3.4,
      "0": 3.2,
      "3": 5.0
    },
    "10": {
      "0": 3.8,
      "1": 2.4,
      "4": 2.4,
      "2": 4.2,
      "3": 2.2
    },
    "11": {
      "5": 1.4,
      "0": 2.6,
      "6": 4.4,
      "4": 6.0,
      "7": 3.6,
      "2": 5.6,
      "1": 5.8,
      "3": 6.6
    },
    "12": {
      "7": 4.5,
      "1": 2.5,
      "2": 3.0,
      "4": 4.25,
      "3": 3.75,
      "0": 5.0,
      "5": 5.0,
      "6": 8.0
    },
    "13": {
      "0": 1.8,
      "3": 1.8,
      "2": 3.2,
      "4": 4.2,
      "5": 5.0,
      "1": 5.0
    },
    "14": {
      "3": 2.0,
      "0": 1.6,
      "2": 3.2,
      "1": 3.2
    },
    "15": {
      "4": 1.4,
      "3": 2.2,
      "0": 3.0,
      "5": 4.8,
      "2": 4.0,
      "1": 5.6
    },
    "16": {
      "4": 1.0,
      "0": 2.4,
      "3": 4.6,
      "1": 3.8,
      "6": 5.4,
      "5": 6.8,
      "2": 4.0
    },
    "17": {
      "2": 2.0,
      "5": 2.6,
      "3": 5.2,
      "4": 5.2,
      "0": 3.4,
      "6": 4.2,
      "1": 5.4
    },
    "18": {
      "0": 2.0,
      "2": 2.4,
      "1": 1.6
    },
    "19": {
      "3": 2.2,
      "1": 1.4,
      "2": 2.4,
      "0": 4.4,
      "5": 4.6,
      "4": 6.0
    },
    "20": {
      "0": 2.8,
      "4": 3.6,
      "3": 4.2,
      "2": 1.8,
      "5": 5.0,
      "1": 3.6
    },
    "21": {
      "2": 3.4,
      "0": 2.6,
      "3": 2.8,
      "1": 3.8,
      "4": 2.4
    },
    "22": {
      "4": 1.2,
      "5": 1.8,
      "2": 4.8,
      "1": 3.6,
      "3": 4.8,
      "0": 4.8
    },
    "23": {
      "2": 1.0,
      "6": 4.4,
      "1": 2.8,
      "0": 2.8,
      "4": 4.0,
      "5": 6.6,
      "3": 6.4
    },
    "24": {
      "3": 2.5,
      "6": 1.5,
      "7": 3.5,
      "4": 3.75,
      "2": 4.75,
      "1": 6.25,
      "0": 7.75,
      "5": 6.0
    },
    "25": {
      "5": 2.8,
      "8": 2.8,
      "2": 2.6,
      "0": 3.4,
      "6": 4.8,
      "4": 5.0,
      "1": 6.6,
      "3": 8.0,
      "7": 9.0
    },
    "26": {
      "3": 1.4,
      "4": 1.8,
      "0": 3.4,
      "5": 5.0,
      "2": 3.8,
      "1": 6.0,
      "6": 6.6
    },
    "27": {
      "1": 1.6,
      "2": 2.8,
      "5": 2.6,
      "3": 4.2,
      "0": 4.0,
      "4": 5.8
    },
    "28": {
      "4": 2.6,
      "1": 1.6,
      "3": 1.8,
      "0": 4.4,
      "2": 4.6
    },
    "29": {
      "1": 1.2,
      "0": 2.4,
      "2": 2.6,
      "3": 3.8
    },
    "30": {
      "5": 2.0,
      "6": 2.8,
      "3": 4.0,
      "4": 3.6,
      "2": 5.2,
      "0": 6.0,
      "1": 4.4
    },
    "31": {
      "3": 2.4,
      "4": 1.8,
      "2": 1.8,
      "0": 4.4,
      "1": 4.8,
      "5": 5.8
    },
    "32": {
      "3": 1.0,
      "2": 2.6,
      "0": 4.0,
      "1": 2.6,
      "4": 4.8
    },
    "33": {
      "7": 2.4,
      "1": 2.2,
      "3": 4.2,
      "0": 3.0,
      "6": 5.2,
      "5": 6.2,
      "4": 7.0,
      "2": 5.8,
      "8": 9.0
    },
    "34": {
      "1": 2.2,
      "2": 1.2,
      "3": 2.6,
      "4": 4.2,
      "0": 5.0,
      "5": 5.8
    },
    "35": {
      "7": 1.4,
      "0": 2.4,
      "3": 2.8,
      "6": 5.6,
      "8": 4.4,
      "2": 7.2,
      "1": 7.8,
      "4": 6.6,
      "5": 6.8
    },
    "36": {
      "6": 4.2,
      "2": 4.6,
      "5": 6.4,
      "1": 2.4,
      "8": 4.6,
      "0": 4.2,
      "3": 3.8,
      "7": 6.6,
      "4": 8.2
    },
    "37": {
      "1": 1.8,
      "0": 3.8,
      "3": 1.6,
      "4": 3.6,
      "2": 5.0,
      "5": 5.2
    },
    "38": {
      "2": 1.6,
      "0": 2.8,
      "1": 2.0,
      "5": 3.8,
      "4": 4.8,
      "3": 6.0
    },
    "39": {
      "3": 2.2,
      "2": 1.6,
      "4": 2.6,
      "1": 4.4,
      "5": 4.2,
      "0": 6.0
    },
    "40": {
      "3": 1.6,
      "0": 2.4,
      "1": 2.6,
      "2": 3.8,
      "5": 4.8,
      "4": 5.8
    },
    "41": {
      "0": 2.2,
      "3": 1.4,
      "1": 2.4,
      "4": 4.0,
      "2": 5.0
    },
    "42": {
      "1": 5.6,
      "0": 3.0,
      "6": 3.4,
      "4": 3.8,
      "2": 3.0,
      "3": 5.4,
      "5": 3.8
    },
    "43": {
      "5": 1.2,
      "2": 2.2,
      "3": 3.6,
      "6": 4.2,
      "0": 4.0,
      "1": 6.8,
      "4": 6.0
    },
    "44": {
      "5": 2.2,
      "4": 1.6,
      "1": 2.4,
      "3": 4.6,
      "2": 4.2,
      "0": 6.0
    },
    "45": {
      "2": 3.0,
      "5": 2.2,
      "0": 2.8,
      "1": 3.0,
      "3": 4.0,
      "4": 6.0
    },
    "46": {
      "3": 2.2,
      "1": 1.6,
      "0": 2.6,
      "2": 3.6
    },
    "47": {
      "0": 1.6,
      "3": 2.6,
      "2": 2.0,
      "1": 3.8
    },
    "48": {
      "1": 1.6,
      "0": 1.6,
      "3": 4.4,
      "4": 3.2,
      "2": 4.4,
      "5": 5.8
    },
    "49": {
      "4": 2.4,
      "7": 1.6,
      "6": 2.2,
      "5": 3.8,
      "1": 5.0,
      "0": 6.6,
      "2": 6.6,
      "3": 7.8
    },
    "50": {
      "0": 3.0,
      "4": 3.4,
      "1": 3.2,
      "2": 3.0,
      "3": 2.4
    },
    "51": {
      "2": 1.4,
      "1": 2.0,
      "0": 2.6
    },
    "52": {
      "7": 2.0,
      "8": 3.6,
      "5": 5.6,
      "1": 5.0,
      "0": 4.0,
      "2": 4.4,
      "3": 3.8,
      "6": 8.8,
      "4": 7.8
    },
    "53": {
      "0": 1.0,
      "2": 3.0,
      "1": 4.2,
      "3": 2.8,
      "4": 4.0
    },
    "54": {
      "2": 2.2,
      "0": 4.2,
      "1": 4.0,
      "3": 2.6,
      "5": 3.2,
      "4": 4.8
    },
    "55": {
      "2": 1.4,
      "0": 3.0,
      "1": 3.0,
      "3": 3.2,
      "4": 4.4
    },
    "56": {
      "0": 1.6,
      "4": 1.8,
      "3": 2.8,
      "1": 3.8,
      "2": 5.0
    },