{
  "content_diversity": 0.6424711346626282,
  "classifier_auc": 0.7349858110847282,
  "ranking_stability": 0.44763174603174605,
  "feature_coefficients": {
    "word_count": -0.39308362060086266,
    "sentence_count": 0.35964736529056296,
    "avg_sentence_length": 0.001886926811659363,
    "paragraph_count": -0.16981403064255246,
    "heading_density": -1.1138810136373598,
    "list_frequency": 0.16342257173149566,
    "readability": -0.5285908250763492,
    "bold_emphasis_density": 0.13062247579775646,
    "citation_density": -1.396373533998189,
    "statistic_density": -0.3704163446093381,
    "quote_density": -0.23028294415711642,
    "named_source_mentions": 0.06575987843541743,
    "year_mentions": -0.8808338454760032,
    "claim_density": 0.23640203776979848,
    "external_reference_density": 0.5085998381376372,
    "question_density": -0.4078408960524913,
    "query_similarity": -0.13100621155929573,
    "corpus_centroid_similarity": 0.15183086134469953,
    "type_token_ratio": -0.29618517699051133,
    "vocabulary_sophistication": 0.2265976313947063,
    "sentiment_polarity": -0.025998707438583814,
    "avg_word_length": 0.15910926643851422,
    "semantic_uniqueness": -0.18440259035534698,
    "information_density": -0.08940413564923201,
    "specificity_score": -0.31004400817259004
  },
  "avg_ranks": {
    "0": {
      "6": 1.2,
      "1": 1.8,
      "5": 4.6,
      "0": 4.6,
      "2": 4.0,
      "3": 4.8,
      "4": 7.0
    },
    "1": {
      "5": 2.8,
      "1": 2.0,
      "2": 3.8,
      "3": 2.0,
      "4": 4.4,
      "0": 6.0
    },
    "2": {
      "4": 1.8,
      "2": 3.6,
      "6": 3.0,
      "5": 4.6,
      "7": 4.6,
      "1": 4.0,
      "0": 6.8,
      "3": 7.6
    },
    "3": {
      "1": 1.6,
      "0": 3.8,
      "4": 3.2,
      "3": 3.2,
      "2": 3.2
    },
    "4": {
      "1": 1.6,
      "0": 1.4,
      "3": 3.2,
      "2": 3.8
    },
    "5": {
      "6": 5.8,
      "2": 2.4,
      "5": 2.2,
      "1": 3.2,
      "4": 4.4,
      "3": 5.2,
      "0": 4.8
    },
    "6": {
      "2": 1.4,
      "4": 3.6,
      "1": 3.4,
      "3": 3.6,
      "0": 3.4,
      "5": 5.6
    },
    "7": {
      "6": 4.6,
      "4": 2.0,
      "2": 1.4,
      "0": 4.4,
      "5": 6.6,
      "1": 4.6,
      "3": 4.4
    },
    "8": {
      "0": 4.8,
      "1": 3.2,
      "5": 2.8,
      "4": 4.8,
      "2": 4.6,
      "6": 4.4,
      "3": 3.4
    },
    "9": {
      "3": 4.2,
      "2": 1.6,
      "1": 2.2,
      "4": 3.2,
      "0": 3.8
    },
    "10": {
      "2": 3.2,
      "1": 2.0,
      "4": 2.6,
      "3": 2.8,
      "0": 4.4
    },
    "11": {
      "5": 2.0,
      "0": 3.0,
      "7": 3.8,
      "6": 4.8,
      "4": 5.6,
      "3": 6.0,
      "2": 5.0,
      "1": 5.8
    },
    "12": {
      "5": 3.4,
      "4": 3.4,
      "0": 4.4,
      "3": 3.8,
      "7": 4.2,
      "1": 4.4,
      "2": 4.4,
      "6": 8.0
    },
    "13": {
      "0": 2.0,
      "4": 3.8,
      "3": 3.0,
      "2": 3.2,
      "1": 4.4,
      "5": 4.6
    },
    "14": {
      "1": 2.0,
      "3": 2.4,
      "0": 1.6,
      "2": 4.0
    },
    "15": {
      "4": 1.2,
      "0": 2.6,
      "3": 2.2,
      "2": 4.2,
      "5": 5.4,
      "1": 5.4
    },
    "16": {
      "2": 3.6,
      "4": 2.4,
      "0": 3.0,
      "1": 3.2,
      "3": 3.4,
      "5": 6.6,
      "6": 5.8
    },
    "17": {
      "2": 1.8,
      "5": 2.4,
      "0": 4.0,
      "6": 3.4,
      "3": 4.8,
      "4": 5.0,
      "1": 6.6
    },
    "18": {
      "0": 1.4,
      "1": 1.6,
      "2": 3.0
    },
    "19": {
      "3": 2.0,
      "1": 2.2,
      "2": 1.8,
      "0": 4.4,
      "5": 4.6,
      "4": 6.0
    },
    "20": {
      "1": 2.0,
      "4": 3.2,
      "2": 3.6,
      "0": 3.2,
      "3": 3.2,
      "5": 5.8
    },
    "21": {
      "1": 2.4,
      "0": 2.2,
      "3": 2.6,
      "2": 4.0,
      "4": 3.8
    },
    "22": {
      "4": 1.0,
      "5": 2.0,
      "3": 4.4,
      "1": 3.8,
      "0": 5.2,
      "2": 4.6
    },
    "23": {
      "2": 1.0,
      "0": 2.8,
      "1": 2.6,
      "6": 4.8,
      "4": 3.8,
      "3": 6.6,
      "5": 6.4
    },
    "24": {
      "3": 2.2,
      "6": 1.6,
      "7": 2.2,
      "2": 5.2,
      "5": 5.8,
      "1": 5.8,
      "4": 5.2,
      "0": 8.0
    },
    "25": {
      "4": 3.4,
      "8": 2.4,
      "2": 3.6,
      "5": 2.8,
      "0": 3.8,
      "6": 5.0,
      "1": 7.4,
      "3": 7.6,
      "7": 9.0
    },
    "26": {
      "3": 3.2,
      "4": 1.6,
      "2": 3.6,
      "5": 3.4,
      "0": 3.2,
      "1": 6.4,
      "6": 6.6
    },
    "27": {
      "1": 1.4,
      "3": 3.4,
      "5": 2.4,
      "0": 3.4,
      "2": 4.4,
      "4": 6.0
    },
    "28": {
      "4": 1.4,
      "1": 2.2,
      "3": 2.4,
      "0": 4.4,
      "2": 4.6
    },
    "29": {
      "0": 2.0,
      "1": 1.4,
      "2": 2.6,
      "3": 4.0
    },
    "30": {
      "3": 2.8,
      "4": 2.6,
      "1": 6.2,
      "6": 2.4,
      "5": 3.4,
      "0": 6.0,
      "2": 4.6
    },
    "31": {
      "4": 1.8,
      "2": 2.0,
      "3": 2.2,
      "0": 4.4,
      "5": 5.8,
      "1": 4.8
    },
    "32": {
      "3": 1.0,
      "0": 3.4,
      "2": 2.4,
      "1": 3.2,
      "4": 5.0
    },
    "33": {
      "1": 2.2,
      "0": 3.4,
      "7": 3.4,
      "6": 5.8,
      "5": 5.8,
      "4": 3.4,
      "3": 4.6,
      "8": 8.8,
      "2": 7.6
    },
    "34": {
      "4": 3.2,
      "2": 1.2,
      "3": 3.2,
      "0": 4.6,
      "5": 5.6,
      "1": 3.2
    },
    "35": {
      "7": 2.8,
      "0": 2.2,
      "3": 2.4,
      "8": 5.4,
      "6": 5.6,
      "2": 5.6,
      "5": 8.2,
      "1": 8.0,
      "4": 4.8
    },
    "36": {
      "2": 2.2,
      "6": 3.4,
      "1": 3.2,
      "0": 5.2,
      "8": 5.2,
      "3": 5.2,
      "5": 5.6,
      "7": 6.8,
      "4": 8.2
    },
    "37": {
      "0": 1.4,
      "1": 1.8,
      "3": 2.8,
      "4": 4.4,
      "5": 4.8,
      "2": 5.8
    },
    "38": {
      "0": 3.6,
      "2": 1.6,
      "1": 2.2,
      "5": 2.8,
      "4": 4.8,
      "3": 6.0
    },
    "39": {
      "2": 1.2,
      "3": 3.2,
      "4": 2.0,
      "5": 4.0,
      "1": 4.6,
      "0": 6.0
    },
    "40": {
      "1": 2.0,
      "3": 1.4,
      "2": 4.4,
      "0": 3.6,
      "5": 3.6,
      "4": 6.0
    },
    "41": {
      "0": 1.2,
      "3": 1.8,
      "1": 3.0,
      "4": 4.0,
      "2": 5.0
    },
    "42": {
      "0": 2.2,
      "2": 4.2,
      "6": 2.6,
      "4": 4.2,
      "5": 3.2,
      "3": 5.0,
      "1": 6.6
    },
    "43": {
      "3": 1.8,
      "2": 2.4,
      "6": 3.4,
      "5": 3.4,
      "4": 5.8,
      "0": 4.4,
      "1": 6.8
    },
    "44": {
      "4": 1.6,
      "1": 2.0,
      "5": 2.6,
      "2": 4.4,
      "3": 4.4,
      "0": 6.0
    },
    "45": {
      "2": 2.0,
      "5": 3.2,
      "0": 3.2,
      "3": 4.0,
      "4": 5.8,
      "1": 2.8
    },
    "46": {
      "1": 1.8,
      "3": 2.6,
      "2": 1.8,
      "0": 3.8
    },
    "47": {
      "0": 1.6,
      "2": 2.6,
      "3": 1.8,
      "1": 4.0
    },
    "48": {
      "0": 1.2,
      "2": 4.0,
      "1": 3.4,
      "4": 2.6,
      "3": 4.2,
      "5": 5.6
    },
    "49": {
      "6": 2.4,
      "7": 2.0,
      "4": 2.6,
      "1": 5.0,
      "2": 5.8,
      "3": 7.6,
      "5": 3.8,
      "0": 6.8
    },
    "50": {
      "3": 1.0,
      "2": 2.6,
      "1": 2.4,
      "0": 4.8,
      "4": 4.2
    },
    "51": {
      "0": 2.0,
      "1": 1.8,
      "2": 2.2
    },
    "52": {
      "7": 1.2,
      "8": 1.8,
      "6": 7.6,
      "5": 5.0,
      "0": 4.4,
      "2": 5.6,
      "4": 6.8,
      "1": 7.0,
      "3": 5.6
    },
    "53": {
      "3": 2.0,
      "0": 1.2,
      "4": 3.4,
      "1": 4.4,
      "2": 4.0
    },
    "54": {
      "2": 4.4,
      "3": 2.0,
      "1": 3.8,
      "5": 3.2,
      "4": 4.2,
      "0": 3.4
    },
    "55": {
      "2": 1.6,
      "0": 2.0,
      "3": 3.2,
      "1": 3.8,
      "4": 4.4
    },
    "56": {
      "4": 1.2,
      "0": 1.8,
      "1": 3.0,
      "3": 4.0,
      "2": 5.0
    },
    "57": {
      "4": 1.0,