{
  "content_diversity": 0.6398451924324036,
  "classifier_auc": 0.6997905667786553,
  "ranking_stability": 0.43716507936507937,
  "feature_coefficients": {
    "word_count": 0.06561115263416695,
    "sentence_count": -0.14754897650188883,
    "avg_sentence_length": 0.10758470550275759,
    "paragraph_count": -0.015559752748446664,
    "heading_density": -0.8963859100153883,
    "list_frequency": -0.19742731183260018,
    "readability": -0.43159452440677937,
    "bold_emphasis_density": -0.0029039198751966812,
    "citation_density": -0.05956414805555055,
    "statistic_density": 0.08550317548676198,
    "quote_density": -0.14650416085508247,
    "named_source_mentions": 0.4208720941386499,
    "year_mentions": -0.4546680282933712,
    "claim_density": 0.01094170911832781,
    "external_reference_density": 0.23739273250296533,
    "question_density": -0.10653907747943506,
    "query_similarity": -0.05065084840151865,
    "corpus_centroid_similarity": -0.04483844819356185,
    "type_token_ratio": -0.3093664179201564,
    "vocabulary_sophistication": 0.45634543236366176,
    "sentiment_polarity": -0.24589992657497056,
    "avg_word_length": 0.07213192897569906,
    "semantic_uniqueness": -0.12316543997629383,
    "information_density": -0.19558276710588238,
    "specificity_score": -0.3655846537754734
  },
  "avg_ranks": {
    "0": {
      "4": 5.8,
      "6": 1.4,
      "1": 3.0,
      "0": 4.0,
      "5": 4.6,
      "2": 4.6,
      "3": 4.6
    },
    "1": {
      "1": 1.6,
      "5": 2.6,
      "3": 3.0,
      "2": 4.6,
      "4": 3.8,
      "0": 5.4
    },
    "2": {
      "4": 1.2,
      "5": 3.0,
      "2": 2.8,
      "7": 5.4,
      "1": 6.2,
      "6": 3.4,
      "0": 6.2,
      "3": 7.8
    },
    "3": {
      "1": 2.2,
      "4": 2.4,
      "3": 2.4,
      "0": 3.4,
      "2": 4.6
    },
    "4": {
      "0": 1.2,
      "1": 1.8,
      "3": 3.0,
      "2": 4.0
    },
    "5": {
      "5": 2.0,
      "2": 2.2,
      "3": 4.2,
      "1": 3.6,
      "4": 4.4,
      "6": 5.0,
      "0": 6.6
    },
    "6": {
      "4": 4.2,
      "2": 2.2,
      "0": 3.0,
      "3": 3.2,
      "1": 3.0,
      "5": 5.4
    },
    "7": {
      "2": 1.6,
      "4": 2.4,
      "3": 3.0,
      "0": 3.8,
      "1": 4.4,
      "6": 6.2,
      "5": 6.6
    },
    "8": {
      "3": 5.0,
      "1": 3.2,
      "5": 3.8,
      "6": 4.6,
      "2": 3.4,
      "0": 3.4,
      "4": 4.6
    },
    "9": {
      "1": 1.8,
      "2": 1.6,
      "4": 2.8,
      "0": 4.2,
      "3": 4.6
    },
    "10": {
      "1": 2.4,
      "4": 1.8,
      "2": 3.6,
      "0": 4.4,
      "3": 2.8
    },
    "11": {
      "5": 2.2,
      "6": 4.2,
      "7": 4.2,
      "4": 5.2,
      "0": 3.2,
      "1": 5.8,
      "3": 5.6,
      "2": 5.6
    },
    "12": {
      "2": 3.8,
      "1": 4.8,
      "0": 3.8,
      "4": 2.8,
      "3": 4.0,
      "7": 5.2,
      "5": 3.6,
      "6": 8.0
    },
    "13": {
      "0": 1.2,
      "2": 3.0,
      "5": 2.6,
      "3": 3.8,
      "4": 4.6,
      "1": 5.8
    },
    "14": {
      "0": 2.0,
      "3": 2.2,
      "1": 2.4,
      "2": 3.4
    },
    "15": {
      "3": 2.0,
      "0": 3.0,
      "4": 2.8,
      "1": 5.0,
      "5": 4.4,
      "2": 3.8
    },
    "16": {
      "4": 2.0,
      "2": 3.8,
      "1": 2.8,
      "0": 4.0,
      "3": 3.6,
      "6": 5.0,
      "5": 6.8
    },
    "17": {
      "0": 2.0,
      "6": 3.0,
      "2": 2.6,
      "5": 2.4,
      "1": 5.8,
      "4": 5.6,
      "3": 6.6
    },
    "18": {
      "1": 1.4,
      "2": 2.6,
      "0": 2.0
    },
    "19": {
      "1": 1.8,
      "2": 2.2,
      "3": 2.2,
      "0": 3.8,
      "5": 5.0,
      "4": 6.0
    },
    "20": {
      "1": 2.4,
      "0": 3.6,
      "4": 2.6,
      "3": 3.0,
      "2": 3.4,
      "5": 6.0
    },
    "21": {
      "0": 2.2,
      "3": 2.8,
      "1": 2.2,
      "2": 3.4,
      "4": 4.4
    },
    "22": {
      "4": 1.6,
      "5": 1.8,
      "3": 3.0,
      "1": 4.8,
      "0": 4.8,
      "2": 5.0
    },
    "23": {
      "1": 2.4,
      "2": 1.2,
      "0": 2.8,
      "6": 4.8,
      "4": 4.2,
      "3": 6.0,
      "5": 6.6
    },
    "24": {
      "6": 2.2,
      "3": 2.0,
      "7": 2.8,
      "2": 5.6,
      "4": 5.0,
      "1": 5.0,
      "5": 5.4,
      "0": 8.0
    },
    "25": {
      "8": 2.4,
      "7": 7.6,
      "4": 4.8,
      "6": 5.2,
      "0": 5.6,
      "2": 2.4,
      "1": 5.2,
      "5": 3.6,
      "3": 8.2
    },
    "26": {
      "5": 3.6,
      "4": 1.2,
      "0": 3.2,
      "2": 3.0,
      "3": 4.0,
      "6": 6.2,
      "1": 6.8
    },
    "27": {
      "0": 3.2,
      "1": 1.4,
      "5": 2.6,
      "2": 3.8,
      "3": 4.0,
      "4": 6.0
    },
    "28": {
      "4": 1.4,
      "1": 2.2,
      "3": 2.4,
      "2": 4.2,
      "0": 4.8
    },
    "29": {
      "1": 1.2,
      "0": 1.8,
      "2": 3.0,
      "3": 4.0
    },
    "30": {
      "6": 2.4,
      "5": 2.0,
      "4": 4.0,
      "3": 1.8,
      "1": 6.2,
      "2": 5.0,
      "0": 6.6
    },
    "31": {
      "1": 4.6,
      "2": 2.4,
      "4": 2.0,
      "0": 4.2,
      "5": 5.2,
      "3": 2.6
    },
    "32": {
      "3": 1.0,
      "1": 3.2,
      "0": 3.4,
      "2": 2.6,
      "4": 4.8
    },
    "33": {
      "1": 1.4,
      "6": 5.2,
      "3": 6.0,
      "0": 4.0,
      "7": 4.0,
      "5": 5.4,
      "2": 4.8,
      "4": 5.2,
      "8": 9.0
    },
    "34": {
      "1": 1.6,
      "2": 1.6,
      "3": 3.4,
      "4": 3.4,
      "0": 5.0,
      "5": 6.0
    },
    "35": {
      "7": 1.0,
      "3": 2.2,
      "4": 4.8,
      "0": 3.0,
      "6": 5.4,
      "2": 7.4,
      "8": 5.4,
      "5": 7.8,
      "1": 8.0
    },
    "36": {
      "7": 3.8,
      "1": 2.6,
      "0": 3.4,
      "3": 4.2,
      "2": 3.8,
      "6": 5.8,
      "4": 8.0,
      "5": 8.0,
      "8": 5.4
    },
    "37": {
      "1": 2.0,
      "0": 3.4,
      "3": 1.4,
      "5": 4.8,
      "4": 3.8,
      "2": 5.6
    },
    "38": {
      "1": 2.0,
      "2": 1.6,
      "5": 3.2,
      "0": 3.2,
      "4": 5.0,
      "3": 6.0
    },
    "39": {
      "2": 1.6,
      "4": 3.0,
      "3": 1.6,
      "5": 4.4,
      "1": 4.4,
      "0": 6.0
    },
    "40": {
      "1": 1.2,
      "3": 3.4,
      "5": 3.0,
      "0": 2.6,
      "2": 4.8,
      "4": 6.0
    },
    "41": {
      "0": 1.4,
      "3": 2.2,
      "1": 2.4,
      "4": 4.0,
      "2": 5.0
    },
    "42": {
      "1": 5.6,
      "6": 2.6,
      "2": 3.4,
      "5": 3.2,
      "0": 3.0,
      "3": 5.2,
      "4": 5.0
    },
    "43": {
      "2": 1.6,
      "5": 3.8,
      "3": 1.8,
      "6": 3.8,
      "4": 5.0,
      "0": 5.0,
      "1": 7.0
    },
    "44": {
      "4": 1.2,
      "1": 1.8,
      "2": 4.2,
      "5": 3.2,
      "3": 4.6,
      "0": 6.0
    },
    "45": {
      "2": 2.4,
      "5": 2.6,
      "3": 2.8,
      "1": 3.2,
      "0": 4.2,
      "4": 5.8
    },
    "46": {
      "1": 1.2,
      "3": 2.4,
      "2": 2.8,
      "0": 3.6
    },
    "47": {
      "0": 2.0,
      "3": 1.8,
      "2": 2.2,
      "1": 4.0
    },
    "48": {
      "2": 3.0,
      "1": 2.6,
      "0": 2.0,
      "4": 3.4,
      "3": 4.2,
      "5": 5.8
    },
    "49": {
      "5": 3.4,
      "7": 1.6,
      "6": 2.6,
      "4": 3.2,
      "1": 4.4,
      "3": 7.2,
      "2": 6.4,
      "0": 7.2
    },
    "50": {
      "1": 3.4,
      "3": 2.4,
      "2": 2.2,
      "4": 3.0,
      "0": 4.0
    },
    "51": {
      "0": 2.4,
      "1": 1.8,
      "2": 1.8
    },
    "52": {
      "7": 1.4,
      "8": 2.0,
      "5": 3.8,
      "0": 4.0,
      "2": 5.2,
      "3": 5.4,
      "4": 7.6,
      "1": 7.0,
      "6": 8.6
    },
    "53": {
      "0": 1.4,
      "1": 3.0,
      "3": 2.6,
      "2": 3.8,
      "4": 4.2
    },
    "54": {
      "2": 4.0,
      "3": 3.4,
      "1": 4.8,
      "0": 3.0,
      "5": 3.0,
      "4": 2.8
    },
    "55": {
      "3": 2.4,
      "2": 1.8,
      "1": 3.0,
      "0": 2.8,
      "4": 5.0
    },
    "56": {
      "0": 1.2,
      "4": 1.8,
      "3": 3.0,
      "1": 4.0,
      "2": 5.0
    },