{
  "content_diversity": 0.6347487568855286,
  "classifier_auc": 0.6788265306122448,
  "ranking_stability": 0.4569238095238095,
  "feature_coefficients": {
    "word_count": 0.36166579665571785,
    "sentence_count": -0.28283134495929163,
    "avg_sentence_length": 0.09511797482506858,
    "paragraph_count": 0.09621076507000499,
    "heading_density": -0.8922343842690665,
    "list_frequency": -0.028233377446104643,
    "readability": -0.33104046974758683,
    "bold_emphasis_density": -0.13126932578348707,
    "citation_density": -0.0245699072587299,
    "statistic_density": -0.002418243363456157,
    "quote_density": -0.08100075838515228,
    "named_source_mentions": 0.07739186286439083,
    "year_mentions": -0.15662290860801314,
    "claim_density": -0.3576374404395809,
    "external_reference_density": 0.09830275239923261,
    "question_density": 0.07948869021845849,
    "query_similarity": 0.14022971880782736,
    "corpus_centroid_similarity": -0.019024272115840818,
    "type_token_ratio": -0.3191494519757462,
    "vocabulary_sophistication": 0.10892205134044937,
    "sentiment_polarity": -0.12351596461399368,
    "avg_word_length": 0.29845615930489633,
    "semantic_uniqueness": -0.11799879620858135,
    "information_density": 0.014487675056392936,
    "specificity_score": 0.14754098935593823
  },
  "avg_ranks": {
    "0": {
      "6": 1.0,
      "1": 2.0,
      "2": 4.0,
      "0": 4.8,
      "5": 4.6,
      "3": 5.8,
      "4": 5.8
    },
    "1": {
      "1": 1.6,
      "4": 2.4,
      "3": 3.2,
      "2": 4.4,
      "5": 3.4,
      "0": 6.0
    },
    "2": {
      "4": 1.0,
      "5": 3.4,
      "6": 3.2,
      "2": 2.4,
      "1": 6.0,
      "0": 6.4,
      "7": 5.6,
      "3": 8.0
    },
    "3": {
      "1": 1.2,
      "3": 3.6,
      "2": 2.0,
      "4": 4.0,
      "0": 4.2
    },
    "4": {
      "0": 1.4,
      "1": 1.6,
      "3": 3.6,
      "2": 3.4
    },
    "5": {
      "1": 2.8,
      "2": 2.2,
      "5": 2.8,
      "4": 4.8,
      "0": 5.6,
      "3": 5.6,
      "6": 4.2
    },
    "6": {
      "2": 1.6,
      "1": 3.6,
      "3": 4.2,
      "0": 3.0,
      "5": 5.6,
      "4": 3.0
    },
    "7": {
      "2": 1.8,
      "4": 1.8,
      "3": 2.8,
      "6": 5.4,
      "1": 5.0,
      "5": 6.6,
      "0": 4.6
    },
    "8": {
      "4": 4.2,
      "1": 3.4,
      "5": 2.8,
      "6": 4.2,
      "2": 3.8,
      "3": 2.8,
      "0": 6.8
    },
    "9": {
      "2": 1.2,
      "1": 2.4,
      "4": 2.6,
      "0": 3.8,
      "3": 5.0
    },
    "10": {
      "4": 2.2,
      "1": 1.8,
      "3": 3.2,
      "0": 4.6,
      "2": 3.2
    },
    "11": {
      "5": 1.8,
      "4": 4.8,
      "0": 2.6,
      "7": 5.0,
      "3": 4.8,
      "2": 5.2,
      "6": 6.6,
      "1": 5.2
    },
    "12": {
      "4": 2.6,
      "0": 4.0,
      "3": 3.8,
      "5": 4.0,
      "1": 4.4,
      "2": 4.0,
      "7": 5.2,
      "6": 8.0
    },
    "13": {
      "0": 1.6,
      "3": 2.4,
      "2": 4.4,
      "4": 3.6,
      "1": 4.6,
      "5": 4.4
    },
    "14": {
      "0": 1.6,
      "1": 2.6,
      "3": 2.4,
      "2": 3.4
    },
    "15": {
      "2": 4.4,
      "3": 2.2,
      "4": 2.6,
      "1": 4.2,
      "0": 2.4,
      "5": 5.2
    },
    "16": {
      "4": 2.0,
      "0": 3.0,
      "1": 3.0,
      "3": 3.6,
      "6": 5.2,
      "5": 6.8,
      "2": 4.4
    },
    "17": {
      "2": 1.2,
      "5": 1.8,
      "3": 4.6,
      "4": 3.6,
      "6": 5.2,
      "0": 4.6,
      "1": 7.0
    },
    "18": {
      "0": 1.6,
      "1": 1.6,
      "2": 2.8
    },
    "19": {
      "2": 2.8,
      "1": 1.4,
      "3": 2.2,
      "0": 3.6,
      "5": 5.0,
      "4": 6.0
    },
    "20": {
      "2": 2.6,
      "1": 2.2,
      "0": 4.8,
      "3": 2.6,
      "4": 4.0,
      "5": 4.8
    },
    "21": {
      "4": 3.2,
      "3": 2.4,
      "1": 2.0,
      "0": 4.0,
      "2": 3.4
    },
    "22": {
      "1": 2.8,
      "5": 1.4,
      "3": 4.0,
      "4": 2.8,
      "2": 4.4,
      "0": 5.6
    },
    "23": {
      "0": 2.2,
      "2": 1.6,
      "4": 3.6,
      "6": 4.2,
      "1": 3.4,
      "5": 6.8,
      "3": 6.2
    },
    "24": {
      "3": 2.4,
      "6": 3.8,
      "7": 1.8,
      "4": 4.6,
      "1": 5.6,
      "2": 5.6,
      "5": 5.2,
      "0": 7.0
    },
    "25": {
      "8": 2.2,
      "0": 5.2,
      "5": 3.4,
      "4": 4.2,
      "2": 2.6,
      "1": 5.4,
      "6": 5.0,
      "3": 8.0,
      "7": 9.0
    },
    "26": {
      "4": 1.6,
      "2": 2.0,
      "5": 3.8,
      "3": 3.4,
      "0": 5.0,
      "1": 6.2,
      "6": 6.0
    },
    "27": {
      "5": 2.0,
      "1": 2.0,
      "4": 4.6,
      "3": 5.2,
      "0": 3.6,
      "2": 3.6
    },
    "28": {
      "4": 1.0,
      "3": 2.4,
      "1": 2.6,
      "2": 4.0,
      "0": 5.0
    },
    "29": {
      "1": 1.2,
      "0": 2.2,
      "2": 2.6,
      "3": 4.0
    },
    "30": {
      "3": 1.4,
      "6": 2.6,
      "5": 3.2,
      "4": 2.8,
      "2": 5.4,
      "0": 6.6,
      "1": 6.0
    },
    "31": {
      "4": 2.2,
      "2": 2.6,
      "3": 2.4,
      "0": 2.8,
      "5": 5.6,
      "1": 5.4
    },
    "32": {
      "3": 1.2,
      "2": 2.0,
      "0": 3.8,
      "1": 3.2,
      "4": 4.8
    },
    "33": {
      "4": 2.8,
      "1": 2.0,
      "0": 3.4,
      "7": 5.8,
      "2": 5.4,
      "3": 6.2,
      "6": 4.0,
      "5": 6.6,
      "8": 8.8
    },
    "34": {
      "1": 2.4,
      "2": 2.2,
      "3": 2.8,
      "0": 5.0,
      "4": 2.8,
      "5": 5.8
    },
    "35": {
      "7": 1.4,
      "3": 2.0,
      "0": 3.0,
      "4": 4.6,
      "8": 5.6,
      "6": 4.4,
      "1": 7.8,
      "2": 7.8,
      "5": 8.4
    },
    "36": {
      "2": 3.4,
      "6": 6.6,
      "5": 7.2,
      "1": 4.6,
      "3": 4.0,
      "0": 3.6,
      "8": 4.4,
      "7": 5.4,
      "4": 5.8
    },
    "37": {
      "4": 2.0,
      "3": 2.2,
      "1": 2.6,
      "2": 4.6,
      "0": 4.0,
      "5": 5.6
    },
    "38": {
      "2": 1.4,
      "1": 2.2,
      "5": 2.8,
      "4": 4.6,
      "0": 4.4,
      "3": 5.6
    },
    "39": {
      "2": 2.0,
      "3": 2.4,
      "4": 1.6,
      "5": 4.2,
      "1": 5.0,
      "0": 5.8
    },
    "40": {
      "0": 2.6,
      "2": 3.4,
      "3": 2.4,
      "1": 2.0,
      "5": 5.0,
      "4": 5.6
    },
    "41": {
      "3": 1.6,
      "0": 2.2,
      "1": 2.2,
      "2": 4.6,
      "4": 4.4
    },
    "42": {
      "6": 2.4,
      "0": 2.0,
      "5": 4.4,
      "1": 6.4,
      "4": 3.4,
      "2": 4.0,
      "3": 5.4
    },
    "43": {
      "3": 1.8,
      "2": 1.8,
      "5": 2.8,
      "6": 4.4,
      "4": 4.4,
      "0": 5.8,
      "1": 7.0
    },
    "44": {
      "5": 3.0,
      "4": 1.4,
      "1": 2.8,
      "2": 3.8,
      "3": 4.0,
      "0": 6.0
    },
    "45": {
      "2": 2.6,
      "1": 2.0,
      "5": 2.4,
      "3": 4.2,
      "0": 3.8,
      "4": 6.0
    },
    "46": {
      "2": 2.0,
      "1": 1.6,
      "0": 3.0,
      "3": 3.4
    },
    "47": {
      "0": 1.4,
      "2": 2.0,
      "3": 2.6,
      "1": 4.0
    },
    "48": {
      "0": 1.4,
      "1": 2.2,
      "2": 2.4,
      "3": 5.4,
      "5": 4.6,
      "4": 5.0
    },
    "49": {
      "5": 3.0,
      "4": 3.0,
      "7": 2.0,
      "6": 2.2,
      "1": 5.0,
      "0": 7.4,
      "2": 6.6,
      "3": 6.8
    },
    "50": {
      "3": 1.2,
      "2": 2.0,
      "1": 2.8,
      "4": 4.2,
      "0": 4.8
    },
    "51": {
      "2": 1.4,
      "0": 2.4,
      "1": 2.2
    },
    "52": {
      "7": 1.2,
      "8": 1.8,
      "5": 3.0,
      "2": 4.6,
      "0": 4.8,
      "3": 6.0,
      "6": 8.2,
      "4": 7.8,
      "1": 7.6
    },
    "53": {
      "0": 1.2,
      "3": 2.0,
      "4": 4.2,
      "2": 4.4,
      "1": 3.2
    },
    "54": {
      "3": 2.2,
      "5": 2.0,
      "0": 5.2,
      "1": 3.2,
      "2": 4.6,
      "4": 3.8
    },
    "55": {
      "0": 2.6,
      "2": 2.2,
      "3": 2.6,
      "1": 2.6,
      "4": 5.0
    },
    "56": {
      "4": 1.6,
      "0": 1.4,
      "1": 3.2,
      "3": 3.8,
      "2": 5.0
    },
    "57": {
      "4": 1.0,