{
  "content_diversity": 0.6304426789283752,
  "classifier_auc": 0.7394278606965173,
  "ranking_stability": 0.44116465863453813,
  "feature_coefficients": {
    "word_count": 1.0883365917140655,
    "sentence_count": -0.07816526587116143,
    "avg_sentence_length": 0.04799523281769872,
    "paragraph_count": -0.01943303336036446,
    "heading_density": -0.49512300760238015,
    "list_frequency": -0.37461988374175675,
    "readability": -0.1190540491918972,
    "bold_emphasis_density": 0.13829166093778444,
    "citation_density": -0.7160579953985322,
    "statistic_density": 0.2067213088822784,
    "quote_density": -0.20322317249104246,
    "named_source_mentions": -0.39313523397043565,
    "year_mentions": -0.2024504904774723,
    "claim_density": 0.06622443586226276,
    "external_reference_density": 0.2757169720024406,
    "question_density": -0.20892689316964164,
    "query_similarity": -0.04974739758759827,
    "corpus_centroid_similarity": 0.19597250263025867,
    "type_token_ratio": -0.029060745915514042,
    "vocabulary_sophistication": 0.2663028169988003,
    "sentiment_polarity": 0.23587937176076498,
    "avg_word_length": 0.18515835561281904,
    "semantic_uniqueness": -0.15820640969143268,
    "information_density": -0.3001341409153659,
    "specificity_score": -0.3857927278391911
  },
  "avg_ranks": {
    "0": {
      "6": 1.2,
      "4": 3.0,
      "1": 2.6,
      "2": 4.2,
      "0": 4.4,
      "3": 5.8,
      "5": 6.8
    },
    "1": {
      "5": 2.6,
      "3": 2.6,
      "1": 3.2,
      "4": 3.2,
      "2": 3.4,
      "0": 6.0
    },
    "2": {
      "4": 1.2,
      "2": 2.6,
      "6": 3.4,
      "5": 3.8,
      "7": 5.6,
      "3": 6.0,
      "1": 6.0,
      "0": 7.4
    },
    "3": {
      "3": 2.2,
      "1": 1.4,
      "2": 3.6,
      "0": 3.4,
      "4": 4.4
    },
    "4": {
      "1": 1.8,
      "3": 1.6,
      "0": 2.6,
      "2": 4.0
    },
    "5": {
      "3": 4.4,
      "5": 2.2,
      "4": 3.4,
      "2": 2.2,
      "1": 5.6,
      "0": 5.2,
      "6": 5.0
    },
    "6": {
      "3": 2.2,
      "1": 2.8,
      "0": 2.8,
      "2": 3.0,
      "5": 5.2,
      "4": 5.0
    },
    "7": {
      "4": 1.4,
      "3": 2.4,
      "1": 4.2,
      "0": 4.2,
      "6": 6.0,
      "5": 5.2,
      "2": 4.6
    },
    "8": {
      "3": 3.4,
      "1": 2.8,
      "0": 2.8,
      "2": 4.6,
      "5": 2.8,
      "6": 5.0,
      "4": 6.6
    },
    "9": {
      "2": 1.0,
      "3": 4.4,
      "1": 2.6,
      "4": 3.0,
      "0": 4.0
    },
    "10": {
      "2": 2.2,
      "1": 2.4,
      "4": 2.6,
      "3": 3.4,
      "0": 4.4
    },
    "11": {
      "5": 4.6,
      "0": 2.8,
      "4": 4.4,
      "7": 4.8,
      "1": 3.6,
      "2": 5.0,
      "6": 6.4,
      "3": 4.4
    },
    "12": {
      "1": 3.2,
      "2": 3.4,
      "7": 4.2,
      "4": 3.4,
      "0": 4.8,
      "5": 5.0,
      "3": 4.0,
      "6": 8.0
    },
    "13": {
      "0": 1.2,
      "1": 4.6,
      "5": 2.8,
      "3": 3.2,
      "2": 3.4,
      "4": 5.8
    },
    "14": {
      "0": 1.8,
      "3": 2.2,
      "1": 2.8,
      "2": 3.2
    },
    "15": {
      "2": 2.4,
      "5": 3.8,
      "0": 2.6,
      "3": 2.8,
      "4": 4.4,
      "1": 5.0
    },
    "16": {
      "6": 1.0,
      "1": 2.6,
      "0": 3.2,
      "3": 3.6,
      "4": 4.6,
      "2": 6.2,
      "5": 6.8
    },
    "17": {
      "2": 1.2,
      "5": 1.8,
      "0": 3.4,
      "4": 4.0,
      "3": 5.2,
      "6": 6.0,
      "1": 6.4
    },
    "18": {
      "1": 1.0,
      "0": 2.6,
      "2": 2.4
    },
    "19": {
      "2": 1.8,
      "3": 2.4,
      "1": 2.4,
      "0": 3.6,
      "5": 4.8,
      "4": 6.0
    },
    "20": {
      "0": 3.0,
      "4": 3.2,
      "2": 1.4,
      "5": 4.4,
      "3": 5.4,
      "1": 3.6
    },
    "21": {
      "0": 2.0,
      "3": 2.8,
      "1": 3.0,
      "4": 3.8,
      "2": 3.4
    },
    "22": {
      "5": 2.4,
      "1": 2.8,
      "4": 3.2,
      "2": 4.0,
      "3": 3.0,
      "0": 5.6
    },
    "23": {
      "4": 3.0,
      "2": 1.6,
      "1": 2.6,
      "0": 4.0,
      "6": 4.0,
      "5": 6.2,
      "3": 6.6
    },
    "24": {
      "7": 3.0,
      "6": 3.8,
      "3": 3.0,
      "4": 2.8,
      "5": 5.8,
      "1": 5.2,
      "0": 6.2,
      "2": 6.2
    },
    "25": {
      "3": 6.8,
      "0": 3.4,
      "5": 3.8,
      "8": 2.4,
      "6": 3.4,
      "4": 4.6,
      "2": 7.0,
      "1": 5.0,
      "7": 8.6
    },
    "26": {
      "6": 4.8,
      "1": 4.2,
      "5": 2.4,
      "4": 3.4,
      "2": 4.0,
      "0": 4.6,
      "3": 4.6
    },
    "27": {
      "1": 1.8,
      "5": 2.4,
      "0": 2.4,
      "3": 4.4,
      "4": 5.2,
      "2": 4.8
    },
    "28": {
      "1": 1.6,
      "3": 2.6,
      "4": 1.8,
      "2": 4.0,
      "0": 5.0
    },
    "29": {
      "1": 1.4,
      "0": 2.0,
      "2": 2.6,
      "3": 4.0
    },
    "30": {
      "2": 1.8,
      "4": 2.6,
      "6": 3.4,
      "5": 3.2,
      "3": 4.0,
      "1": 6.4,
      "0": 6.6
    },
    "31": {
      "4": 1.6,
      "3": 2.2,
      "2": 2.8,
      "0": 3.4,
      "5": 5.4,
      "1": 5.6
    },
    "32": {
      "3": 1.2,
      "2": 2.6,
      "1": 2.2,
      "0": 4.0,
      "4": 5.0
    },
    "33": {
      "4": 1.4,
      "6": 2.6,
      "5": 4.6,
      "2": 3.8,
      "1": 6.2,
      "0": 5.6,
      "7": 6.6,
      "3": 5.2,
      "8": 9.0
    },
    "34": {
      "2": 1.4,
      "1": 2.2,
      "3": 3.4,
      "4": 3.2,
      "0": 5.4,
      "5": 5.4
    },
    "35": {
      "7": 1.2,
      "3": 1.8,
      "0": 3.0,
      "8": 5.6,
      "4": 4.6,
      "6": 5.0,
      "5": 7.8,
      "2": 7.2,
      "1": 8.8
    },
    "36": {
      "0": 2.6,
      "1": 2.8,
      "3": 2.6,
      "8": 4.4,
      "7": 4.6,
      "2": 5.4,
      "5": 7.4,
      "6": 6.8,
      "4": 8.4
    },
    "37": {
      "3": 1.6,
      "1": 1.6,
      "4": 3.6,
      "5": 5.2,
      "2": 5.4,
      "0": 3.6
    },
    "38": {
      "1": 1.6,
      "2": 2.6,
      "0": 4.2,
      "5": 2.6,
      "3": 5.8,
      "4": 4.2
    },
    "39": {
      "2": 2.4,
      "4": 1.4,
      "3": 2.8,
      "5": 4.2,
      "1": 4.4,
      "0": 5.8
    },
    "40": {
      "2": 1.4,
      "1": 2.8,
      "0": 2.8,
      "4": 5.2,
      "3": 3.4,
      "5": 5.4
    },
    "41": {
      "1": 1.4,
      "3": 1.6,
      "0": 3.0,
      "2": 4.8,
      "4": 4.2
    },
    "42": {
      "5": 4.0,
      "3": 3.8,
      "2": 1.6,
      "6": 4.2,
      "0": 3.6,
      "4": 3.8,
      "1": 7.0
    },
    "43": {
      "2": 1.8,
      "5": 1.6,
      "3": 3.4,
      "0": 4.4,
      "6": 5.4,
      "4": 4.4,
      "1": 7.0
    },
    "44": {
      "4": 1.4,
      "1": 2.0,
      "5": 2.8,
      "2": 4.6,
      "3": 4.2,
      "0": 6.0
    },
    "45": {
      "5": 2.2,
      "0": 2.6,
      "4": 4.6,
      "3": 3.4,
      "1": 3.8,
      "2": 4.4
    },
    "46": {
      "1": 1.0,
      "2": 2.0,
      "0": 3.4,
      "3": 3.6
    },
    "47": {
      "2": 2.2,
      "3": 2.2,
      "0": 1.6,
      "1": 4.0
    },
    "48": {
      "0": 1.2,
      "1": 2.4,
      "2": 4.0,
      "4": 4.2,
      "3": 3.8,
      "5": 5.4
    },
    "49": {
      "1": 3.0,
      "7": 2.8,
      "6": 2.6,
      "5": 3.8,
      "4": 5.4,
      "0": 6.6,
      "3": 5.4,
      "2": 6.4
    },
    "50": {
      "3": 1.0,
      "2": 2.4,
      "4": 3.8,
      "1": 2.8,
      "0": 5.0
    },
    "51": {
      "2": 2.4,
      "0": 1.6,
      "1": 2.0
    },
    "52": {
      "7": 1.4,
      "8": 2.4,
      "5": 4.2,
      "0": 4.0,
      "2": 3.8,
      "1": 6.4,
      "4": 7.6,
      "3": 7.2,
      "6": 8.0
    },
    "53": {
      "0": 1.4,
      "3": 1.6,
      "2": 3.2,
      "4": 4.6,
      "1": 4.2
    },
    "54": {
      "4": 3.8,
      "0": 2.4,
      "1": 3.0,
      "3": 3.2,
      "2": 3.6,
      "5": 5.0
    },
    "55": {
      "0": 2.6,
      "2": 2.0,
      "3": 2.2,
      "1": 3.2,
      "4": 5.0
    },
    "56": {
      "3": 2.8,
      "4": 2.0,
      "0": 1.4,
      "1": 3.8,
      "2": 5.0
    },
    "57": {
      "4": 1.0,