{
  "content_diversity": 0.6312258243560791,
  "classifier_auc": 0.7280637254901962,
  "ranking_stability": 0.4413877733154841,
  "feature_coefficients": {
    "word_count": 0.49889519082782385,
    "sentence_count": -0.3211734710944481,
    "avg_sentence_length": 0.10707927289739003,
    "paragraph_count": 0.003566241775309006,
    "heading_density": -0.7691290414474121,
    "list_frequency": -0.24195288869633616,
    "readability": -0.38436117226129934,
    "bold_emphasis_density": 0.13508622140826618,
    "citation_density": -0.04453226560528529,
    "statistic_density": 0.46593151415573075,
    "quote_density": -0.2699269261255209,
    "named_source_mentions": 0.2285716137246586,
    "year_mentions": -0.38840738658756474,
    "claim_density": -0.16968338950547357,
    "external_reference_density": 0.22860209368104875,
    "question_density": -0.07110516759048521,
    "query_similarity": -0.06422408474420688,
    "corpus_centroid_similarity": 0.10233961251212706,
    "type_token_ratio": -0.4254618609889465,
    "vocabulary_sophistication": 0.2952133760744767,
    "sentiment_polarity": -0.009254993870235822,
    "avg_word_length": 0.2777915064779589,
    "semantic_uniqueness": -0.11868028748718798,
    "information_density": -0.12573022140475132,
    "specificity_score": -0.33200422421566195
  },
  "avg_ranks": {
    "0": {
      "6": 1.4,
      "1": 2.6,
      "4": 4.2,
      "0": 3.2,
      "3": 5.2,
      "2": 4.4,
      "5": 7.0
    },
    "1": {
      "4": 3.0,
      "2": 3.4,
      "3": 3.2,
      "5": 2.6,
      "1": 2.8,
      "0": 6.0
    },
    "2": {
      "4": 1.0,
      "2": 2.4,
      "6": 2.8,
      "5": 3.8,
      "7": 5.8,
      "1": 6.6,
      "0": 6.8,
      "3": 6.8
    },
    "3": {
      "1": 2.0,
      "2": 4.0,
      "3": 2.4,
      "4": 2.8,
      "0": 3.8
    },
    "4": {
      "3": 1.8,
      "0": 1.6,
      "1": 2.6,
      "2": 4.0
    },
    "5": {
      "2": 1.6,
      "1": 3.8,
      "0": 3.6,
      "5": 3.2,
      "4": 4.8,
      "6": 6.6,
      "3": 4.4
    },
    "6": {
      "0": 2.6,
      "1": 2.8,
      "2": 2.8,
      "3": 3.2,
      "5": 5.4,
      "4": 4.2
    },
    "7": {
      "0": 3.2,
      "2": 3.4,
      "4": 1.8,
      "3": 2.8,
      "1": 4.2,
      "6": 5.8,
      "5": 6.8
    },
    "8": {
      "1": 2.0,
      "3": 3.6,
      "2": 2.6,
      "5": 3.4,
      "0": 5.6,
      "4": 5.0,
      "6": 5.8
    },
    "9": {
      "2": 1.4,
      "1": 2.2,
      "4": 2.6,
      "0": 3.8,
      "3": 5.0
    },
    "10": {
      "2": 1.6,
      "4": 2.6,
      "3": 3.6,
      "1": 3.0,
      "0": 4.2
    },
    "11": {
      "2": 4.0,
      "1": 4.4,
      "3": 5.0,
      "5": 1.6,
      "0": 2.8,
      "7": 5.4,
      "6": 7.4,
      "4": 5.4
    },
    "12": {
      "2": 4.4,
      "1": 4.0,
      "7": 3.4,
      "3": 5.0,
      "4": 2.6,
      "0": 3.8,
      "5": 4.8,
      "6": 8.0
    },
    "13": {
      "3": 2.4,
      "5": 3.2,
      "0": 2.0,
      "2": 2.6,
      "1": 5.4,
      "4": 5.4
    },
    "14": {
      "0": 1.2,
      "3": 2.2,
      "1": 3.6,
      "2": 3.0
    },
    "15": {
      "3": 2.6,
      "0": 3.2,
      "4": 4.4,
      "2": 2.4,
      "5": 3.2,
      "1": 5.2
    },
    "16": {
      "6": 3.8,
      "4": 1.8,
      "0": 2.6,
      "1": 2.8,
      "3": 5.4,
      "2": 4.8,
      "5": 6.8
    },
    "17": {
      "5": 1.4,
      "2": 1.6,
      "0": 3.6,
      "6": 4.4,
      "4": 5.6,
      "3": 4.4,
      "1": 7.0
    },
    "18": {
      "0": 1.0,
      "1": 2.0,
      "2": 3.0
    },
    "19": {
      "3": 2.4,
      "1": 1.4,
      "2": 2.6,
      "0": 3.6,
      "5": 5.0,
      "4": 6.0
    },
    "20": {
      "2": 2.0,
      "0": 3.0,
      "1": 3.4,
      "4": 2.0,
      "3": 5.2,
      "5": 5.4
    },
    "21": {
      "4": 3.0,
      "3": 2.0,
      "2": 3.6,
      "1": 3.8,
      "0": 2.6
    },
    "22": {
      "5": 1.2,
      "4": 2.2,
      "2": 3.6,
      "1": 4.4,
      "0": 5.4,
      "3": 4.2
    },
    "23": {
      "2": 1.4,
      "1": 2.4,
      "6": 4.0,
      "4": 3.6,
      "0": 4.2,
      "3": 6.0,
      "5": 6.4
    },
    "24": {
      "1": 3.8,
      "7": 2.4,
      "3": 2.4,
      "2": 4.0,
      "4": 5.2,
      "6": 4.6,
      "0": 7.6,
      "5": 6.0
    },
    "25": {
      "5": 3.2,
      "1": 5.2,
      "4": 3.6,
      "6": 4.0,
      "0": 4.0,
      "8": 3.2,
      "2": 6.2,
      "3": 6.6,
      "7": 9.0
    },
    "26": {
      "0": 5.0,
      "5": 2.2,
      "4": 3.4,
      "2": 3.0,
      "3": 3.8,
      "6": 5.4,
      "1": 5.2
    },
    "27": {
      "5": 2.2,
      "1": 2.0,
      "3": 4.2,
      "0": 4.0,
      "4": 5.8,
      "2": 2.8
    },
    "28": {
      "1": 2.2,
      "3": 2.0,
      "4": 1.8,
      "2": 4.0,
      "0": 5.0
    },
    "29": {
      "1": 1.4,
      "0": 1.6,
      "2": 3.0,
      "3": 4.0
    },
    "30": {
      "6": 3.0,
      "5": 2.4,
      "4": 3.0,
      "3": 2.4,
      "2": 4.4,
      "0": 6.4,
      "1": 6.4
    },
    "31": {
      "0": 3.2,
      "4": 1.4,
      "3": 2.8,
      "2": 2.8,
      "1": 5.0,
      "5": 5.8
    },
    "32": {
      "3": 1.0,
      "2": 2.6,
      "1": 2.8,
      "0": 3.8,
      "4": 4.8
    },
    "33": {
      "3": 5.6,
      "4": 3.2,
      "6": 6.0,
      "0": 3.2,
      "1": 5.0,
      "2": 5.0,
      "7": 5.4,
      "5": 4.2,
      "8": 7.4
    },
    "34": {
      "3": 3.4,
      "2": 1.2,
      "4": 4.2,
      "1": 2.6,
      "0": 4.6,
      "5": 5.0
    },
    "35": {
      "3": 1.4,
      "7": 1.6,
      "6": 4.4,
      "8": 5.0,
      "2": 6.8,
      "0": 3.8,
      "4": 5.2,
      "5": 8.2,
      "1": 8.6
    },
    "36": {
      "1": 3.6,
      "0": 3.4,
      "3": 3.2,
      "7": 6.6,
      "8": 4.8,
      "6": 5.0,
      "2": 4.6,
      "5": 5.6,
      "4": 8.2
    },
    "37": {
      "3": 1.6,
      "0": 4.0,
      "1": 3.0,
      "4": 2.6,
      "5": 4.6,
      "2": 5.2
    },
    "38": {
      "1": 1.6,
      "5": 2.6,
      "2": 2.0,
      "4": 5.0,
      "0": 4.2,
      "3": 5.6
    },
    "39": {
      "3": 2.0,
      "4": 2.2,
      "2": 2.4,
      "1": 4.8,
      "5": 3.6,
      "0": 6.0
    },
    "40": {
      "2": 3.4,
      "1": 1.2,
      "3": 3.0,
      "0": 4.4,
      "5": 3.0,
      "4": 6.0
    },
    "41": {
      "3": 2.2,
      "0": 2.2,
      "1": 1.6,
      "4": 4.0,
      "2": 5.0
    },
    "42": {
      "5": 3.2,
      "3": 5.0,
      "0": 2.8,
      "6": 3.0,
      "4": 4.4,
      "2": 2.8,
      "1": 6.8
    },
    "43": {
      "2": 2.0,
      "5": 2.2,
      "4": 3.8,
      "3": 3.2,
      "6": 4.6,
      "0": 5.2,
      "1": 7.0
    },
    "44": {
      "4": 1.4,
      "1": 2.2,
      "3": 3.4,
      "5": 3.2,
      "2": 4.8,
      "0": 6.0
    },
    "45": {
      "1": 3.4,
      "2": 3.0,
      "0": 3.6,
      "5": 1.6,
      "4": 5.2,
      "3": 4.2
    },
    "46": {
      "1": 1.4,
      "2": 1.8,
      "3": 3.0,
      "0": 3.8
    },
    "47": {
      "0": 2.2,
      "3": 1.2,
      "2": 2.6,
      "1": 4.0
    },
    "48": {
      "2": 4.4,
      "1": 3.2,
      "0": 2.4,
      "4": 2.8,
      "3": 2.6,
      "5": 5.6
    },
    "49": {
      "4": 4.6,
      "7": 2.6,
      "6": 3.6,
      "5": 3.4,
      "1": 4.0,
      "2": 4.2,
      "0": 6.2,
      "3": 7.4
    },
    "50": {
      "3": 1.4,
      "2": 1.6,
      "1": 3.0,
      "4": 4.4,
      "0": 4.6
    },
    "51": {
      "1": 1.8,
      "0": 1.8,
      "2": 2.4
    },
    "52": {
      "7": 1.2,
      "8": 2.0,
      "0": 4.8,
      "2": 5.2,
      "3": 5.6,
      "4": 8.4,
      "1": 7.2,
      "5": 4.6,
      "6": 6.0
    },
    "53": {
      "3": 1.8,
      "0": 1.2,
      "2": 3.2,
      "1": 4.0,
      "4": 4.8
    },
    "54": {
      "3": 2.0,
      "1": 3.2,
      "0": 3.0,
      "2": 4.6,
      "4": 3.2,
      "5": 5.0
    },
    "55": {
      "1": 2.8,
      "2": 2.0,
      "3": 1.8,
      "0": 3.4,
      "4": 5.0
    },
    "56": {
      "4": 1.6,
      "0": 1.4,
      "3": 3.4,
      "1": 3.6,
      "2": 5.0
    },
    "57": {
      "4": 1.0,