{
  "content_diversity": 0.6210923194885254,
  "classifier_auc": 0.66367599351176,
  "ranking_stability": 0.4191324675324676,
  "feature_coefficients": {
    "word_count": -0.1492445135506427,
    "sentence_count": 0.37005403875720017,
    "avg_sentence_length": 0.14815892075368944,
    "paragraph_count": -0.2718614035661677,
    "heading_density": -0.013547714791594358,
    "list_frequency": -0.008778509184516088,
    "readability": -0.03973899629434608,
    "bold_emphasis_density": -0.13882490057619012,
    "citation_density": -0.23583180309683632,
    "statistic_density": -0.002930144424037778,
    "quote_density": -0.11912366544503375,
    "named_source_mentions": -0.3340542452623495,
    "year_mentions": 0.13699531322341993,
    "claim_density": -0.20257381217135467,
    "external_reference_density": 0.2872795708177043,
    "question_density": -0.03077180007504483,
    "query_similarity": -0.10746567213441639,
    "corpus_centroid_similarity": 0.1323557586856824,
    "type_token_ratio": -0.25467804696240076,
    "vocabulary_sophistication": 0.11790784999063257,
    "sentiment_polarity": -0.004024577693019537,
    "avg_word_length": -0.14147161867169775,
    "semantic_uniqueness": -0.1632905346460717,
    "information_density": -0.08297151354869474,
    "specificity_score": -0.13806682302351786
  },
  "avg_ranks": {
    "0": {
      "6": 1.0,
      "1": 2.0,
      "2": 3.0,
      "4": 4.0,
      "3": 5.2,
      "0": 6.0,
      "5": 6.8
    },
    "1": {
      "1": 1.2,
      "3": 2.6,
      "4": 2.8,
      "5": 3.4,
      "2": 5.0,
      "0": 6.0
    },
    "2": {
      "2": 1.8,
      "3": 1.6,
      "4": 3.2,
      "0": 3.4,
      "1": 5.0
    },
    "3": {
      "5": 3.2,
      "3": 4.6,
      "6": 2.6,
      "0": 4.0,
      "1": 4.0,
      "2": 5.2,
      "4": 4.4
    },
    "4": {
      "0": 1.0,
      "2": 2.4,
      "4": 2.6,
      "1": 4.2,
      "3": 4.8,
      "5": 6.0
    },
    "5": {
      "2": 2.4,
      "5": 1.6,
      "1": 4.0,
      "0": 5.4,
      "4": 2.8,
      "3": 4.8
    },
    "6": {
      "1": 1.4,
      "3": 2.6,
      "2": 3.8,
      "0": 2.2,
      "4": 5.0
    },
    "7": {
      "4": 1.8,
      "3": 2.6,
      "2": 1.8,
      "1": 5.0,
      "6": 5.6,
      "0": 5.6,
      "5": 5.6
    },
    "8": {
      "5": 1.0,
      "3": 2.8,
      "4": 2.8,
      "0": 4.0,
      "1": 4.8,
      "2": 5.6
    },
    "9": {
      "1": 4.6,
      "6": 2.6,
      "4": 2.2,
      "5": 2.6,
      "2": 3.8,
      "0": 5.6,
      "3": 6.6
    },
    "10": {
      "1": 1.6,
      "4": 2.6,
      "2": 3.4,
      "3": 4.0,
      "0": 3.4
    },
    "11": {
      "0": 2.2,
      "2": 2.4,
      "1": 1.8,
      "4": 3.6,
      "3": 5.0
    },
    "12": {
      "1": 3.4,
      "0": 2.0,
      "2": 1.4,
      "3": 3.2
    },
    "13": {
      "2": 3.4,
      "1": 2.8,
      "4": 2.6,
      "0": 3.2,
      "3": 4.6,
      "5": 4.6,
      "7": 6.8,
      "6": 8.0
    },
    "14": {
      "3": 1.6,
      "1": 1.6,
      "2": 2.8,
      "0": 4.0
    },
    "15": {
      "5": 3.2,
      "4": 1.6,
      "3": 2.6,
      "1": 2.8,
      "0": 5.2,
      "2": 5.6
    },
    "16": {
      "2": 2.2,
      "3": 2.6,
      "5": 3.4,
      "0": 3.8,
      "4": 3.2,
      "1": 5.8
    },
    "17": {
      "3": 1.6,
      "1": 2.0,
      "4": 3.0,
      "0": 3.8,
      "2": 4.6
    },
    "18": {
      "0": 1.4,
      "1": 1.6,
      "2": 3.0
    },
    "19": {
      "0": 3.0,
      "1": 2.6,
      "4": 3.4,
      "2": 2.4,
      "5": 4.2,
      "3": 5.4
    },
    "20": {
      "0": 1.4,
      "3": 3.6,
      "4": 2.8,
      "5": 2.4,
      "1": 5.0,
      "2": 5.8
    },
    "21": {
      "0": 1.2,
      "2": 2.2,
      "1": 2.6
    },
    "22": {
      "6": 3.2,
      "3": 2.6,
      "7": 2.6,
      "5": 2.8,
      "2": 4.4,
      "1": 7.6,
      "4": 5.6,
      "0": 7.2
    },
    "23": {
      "5": 3.6,
      "4": 3.0,
      "0": 4.2,
      "3": 2.0,
      "2": 4.6,
      "1": 5.2,
      "6": 5.4
    },
    "24": {
      "5": 2.0,
      "1": 2.2,
      "3": 4.0,
      "2": 2.6,
      "0": 4.4,
      "4": 5.8
    },
    "25": {
      "0": 2.8,
      "2": 1.2,
      "1": 3.8,
      "3": 2.8,
      "4": 4.4
    },
    "26": {
      "3": 1.8,
      "1": 2.8,
      "4": 2.6,
      "2": 2.8,
      "0": 5.0
    },
    "27": {
      "0": 1.0,
      "2": 2.2,
      "4": 4.0,
      "1": 3.8,
      "3": 4.0
    },
    "28": {
      "1": 2.2,
      "0": 2.8,
      "4": 2.8,
      "2": 3.4,
      "3": 3.8
    },
    "29": {
      "2": 2.2,
      "3": 1.8,
      "0": 3.2,
      "1": 3.0,
      "4": 4.8
    },
    "30": {
      "4": 3.6,
      "7": 2.4,
      "6": 6.2,
      "1": 4.0,
      "0": 4.0,
      "3": 3.4,
      "5": 6.0,
      "2": 6.4,
      "8": 9.0
    },
    "31": {
      "2": 1.6,
      "5": 4.6,
      "3": 3.6,
      "1": 3.6,
      "4": 3.6,
      "0": 4.0
    },
    "32": {
      "0": 4.6,
      "7": 1.4,
      "6": 2.8,
      "3": 2.4,
      "8": 5.8,
      "2": 6.4,
      "5": 6.6,
      "1": 8.2,
      "4": 6.8
    },
    "33": {
      "3": 1.2,
      "4": 2.0,
      "5": 3.0,
      "0": 4.6,
      "1": 5.2,
      "2": 5.0
    },
    "34": {
      "6": 2.6,
      "2": 3.8,
      "5": 6.0,
      "3": 4.0,
      "0": 3.4,
      "8": 4.6,
      "7": 5.4,
      "4": 8.4,
      "1": 6.8
    },
    "35": {
      "4": 2.6,
      "3": 1.2,
      "0": 5.2,
      "1": 2.8,
      "5": 5.0,
      "2": 4.2
    },
    "36": {
      "1": 2.2,
      "2": 1.6,
      "5": 3.2,
      "0": 3.0,
      "4": 5.0,
      "3": 6.0
    },
    "37": {
      "2": 1.4,
      "4": 1.6,
      "3": 3.0,
      "1": 4.6,
      "5": 4.4,
      "0": 6.0
    },
    "38": {
      "2": 1.8,
      "1": 2.2,
      "4": 2.6,
      "3": 4.0,
      "0": 4.4
    },
    "39": {
      "6": 2.0,
      "0": 3.8,
      "4": 2.8,
      "2": 3.4,
      "5": 3.6,
      "3": 5.4,
      "1": 7.0
    },
    "40": {
      "2": 1.4,
      "1": 3.2,
      "0": 3.8,
      "5": 3.2,
      "3": 4.8,
      "4": 4.6
    },
    "41": {
      "3": 2.0,
      "2": 1.6,
      "5": 3.6,
      "4": 3.4,
      "6": 4.8,
      "0": 5.6,
      "1": 7.0
    },
    "42": {
      "4": 1.2,
      "1": 1.8,
      "5": 3.2,
      "3": 4.8,
      "2": 4.0,
      "0": 6.0
    },
    "43": {
      "2": 3.4,
      "1": 1.6,
      "3": 2.6,
      "4": 5.2,
      "0": 3.6,
      "5": 4.6
    },
    "44": {
      "6": 1.6,
      "2": 3.0,
      "0": 3.2,
      "4": 3.0,
      "1": 5.6,
      "5": 5.0,
      "3": 6.6
    },
    "45": {
      "1": 2.6,
      "3": 2.0,
      "2": 2.4,
      "0": 3.0
    },
    "46": {
      "2": 2.0,
      "0": 1.8,
      "3": 2.2,
      "1": 4.0
    },
    "47": {
      "7": 2.0,
      "6": 3.6,
      "5": 4.2,
      "4": 3.4,
      "1": 4.6,
      "0": 6.2,
      "2": 5.8,
      "3": 6.2
    },
    "48": {
      "0": 3.8,
      "4": 4.0,
      "1": 2.8,
      "3": 2.0,
      "2": 2.4
    },
    "49": {
      "2": 1.8,
      "1": 1.8,
      "0": 2.4
    },
    "50": {
      "8": 3.0,
      "7": 2.8,
      "0": 2.8,
      "1": 5.6,
      "3": 5.4,
      "4": 5.6,
      "5": 5.0,
      "2": 5.8,
      "6": 9.0
    },
    "51": {
      "5": 1.8,
      "2": 1.6,
      "3": 2.6,
      "1": 4.4,
      "0": 4.8,
      "4": 5.8
    },
    "52": {
      "0": 2.2,
      "1": 3.2,
      "2": 3.0,
      "4": 4.0,
      "3": 2.6
    },
    "53": {
      "4": 2.6,
      "5": 3.2,
      "0": 3.8,
      "2": 4.8,
      "1": 3.2,
      "3": 3.4
    },
    "54": {
      "4": 1.2,
      "3": 2.2,
      "0": 2.6,
      "1": 5.0,
      "5": 4.4,
      "2": 5.6
    },
    "55": {
      "9": 1.4,
      "8": 2.4,
      "3": 2.4,
      "4": 4.0,
      "6": 4.8,
      "0": 7.2,
      "7": 8.6,
      "2": 7.4,
      "1": 8.2,
      "5": 8.6
    },
    "56": {
      "5": 1.4,
      "1": 2.6,
      "2": 2.0,
      "0": 4.8,
      "3": 4.8,
      "4": 5.4
    },
    "57": {
      "4": 2.4,
      "5": 2.6,
      "3": 2.8,
      "0": 4.0,
      "2": 3.2,
      "1": 6.0
    },
    "58": {
      "4": 2.6,
      "6": 2.2,