{
  "content_diversity": 0.6178396344184875,
  "classifier_auc": 0.7103504603504605,
  "ranking_stability": 0.3879489275774105,
  "feature_coefficients": {
    "word_count": -0.05865884560861236,
    "sentence_count": 0.4192822104462486,
    "avg_sentence_length": 0.003245242907521315,
    "paragraph_count": -0.060571479641112126,
    "heading_density": -0.4796850284237176,
    "list_frequency": -0.11391787999196086,
    "readability": 0.17123854704825253,
    "bold_emphasis_density": -0.14091836392051285,
    "citation_density": -0.12678765412846046,
    "statistic_density": 0.41217587393511873,
    "quote_density": -0.40016455943699886,
    "named_source_mentions": 0.0033356561555748926,
    "year_mentions": -0.2935370876823116,
    "claim_density": -0.23763868451952908,
    "external_reference_density": 0.15313855958959857,
    "question_density": 0.02818029922864939,
    "query_similarity": 0.17152685466865558,
    "corpus_centroid_similarity": 0.3672942867061066,
    "type_token_ratio": -0.15798856549126902,
    "vocabulary_sophistication": 0.14881922309632717,
    "sentiment_polarity": -0.10755350123143174,
    "avg_word_length": 0.02506352661367248,
    "semantic_uniqueness": 0.049449508490898096,
    "information_density": -0.33960932109820596,
    "specificity_score": -0.43325056369112314
  },
  "avg_ranks": {
    "0": {
      "6": 1.4,
      "1": 1.8,
      "3": 4.8,
      "4": 3.6,
      "5": 5.4,
      "2": 4.0,
      "0": 7.0
    },
    "1": {
      "3": 1.8,
      "1": 2.4,
      "5": 2.4,
      "4": 4.0,
      "2": 4.6,
      "0": 5.8
    },
    "2": {
      "2": 1.4,
      "3": 1.6,
      "4": 3.8,
      "0": 3.2,
      "1": 5.0
    },
    "3": {
      "5": 3.2,
      "6": 2.4,
      "1": 2.8,
      "4": 5.4,
      "3": 4.2,
      "0": 6.0,
      "2": 4.0
    },
    "4": {
      "3": 2.2,
      "1": 2.8,
      "0": 1.6,
      "2": 4.2,
      "5": 4.4,
      "4": 5.8
    },
    "5": {
      "2": 1.6,
      "5": 2.4,
      "3": 4.4,
      "4": 3.2,
      "1": 3.6,
      "0": 5.8
    },
    "6": {
      "0": 1.6,
      "1": 1.8,
      "3": 2.8,
      "2": 3.8,
      "4": 5.0
    },
    "7": {
      "1": 3.6,
      "0": 3.8,
      "4": 2.0,
      "3": 2.2,
      "5": 6.4,
      "2": 3.6,
      "6": 6.4
    },
    "8": {
      "5": 1.0,
      "4": 3.4,
      "3": 2.2,
      "1": 4.6,
      "0": 4.0,
      "2": 5.8
    },
    "9": {
      "2": 4.0,
      "1": 2.8,
      "5": 3.4,
      "3": 4.0,
      "6": 4.0,
      "0": 5.2,
      "4": 4.6
    },
    "10": {
      "2": 2.2,
      "1": 1.8,
      "4": 2.4,
      "3": 3.8,
      "0": 4.8
    },
    "11": {
      "0": 3.2,
      "1": 1.6,
      "2": 2.2,
      "4": 3.0,
      "3": 5.0
    },
    "12": {
      "0": 1.8,
      "2": 2.0,
      "3": 3.0,
      "1": 3.2
    },
    "13": {
      "3": 2.4,
      "7": 6.0,
      "0": 4.2,
      "4": 3.4,
      "1": 4.0,
      "2": 3.8,
      "5": 4.2,
      "6": 8.0
    },
    "14": {
      "1": 1.8,
      "2": 2.6,
      "3": 2.8,
      "0": 2.8
    },
    "15": {
      "1": 1.8,
      "5": 2.4,
      "3": 3.8,
      "4": 2.2,
      "0": 5.0,
      "2": 5.8
    },
    "16": {
      "2": 2.8,
      "3": 1.8,
      "0": 2.4,
      "1": 4.0,
      "4": 4.6,
      "5": 5.4
    },
    "17": {
      "4": 2.8,
      "1": 1.6,
      "3": 2.2,
      "2": 3.6,
      "0": 4.8
    },
    "18": {
      "0": 1.4,
      "1": 1.6,
      "2": 3.0
    },
    "19": {
      "4": 3.6,
      "0": 2.8,
      "2": 2.2,
      "3": 3.6,
      "1": 4.4,
      "5": 4.4
    },
    "20": {
      "5": 2.0,
      "2": 3.6,
      "4": 2.4,
      "3": 3.6,
      "1": 5.4,
      "0": 4.0
    },
    "21": {
      "0": 1.0,
      "2": 2.2,
      "1": 2.8
    },
    "22": {
      "7": 2.0,
      "5": 4.2,
      "4": 3.2,
      "6": 4.2,
      "3": 4.4,
      "2": 5.6,
      "1": 6.2,
      "0": 6.2
    },
    "23": {
      "3": 3.4,
      "2": 4.4,
      "5": 2.8,
      "4": 3.0,
      "0": 5.0,
      "1": 4.0,
      "6": 5.4
    },
    "24": {
      "2": 4.4,
      "1": 2.0,
      "5": 2.2,
      "3": 3.4,
      "0": 4.0,
      "4": 5.0
    },
    "25": {
      "2": 1.4,
      "0": 3.4,
      "1": 2.0,
      "3": 3.6,
      "4": 4.6
    },
    "26": {
      "3": 1.2,
      "1": 2.2,
      "4": 2.6,
      "2": 4.0,
      "0": 5.0
    },
    "27": {
      "0": 1.0,
      "2": 2.0,
      "4": 4.2,
      "3": 3.6,
      "1": 4.2
    },
    "28": {
      "4": 2.6,
      "2": 3.2,
      "0": 3.2,
      "1": 3.0,
      "3": 3.0
    },
    "29": {
      "2": 2.2,
      "1": 2.0,
      "4": 4.4,
      "0": 2.4,
      "3": 4.0
    },
    "30": {
      "6": 6.2,
      "1": 2.8,
      "4": 2.6,
      "7": 5.2,
      "3": 4.4,
      "0": 4.6,
      "5": 6.0,
      "2": 5.8,
      "8": 7.4
    },
    "31": {
      "2": 1.2,
      "3": 2.6,
      "5": 4.8,
      "0": 5.4,
      "4": 3.4,
      "1": 3.6
    },
    "32": {
      "0": 2.4,
      "7": 1.2,
      "6": 5.0,
      "8": 5.6,
      "4": 2.8,
      "2": 5.2,
      "5": 7.0,
      "1": 8.8,
      "3": 7.0
    },
    "33": {
      "3": 1.2,
      "5": 3.0,
      "1": 4.0,
      "4": 2.8,
      "0": 4.4,
      "2": 5.6
    },
    "34": {
      "2": 3.4,
      "6": 3.6,
      "5": 5.4,
      "1": 4.8,
      "0": 4.4,
      "8": 5.0,
      "7": 4.6,
      "4": 8.2,
      "3": 5.6
    },
    "35": {
      "3": 1.4,
      "2": 3.4,
      "4": 3.0,
      "1": 3.2,
      "0": 4.2,
      "5": 5.8
    },
    "36": {
      "2": 1.4,
      "1": 2.0,
      "0": 4.8,
      "5": 3.4,
      "4": 4.2,
      "3": 5.2
    },
    "37": {
      "2": 1.8,
      "4": 2.6,
      "3": 3.2,
      "1": 4.8,
      "5": 2.6,
      "0": 6.0
    },
    "38": {
      "1": 2.0,
      "2": 2.0,
      "4": 3.2,
      "0": 3.8,
      "3": 4.0
    },
    "39": {
      "1": 5.8,
      "6": 2.0,
      "5": 3.0,
      "2": 3.6,
      "3": 4.4,
      "4": 3.8,
      "0": 5.4
    },
    "40": {
      "1": 2.2,
      "0": 3.6,
      "2": 2.0,
      "5": 4.6,
      "4": 3.0,
      "3": 5.6
    },
    "41": {
      "0": 4.4,
      "5": 1.4,
      "6": 4.4,
      "2": 3.6,
      "3": 3.4,
      "1": 6.8,
      "4": 4.0
    },
    "42": {
      "1": 2.2,
      "4": 2.0,
      "5": 2.4,
      "2": 3.8,
      "3": 4.6,
      "0": 6.0
    },
    "43": {
      "1": 2.4,
      "3": 3.4,
      "2": 3.2,
      "0": 3.4,
      "4": 4.4,
      "5": 4.2
    },
    "44": {
      "4": 2.6,
      "5": 4.0,
      "6": 2.0,
      "1": 5.8,
      "2": 3.4,
      "0": 3.6,
      "3": 6.6
    },
    "45": {
      "1": 1.6,
      "3": 3.2,
      "2": 2.6,
      "0": 2.6
    },
    "46": {
      "3": 2.3333333333333335,
      "0": 1.3333333333333333,
      "2": 2.3333333333333335,
      "1": 4.0
    },
    "47": {
      "3": 6.0,
      "7": 1.4,
      "2": 5.8,
      "6": 2.6,
      "1": 4.8,
      "5": 3.4,
      "4": 4.6,
      "0": 7.4
    },
    "48": {
      "3": 1.6,
      "2": 2.8,
      "1": 3.4,
      "0": 2.8,
      "4": 4.4
    },
    "49": {
      "0": 1.6,
      "1": 1.8,
      "2": 2.6
    },
    "50": {
      "8": 2.25,
      "7": 1.75,
      "5": 2.75,
      "0": 3.5,
      "1": 6.25,
      "4": 6.25,
      "6": 7.0,
      "2": 7.75,
      "3": 7.5
    },
    "51": {
      "5": 1.6,
      "2": 1.4,
      "3": 3.4,
      "1": 3.6,
      "0": 5.0,
      "4": 6.0
    },
    "52": {
      "0": 1.6,
      "3": 2.0,
      "2": 3.2,
      "1": 3.4,
      "4": 4.8
    },
    "53": {
      "4": 2.2,
      "1": 3.4,
      "0": 3.6,
      "2": 2.8,
      "3": 3.0,
      "5": 6.0
    },
    "54": {
      "4": 1.0,
      "0": 2.4,
      "3": 2.8,
      "1": 4.4,
      "2": 5.0,
      "5": 5.4
    },
    "55": {
      "3": 1.8,
      "9": 1.8,
      "6": 4.0,
      "8": 3.0,
      "4": 4.4,
      "5": 6.8,
      "0": 7.6,
      "2": 8.0,
      "1": 8.8,
      "7": 8.8
    },
    "56": {
      "5": 1.0,
      "0": 3.0,
      "2": 3.2,
      "3": 4.6,
      "1": 3.2,
      "4": 6.0
    },
    "57": {
      "5": 2.2,
      "4": 2.4,
      "3": 2.2,
      "2": 3.2,
      "1": 5.4,
      "0": 5.6
    },