{
  "content_diversity": 0.6204857230186462,
  "classifier_auc": 0.695530185758514,
  "ranking_stability": 0.41453391053391053,
  "feature_coefficients": {
    "word_count": 0.01196122760028414,
    "sentence_count": 0.017912360056105567,
    "avg_sentence_length": 0.25595089601577853,
    "paragraph_count": -0.3834091783098553,
    "heading_density": -0.3062963666689972,
    "list_frequency": -0.14625581738835167,
    "readability": 0.060274762554735094,
    "bold_emphasis_density": 0.24507123878436626,
    "citation_density": -0.10719454308527643,
    "statistic_density": 0.20229507828171514,
    "quote_density": -0.05265222830864357,
    "named_source_mentions": -0.19853996437431543,
    "year_mentions": 0.10200229225415786,
    "claim_density": -0.26802116319785374,
    "external_reference_density": 0.2025540496799277,
    "question_density": 0.080724966200076,
    "query_similarity": 0.1479089137653909,
    "corpus_centroid_similarity": 0.05627054584211375,
    "type_token_ratio": -0.5096434704718202,
    "vocabulary_sophistication": 0.09163701938802177,
    "sentiment_polarity": 0.05074416059143597,
    "avg_word_length": -0.000818713534720705,
    "semantic_uniqueness": -0.09350107665812644,
    "information_density": 0.0646327046452588,
    "specificity_score": 0.15330209322869978
  },
  "avg_ranks": {
    "0": {
      "6": 1.4,
      "2": 3.0,
      "1": 2.2,
      "3": 5.2,
      "4": 3.8,
      "5": 5.8,
      "0": 6.6
    },
    "1": {
      "1": 1.2,
      "3": 2.0,
      "4": 4.0,
      "2": 4.4,
      "5": 3.4,
      "0": 6.0
    },
    "2": {
      "2": 1.4,
      "4": 3.0,
      "3": 2.2,
      "0": 3.4,
      "1": 5.0
    },
    "3": {
      "0": 3.8,
      "5": 2.6,
      "6": 2.2,
      "1": 3.2,
      "2": 4.8,
      "3": 5.8,
      "4": 5.6
    },
    "4": {
      "0": 1.6,
      "4": 4.2,
      "2": 3.4,
      "1": 2.2,
      "3": 4.0,
      "5": 5.6
    },
    "5": {
      "5": 1.6,
      "2": 2.4,
      "3": 3.4,
      "1": 4.6,
      "4": 3.2,
      "0": 5.8
    },
    "6": {
      "0": 1.8,
      "1": 1.6,
      "2": 2.8,
      "3": 3.8,
      "4": 5.0
    },
    "7": {
      "1": 4.0,
      "4": 1.6,
      "3": 2.6,
      "2": 4.4,
      "0": 5.2,
      "6": 5.0,
      "5": 5.2
    },
    "8": {
      "5": 1.2,
      "3": 3.2,
      "0": 2.8,
      "4": 3.4,
      "2": 4.8,
      "1": 5.6
    },
    "9": {
      "4": 2.4,
      "5": 3.0,
      "2": 3.4,
      "1": 3.4,
      "6": 3.2,
      "3": 6.0,
      "0": 6.6
    },
    "10": {
      "4": 1.2,
      "1": 1.8,
      "3": 3.6,
      "2": 3.4,
      "0": 5.0
    },
    "11": {
      "1": 1.6,
      "2": 2.2,
      "0": 2.6,
      "4": 3.6,
      "3": 5.0
    },
    "12": {
      "2": 1.2,
      "0": 2.2,
      "3": 3.6,
      "1": 3.0
    },
    "13": {
      "1": 3.6,
      "2": 4.2,
      "0": 3.4,
      "4": 3.2,
      "3": 3.6,
      "5": 4.2,
      "7": 5.8,
      "6": 8.0
    },
    "14": {
      "0": 2.4,
      "1": 2.2,
      "2": 3.0,
      "3": 2.4
    },
    "15": {
      "4": 1.8,
      "3": 2.6,
      "1": 2.8,
      "5": 3.2,
      "0": 5.0,
      "2": 5.6
    },
    "16": {
      "2": 2.4,
      "3": 1.6,
      "4": 3.0,
      "0": 3.4,
      "1": 5.4,
      "5": 5.2
    },
    "17": {
      "1": 1.0,
      "3": 2.6,
      "4": 2.8,
      "2": 4.4,
      "0": 4.2
    },
    "18": {
      "0": 1.6,
      "1": 1.8,
      "2": 2.6
    },
    "19": {
      "4": 1.8,
      "1": 4.0,
      "2": 2.2,
      "0": 3.2,
      "5": 5.2,
      "3": 4.6
    },
    "20": {
      "5": 1.4,
      "2": 3.8,
      "4": 2.8,
      "3": 4.4,
      "1": 3.8,
      "0": 4.8
    },
    "21": {
      "0": 1.0,
      "2": 2.4,
      "1": 2.6
    },
    "22": {
      "5": 2.8,
      "7": 1.8,
      "3": 2.0,
      "4": 5.4,
      "2": 5.8,
      "6": 4.0,
      "0": 7.0,
      "1": 7.2
    },
    "23": {
      "3": 2.4,
      "4": 2.8,
      "2": 4.0,
      "0": 4.0,
      "5": 3.0,
      "6": 6.4,
      "1": 5.4
    },
    "24": {
      "5": 2.8,
      "1": 1.8,
      "3": 2.4,
      "4": 5.2,
      "0": 4.2,
      "2": 4.6
    },
    "25": {
      "0": 2.2,
      "2": 1.4,
      "1": 3.2,
      "3": 4.0,
      "4": 4.2
    },
    "26": {
      "4": 2.4,
      "3": 1.8,
      "1": 1.8,
      "2": 4.0,
      "0": 5.0
    },
    "27": {
      "0": 1.0,
      "2": 2.2,
      "1": 3.6,
      "4": 3.4,
      "3": 4.8
    },
    "28": {
      "1": 4.0,
      "0": 3.8,
      "4": 1.6,
      "2": 2.2,
      "3": 3.4
    },
    "29": {
      "4": 4.2,
      "3": 2.8,
      "2": 2.6,
      "1": 2.0,
      "0": 3.4
    },
    "30": {
      "1": 2.6,
      "5": 5.6,
      "2": 7.0,
      "7": 3.8,
      "4": 3.4,
      "0": 3.8,
      "3": 4.4,
      "6": 5.6,
      "8": 8.8
    },
    "31": {
      "2": 1.0,
      "4": 2.8,
      "0": 4.0,
      "5": 5.2,
      "1": 3.0,
      "3": 5.0
    },
    "32": {
      "3": 2.6,
      "7": 1.4,
      "8": 5.0,
      "4": 5.0,
      "6": 5.8,
      "0": 4.6,
      "2": 6.4,
      "5": 5.6,
      "1": 8.6
    },
    "33": {
      "3": 1.0,
      "4": 2.4,
      "0": 4.0,
      "5": 2.8,
      "2": 5.4,
      "1": 5.4
    },
    "34": {
      "6": 3.0,
      "2": 2.6,
      "5": 6.2,
      "1": 5.4,
      "0": 4.2,
      "3": 3.4,
      "7": 6.8,
      "8": 5.6,
      "4": 7.8
    },
    "35": {
      "4": 1.8,
      "3": 2.0,
      "1": 3.4,
      "5": 4.8,
      "2": 3.0,
      "0": 6.0
    },
    "36": {
      "2": 2.0,
      "1": 1.6,
      "5": 3.4,
      "0": 3.8,
      "4": 4.2,
      "3": 6.0
    },
    "37": {
      "4": 1.4,
      "2": 2.2,
      "5": 3.6,
      "3": 3.2,
      "1": 4.6,
      "0": 6.0
    },
    "38": {
      "2": 1.6,
      "1": 1.4,
      "3": 3.4,
      "4": 4.0,
      "0": 4.6
    },
    "39": {
      "5": 3.6,
      "2": 3.6,
      "0": 4.2,
      "4": 4.0,
      "3": 4.0,
      "6": 3.0,
      "1": 5.6
    },
    "40": {
      "2": 1.8,
      "5": 4.2,
      "0": 2.8,
      "1": 2.4,
      "4": 3.8,
      "3": 6.0
    },
    "41": {
      "3": 2.8,
      "2": 2.4,
      "4": 3.6,
      "5": 2.2,
      "6": 4.4,
      "0": 5.6,
      "1": 7.0
    },
    "42": {
      "5": 2.4,
      "1": 2.2,
      "4": 1.8,
      "2": 4.0,
      "3": 4.6,
      "0": 6.0
    },
    "43": {
      "1": 1.6,
      "3": 2.8,
      "2": 3.2,
      "0": 4.2,
      "5": 4.6,
      "4": 4.6
    },
    "44": {
      "6": 1.2,
      "2": 2.4,
      "4": 3.4,
      "0": 3.2,
      "1": 6.4,
      "3": 6.2,
      "5": 5.2
    },
    "45": {
      "1": 1.4,
      "3": 2.6,
      "0": 2.8,
      "2": 3.2
    },
    "46": {
      "0": 1.8,
      "2": 1.8,
      "3": 2.4,
      "1": 4.0
    },
    "47": {
      "2": 5.0,
      "0": 4.8,
      "1": 5.8,
      "6": 5.4,
      "7": 1.8,
      "3": 6.0,
      "4": 3.8,
      "5": 3.4
    },
    "48": {
      "0": 2.6,
      "1": 2.2,
      "2": 3.0,
      "3": 2.6,
      "4": 4.6
    },
    "49": {
      "2": 1.2,
      "1": 2.4,
      "0": 2.4
    },
    "50": {
      "7": 1.2,
      "8": 2.2,
      "5": 2.6,
      "6": 8.0,
      "0": 4.6,
      "4": 6.6,
      "1": 6.8,
      "3": 7.0,
      "2": 6.0
    },
    "51": {
      "2": 1.4,
      "5": 1.6,
      "3": 3.4,
      "1": 4.0,
      "0": 5.0,
      "4": 5.6
    },
    "52": {
      "3": 2.2,
      "0": 1.8,
      "1": 3.8,
      "2": 2.8,
      "4": 4.4
    },
    "53": {
      "0": 2.6,
      "1": 2.2,
      "2": 3.8,
      "4": 3.4,
      "3": 3.8,
      "5": 5.2
    },
    "54": {
      "4": 1.0,
      "3": 2.4,
      "0": 3.0,
      "5": 4.4,
      "1": 4.6,
      "2": 5.6
    },
    "55": {
      "9": 1.8,
      "4": 3.2,
      "3": 2.8,
      "8": 2.2,
      "6": 5.6,
      "5": 6.4,
      "0": 7.2,
      "2": 7.8,
      "1": 8.8,
      "7": 9.2
    },
    "56": {
      "2": 2.0,
      "5": 1.2,
      "1": 3.0,
      "0": 4.2,
      "3": 4.6,
      "4": 6.0
    },
    "57": {
      "4": 2.8,
      "5": 2.6,
      "3": 2.2,
      "0": 4.6,
      "2": 3.0,
      "1": 5.8
    },
    "58": {
      "3": 1.6,
      "6": 1.6,
      "0": 4.4,