{
  "content_diversity": 0.6254497766494751,
  "classifier_auc": 0.7492306478339776,
  "ranking_stability": 0.3978871572871573,
  "feature_coefficients": {
    "word_count": 0.1573479829133902,
    "sentence_count": -0.21544014195288794,
    "avg_sentence_length": 0.21672743433427194,
    "paragraph_count": -0.5245901523407738,
    "heading_density": -0.09000831360358667,
    "list_frequency": -0.04445269556451494,
    "readability": 0.16527983667850732,
    "bold_emphasis_density": -0.31564026241124266,
    "citation_density": -0.7701690039311478,
    "statistic_density": 0.2365576112677198,
    "quote_density": 0.16309670255394387,
    "named_source_mentions": -0.34876138044531557,
    "year_mentions": 0.1342890391541928,
    "claim_density": -0.18611095181307227,
    "external_reference_density": -0.00543300477496841,
    "question_density": 0.24648921635790824,
    "query_similarity": 0.09327915671754944,
    "corpus_centroid_similarity": 0.11330204417645884,
    "type_token_ratio": -0.7448126403436246,
    "vocabulary_sophistication": 0.22874729608695413,
    "sentiment_polarity": 0.1717120246703528,
    "avg_word_length": 0.08274947966340686,
    "semantic_uniqueness": -0.032467151702602295,
    "information_density": -0.07196453315379145,
    "specificity_score": -0.04870564508140062
  },
  "avg_ranks": {
    "0": {
      "1": 1.4,
      "6": 1.6,
      "4": 3.8,
      "2": 3.4,
      "3": 5.4,
      "0": 6.4,
      "5": 6.0
    },
    "1": {
      "1": 1.4,
      "4": 3.2,
      "3": 2.2,
      "2": 3.8,
      "5": 4.4,
      "0": 6.0
    },
    "2": {
      "4": 2.8,
      "2": 1.6,
      "3": 2.2,
      "0": 3.4,
      "1": 5.0
    },
    "3": {
      "5": 3.0,
      "4": 4.2,
      "3": 2.2,
      "0": 5.4,
      "6": 3.8,
      "1": 4.4,
      "2": 5.0
    },
    "4": {
      "0": 2.2,
      "4": 3.2,
      "2": 2.6,
      "5": 5.0,
      "1": 3.2,
      "3": 4.8
    },
    "5": {
      "2": 2.0,
      "5": 1.8,
      "1": 2.8,
      "4": 3.4,
      "3": 5.4,
      "0": 5.6
    },
    "6": {
      "1": 1.0,
      "0": 2.2,
      "2": 3.8,
      "3": 3.0,
      "4": 5.0
    },
    "7": {
      "2": 1.4,
      "4": 2.0,
      "3": 2.6,
      "1": 5.4,
      "0": 5.4,
      "6": 5.0,
      "5": 6.2
    },
    "8": {
      "5": 1.4,
      "0": 5.0,
      "4": 3.2,
      "3": 3.6,
      "2": 3.4,
      "1": 4.4
    },
    "9": {
      "0": 4.2,
      "5": 3.8,
      "6": 4.2,
      "4": 2.4,
      "2": 4.0,
      "3": 5.6,
      "1": 3.8
    },
    "10": {
      "2": 2.0,
      "1": 2.0,
      "4": 2.0,
      "0": 4.8,
      "3": 4.2
    },
    "11": {
      "1": 1.0,
      "2": 2.2,
      "0": 2.8,
      "4": 4.2,
      "3": 4.8
    },
    "12": {
      "1": 2.0,
      "0": 1.8,
      "2": 2.4,
      "3": 3.8
    },
    "13": {
      "3": 3.2,
      "5": 5.2,
      "4": 4.0,
      "0": 4.8,
      "1": 2.4,
      "2": 2.2,
      "7": 6.2,
      "6": 8.0
    },
    "14": {
      "0": 2.2,
      "2": 1.6,
      "1": 2.8,
      "3": 3.4
    },
    "15": {
      "5": 2.0,
      "4": 1.4,
      "3": 3.2,
      "0": 4.6,
      "1": 3.8,
      "2": 6.0
    },
    "16": {
      "2": 2.2,
      "3": 2.2,
      "5": 4.0,
      "0": 3.4,
      "4": 3.4,
      "1": 5.8
    },
    "17": {
      "1": 1.4,
      "3": 1.6,
      "4": 3.0,
      "0": 4.8,
      "2": 4.2
    },
    "18": {
      "1": 1.6,
      "0": 1.4,
      "2": 3.0
    },
    "19": {
      "0": 3.6,
      "4": 2.8,
      "1": 3.0,
      "2": 2.0,
      "3": 4.8,
      "5": 4.8
    },
    "20": {
      "5": 1.6,
      "2": 4.2,
      "4": 2.4,
      "0": 3.2,
      "1": 5.0,
      "3": 4.6
    },
    "21": {
      "0": 1.4,
      "2": 2.0,
      "1": 2.6
    },
    "22": {
      "7": 1.8,
      "6": 1.8,
      "4": 4.0,
      "5": 3.8,
      "3": 4.6,
      "2": 5.2,
      "1": 7.2,
      "0": 7.6
    },
    "23": {
      "4": 2.0,
      "5": 3.2,
      "6": 4.8,
      "2": 3.6,
      "3": 4.0,
      "0": 4.8,
      "1": 5.6
    },
    "24": {
      "1": 1.6,
      "0": 3.8,
      "5": 2.8,
      "3": 3.6,
      "2": 3.2,
      "4": 6.0
    },
    "25": {
      "2": 1.2,
      "0": 3.2,
      "3": 2.8,
      "1": 3.4,
      "4": 4.4
    },
    "26": {
      "1": 2.0,
      "3": 1.8,
      "4": 2.2,
      "2": 4.0,
      "0": 5.0
    },
    "27": {
      "0": 1.2,
      "2": 2.2,
      "4": 4.6,
      "3": 3.8,
      "1": 3.2
    },
    "28": {
      "3": 2.8,
      "4": 2.4,
      "2": 3.0,
      "1": 2.6,
      "0": 4.2
    },
    "29": {
      "2": 2.2,
      "3": 2.0,
      "1": 2.6,
      "4": 4.6,
      "0": 3.6
    },
    "30": {
      "7": 2.8,
      "4": 4.8,
      "5": 2.4,
      "3": 5.6,
      "1": 3.4,
      "2": 6.6,
      "0": 4.4,
      "6": 6.0,
      "8": 9.0
    },
    "31": {
      "2": 1.4,
      "3": 4.0,
      "4": 2.8,
      "5": 4.2,
      "1": 4.4,
      "0": 4.2
    },
    "32": {
      "7": 2.0,
      "0": 3.0,
      "4": 5.0,
      "3": 3.2,
      "2": 4.0,
      "5": 6.8,
      "8": 6.4,
      "6": 6.6,
      "1": 8.0
    },
    "33": {
      "4": 1.8,
      "3": 1.4,
      "5": 3.0,
      "0": 4.6,
      "2": 5.2,
      "1": 5.0
    },
    "34": {
      "0": 3.0,
      "3": 2.2,
      "1": 4.4,
      "8": 5.2,
      "7": 4.6,
      "2": 4.8,
      "6": 4.4,
      "4": 7.8,
      "5": 8.6
    },
    "35": {
      "0": 3.8,
      "1": 2.2,
      "3": 2.4,
      "5": 3.6,
      "4": 4.2,
      "2": 4.8
    },
    "36": {
      "0": 2.6,
      "2": 1.8,
      "1": 2.0,
      "5": 3.8,
      "3": 5.6,
      "4": 5.2
    },
    "37": {
      "4": 1.8,
      "2": 2.4,
      "5": 3.4,
      "3": 3.4,
      "1": 4.4,
      "0": 5.6
    },
    "38": {
      "2": 2.2,
      "1": 1.4,
      "4": 3.0,
      "3": 4.0,
      "0": 4.4
    },
    "39": {
      "5": 4.2,
      "2": 3.8,
      "0": 2.6,
      "6": 2.4,
      "1": 6.6,
      "4": 3.4,
      "3": 5.0
    },
    "40": {
      "1": 2.6,
      "0": 2.8,
      "2": 1.6,
      "4": 4.0,
      "3": 5.2,
      "5": 4.8
    },
    "41": {
      "2": 1.2,
      "0": 3.8,
      "5": 3.8,
      "3": 3.6,
      "4": 4.2,
      "6": 4.4,
      "1": 7.0
    },
    "42": {
      "2": 3.8,
      "5": 2.0,
      "4": 2.0,
      "1": 2.6,
      "3": 4.6,
      "0": 6.0
    },
    "43": {
      "5": 4.4,
      "0": 2.6,
      "2": 2.8,
      "1": 2.8,
      "3": 3.8,
      "4": 4.6
    },
    "44": {
      "4": 2.0,
      "6": 2.0,
      "2": 4.4,
      "0": 3.2,
      "5": 4.6,
      "1": 6.2,
      "3": 5.6
    },
    "45": {
      "3": 2.6,
      "1": 2.0,
      "2": 2.6,
      "0": 2.8
    },
    "46": {
      "0": 2.0,
      "2": 2.2,
      "3": 1.8,
      "1": 4.0
    },
    "47": {
      "7": 2.0,
      "4": 3.4,
      "6": 2.8,
      "5": 4.2,
      "0": 6.2,
      "1": 2.8,
      "2": 6.6,
      "3": 8.0
    },
    "48": {
      "0": 3.6,
      "1": 2.6,
      "2": 2.2,
      "3": 1.8,
      "4": 4.8
    },
    "49": {
      "2": 1.4,
      "0": 2.4,
      "1": 2.2
    },
    "50": {
      "6": 5.6,
      "7": 1.2,
      "8": 2.6,
      "5": 4.6,
      "4": 7.0,
      "1": 6.4,
      "3": 6.4,
      "0": 4.2,
      "2": 7.0
    },
    "51": {
      "2": 1.6,
      "5": 2.2,
      "3": 3.0,
      "1": 3.2,
      "0": 5.0,
      "4": 6.0
    },
    "52": {
      "0": 2.8,
      "1": 3.0,
      "3": 3.0,
      "4": 3.6,
      "2": 2.6
    },
    "53": {
      "0": 3.6,
      "1": 1.8,
      "2": 4.4,
      "4": 3.4,
      "3": 3.4,
      "5": 4.4
    },
    "54": {
      "4": 1.2,
      "0": 2.2,
      "3": 2.6,
      "5": 4.0,
      "1": 5.6,
      "2": 5.4
    },
    "55": {
      "0": 6.2,
      "3": 2.4,
      "6": 4.4,
      "8": 2.6,
      "4": 4.4,
      "9": 2.4,
      "2": 7.8,
      "5": 8.2,
      "7": 8.8,
      "1": 7.8
    },
    "56": {
      "2": 2.8,
      "5": 1.2,
      "3": 5.0,
      "1": 2.6,
      "4": 4.6,
      "0": 4.8
    },
    "57": {
      "2": 3.8,
      "3": 3.2,
      "4": 2.6,
      "5": 2.0,
      "0": 3.4,
      "1": 6.0
    },
    "58": {
      "4": 2.6,
      "6": 1.8,
      "3": 2.8,