{
  "content_diversity": 0.613422691822052,
  "classifier_auc": 0.7239026142281743,
  "ranking_stability": 0.4372118326118326,
  "feature_coefficients": {
    "word_count": -0.480880286294897,
    "sentence_count": 0.6075716680511154,
    "avg_sentence_length": 0.15251037537471332,
    "paragraph_count": -0.48844813629026695,
    "heading_density": -0.20462131227397282,
    "list_frequency": -0.24138233224397582,
    "readability": 0.03156094673714115,
    "bold_emphasis_density": 0.011713213588556112,
    "citation_density": -0.21116785965164178,
    "statistic_density": 0.08966631606891498,
    "quote_density": 0.13322006361499097,
    "named_source_mentions": -0.0957272835117252,
    "year_mentions": -0.1702815469459282,
    "claim_density": -0.3246400949186642,
    "external_reference_density": 0.09478828787819651,
    "question_density": -0.06904333484953183,
    "query_similarity": -0.043228086575825886,
    "corpus_centroid_similarity": 0.29476549471115465,
    "type_token_ratio": -0.8159450468654844,
    "vocabulary_sophistication": 0.4548246272000592,
    "sentiment_polarity": 0.13837857549951824,
    "avg_word_length": 0.21070619913918293,
    "semantic_uniqueness": 0.02798771787895449,
    "information_density": -0.1202392786350774,
    "specificity_score": 0.03246828109855475
  },
  "avg_ranks": {
    "0": {
      "6": 1.0,
      "1": 2.0,
      "5": 5.4,
      "4": 3.6,
      "2": 4.0,
      "0": 6.4,
      "3": 5.6
    },
    "1": {
      "5": 2.4,
      "3": 1.6,
      "1": 2.6,
      "4": 4.6,
      "2": 4.0,
      "0": 5.8
    },
    "2": {
      "3": 1.4,
      "2": 2.0,
      "4": 2.8,
      "0": 3.8,
      "1": 5.0
    },
    "3": {
      "4": 4.8,
      "5": 2.6,
      "1": 2.8,
      "6": 2.4,
      "3": 4.0,
      "0": 6.6,
      "2": 4.8
    },
    "4": {
      "4": 2.8,
      "2": 2.2,
      "0": 2.0,
      "3": 4.4,
      "1": 3.8,
      "5": 5.8
    },
    "5": {
      "4": 2.8,
      "5": 2.6,
      "2": 1.4,
      "3": 4.2,
      "1": 4.0,
      "0": 6.0
    },
    "6": {
      "3": 2.8,
      "2": 2.6,
      "1": 2.2,
      "0": 2.4,
      "4": 5.0
    },
    "7": {
      "3": 2.0,
      "4": 1.8,
      "2": 4.0,
      "1": 4.4,
      "0": 4.8,
      "6": 6.0,
      "5": 5.0
    },
    "8": {
      "5": 1.4,
      "0": 4.2,
      "2": 5.4,
      "3": 3.0,
      "4": 3.0,
      "1": 4.0
    },
    "9": {
      "5": 2.4,
      "2": 3.0,
      "3": 3.6,
      "1": 2.8,
      "6": 4.0,
      "4": 5.6,
      "0": 6.6
    },
    "10": {
      "2": 1.6,
      "1": 1.6,
      "4": 2.8,
      "3": 4.2,
      "0": 4.8
    },
    "11": {
      "4": 2.6,
      "2": 2.2,
      "1": 2.8,
      "0": 2.4,
      "3": 5.0
    },
    "12": {
      "0": 1.6,
      "2": 1.8,
      "1": 2.8,
      "3": 3.8
    },
    "13": {
      "2": 2.6,
      "1": 2.4,
      "3": 2.8,
      "0": 4.0,
      "4": 4.2,
      "5": 5.0,
      "7": 7.0,
      "6": 8.0
    },
    "14": {
      "3": 1.8,
      "1": 2.0,
      "2": 2.8,
      "0": 3.4
    },
    "15": {
      "2": 4.6,
      "0": 4.6,
      "4": 3.0,
      "3": 3.4,
      "5": 2.2,
      "1": 3.2
    },
    "16": {
      "1": 3.8,
      "3": 1.8,
      "0": 3.6,
      "4": 4.8,
      "2": 2.4,
      "5": 4.6
    },
    "17": {
      "3": 2.0,
      "1": 1.4,
      "4": 2.6,
      "2": 4.4,
      "0": 4.6
    },
    "18": {
      "1": 1.4,
      "2": 2.8,
      "0": 1.8
    },
    "19": {
      "5": 3.6,
      "2": 2.2,
      "0": 2.8,
      "1": 4.4,
      "4": 3.2,
      "3": 4.8
    },
    "20": {
      "0": 3.6,
      "5": 1.4,
      "4": 2.0,
      "2": 5.2,
      "3": 3.6,
      "1": 5.2
    },
    "21": {
      "0": 1.4,
      "1": 2.0,
      "2": 2.6
    },
    "22": {
      "7": 2.6,
      "2": 2.4,
      "4": 2.8,
      "5": 3.8,
      "3": 5.4,
      "6": 5.2,
      "0": 6.0,
      "1": 7.8
    },
    "23": {
      "1": 5.4,
      "6": 5.6,
      "5": 3.2,
      "4": 2.6,
      "2": 4.2,
      "3": 2.0,
      "0": 5.0
    },
    "24": {
      "0": 3.2,
      "1": 2.0,
      "5": 1.8,
      "3": 4.4,
      "2": 4.8,
      "4": 4.8
    },
    "25": {
      "2": 1.8,
      "3": 2.8,
      "1": 2.8,
      "0": 3.2,
      "4": 4.4
    },
    "26": {
      "1": 2.2,
      "3": 1.6,
      "4": 2.2,
      "2": 4.2,
      "0": 4.8
    },
    "27": {
      "0": 1.0,
      "2": 2.0,
      "1": 3.6,
      "4": 4.0,
      "3": 4.4
    },
    "28": {
      "1": 3.0,
      "0": 3.6,
      "3": 2.6,
      "4": 2.4,
      "2": 3.4
    },
    "29": {
      "2": 1.8,
      "3": 2.4,
      "1": 3.2,
      "0": 2.6,
      "4": 5.0
    },
    "30": {
      "3": 4.0,
      "4": 2.4,
      "7": 5.0,
      "5": 5.4,
      "1": 2.6,
      "0": 4.6,
      "2": 5.6,
      "6": 6.4,
      "8": 9.0
    },
    "31": {
      "2": 1.4,
      "5": 3.6,
      "4": 2.4,
      "1": 3.0,
      "0": 5.4,
      "3": 5.2
    },
    "32": {
      "7": 1.0,
      "0": 2.8,
      "6": 4.2,
      "4": 3.6,
      "8": 5.6,
      "2": 4.6,
      "3": 6.6,
      "1": 8.6,
      "5": 8.0
    },
    "33": {
      "4": 1.2,
      "5": 2.8,
      "3": 2.0,
      "1": 4.4,
      "0": 5.0,
      "2": 5.6
    },
    "34": {
      "0": 2.8,
      "7": 4.0,
      "8": 3.4,
      "1": 4.4,
      "3": 3.0,
      "2": 5.2,
      "6": 7.4,
      "5": 7.0,
      "4": 7.8
    },
    "35": {
      "1": 3.2,
      "3": 2.6,
      "4": 1.6,
      "2": 2.6,
      "5": 5.2,
      "0": 5.8
    },
    "36": {
      "5": 3.0,
      "1": 1.6,
      "2": 2.2,
      "4": 4.2,
      "0": 4.4,
      "3": 5.6
    },
    "37": {
      "2": 1.8,
      "4": 2.0,
      "5": 2.8,
      "3": 3.4,
      "1": 5.0,
      "0": 6.0
    },
    "38": {
      "1": 1.4,
      "2": 1.6,
      "0": 3.4,
      "3": 4.6,
      "4": 4.0
    },
    "39": {
      "2": 3.4,
      "4": 3.0,
      "6": 2.0,
      "0": 5.0,
      "5": 2.4,
      "3": 5.2,
      "1": 7.0
    },
    "40": {
      "2": 1.6,
      "0": 2.8,
      "1": 1.6,
      "4": 4.2,
      "5": 4.8,
      "3": 6.0
    },
    "41": {
      "2": 2.0,
      "5": 1.6,
      "4": 4.0,
      "6": 4.0,
      "3": 4.6,
      "0": 4.8,
      "1": 7.0
    },
    "42": {
      "1": 1.8,
      "4": 2.0,
      "5": 2.8,
      "2": 3.6,
      "3": 4.8,
      "0": 6.0
    },
    "43": {
      "1": 1.8,
      "3": 3.2,
      "4": 2.8,
      "2": 3.2,
      "0": 4.4,
      "5": 5.6
    },
    "44": {
      "6": 1.6,
      "0": 2.6,
      "2": 3.4,
      "4": 3.6,
      "5": 5.8,
      "3": 4.8,
      "1": 6.2
    },
    "45": {
      "1": 1.4,
      "2": 1.8,
      "0": 3.6,
      "3": 3.2
    },
    "46": {
      "0": 2.2,
      "2": 2.2,
      "3": 1.8,
      "1": 3.8
    },
    "47": {
      "7": 1.6,
      "5": 3.0,
      "6": 2.6,
      "4": 3.2,
      "1": 4.6,
      "2": 6.8,
      "3": 7.6,
      "0": 6.6
    },
    "48": {
      "3": 1.6,
      "1": 2.6,
      "2": 3.0,
      "0": 3.6,
      "4": 4.2
    },
    "49": {
      "1": 1.4,
      "0": 2.0,
      "2": 2.6
    },
    "50": {
      "8": 2.8,
      "7": 1.6,
      "0": 3.6,
      "2": 7.4,
      "4": 5.0,
      "5": 4.2,
      "3": 6.0,
      "1": 6.2,
      "6": 8.2
    },
    "51": {
      "2": 1.0,
      "5": 2.0,
      "3": 3.4,
      "1": 3.6,
      "0": 5.2,
      "4": 5.8
    },
    "52": {
      "0": 1.8,
      "3": 2.0,
      "2": 2.8,
      "4": 4.2,
      "1": 4.2
    },
    "53": {
      "3": 2.2,
      "1": 2.2,
      "2": 2.4,
      "4": 4.6,
      "0": 4.0,
      "5": 5.6
    },
    "54": {
      "4": 1.0,
      "3": 3.0,
      "0": 2.2,
      "5": 5.2,
      "2": 5.0,
      "1": 4.6
    },
    "55": {
      "9": 2.0,
      "3": 2.6,
      "4": 3.0,
      "8": 3.0,
      "6": 4.4,
      "2": 6.4,
      "7": 8.2,
      "0": 8.6,
      "1": 8.2,
      "5": 8.6
    },
    "56": {
      "5": 1.2,
      "2": 2.6,
      "1": 3.4,
      "0": 3.0,
      "3": 4.8,
      "4": 6.0
    },
    "57": {
      "3": 2.8,
      "5": 1.6,
      "4": 1.8,
      "2": 4.4,
      "1": 5.0,
      "0": 5.4
    },
    "58": {
      "3": 1.8,
      "4": 2.0,
      "6": 3.4,