{
  "content_diversity": 0.626085102558136,
  "classifier_auc": 0.7204712404712404,
  "ranking_stability": 0.3990051948051948,
  "feature_coefficients": {
    "word_count": -0.016509356310285758,
    "sentence_count": 0.2584512490852683,
    "avg_sentence_length": 0.480620778954499,
    "paragraph_count": -0.3897634021100804,
    "heading_density": 0.013388707118705502,
    "list_frequency": 0.014523789265416778,
    "readability": -0.4560484618209569,
    "bold_emphasis_density": -0.28095132124741357,
    "citation_density": -0.2721470360995297,
    "statistic_density": 0.031082234290995006,
    "quote_density": -0.08583050471685508,
    "named_source_mentions": -0.40356574384208915,
    "year_mentions": 0.04541640197567609,
    "claim_density": -0.14610041007036015,
    "external_reference_density": 0.07852110279829866,
    "question_density": 0.10836969979486714,
    "query_similarity": 0.1603879485116625,
    "corpus_centroid_similarity": 0.17125116669703552,
    "type_token_ratio": -0.42706766214435704,
    "vocabulary_sophistication": 0.34297549833632524,
    "sentiment_polarity": 0.08323222604352042,
    "avg_word_length": 0.21422012857253894,
    "semantic_uniqueness": 0.17067118051874536,
    "information_density": 0.13766212439357667,
    "specificity_score": 0.00943125011910058
  },
  "avg_ranks": {
    "0": {
      "6": 1.4,
      "1": 1.6,
      "2": 3.4,
      "4": 3.6,
      "5": 6.2,
      "3": 6.2,
      "0": 5.6
    },
    "1": {
      "4": 2.8,
      "1": 1.8,
      "3": 2.0,
      "5": 4.2,
      "2": 4.4,
      "0": 5.8
    },
    "2": {
      "2": 1.2,
      "3": 2.4,
      "0": 3.4,
      "4": 3.0,
      "1": 5.0
    },
    "3": {
      "4": 4.6,
      "5": 2.2,
      "6": 3.8,
      "3": 3.6,
      "2": 3.6,
      "1": 5.8,
      "0": 4.4
    },
    "4": {
      "2": 2.2,
      "0": 1.4,
      "4": 3.4,
      "1": 3.6,
      "3": 4.6,
      "5": 5.8
    },
    "5": {
      "2": 1.4,
      "5": 1.6,
      "1": 3.8,
      "3": 4.0,
      "4": 4.4,
      "0": 5.8
    },
    "6": {
      "1": 2.0,
      "3": 1.8,
      "0": 2.4,
      "2": 3.8,
      "4": 5.0
    },
    "7": {
      "2": 1.8,
      "4": 1.6,
      "3": 2.6,
      "5": 5.8,
      "1": 5.0,
      "0": 5.6,
      "6": 5.6
    },
    "8": {
      "5": 1.2,
      "4": 3.2,
      "3": 3.0,
      "0": 3.8,
      "2": 5.0,
      "1": 4.8
    },
    "9": {
      "6": 3.4,
      "2": 2.8,
      "5": 2.4,
      "4": 4.8,
      "0": 6.2,
      "3": 4.0,
      "1": 4.4
    },
    "10": {
      "2": 2.4,
      "0": 3.6,
      "1": 1.8,
      "4": 3.2,
      "3": 4.0
    },
    "11": {
      "0": 2.0,
      "2": 1.8,
      "1": 2.2,
      "4": 4.0,
      "3": 5.0
    },
    "12": {
      "0": 1.8,
      "2": 1.2,
      "3": 3.2,
      "1": 3.8
    },
    "13": {
      "1": 1.6,
      "2": 2.4,
      "0": 3.2,
      "4": 3.4,
      "3": 4.8,
      "5": 5.6,
      "7": 7.0,
      "6": 8.0
    },
    "14": {
      "1": 2.4,
      "3": 2.2,
      "2": 2.4,
      "0": 3.0
    },
    "15": {
      "4": 2.0,
      "0": 4.2,
      "5": 2.8,
      "3": 2.6,
      "2": 5.8,
      "1": 3.6
    },
    "16": {
      "2": 1.6,
      "3": 2.0,
      "1": 5.4,
      "5": 3.6,
      "0": 4.2,
      "4": 4.2
    },
    "17": {
      "2": 2.8,
      "1": 1.6,
      "3": 2.2,
      "4": 3.4,
      "0": 5.0
    },
    "18": {
      "1": 1.4,
      "0": 1.6,
      "2": 3.0
    },
    "19": {
      "2": 2.0,
      "1": 4.0,
      "0": 3.8,
      "5": 2.8,
      "3": 4.4,
      "4": 4.0
    },
    "20": {
      "4": 2.6,
      "5": 1.8,
      "3": 4.4,
      "1": 4.4,
      "0": 4.6,
      "2": 3.2
    },
    "21": {
      "1": 1.8,
      "0": 1.6,
      "2": 2.6
    },
    "22": {
      "1": 5.2,
      "5": 2.6,
      "7": 4.0,
      "6": 3.4,
      "4": 2.8,
      "2": 5.0,
      "3": 5.4,
      "0": 7.6
    },
    "23": {
      "5": 3.8,
      "4": 1.8,
      "3": 1.6,
      "6": 5.6,
      "2": 3.6,
      "0": 4.6,
      "1": 7.0
    },
    "24": {
      "1": 1.8,
      "3": 3.4,
      "5": 2.8,
      "0": 3.6,
      "2": 3.4,
      "4": 6.0
    },
    "25": {
      "2": 1.0,
      "0": 2.6,
      "4": 3.6,
      "3": 3.6,
      "1": 4.2
    },
    "26": {
      "3": 1.6,
      "1": 2.2,
      "4": 2.8,
      "2": 3.4,
      "0": 5.0
    },
    "27": {
      "0": 1.0,
      "2": 2.0,
      "1": 3.2,
      "3": 4.2,
      "4": 4.6
    },
    "28": {
      "1": 3.4,
      "0": 3.0,
      "2": 2.8,
      "4": 2.4,
      "3": 3.4
    },
    "29": {
      "2": 2.8,
      "3": 1.8,
      "1": 2.2,
      "0": 3.2,
      "4": 5.0
    },
    "30": {
      "7": 3.8,
      "3": 4.6,
      "0": 4.8,
      "5": 3.2,
      "1": 4.6,
      "2": 4.6,
      "6": 6.4,
      "4": 5.6,
      "8": 7.4
    },
    "31": {
      "2": 1.0,
      "1": 3.0,
      "3": 4.2,
      "4": 3.4,
      "0": 3.8,
      "5": 5.6
    },
    "32": {
      "3": 2.2,
      "7": 2.0,
      "4": 4.0,
      "2": 4.4,
      "6": 6.4,
      "0": 5.0,
      "8": 5.0,
      "5": 7.2,
      "1": 8.8
    },
    "33": {
      "3": 1.2,
      "4": 2.2,
      "5": 3.0,
      "0": 4.4,
      "1": 4.4,
      "2": 5.8
    },
    "34": {
      "3": 2.4,
      "8": 4.4,
      "7": 4.6,
      "0": 3.0,
      "1": 3.4,
      "2": 4.6,
      "6": 6.6,
      "4": 7.4,
      "5": 8.6
    },
    "35": {
      "3": 2.0,
      "1": 2.2,
      "4": 3.6,
      "5": 4.6,
      "0": 3.4,
      "2": 5.2
    },
    "36": {
      "4": 4.4,
      "1": 2.4,
      "2": 2.2,
      "5": 3.4,
      "0": 2.8,
      "3": 5.8
    },
    "37": {
      "4": 1.6,
      "2": 1.6,
      "3": 3.0,
      "1": 4.8,
      "5": 4.2,
      "0": 5.8
    },
    "38": {
      "2": 2.0,
      "1": 1.8,
      "4": 2.4,
      "0": 4.8,
      "3": 4.0
    },
    "39": {
      "4": 4.4,
      "6": 2.6,
      "0": 2.2,
      "5": 5.2,
      "2": 3.6,
      "3": 4.4,
      "1": 5.6
    },
    "40": {
      "2": 1.4,
      "4": 4.2,
      "3": 4.2,
      "5": 3.8,
      "0": 3.6,
      "1": 3.8
    },
    "41": {
      "3": 1.4,
      "2": 1.8,
      "5": 4.0,
      "6": 4.4,
      "4": 4.2,
      "0": 5.2,
      "1": 7.0
    },
    "42": {
      "4": 1.6,
      "1": 2.2,
      "5": 3.4,
      "2": 3.0,
      "3": 4.8,
      "0": 6.0
    },
    "43": {
      "5": 3.8,
      "0": 3.0,
      "2": 2.4,
      "1": 3.0,
      "4": 5.0,
      "3": 3.8
    },
    "44": {
      "6": 2.2,
      "1": 6.0,
      "2": 3.6,
      "4": 2.6,
      "5": 4.8,
      "0": 4.6,
      "3": 4.2
    },
    "45": {
      "3": 2.0,
      "1": 1.4,
      "2": 2.8,
      "0": 3.8
    },
    "46": {
      "3": 2.0,
      "2": 2.2,
      "0": 2.0,
      "1": 3.8
    },
    "47": {
      "7": 2.0,
      "4": 4.0,
      "6": 4.0,
      "5": 4.6,
      "1": 5.0,
      "0": 6.0,
      "2": 4.0,
      "3": 6.4
    },
    "48": {
      "3": 1.8,
      "2": 2.4,
      "1": 3.0,
      "0": 3.6,
      "4": 4.2
    },
    "49": {
      "2": 1.0,
      "1": 2.2,
      "0": 2.8
    },
    "50": {
      "5": 4.6,
      "7": 2.6,
      "0": 3.0,
      "2": 4.4,
      "3": 6.0,
      "8": 4.4,
      "4": 6.0,
      "1": 5.2,
      "6": 8.8
    },
    "51": {
      "2": 1.2,
      "5": 2.2,
      "3": 2.6,
      "0": 4.8,
      "1": 4.2,
      "4": 6.0
    },
    "52": {
      "2": 2.4,
      "4": 3.6,
      "1": 3.2,
      "3": 3.2,
      "0": 2.6
    },
    "53": {
      "3": 2.2,
      "1": 3.0,
      "0": 4.0,
      "2": 4.8,
      "5": 4.0,
      "4": 3.0
    },
    "54": {
      "4": 1.2,
      "3": 2.0,
      "0": 2.8,
      "1": 5.0,
      "5": 4.4,
      "2": 5.6
    },
    "55": {
      "9": 1.2,
      "8": 2.8,
      "3": 3.0,
      "4": 3.4,
      "6": 4.6,
      "7": 8.2,
      "5": 7.4,
      "2": 7.0,
      "0": 7.8,
      "1": 9.6
    },
    "56": {
      "5": 1.0,
      "1": 3.4,
      "2": 2.4,
      "0": 4.4,
      "3": 4.0,
      "4": 5.8
    },
    "57": {
      "5": 2.0,
      "4": 1.8,
      "3": 2.6,
      "2": 3.8,
      "1": 5.8,
      "0": 5.0
    },
    "58": {
      "3": 1.4,
      "6": 1.6,
      "4": 3.0,