{
  "content_diversity": 0.6177054047584534,
  "classifier_auc": 0.6833706308610401,
  "ranking_stability": 0.3928993607012183,
  "feature_coefficients": {
    "word_count": 0.6252776756636559,
    "sentence_count": -0.48403096639680415,
    "avg_sentence_length": -0.11697261150578016,
    "paragraph_count": -0.25597224680978653,
    "heading_density": -0.4269119447015195,
    "list_frequency": -0.048892192416136876,
    "readability": 0.1940051459437785,
    "bold_emphasis_density": -0.06737237383464986,
    "citation_density": -0.9570350499279172,
    "statistic_density": 0.35544074754899513,
    "quote_density": -0.12930066570106477,
    "named_source_mentions": -0.13092416689013928,
    "year_mentions": -0.558115475382607,
    "claim_density": -0.130815802028223,
    "external_reference_density": 0.04226655733410375,
    "question_density": 0.11090876491431162,
    "query_similarity": -0.04896551029600561,
    "corpus_centroid_similarity": 0.21358624480496907,
    "type_token_ratio": -0.23808533381931782,
    "vocabulary_sophistication": 0.17621407973101091,
    "sentiment_polarity": -0.007283965640081583,
    "avg_word_length": -0.030779744503197176,
    "semantic_uniqueness": -0.16197392777834554,
    "information_density": -0.3391436795841429,
    "specificity_score": -0.24875738595257235
  },
  "avg_ranks": {
    "0": {
      "6": 1.4,
      "1": 2.6,
      "2": 3.6,
      "4": 2.4,
      "3": 5.4,
      "5": 5.8,
      "0": 6.8
    },
    "1": {
      "4": 2.2,
      "1": 2.2,
      "3": 2.2,
      "5": 3.4,
      "2": 5.0,
      "0": 6.0
    },
    "2": {
      "2": 1.8,
      "3": 2.4,
      "0": 3.4,
      "4": 2.4,
      "1": 5.0
    },
    "3": {
      "5": 3.0,
      "6": 2.2,
      "1": 2.6,
      "3": 4.8,
      "0": 5.4,
      "4": 5.2,
      "2": 4.8
    },
    "4": {
      "4": 2.6,
      "2": 2.8,
      "0": 2.0,
      "3": 4.4,
      "1": 3.4,
      "5": 5.8
    },
    "5": {
      "4": 2.4,
      "2": 1.4,
      "5": 2.6,
      "1": 4.0,
      "3": 4.6,
      "0": 6.0
    },
    "6": {
      "0": 2.0,
      "1": 1.6,
      "3": 2.6,
      "2": 3.8,
      "4": 5.0
    },
    "7": {
      "5": 4.6,
      "2": 3.0,
      "4": 2.2,
      "3": 2.4,
      "1": 4.6,
      "6": 5.6,
      "0": 5.6
    },
    "8": {
      "5": 1.2,
      "2": 5.2,
      "3": 3.6,
      "1": 2.8,
      "4": 4.0,
      "0": 4.2
    },
    "9": {
      "4": 2.2,
      "1": 3.0,
      "5": 2.8,
      "2": 3.2,
      "6": 5.0,
      "3": 5.6,
      "0": 6.2
    },
    "10": {
      "4": 2.4,
      "1": 2.2,
      "3": 3.4,
      "2": 2.6,
      "0": 4.4
    },
    "11": {
      "0": 2.2,
      "4": 2.8,
      "1": 2.2,
      "2": 2.8,
      "3": 5.0
    },
    "12": {
      "2": 2.4,
      "0": 1.8,
      "1": 2.0,
      "3": 3.8
    },
    "13": {
      "2": 1.8,
      "1": 1.6,
      "7": 6.2,
      "4": 4.2,
      "0": 4.0,
      "5": 5.6,
      "3": 4.6,
      "6": 8.0
    },
    "14": {
      "0": 2.8,
      "1": 2.2,
      "2": 2.8,
      "3": 2.2
    },
    "15": {
      "5": 3.4,
      "4": 3.0,
      "1": 2.0,
      "3": 3.4,
      "2": 5.0,
      "0": 4.2
    },
    "16": {
      "5": 4.6,
      "2": 2.8,
      "3": 2.6,
      "0": 2.8,
      "4": 4.0,
      "1": 4.2
    },
    "17": {
      "1": 1.6,
      "3": 1.6,
      "4": 2.8,
      "0": 4.8,
      "2": 4.2
    },
    "18": {
      "0": 1.2,
      "1": 1.8,
      "2": 3.0
    },
    "19": {
      "2": 1.2,
      "1": 3.8,
      "0": 2.6,
      "4": 2.8,
      "3": 5.4,
      "5": 5.2
    },
    "20": {
      "5": 2.4,
      "0": 3.4,
      "4": 2.4,
      "2": 3.4,
      "3": 4.4,
      "1": 5.0
    },
    "21": {
      "0": 1.0,
      "2": 2.4,
      "1": 2.6
    },
    "22": {
      "0": 5.8,
      "5": 4.2,
      "6": 4.4,
      "2": 5.4,
      "4": 3.0,
      "7": 3.0,
      "3": 4.6,
      "1": 5.6
    },
    "23": {
      "6": 3.6,
      "1": 3.6,
      "5": 2.6,
      "2": 5.0,
      "4": 4.0,
      "3": 4.2,
      "0": 5.0
    },
    "24": {
      "5": 2.4,
      "1": 1.8,
      "3": 4.2,
      "4": 4.4,
      "2": 4.6,
      "0": 3.6
    },
    "25": {
      "2": 1.2,
      "1": 3.0,
      "3": 2.4,
      "0": 3.4,
      "4": 5.0
    },
    "26": {
      "4": 1.0,
      "3": 2.2,
      "1": 2.8,
      "2": 4.0,
      "0": 5.0
    },
    "27": {
      "2": 1.8,
      "0": 1.6,
      "1": 3.4,
      "3": 4.0,
      "4": 4.2
    },
    "28": {
      "3": 2.2,
      "4": 3.0,
      "2": 4.0,
      "1": 2.6,
      "0": 3.2
    },
    "29": {
      "2": 1.8,
      "1": 3.0,
      "3": 2.8,
      "0": 2.6,
      "4": 4.8
    },
    "30": {
      "4": 3.6,
      "3": 3.4,
      "1": 3.2,
      "6": 6.4,
      "7": 4.8,
      "0": 3.8,
      "2": 5.6,
      "5": 5.2,
      "8": 9.0
    },
    "31": {
      "1": 2.0,
      "2": 1.8,
      "3": 2.8,
      "4": 3.6,
      "0": 4.8,
      "5": 6.0
    },
    "32": {
      "7": 1.2,
      "0": 2.6,
      "6": 3.6,
      "8": 6.0,
      "4": 4.6,
      "2": 5.0,
      "5": 6.0,
      "3": 7.6,
      "1": 8.4
    },
    "33": {
      "3": 1.2,
      "4": 2.0,
      "5": 2.8,
      "0": 4.6,
      "1": 5.0,
      "2": 5.4
    },
    "34": {
      "8": 4.4,
      "1": 3.4,
      "0": 2.8,
      "3": 3.4,
      "7": 4.0,
      "6": 5.6,
      "5": 7.2,
      "2": 5.6,
      "4": 8.6
    },
    "35": {
      "5": 4.8,
      "1": 2.2,
      "3": 2.4,
      "2": 3.0,
      "4": 4.2,
      "0": 4.4
    },
    "36": {
      "1": 1.6,
      "2": 1.8,
      "5": 3.0,
      "3": 5.4,
      "0": 4.4,
      "4": 4.8
    },
    "37": {
      "4": 1.4,
      "2": 2.4,
      "5": 3.0,
      "3": 3.4,
      "1": 4.8,
      "0": 6.0
    },
    "38": {
      "2": 1.0,
      "4": 3.4,
      "1": 2.8,
      "0": 3.4,
      "3": 4.4
    },
    "39": {
      "6": 2.0,
      "5": 3.0,
      "4": 3.8,
      "2": 3.6,
      "3": 5.4,
      "0": 4.4,
      "1": 5.8
    },
    "40": {
      "1": 1.8,
      "2": 1.4,
      "0": 3.4,
      "4": 4.2,
      "5": 4.2,
      "3": 6.0
    },
    "41": {
      "3": 3.6,
      "2": 2.8,
      "5": 1.8,
      "0": 5.0,
      "6": 4.2,
      "4": 3.6,
      "1": 7.0
    },
    "42": {
      "5": 2.2,
      "1": 2.4,
      "4": 1.8,
      "3": 4.4,
      "2": 4.2,
      "0": 6.0
    },
    "43": {
      "1": 2.8,
      "3": 4.0,
      "4": 3.6,
      "0": 3.6,
      "2": 1.8,
      "5": 5.2
    },
    "44": {
      "0": 3.6,
      "6": 1.8,
      "5": 2.4,
      "2": 3.4,
      "4": 3.8,
      "3": 6.8,
      "1": 6.2
    },
    "45": {
      "1": 2.0,
      "2": 2.0,
      "0": 2.6,
      "3": 3.4
    },
    "46": {
      "3": 1.4,
      "2": 1.8,
      "0": 2.8,
      "1": 4.0
    },
    "47": {
      "7": 1.8,
      "6": 1.6,
      "5": 4.4,
      "4": 3.8,
      "0": 6.8,
      "1": 5.0,
      "3": 6.2,
      "2": 6.4
    },
    "48": {
      "3": 1.4,
      "2": 1.6,
      "1": 3.4,
      "4": 4.0,
      "0": 4.6
    },
    "49": {
      "1": 1.4,
      "2": 2.4,
      "0": 2.2
    },
    "50": {
      "5": 3.0,
      "7": 1.4,
      "4": 5.8,
      "8": 3.8,
      "0": 4.2,
      "2": 5.6,
      "1": 6.4,
      "3": 7.0,
      "6": 7.8
    },
    "51": {
      "2": 1.4,
      "5": 1.6,
      "3": 3.6,
      "1": 4.6,
      "0": 4.2,
      "4": 5.6
    },
    "52": {
      "0": 2.0,
      "3": 1.8,
      "2": 2.6,
      "1": 4.0,
      "4": 4.6
    },
    "53": {
      "3": 3.4,
      "1": 3.8,
      "0": 2.8,
      "5": 5.2,
      "4": 2.4,
      "2": 3.4
    },
    "54": {
      "4": 1.0,
      "3": 2.6,
      "0": 2.4,
      "2": 4.8,
      "1": 4.2,
      "5": 6.0
    },
    "55": {
      "3": 2.0,
      "8": 2.2,
      "4": 4.833333333333333,
      "9": 3.4,
      "6": 3.6,
      "2": 7.0,
      "0": 7.4,
      "7": 8.5,
      "1": 8.8,
      "5": 8.0
    },
    "56": {
      "5": 1.6,
      "2": 1.6,
      "1": 3.8,
      "3": 4.0,
      "4": 5.6,
      "0": 4.4
    },
    "57": {
      "5": 2.8,
      "3": 2.2,
      "4": 2.8,
      "2": 3.0,
      "0": 4.2,
      "1": 6.0
    },
    "58": {
      "3": 1.6,
      "6": 2.0,