{
  "content_diversity": 0.6196919083595276,
  "classifier_auc": 0.6740850962886287,
  "ranking_stability": 0.4360756132756132,
  "feature_coefficients": {
    "word_count": 0.07880741586678873,
    "sentence_count": -0.14209560267914553,
    "avg_sentence_length": -0.08865455554106141,
    "paragraph_count": -0.235344883155722,
    "heading_density": -0.1733793030346474,
    "list_frequency": -0.05613590751289237,
    "readability": 0.20123237315763137,
    "bold_emphasis_density": -0.08642058953992932,
    "citation_density": -0.2559499870224,
    "statistic_density": -0.07618584809367504,
    "quote_density": 0.05401445255346746,
    "named_source_mentions": 0.2791602631297141,
    "year_mentions": -0.3915616049086948,
    "claim_density": -0.058706977806562914,
    "external_reference_density": 0.013012857347165768,
    "question_density": 0.07368654305920795,
    "query_similarity": -0.13757149380213402,
    "corpus_centroid_similarity": 0.030566736380828956,
    "type_token_ratio": -0.42614935502951407,
    "vocabulary_sophistication": 0.10836202510746502,
    "sentiment_polarity": 0.0532548442595468,
    "avg_word_length": -0.03418959062904688,
    "semantic_uniqueness": -0.30948689543833996,
    "information_density": -0.316612447677439,
    "specificity_score": -0.027298667211767304
  },
  "avg_ranks": {
    "0": {
      "1": 2.2,
      "6": 2.0,
      "2": 3.6,
      "4": 3.0,
      "3": 4.2,
      "0": 6.6,
      "5": 6.4
    },
    "1": {
      "3": 1.4,
      "1": 1.6,
      "4": 3.6,
      "5": 3.6,
      "2": 5.0,
      "0": 5.8
    },
    "2": {
      "3": 2.0,
      "2": 1.2,
      "0": 3.4,
      "4": 3.4,
      "1": 5.0
    },
    "3": {
      "4": 4.8,
      "0": 2.6,
      "5": 2.2,
      "6": 3.2,
      "1": 4.2,
      "2": 5.4,
      "3": 5.6
    },
    "4": {
      "0": 2.0,
      "2": 3.2,
      "4": 3.6,
      "1": 3.6,
      "5": 4.6,
      "3": 4.0
    },
    "5": {
      "4": 2.8,
      "2": 1.6,
      "3": 3.8,
      "5": 3.2,
      "0": 5.6,
      "1": 4.0
    },
    "6": {
      "2": 2.6,
      "1": 2.0,
      "0": 1.8,
      "3": 3.6,
      "4": 5.0
    },
    "7": {
      "4": 2.0,
      "3": 2.6,
      "6": 4.4,
      "1": 4.8,
      "0": 4.4,
      "5": 4.8,
      "2": 5.0
    },
    "8": {
      "1": 3.0,
      "2": 4.8,
      "5": 1.4,
      "3": 2.8,
      "4": 3.4,
      "0": 5.6
    },
    "9": {
      "3": 3.6,
      "1": 2.2,
      "6": 4.6,
      "2": 3.4,
      "5": 3.8,
      "0": 6.0,
      "4": 4.4
    },
    "10": {
      "1": 1.8,
      "4": 2.0,
      "3": 4.0,
      "2": 3.0,
      "0": 4.2
    },
    "11": {
      "1": 1.4,
      "2": 2.0,
      "0": 2.6,
      "4": 4.0,
      "3": 5.0
    },
    "12": {
      "2": 1.2,
      "0": 2.2,
      "3": 3.2,
      "1": 3.4
    },
    "13": {
      "7": 4.8,
      "2": 2.8,
      "1": 2.2,
      "0": 4.4,
      "4": 4.2,
      "3": 4.0,
      "5": 5.6,
      "6": 8.0
    },
    "14": {
      "1": 1.8,
      "2": 3.0,
      "0": 3.6,
      "3": 1.6
    },
    "15": {
      "5": 2.0,
      "4": 2.0,
      "3": 2.8,
      "1": 3.6,
      "0": 4.6,
      "2": 6.0
    },
    "16": {
      "3": 1.8,
      "2": 1.6,
      "4": 4.4,
      "0": 4.0,
      "1": 5.2,
      "5": 4.0
    },
    "17": {
      "1": 1.4,
      "3": 3.2,
      "4": 2.8,
      "2": 4.2,
      "0": 3.4
    },
    "18": {
      "0": 2.4,
      "1": 1.2,
      "2": 2.4
    },
    "19": {
      "2": 2.6,
      "3": 4.4,
      "4": 2.4,
      "1": 2.8,
      "5": 5.4,
      "0": 3.4
    },
    "20": {
      "0": 2.0,
      "5": 1.8,
      "4": 2.4,
      "3": 4.4,
      "2": 4.8,
      "1": 5.6
    },
    "21": {
      "0": 1.0,
      "2": 2.0,
      "1": 3.0
    },
    "22": {
      "3": 4.4,
      "7": 2.2,
      "6": 4.2,
      "1": 5.6,
      "0": 4.6,
      "4": 3.4,
      "5": 4.8,
      "2": 6.8
    },
    "23": {
      "3": 2.0,
      "4": 2.6,
      "2": 3.2,
      "0": 4.6,
      "5": 5.0,
      "1": 5.4,
      "6": 5.2
    },
    "24": {
      "2": 3.2,
      "1": 1.4,
      "5": 3.2,
      "3": 3.8,
      "0": 3.8,
      "4": 5.6
    },
    "25": {
      "2": 1.2,
      "3": 2.4,
      "1": 3.0,
      "0": 3.6,
      "4": 4.8
    },
    "26": {
      "4": 1.4,
      "3": 2.2,
      "1": 2.4,
      "2": 4.0,
      "0": 5.0
    },
    "27": {
      "0": 1.4,
      "2": 1.6,
      "1": 3.2,
      "3": 3.8,
      "4": 5.0
    },
    "28": {
      "3": 2.8,
      "4": 1.8,
      "2": 2.8,
      "0": 3.6,
      "1": 4.0
    },
    "29": {
      "3": 2.2,
      "1": 2.6,
      "2": 2.2,
      "0": 3.6,
      "4": 4.4
    },
    "30": {
      "1": 2.6,
      "7": 3.8,
      "0": 2.8,
      "4": 3.8,
      "2": 5.6,
      "3": 5.6,
      "5": 6.4,
      "6": 7.0,
      "8": 7.4
    },
    "31": {
      "3": 3.4,
      "1": 2.6,
      "2": 1.6,
      "4": 2.8,
      "0": 5.6,
      "5": 5.0
    },
    "32": {
      "7": 1.2,
      "0": 3.0,
      "4": 3.6,
      "3": 4.2,
      "6": 5.2,
      "8": 6.4,
      "2": 6.2,
      "5": 6.6,
      "1": 8.6
    },
    "33": {
      "3": 1.4,
      "4": 1.6,
      "2": 4.6,
      "5": 3.4,
      "1": 5.4,
      "0": 4.6
    },
    "34": {
      "6": 3.8,
      "2": 4.4,
      "3": 3.2,
      "5": 4.6,
      "4": 7.4,
      "1": 6.2,
      "7": 5.4,
      "8": 5.8,
      "0": 4.2
    },
    "35": {
      "3": 1.8,
      "4": 2.8,
      "1": 2.6,
      "0": 4.6,
      "2": 3.6,
      "5": 5.6
    },
    "36": {
      "1": 1.8,
      "5": 3.8,
      "2": 2.4,
      "4": 3.2,
      "0": 3.8,
      "3": 6.0
    },
    "37": {
      "3": 2.4,
      "2": 1.4,
      "4": 2.4,
      "5": 4.0,
      "1": 4.8,
      "0": 6.0
    },
    "38": {
      "1": 1.2,
      "2": 1.8,
      "3": 3.8,
      "0": 4.0,
      "4": 4.2
    },
    "39": {
      "1": 5.8,
      "6": 3.6,
      "5": 2.6,
      "2": 3.8,
      "3": 5.0,
      "0": 4.0,
      "4": 3.2
    },
    "40": {
      "2": 2.2,
      "5": 3.4,
      "1": 2.6,
      "0": 3.4,
      "4": 3.6,
      "3": 5.8
    },
    "41": {
      "4": 3.0,
      "5": 1.8,
      "6": 4.6,
      "2": 2.8,
      "3": 3.4,
      "0": 5.4,
      "1": 7.0
    },
    "42": {
      "4": 2.4,
      "1": 2.0,
      "5": 2.4,
      "2": 3.6,
      "3": 4.6,
      "0": 6.0
    },
    "43": {
      "1": 1.0,
      "4": 3.2,
      "3": 2.4,
      "2": 4.2,
      "0": 4.8,
      "5": 5.4
    },
    "44": {
      "6": 1.8,
      "1": 5.6,
      "2": 3.6,
      "4": 2.8,
      "0": 4.6,
      "5": 4.0,
      "3": 5.6
    },
    "45": {
      "1": 1.2,
      "3": 2.2,
      "2": 3.4,
      "0": 3.2
    },
    "46": {
      "0": 2.2,
      "2": 2.0,
      "3": 2.2,
      "1": 3.6
    },
    "47": {
      "7": 1.4,
      "4": 2.6,
      "5": 3.0,
      "6": 3.8,
      "1": 4.2,
      "0": 6.8,
      "3": 7.0,
      "2": 7.2
    },
    "48": {
      "3": 1.2,
      "2": 1.8,
      "1": 3.0,
      "4": 4.2,
      "0": 4.8
    },
    "49": {
      "2": 1.0,
      "0": 2.6,
      "1": 2.4
    },
    "50": {
      "5": 4.0,
      "7": 2.2,
      "8": 3.4,
      "0": 3.8,
      "4": 4.6,
      "6": 7.0,
      "3": 7.0,
      "2": 5.4,
      "1": 7.6
    },
    "51": {
      "5": 1.8,
      "2": 1.6,
      "3": 2.6,
      "1": 4.4,
      "4": 5.2,
      "0": 5.4
    },
    "52": {
      "0": 1.0,
      "1": 4.2,
      "2": 2.6,
      "3": 2.8,
      "4": 4.4
    },
    "53": {
      "0": 3.0,
      "2": 4.4,
      "4": 3.8,
      "1": 2.6,
      "3": 3.0,
      "5": 4.2
    },
    "54": {
      "4": 1.0,
      "0": 2.4,
      "3": 3.0,
      "1": 4.2,
      "2": 5.6,
      "5": 4.8
    },
    "55": {
      "9": 1.6,
      "8": 3.0,
      "3": 2.6,
      "4": 2.8,
      "2": 6.8,
      "0": 7.8,
      "6": 5.6,
      "7": 8.6,
      "5": 8.2,
      "1": 8.0
    },
    "56": {
      "5": 1.0,
      "2": 2.4,
      "1": 3.0,
      "0": 3.6,
      "3": 5.2,
      "4": 5.8
    },
    "57": {
      "5": 3.0,
      "4": 2.4,
      "2": 2.0,
      "3": 2.6,
      "1": 5.8,
      "0": 5.2
    },
    "58": {
      "1": 2.8,
      "6": 2.2,
      "3": 2.6,