{
  "content_diversity": 0.6165345311164856,
  "classifier_auc": 0.7426749826749827,
  "ranking_stability": 0.4108291522517464,
  "feature_coefficients": {
    "word_count": 0.1912183290462064,
    "sentence_count": 0.3233976863995966,
    "avg_sentence_length": -0.2729118264606303,
    "paragraph_count": -0.21376345598379046,
    "heading_density": -0.3658919650077052,
    "list_frequency": -0.10105215507451722,
    "readability": 0.5527213557168857,
    "bold_emphasis_density": -0.12013939999731484,
    "citation_density": -0.3678542934534694,
    "statistic_density": 0.02791593688279565,
    "quote_density": -0.2107012488887099,
    "named_source_mentions": 0.09706602749637351,
    "year_mentions": -0.5155032976206552,
    "claim_density": -0.06152280543071283,
    "external_reference_density": 0.05765041573591254,
    "question_density": -0.08241995218499543,
    "query_similarity": -0.08179908125417433,
    "corpus_centroid_similarity": 0.37569702870846167,
    "type_token_ratio": -0.3806953227142854,
    "vocabulary_sophistication": -0.05778058348213282,
    "sentiment_polarity": 0.19647646626091247,
    "avg_word_length": 0.12977231536095343,
    "semantic_uniqueness": -0.3168255782125848,
    "information_density": -0.10537432437713798,
    "specificity_score": -0.0595492559715548
  },
  "avg_ranks": {
    "0": {
      "1": 2.4,
      "6": 1.6,
      "4": 3.2,
      "2": 3.2,
      "5": 5.8,
      "3": 5.4,
      "0": 6.4
    },
    "1": {
      "5": 2.25,
      "1": 1.75,
      "4": 4.25,
      "3": 2.5,
      "2": 4.25,
      "0": 6.0
    },
    "2": {
      "3": 1.6,
      "2": 1.4,
      "4": 3.6,
      "0": 3.4,
      "1": 5.0
    },
    "3": {
      "0": 4.2,
      "5": 3.4,
      "3": 4.6,
      "1": 2.4,
      "2": 2.6,
      "6": 4.0,
      "4": 6.8
    },
    "4": {
      "1": 2.25,
      "0": 2.25,
      "3": 3.25,
      "2": 4.25,
      "5": 3.0,
      "4": 6.0
    },
    "5": {
      "2": 1.4,
      "5": 2.2,
      "1": 3.2,
      "4": 3.2,
      "3": 5.2,
      "0": 5.8
    },
    "6": {
      "0": 1.6,
      "1": 1.8,
      "3": 3.4,
      "2": 3.2,
      "4": 5.0
    },
    "7": {
      "3": 2.4,
      "4": 1.8,
      "6": 5.6,
      "1": 3.6,
      "0": 4.6,
      "5": 6.2,
      "2": 3.8
    },
    "8": {
      "5": 1.0,
      "3": 3.2,
      "4": 4.0,
      "1": 2.6,
      "0": 4.6,
      "2": 5.6
    },
    "9": {
      "5": 3.2,
      "1": 2.0,
      "2": 3.2,
      "4": 5.2,
      "3": 4.0,
      "6": 4.6,
      "0": 5.8
    },
    "10": {
      "4": 2.0,
      "1": 2.5,
      "2": 2.5,
      "3": 3.75,
      "0": 4.25
    },
    "11": {
      "4": 2.6,
      "1": 2.0,
      "2": 2.2,
      "0": 3.2,
      "3": 5.0
    },
    "12": {
      "0": 1.6,
      "2": 1.8,
      "3": 3.6,
      "1": 3.0
    },
    "13": {
      "2": 3.0,
      "1": 3.2,
      "7": 6.0,
      "0": 3.2,
      "4": 3.2,
      "5": 4.2,
      "3": 5.2,
      "6": 8.0
    },
    "14": {
      "2": 2.0,
      "1": 1.6,
      "0": 3.2,
      "3": 3.2
    },
    "15": {
      "2": 4.8,
      "5": 2.4,
      "3": 3.2,
      "0": 4.4,
      "1": 4.2,
      "4": 2.0
    },
    "16": {
      "5": 3.6,
      "2": 2.0,
      "3": 2.2,
      "0": 3.0,
      "4": 5.4,
      "1": 4.8
    },
    "17": {
      "0": 4.2,
      "1": 2.0,
      "3": 2.0,
      "4": 2.6,
      "2": 4.2
    },
    "18": {
      "1": 1.8,
      "0": 1.6,
      "2": 2.6
    },
    "19": {
      "0": 1.4,
      "4": 2.2,
      "2": 3.0,
      "1": 3.4,
      "5": 5.2,
      "3": 5.8
    },
    "20": {
      "5": 2.0,
      "2": 4.0,
      "4": 2.4,
      "0": 2.4,
      "3": 4.8,
      "1": 5.4
    },
    "21": {
      "0": 1.0,
      "2": 2.25,
      "1": 2.75
    },
    "22": {
      "7": 2.6,
      "4": 2.6,
      "5": 4.2,
      "3": 4.8,
      "6": 3.8,
      "2": 3.4,
      "1": 7.6,
      "0": 7.0
    },
    "23": {
      "6": 5.4,
      "1": 5.2,
      "4": 3.2,
      "5": 2.6,
      "2": 3.6,
      "0": 5.0,
      "3": 3.0
    },
    "24": {
      "5": 1.5,
      "4": 3.75,
      "1": 1.75,
      "3": 3.5,
      "0": 5.25,
      "2": 5.25
    },
    "25": {
      "2": 1.4,
      "1": 1.8,
      "0": 4.2,
      "4": 4.4,
      "3": 3.2
    },
    "26": {
      "3": 1.6,
      "1": 1.8,
      "4": 2.6,
      "2": 4.0,
      "0": 5.0
    },
    "27": {
      "0": 1.2,
      "3": 3.6,
      "2": 2.0,
      "1": 3.6,
      "4": 4.6
    },
    "28": {
      "1": 3.4,
      "0": 4.0,
      "4": 2.4,
      "2": 3.4,
      "3": 1.8
    },
    "29": {
      "1": 2.2,
      "2": 1.4,
      "0": 2.4,
      "4": 4.6,
      "3": 4.4
    },
    "30": {
      "6": 4.8,
      "4": 2.8,
      "1": 2.2,
      "7": 3.8,
      "5": 6.2,
      "3": 5.2,
      "0": 4.6,
      "2": 6.4,
      "8": 9.0
    },
    "31": {
      "4": 3.6,
      "2": 1.4,
      "3": 3.4,
      "5": 5.0,
      "0": 4.0,
      "1": 3.6
    },
    "32": {
      "7": 1.0,
      "0": 3.6,
      "4": 4.2,
      "8": 4.6,
      "6": 4.0,
      "1": 6.8,
      "5": 5.6,
      "3": 7.4,
      "2": 7.8
    },
    "33": {
      "3": 1.4,
      "5": 3.0,
      "4": 2.2,
      "1": 4.6,
      "2": 5.2,
      "0": 4.6
    },
    "34": {
      "6": 2.75,
      "2": 2.25,
      "3": 3.25,
      "0": 3.25,
      "1": 4.75,
      "8": 5.0,
      "7": 7.0,
      "4": 7.75,
      "5": 9.0
    },
    "35": {
      "4": 2.25,
      "3": 2.0,
      "1": 3.0,
      "0": 4.25,
      "5": 4.75,
      "2": 4.75
    },
    "36": {
      "1": 2.0,
      "5": 2.8,
      "2": 2.0,
      "3": 5.4,
      "4": 4.0,
      "0": 4.8
    },
    "37": {
      "2": 1.25,
      "4": 2.0,
      "5": 3.0,
      "3": 3.75,
      "1": 5.0,
      "0": 6.0
    },
    "38": {
      "2": 1.4,
      "1": 2.0,
      "4": 3.8,
      "0": 4.0,
      "3": 3.8
    },
    "39": {
      "5": 1.5,
      "4": 3.75,
      "3": 4.5,
      "2": 4.25,
      "6": 3.75,
      "0": 5.0,
      "1": 5.25
    },
    "40": {
      "0": 3.4,
      "1": 1.6,
      "5": 4.4,
      "2": 2.0,
      "4": 3.8,
      "3": 5.8
    },
    "41": {
      "3": 2.6,
      "5": 2.2,
      "4": 3.4,
      "0": 4.0,
      "2": 4.0,
      "6": 4.8,
      "1": 7.0
    },
    "42": {
      "2": 3.0,
      "4": 1.8,
      "1": 2.8,
      "5": 2.6,
      "3": 4.8,
      "0": 6.0
    },
    "43": {
      "5": 2.0,
      "1": 2.25,
      "2": 3.5,
      "0": 3.5,
      "3": 3.75,
      "4": 6.0
    },
    "44": {
      "4": 2.4,
      "6": 1.8,
      "0": 3.8,
      "2": 3.0,
      "5": 4.0,
      "1": 6.0,
      "3": 7.0
    },
    "45": {
      "1": 1.4,
      "2": 1.8,
      "0": 3.6,
      "3": 3.2
    },
    "46": {
      "0": 1.6,
      "2": 2.6,
      "3": 1.8,
      "1": 4.0
    },
    "47": {
      "2": 4.8,
      "1": 4.0,
      "7": 1.8,
      "4": 3.8,
      "3": 6.8,
      "0": 7.0,
      "5": 3.2,
      "6": 4.6
    },
    "48": {
      "3": 1.2,
      "2": 2.2,
      "1": 2.6,
      "4": 4.2,
      "0": 4.8
    },
    "49": {
      "2": 2.0,
      "1": 1.5,
      "0": 2.5
    },
    "50": {
      "8": 2.2,
      "7": 1.6,
      "0": 2.6,
      "2": 5.4,
      "4": 6.4,
      "1": 6.4,
      "5": 5.0,
      "3": 7.6,
      "6": 7.8
    },
    "51": {
      "2": 1.4,
      "5": 1.6,
      "1": 4.0,
      "3": 3.4,
      "0": 5.2,
      "4": 5.4
    },
    "52": {
      "3": 2.0,
      "0": 1.6,
      "2": 2.6,
      "1": 4.0,
      "4": 4.8
    },
    "53": {
      "1": 3.8,
      "0": 3.4,
      "2": 4.0,
      "3": 2.4,
      "4": 3.0,
      "5": 4.4
    },
    "54": {
      "4": 1.0,
      "3": 2.0,
      "0": 3.0,
      "1": 4.0,
      "2": 5.2,
      "5": 5.8
    },
    "55": {
      "3": 2.4,
      "9": 2.0,
      "8": 2.8,
      "4": 3.0,
      "6": 4.8,
      "5": 7.6,
      "2": 7.2,
      "7": 8.6,
      "1": 8.8,
      "0": 7.8
    },
    "56": {
      "5": 1.2,
      "2": 2.8,
      "1": 3.2,
      "3": 4.6,
      "0": 5.6,
      "4": 3.6
    },
    "57": {
      "4": 2.2,
      "5": 2.6,
      "3": 3.2,
      "2": 3.6,
      "0": 4.2,
      "1": 5.2
    },
    "58": {
      "3": 2.0,