{
  "content_diversity": 0.6237601637840271,
  "classifier_auc": 0.7025026019490964,
  "ranking_stability": 0.4145131313131313,
  "feature_coefficients": {
    "word_count": 0.3847213558590421,
    "sentence_count": -0.285473319004303,
    "avg_sentence_length": 0.14663391869685213,
    "paragraph_count": -0.23713631306054328,
    "heading_density": 0.054852356254703534,
    "list_frequency": 0.06938060167413701,
    "readability": -0.1093645642442986,
    "bold_emphasis_density": -0.05079033929403294,
    "citation_density": -0.3154116709071175,
    "statistic_density": 0.1984513015488708,
    "quote_density": 0.009539867094436926,
    "named_source_mentions": -0.5926233119690344,
    "year_mentions": 0.366966368826218,
    "claim_density": -0.2459170035727771,
    "external_reference_density": 0.208865426273568,
    "question_density": 0.1600379823181515,
    "query_similarity": -0.13471132607181704,
    "corpus_centroid_similarity": 0.06172897214370267,
    "type_token_ratio": -0.5739885897098969,
    "vocabulary_sophistication": 0.25103450698000623,
    "sentiment_polarity": 0.07542009924213781,
    "avg_word_length": -0.06522738740117952,
    "semantic_uniqueness": -0.0482622493421702,
    "information_density": 0.05349256158246505,
    "specificity_score": -0.11635572181653141
  },
  "avg_ranks": {
    "0": {
      "6": 1.4,
      "1": 2.2,
      "2": 3.2,
      "4": 3.2,
      "5": 6.0,
      "3": 5.6,
      "0": 6.4
    },
    "1": {
      "1": 1.8,
      "3": 2.4,
      "4": 2.2,
      "5": 4.0,
      "2": 4.6,
      "0": 6.0
    },
    "2": {
      "3": 2.0,
      "2": 1.4,
      "4": 3.2,
      "0": 3.4,
      "1": 5.0
    },
    "3": {
      "5": 3.6,
      "0": 4.2,
      "6": 2.8,
      "3": 4.2,
      "1": 3.6,
      "4": 4.0,
      "2": 5.6
    },
    "4": {
      "1": 2.6,
      "0": 1.6,
      "3": 3.8,
      "2": 3.4,
      "5": 4.4,
      "4": 5.2
    },
    "5": {
      "2": 1.4,
      "5": 1.6,
      "1": 4.0,
      "3": 4.6,
      "4": 4.0,
      "0": 5.4
    },
    "6": {
      "1": 1.0,
      "0": 2.6,
      "3": 2.6,
      "2": 3.8,
      "4": 5.0
    },
    "7": {
      "0": 3.2,
      "2": 2.0,
      "1": 4.0,
      "4": 2.4,
      "3": 3.4,
      "5": 6.2,
      "6": 6.8
    },
    "8": {
      "5": 1.4,
      "1": 4.6,
      "4": 2.0,
      "0": 4.2,
      "3": 4.0,
      "2": 4.8
    },
    "9": {
      "4": 1.8,
      "2": 3.2,
      "1": 4.0,
      "6": 3.8,
      "0": 6.2,
      "3": 5.6,
      "5": 3.4
    },
    "10": {
      "4": 1.8,
      "1": 2.2,
      "3": 3.6,
      "2": 2.4,
      "0": 5.0
    },
    "11": {
      "1": 1.0,
      "2": 2.0,
      "0": 3.0,
      "4": 4.4,
      "3": 4.6
    },
    "12": {
      "2": 1.6,
      "0": 1.8,
      "3": 3.4,
      "1": 3.2
    },
    "13": {
      "1": 3.2,
      "2": 4.6,
      "3": 2.8,
      "0": 3.6,
      "4": 2.4,
      "5": 5.8,
      "7": 5.6,
      "6": 8.0
    },
    "14": {
      "1": 2.0,
      "3": 2.8,
      "2": 1.8,
      "0": 3.4
    },
    "15": {
      "1": 2.8,
      "3": 2.2,
      "4": 1.6,
      "5": 3.4,
      "0": 5.0,
      "2": 6.0
    },
    "16": {
      "5": 4.0,
      "2": 1.4,
      "4": 3.6,
      "3": 2.2,
      "0": 3.8,
      "1": 6.0
    },
    "17": {
      "1": 1.2,
      "4": 2.4,
      "3": 2.4,
      "2": 4.0,
      "0": 5.0
    },
    "18": {
      "1": 1.6,
      "0": 1.4,
      "2": 3.0
    },
    "19": {
      "0": 2.6,
      "1": 2.8,
      "2": 2.4,
      "4": 4.0,
      "5": 3.4,
      "3": 5.8
    },
    "20": {
      "2": 3.6,
      "5": 2.0,
      "4": 3.0,
      "3": 4.4,
      "1": 4.2,
      "0": 3.8
    },
    "21": {
      "0": 1.0,
      "2": 2.2,
      "1": 2.8
    },
    "22": {
      "6": 3.0,
      "7": 1.8,
      "5": 3.0,
      "4": 3.6,
      "2": 6.0,
      "3": 5.0,
      "1": 7.0,
      "0": 6.6
    },
    "23": {
      "0": 2.6,
      "3": 2.2,
      "5": 5.2,
      "4": 3.2,
      "2": 4.2,
      "1": 5.4,
      "6": 5.2
    },
    "24": {
      "1": 1.6,
      "5": 2.2,
      "2": 3.4,
      "3": 4.0,
      "0": 4.2,
      "4": 5.6
    },
    "25": {
      "2": 1.0,
      "3": 3.2,
      "1": 3.0,
      "0": 3.4,
      "4": 4.4
    },
    "26": {
      "1": 2.2,
      "3": 1.8,
      "4": 2.8,
      "2": 3.2,
      "0": 5.0
    },
    "27": {
      "0": 1.2,
      "2": 2.0,
      "1": 2.8,
      "3": 4.4,
      "4": 4.6
    },
    "28": {
      "1": 2.8,
      "3": 3.8,
      "0": 2.6,
      "4": 2.8,
      "2": 3.0
    },
    "29": {
      "1": 1.8,
      "0": 3.2,
      "3": 2.8,
      "2": 2.6,
      "4": 4.6
    },
    "30": {
      "1": 2.2,
      "6": 4.4,
      "4": 6.2,
      "3": 4.6,
      "7": 3.0,
      "0": 4.6,
      "5": 6.8,
      "2": 7.4,
      "8": 5.8
    },
    "31": {
      "2": 1.4,
      "4": 2.6,
      "0": 4.6,
      "5": 4.8,
      "1": 4.4,
      "3": 3.2
    },
    "32": {
      "7": 1.4,
      "3": 2.4,
      "8": 7.4,
      "5": 5.6,
      "2": 5.4,
      "6": 4.6,
      "4": 5.6,
      "0": 4.8,
      "1": 7.8
    },
    "33": {
      "3": 1.8,
      "0": 3.8,
      "4": 1.8,
      "5": 2.8,
      "2": 5.4,
      "1": 5.4
    },
    "34": {
      "7": 3.6,
      "8": 4.4,
      "3": 2.8,
      "0": 3.4,
      "1": 5.2,
      "2": 5.2,
      "6": 4.8,
      "4": 7.8,
      "5": 7.8
    },
    "35": {
      "3": 1.8,
      "4": 3.8,
      "1": 2.2,
      "0": 4.6,
      "5": 4.0,
      "2": 4.6
    },
    "36": {
      "1": 2.0,
      "2": 1.8,
      "5": 3.2,
      "0": 3.0,
      "4": 5.0,
      "3": 6.0
    },
    "37": {
      "3": 3.0,
      "2": 1.8,
      "4": 1.6,
      "1": 4.8,
      "5": 3.8,
      "0": 6.0
    },
    "38": {
      "2": 2.4,
      "1": 1.6,
      "4": 3.0,
      "3": 4.0,
      "0": 4.0
    },
    "39": {
      "4": 3.2,
      "6": 2.6,
      "0": 3.0,
      "3": 4.6,
      "2": 5.0,
      "5": 5.0,
      "1": 4.6
    },
    "40": {
      "2": 1.8,
      "0": 2.8,
      "1": 2.2,
      "5": 3.4,
      "4": 4.8,
      "3": 6.0
    },
    "41": {
      "2": 1.4,
      "5": 4.0,
      "3": 3.0,
      "6": 3.4,
      "4": 4.6,
      "0": 4.6,
      "1": 7.0
    },
    "42": {
      "5": 2.4,
      "4": 1.6,
      "1": 2.2,
      "3": 4.6,
      "2": 4.2,
      "0": 6.0
    },
    "43": {
      "1": 1.8,
      "3": 2.6,
      "4": 4.6,
      "2": 3.4,
      "0": 3.8,
      "5": 4.8
    },
    "44": {
      "4": 1.6,
      "6": 2.8,
      "5": 4.2,
      "0": 5.0,
      "2": 4.0,
      "1": 6.2,
      "3": 4.2
    },
    "45": {
      "1": 1.8,
      "3": 2.0,
      "2": 3.0,
      "0": 3.2
    },
    "46": {
      "0": 2.2,
      "2": 2.0,
      "3": 1.8,
      "1": 4.0
    },
    "47": {
      "7": 1.4,
      "6": 3.4,
      "1": 3.8,
      "4": 3.0,
      "5": 3.6,
      "2": 7.4,
      "0": 6.8,
      "3": 6.6
    },
    "48": {
      "2": 2.0,
      "3": 1.6,
      "1": 3.0,
      "0": 3.8,
      "4": 4.6
    },
    "49": {
      "0": 1.6,
      "1": 2.2,
      "2": 2.2
    },
    "50": {
      "7": 1.8,
      "8": 2.0,
      "5": 4.4,
      "0": 3.0,
      "1": 5.6,
      "4": 7.2,
      "2": 6.0,
      "6": 7.4,
      "3": 7.6
    },
    "51": {
      "2": 1.2,
      "5": 2.2,
      "3": 2.8,
      "1": 4.0,
      "0": 4.8,
      "4": 6.0
    },
    "52": {
      "0": 2.6,
      "3": 2.8,
      "2": 2.2,
      "4": 4.0,
      "1": 3.4
    },
    "53": {
      "4": 3.2,
      "5": 4.0,
      "3": 2.8,
      "1": 3.6,
      "2": 3.6,
      "0": 3.8
    },
    "54": {
      "4": 1.0,
      "0": 3.2,
      "3": 2.4,
      "2": 5.4,
      "1": 5.0,
      "5": 4.0
    },
    "55": {
      "8": 2.0,
      "9": 2.2,
      "4": 3.8,
      "3": 2.8,
      "5": 7.4,
      "0": 6.8,
      "6": 4.6,
      "1": 9.6,
      "7": 7.8,
      "2": 8.0
    },
    "56": {
      "5": 1.0,
      "1": 2.4,
      "2": 2.6,
      "0": 5.2,
      "3": 4.8,
      "4": 5.0
    },
    "57": {
      "4": 2.2,
      "5": 2.4,
      "3": 2.4,
      "0": 4.8,
      "1": 5.8,
      "2": 3.4
    },
    "58": {
      "3": 2.4,
      "6": 1.6,
      "4": 3.2,