{
  "content_diversity": 0.6218637228012085,
  "classifier_auc": 0.7115774711377124,
  "ranking_stability": 0.41015131516197617,
  "feature_coefficients": {
    "word_count": -0.047226609010919615,
    "sentence_count": -0.101478763725237,
    "avg_sentence_length": 0.11032911978033312,
    "paragraph_count": -0.7302296025706693,
    "heading_density": -0.05025083560331457,
    "list_frequency": 0.012750561253996855,
    "readability": 0.13603280532661774,
    "bold_emphasis_density": -0.08593637200147981,
    "citation_density": -0.04179876517715449,
    "statistic_density": -0.012165406998730014,
    "quote_density": -0.029927810550576504,
    "named_source_mentions": -0.27996668222537224,
    "year_mentions": 0.2620308576242897,
    "claim_density": -0.3060342222377253,
    "external_reference_density": 0.175281039428493,
    "question_density": 0.13080635552585856,
    "query_similarity": -0.03156184760431021,
    "corpus_centroid_similarity": 0.10728510995080376,
    "type_token_ratio": -0.47397518921512727,
    "vocabulary_sophistication": 0.28610174980412756,
    "sentiment_polarity": 0.029866644922109768,
    "avg_word_length": -0.002088860372269616,
    "semantic_uniqueness": -0.2103123614792851,
    "information_density": -0.03589047118897385,
    "specificity_score": -0.01630643320416408
  },
  "avg_ranks": {
    "0": {
      "6": 1.2,
      "2": 3.0,
      "1": 2.4,
      "4": 3.8,
      "3": 5.4,
      "0": 6.6,
      "5": 5.6
    },
    "1": {
      "3": 1.8,
      "1": 1.2,
      "2": 4.6,
      "5": 3.6,
      "4": 4.0,
      "0": 5.8
    },
    "2": {
      "2": 1.6,
      "3": 2.6,
      "0": 3.8,
      "4": 2.0,
      "1": 5.0
    },
    "3": {
      "5": 1.8,
      "6": 2.6,
      "1": 4.4,
      "0": 4.6,
      "3": 3.8,
      "4": 5.4,
      "2": 5.4
    },
    "4": {
      "0": 1.5,
      "3": 3.75,
      "1": 3.75,
      "2": 3.0,
      "5": 4.5,
      "4": 4.5
    },
    "5": {
      "2": 1.8,
      "5": 2.4,
      "4": 2.4,
      "1": 4.4,
      "3": 4.2,
      "0": 5.8
    },
    "6": {
      "1": 1.2,
      "0": 2.2,
      "2": 3.6,
      "3": 3.0,
      "4": 5.0
    },
    "7": {
      "4": 1.4,
      "3": 2.6,
      "2": 2.0,
      "0": 5.6,
      "1": 5.6,
      "6": 4.4,
      "5": 6.4
    },
    "8": {
      "4": 2.8,
      "5": 1.2,
      "3": 3.4,
      "0": 3.0,
      "1": 5.6,
      "2": 5.0
    },
    "9": {
      "4": 1.8,
      "2": 3.4,
      "5": 2.8,
      "3": 4.8,
      "6": 3.8,
      "0": 6.0,
      "1": 5.4
    },
    "10": {
      "0": 3.4,
      "1": 1.8,
      "4": 3.2,
      "2": 3.0,
      "3": 3.6
    },
    "11": {
      "1": 1.25,
      "2": 2.25,
      "0": 2.5,
      "3": 4.5,
      "4": 4.5
    },
    "12": {
      "2": 1.4,
      "0": 2.0,
      "3": 3.4,
      "1": 3.2
    },
    "13": {
      "3": 2.5,
      "4": 2.75,
      "0": 4.0,
      "2": 3.0,
      "1": 3.5,
      "5": 5.25,
      "7": 7.0,
      "6": 8.0
    },
    "14": {
      "3": 1.8,
      "1": 1.8,
      "2": 2.8,
      "0": 3.6
    },
    "15": {
      "5": 1.4,
      "3": 3.2,
      "1": 3.4,
      "4": 3.0,
      "0": 4.2,
      "2": 5.8
    },
    "16": {
      "4": 3.0,
      "0": 3.8,
      "3": 3.4,
      "2": 2.0,
      "1": 5.8,
      "5": 3.0
    },
    "17": {
      "2": 2.0,
      "1": 1.75,
      "3": 3.0,
      "0": 4.25,
      "4": 4.0
    },
    "18": {
      "0": 1.4,
      "1": 1.6,
      "2": 3.0
    },
    "19": {
      "2": 1.75,
      "0": 3.5,
      "4": 2.5,
      "3": 5.0,
      "5": 5.0,
      "1": 3.25
    },
    "20": {
      "4": 1.3333333333333333,
      "5": 2.3333333333333335,
      "1": 4.333333333333333,
      "2": 2.6666666666666665,
      "0": 5.0,
      "3": 5.333333333333333
    },
    "21": {
      "0": 1.4,
      "2": 2.0,
      "1": 2.6
    },
    "22": {
      "7": 2.5,
      "5": 2.25,
      "2": 5.5,
      "4": 2.75,
      "6": 3.0,
      "3": 5.5,
      "0": 7.25,
      "1": 7.25
    },
    "23": {
      "3": 4.0,
      "4": 3.0,
      "2": 3.2,
      "0": 5.0,
      "5": 4.8,
      "1": 4.8,
      "6": 3.2
    },
    "24": {
      "0": 1.8,
      "1": 2.4,
      "5": 3.4,
      "2": 2.6,
      "3": 4.8,
      "4": 6.0
    },
    "25": {
      "0": 3.6,
      "2": 1.2,
      "3": 2.6,
      "1": 2.8,
      "4": 4.8
    },
    "26": {
      "3": 2.0,
      "1": 3.0,
      "4": 1.6,
      "2": 3.4,
      "0": 5.0
    },
    "27": {
      "0": 1.4,
      "1": 2.4,
      "2": 2.2,
      "3": 4.4,
      "4": 4.6
    },
    "28": {
      "1": 2.0,
      "0": 3.6,
      "4": 2.8,
      "2": 4.0,
      "3": 2.6
    },
    "29": {
      "1": 2.4,
      "0": 3.2,
      "3": 2.0,
      "2": 3.2,
      "4": 4.2
    },
    "30": {
      "4": 2.4,
      "1": 4.2,
      "7": 3.4,
      "2": 7.0,
      "0": 3.6,
      "5": 5.4,
      "3": 4.6,
      "6": 7.2,
      "8": 7.2
    },
    "31": {
      "2": 1.0,
      "1": 2.8,
      "4": 3.4,
      "0": 4.6,
      "5": 4.6,
      "3": 4.6
    },
    "32": {
      "2": 3.8,
      "3": 2.6,
      "7": 2.2,
      "0": 4.6,
      "4": 4.4,
      "5": 7.2,
      "1": 7.8,
      "6": 5.4,
      "8": 7.0
    },
    "33": {
      "3": 1.0,
      "0": 3.75,
      "4": 2.75,
      "5": 2.75,
      "2": 5.0,
      "1": 5.75
    },
    "34": {
      "6": 4.0,
      "2": 3.25,
      "0": 3.25,
      "8": 4.75,
      "3": 3.0,
      "5": 7.25,
      "4": 7.75,
      "7": 5.75,
      "1": 6.0
    },
    "35": {
      "3": 1.4,
      "4": 2.4,
      "2": 4.2,
      "1": 3.4,
      "5": 4.6,
      "0": 5.0
    },
    "36": {
      "2": 1.4,
      "0": 2.2,
      "1": 2.6,
      "5": 3.8,
      "4": 5.0,
      "3": 6.0
    },
    "37": {
      "4": 1.75,
      "2": 2.25,
      "5": 4.0,
      "3": 2.25,
      "1": 4.75,
      "0": 6.0
    },
    "38": {
      "1": 2.2,
      "2": 1.4,
      "4": 2.4,
      "0": 4.6,
      "3": 4.4
    },
    "39": {
      "2": 3.2,
      "4": 3.6,
      "6": 2.2,
      "5": 3.6,
      "0": 4.2,
      "3": 5.6,
      "1": 5.6
    },
    "40": {
      "0": 2.4,
      "1": 2.8,
      "2": 2.0,
      "4": 4.0,
      "5": 4.4,
      "3": 5.4
    },
    "41": {
      "4": 4.0,
      "2": 2.0,
      "5": 3.2,
      "0": 3.6,
      "6": 5.4,
      "3": 3.0,
      "1": 6.8
    },
    "42": {
      "4": 1.8,
      "1": 1.8,
      "2": 3.0,
      "5": 3.4,
      "3": 5.0,
      "0": 6.0
    },
    "43": {
      "2": 2.8,
      "1": 1.8,
      "3": 3.0,
      "4": 4.2,
      "0": 4.4,
      "5": 4.8
    },
    "44": {
      "6": 1.8,
      "2": 3.2,
      "4": 2.8,
      "0": 3.2,
      "5": 4.4,
      "3": 6.4,
      "1": 6.2
    },
    "45": {
      "3": 1.2,
      "1": 2.2,
      "2": 3.2,
      "0": 3.4
    },
    "46": {
      "0": 1.4,
      "2": 2.4,
      "3": 2.2,
      "1": 4.0
    },
    "47": {
      "7": 2.4,
      "6": 3.2,
      "5": 4.2,
      "4": 4.8,
      "1": 4.0,
      "2": 4.8,
      "0": 6.2,
      "3": 6.4
    },
    "48": {
      "0": 3.4,
      "3": 2.0,
      "2": 2.8,
      "1": 3.6,
      "4": 3.2
    },
    "49": {
      "2": 1.8,
      "0": 1.8,
      "1": 2.4
    },
    "50": {
      "5": 3.6,
      "7": 1.6,
      "3": 4.2,
      "0": 3.4,
      "4": 6.4,
      "8": 4.2,
      "6": 7.8,
      "1": 7.6,
      "2": 6.2
    },
    "51": {
      "3": 3.0,
      "5": 1.8,
      "2": 2.0,
      "1": 3.6,
      "0": 4.8,
      "4": 5.8
    },
    "52": {
      "0": 1.2,
      "3": 1.8,
      "2": 3.2,
      "1": 4.0,
      "4": 4.8
    },
    "53": {
      "3": 3.4,
      "2": 5.2,
      "1": 2.8,
      "0": 3.4,
      "5": 3.4,
      "4": 2.8
    },
    "54": {
      "4": 1.0,
      "3": 2.6,
      "0": 2.4,
      "5": 4.6,
      "1": 4.8,
      "2": 5.6
    },
    "55": {
      "9": 1.6,
      "8": 2.4,
      "3": 2.2,
      "4": 3.8,
      "6": 5.0,
      "1": 8.2,
      "5": 8.2,
      "7": 8.2,
      "2": 7.0,
      "0": 8.4
    },
    "56": {
      "5": 1.2,
      "2": 2.0,
      "1": 2.8,
      "3": 4.6,
      "0": 4.4,
      "4": 6.0
    },
    "57": {
      "5": 2.8,
      "4": 3.0,
      "3": 2.4,