{
  "content_diversity": 0.613523006439209,
  "classifier_auc": 0.7171871478300067,
  "ranking_stability": 0.44151370851370847,
  "feature_coefficients": {
    "word_count": 0.4026168339870131,
    "sentence_count": 0.1339893208762129,
    "avg_sentence_length": -0.14546087101689015,
    "paragraph_count": 0.0,
    "heading_density": -0.16985472425596598,
    "list_frequency": -0.20536715129707275,
    "readability": -0.05098018318550377,
    "bold_emphasis_density": -0.16142439852319931,
    "citation_density": -0.17060742311244909,
    "statistic_density": 0.13935856522935158,
    "quote_density": -0.09057083268622863,
    "named_source_mentions": -0.3523968673995876,
    "year_mentions": -0.09987390884585519,
    "claim_density": 0.106971021458802,
    "external_reference_density": -0.03978027388276237,
    "question_density": -0.03402965501173818,
    "query_similarity": -0.15537096335682798,
    "corpus_centroid_similarity": 0.17562893382532133,
    "type_token_ratio": -0.4277977584451758,
    "vocabulary_sophistication": 0.35469657431721446,
    "sentiment_polarity": 0.10926843454001799,
    "avg_word_length": 0.24005026884645841,
    "semantic_uniqueness": -0.21436109884678756,
    "information_density": -0.03908449984241962,
    "specificity_score": -0.25753178569275853
  },
  "avg_ranks": {
    "0": {
      "1": 2.6,
      "6": 1.4,
      "4": 2.8,
      "2": 3.2,
      "0": 6.0,
      "3": 5.4,
      "5": 6.6
    },
    "1": {
      "1": 1.8,
      "4": 3.4,
      "3": 2.4,
      "5": 2.6,
      "0": 5.8,
      "2": 5.0
    },
    "2": {
      "2": 1.2,
      "3": 2.0,
      "0": 3.2,
      "4": 3.6,
      "1": 5.0
    },
    "3": {
      "3": 3.0,
      "6": 3.6,
      "2": 2.4,
      "1": 2.2,
      "0": 5.4,
      "4": 6.4,
      "5": 5.0
    },
    "4": {
      "4": 2.6,
      "2": 2.2,
      "1": 3.8,
      "3": 3.8,
      "0": 3.0,
      "5": 5.6
    },
    "5": {
      "5": 2.2,
      "4": 3.0,
      "2": 2.0,
      "1": 2.8,
      "3": 5.0,
      "0": 6.0
    },
    "6": {
      "1": 1.4,
      "0": 2.0,
      "3": 3.4,
      "2": 3.2,
      "4": 5.0
    },
    "7": {
      "2": 3.4,
      "5": 4.4,
      "6": 5.0,
      "1": 4.2,
      "4": 2.4,
      "3": 2.6,
      "0": 6.0
    },
    "8": {
      "5": 1.0,
      "0": 3.0,
      "3": 3.2,
      "4": 3.4,
      "2": 5.8,
      "1": 4.6
    },
    "9": {
      "5": 1.8,
      "2": 3.2,
      "0": 4.0,
      "1": 4.2,
      "3": 5.6,
      "4": 4.4,
      "6": 4.8
    },
    "10": {
      "0": 3.6,
      "3": 2.6,
      "1": 2.2,
      "4": 2.8,
      "2": 3.8
    },
    "11": {
      "2": 2.2,
      "1": 2.0,
      "0": 2.2,
      "4": 3.6,
      "3": 5.0
    },
    "12": {
      "2": 1.0,
      "0": 2.0,
      "3": 3.6,
      "1": 3.4
    },
    "13": {
      "2": 2.4,
      "1": 3.0,
      "7": 5.2,
      "4": 3.4,
      "0": 4.8,
      "5": 5.4,
      "3": 3.8,
      "6": 8.0
    },
    "14": {
      "2": 2.0,
      "3": 2.0,
      "1": 2.0,
      "0": 4.0
    },
    "15": {
      "1": 1.2,
      "5": 2.4,
      "3": 3.0,
      "4": 4.0,
      "0": 4.4,
      "2": 6.0
    },
    "16": {
      "0": 2.6,
      "5": 2.8,
      "1": 2.8,
      "3": 2.2,
      "4": 4.6,
      "2": 6.0
    },
    "17": {
      "3": 1.6,
      "1": 2.0,
      "4": 2.4,
      "0": 4.6,
      "2": 4.4
    },
    "18": {
      "1": 1.4,
      "0": 2.2,
      "2": 2.4
    },
    "19": {
      "3": 5.0,
      "0": 2.0,
      "2": 1.8,
      "4": 3.6,
      "1": 5.0,
      "5": 3.6
    },
    "20": {
      "5": 1.6,
      "1": 4.4,
      "4": 1.8,
      "3": 3.2,
      "2": 4.8,
      "0": 5.2
    },
    "21": {
      "0": 1.0,
      "2": 2.2,
      "1": 2.8
    },
    "22": {
      "6": 1.4,
      "3": 3.6,
      "4": 4.4,
      "2": 5.4,
      "5": 6.0,
      "7": 3.6,
      "0": 5.4,
      "1": 6.2
    },
    "23": {
      "1": 4.6,
      "6": 4.6,
      "4": 2.8,
      "2": 3.6,
      "5": 2.2,
      "0": 5.4,
      "3": 4.8
    },
    "24": {
      "0": 1.4,
      "4": 4.4,
      "5": 3.2,
      "2": 3.2,
      "1": 4.2,
      "3": 4.6
    },
    "25": {
      "2": 1.4,
      "1": 1.8,
      "3": 3.0,
      "0": 4.2,
      "4": 4.6
    },
    "26": {
      "3": 2.0,
      "1": 2.6,
      "4": 1.4,
      "2": 4.0,
      "0": 5.0
    },
    "27": {
      "0": 1.0,
      "3": 3.4,
      "2": 3.0,
      "1": 3.2,
      "4": 4.4
    },
    "28": {
      "1": 1.8,
      "0": 2.4,
      "2": 4.0,
      "4": 3.4,
      "3": 3.4
    },
    "29": {
      "2": 1.6,
      "0": 1.8,
      "1": 2.6,
      "4": 4.8,
      "3": 4.2
    },
    "30": {
      "0": 4.0,
      "3": 3.4,
      "4": 1.4,
      "2": 5.0,
      "1": 4.2,
      "7": 5.6,
      "6": 6.6,
      "5": 5.8,
      "8": 9.0
    },
    "31": {
      "2": 1.4,
      "3": 2.8,
      "1": 2.6,
      "4": 3.6,
      "5": 5.4,
      "0": 5.2
    },
    "32": {
      "6": 2.2,
      "7": 1.8,
      "0": 3.4,
      "8": 5.4,
      "5": 3.4,
      "2": 7.8,
      "3": 7.0,
      "1": 7.6,
      "4": 6.4
    },
    "33": {
      "3": 1.2,
      "4": 1.8,
      "5": 3.0,
      "0": 4.4,
      "1": 5.2,
      "2": 5.4
    },
    "34": {
      "0": 2.6,
      "7": 3.8,
      "1": 3.0,
      "8": 3.8,
      "3": 5.2,
      "2": 6.0,
      "5": 6.4,
      "4": 7.0,
      "6": 7.2
    },
    "35": {
      "1": 1.8,
      "3": 2.2,
      "0": 3.0,
      "5": 4.0,
      "4": 4.6,
      "2": 5.4
    },
    "36": {
      "4": 3.6,
      "2": 1.8,
      "1": 2.0,
      "5": 3.4,
      "0": 4.8,
      "3": 5.4
    },
    "37": {
      "2": 1.6,
      "4": 2.0,
      "5": 3.2,
      "3": 3.2,
      "1": 5.0,
      "0": 6.0
    },
    "38": {
      "2": 1.6,
      "0": 3.2,
      "1": 1.8,
      "4": 3.6,
      "3": 4.8
    },
    "39": {
      "2": 2.8,
      "6": 4.6,
      "5": 4.0,
      "4": 3.4,
      "3": 4.2,
      "1": 5.4,
      "0": 3.6
    },
    "40": {
      "2": 1.0,
      "1": 2.2,
      "0": 2.8,
      "5": 4.4,
      "4": 4.6,
      "3": 6.0
    },
    "41": {
      "3": 2.6,
      "2": 2.4,
      "5": 2.6,
      "4": 3.2,
      "6": 5.2,
      "0": 5.0,
      "1": 7.0
    },
    "42": {
      "4": 1.4,
      "1": 2.4,
      "2": 4.2,
      "5": 2.6,
      "3": 4.4,
      "0": 6.0
    },
    "43": {
      "5": 4.0,
      "1": 1.4,
      "0": 4.8,
      "3": 3.6,
      "2": 4.2,
      "4": 3.0
    },
    "44": {
      "6": 1.0,
      "0": 2.6,
      "5": 3.8,
      "2": 4.0,
      "1": 6.0,
      "3": 6.6,
      "4": 4.0
    },
    "45": {
      "1": 1.2,
      "2": 2.0,
      "3": 3.0,
      "0": 3.8
    },
    "46": {
      "3": 1.6,
      "2": 2.6,
      "0": 1.8,
      "1": 4.0
    },
    "47": {
      "7": 1.8,
      "6": 2.0,
      "1": 4.6,
      "5": 3.4,
      "4": 3.2,
      "2": 6.8,
      "3": 7.0,
      "0": 7.2
    },
    "48": {
      "3": 1.0,
      "2": 2.4,
      "1": 2.6,
      "4": 4.2,
      "0": 4.8
    },
    "49": {
      "1": 1.8,
      "0": 1.8,
      "2": 2.4
    },
    "50": {
      "7": 1.6,
      "8": 3.0,
      "5": 3.4,
      "2": 4.0,
      "0": 4.2,
      "6": 7.4,
      "3": 7.0,
      "4": 7.6,
      "1": 6.8
    },
    "51": {
      "2": 1.8,
      "5": 2.0,
      "3": 2.2,
      "1": 4.4,
      "0": 4.8,
      "4": 5.8
    },
    "52": {
      "0": 1.2,
      "3": 2.4,
      "4": 4.2,
      "1": 4.0,
      "2": 3.2
    },
    "53": {
      "3": 2.0,
      "2": 4.0,
      "1": 3.2,
      "0": 3.6,
      "5": 4.4,
      "4": 3.8
    },
    "54": {
      "4": 1.0,
      "0": 2.6,
      "3": 2.4,
      "1": 4.0,
      "2": 5.2,
      "5": 5.8
    },
    "55": {
      "9": 2.2,
      "8": 2.0,
      "6": 4.6,
      "3": 2.8,
      "4": 3.4,
      "2": 7.2,
      "1": 7.8,
      "5": 8.0,
      "0": 7.8,
      "7": 9.2
    },
    "56": {
      "5": 1.0,
      "1": 3.4,
      "0": 4.4,
      "4": 4.6,
      "2": 3.2,
      "3": 4.4
    },
    "57": {
      "5": 1.6,
      "4": 2.8,
      "3": 2.4,
      "2": 4.0,
      "1": 5.0,
      "0": 5.2
    },
    "58": {
      "4": 1.6,
      "3": 2.2,
      "6": 3.4,
      "0": 4.6,