{
  "content_diversity": 0.6197898983955383,
  "classifier_auc": 0.704025974025974,
  "ranking_stability": 0.43842712842712844,
  "feature_coefficients": {
    "word_count": -0.04374793520728167,
    "sentence_count": 0.3878498113378016,
    "avg_sentence_length": 0.2620736256936805,
    "paragraph_count": -0.12352018875346148,
    "heading_density": 0.13678399115026402,
    "list_frequency": -0.05395805676489501,
    "readability": -0.022913905131396194,
    "bold_emphasis_density": 0.06694097902345898,
    "citation_density": -0.15550119208220953,
    "statistic_density": -0.2591898469066448,
    "quote_density": 0.03773880729585361,
    "named_source_mentions": -0.38789350180097565,
    "year_mentions": 0.2029496242315232,
    "claim_density": -0.05576459945148615,
    "external_reference_density": 0.18907338023859013,
    "question_density": 0.26167149993089206,
    "query_similarity": 0.036233264343303116,
    "corpus_centroid_similarity": 0.2148440919758475,
    "type_token_ratio": -0.41260266593291256,
    "vocabulary_sophistication": 0.14116662896943627,
    "sentiment_polarity": 0.0965021741482245,
    "avg_word_length": 0.05068066997665734,
    "semantic_uniqueness": -0.3760139472766657,
    "information_density": 0.09845046300935123,
    "specificity_score": 0.013665062471026765
  },
  "avg_ranks": {
    "0": {
      "6": 1.0,
      "1": 2.2,
      "2": 2.8,
      "4": 4.0,
      "5": 5.6,
      "0": 6.8,
      "3": 5.6
    },
    "1": {
      "1": 1.4,
      "3": 1.8,
      "4": 3.4,
      "5": 3.6,
      "2": 4.8,
      "0": 6.0
    },
    "2": {
      "2": 1.2,
      "3": 1.8,
      "4": 3.4,
      "0": 3.6,
      "1": 5.0
    },
    "3": {
      "3": 3.6,
      "0": 3.6,
      "1": 4.0,
      "5": 3.0,
      "6": 3.4,
      "2": 4.6,
      "4": 5.8
    },
    "4": {
      "0": 1.8,
      "3": 3.2,
      "1": 2.8,
      "2": 3.0,
      "4": 4.6,
      "5": 5.6
    },
    "5": {
      "2": 1.2,
      "5": 1.8,
      "1": 3.4,
      "3": 5.4,
      "4": 3.8,
      "0": 5.4
    },
    "6": {
      "0": 2.0,
      "1": 1.4,
      "2": 3.0,
      "3": 3.6,
      "4": 5.0
    },
    "7": {
      "4": 1.8,
      "3": 2.4,
      "2": 4.0,
      "0": 4.2,
      "1": 5.2,
      "6": 4.8,
      "5": 5.6
    },
    "8": {
      "5": 1.2,
      "3": 2.6,
      "4": 3.4,
      "0": 3.4,
      "1": 5.6,
      "2": 4.8
    },
    "9": {
      "1": 1.8,
      "6": 4.0,
      "2": 4.4,
      "4": 4.2,
      "3": 3.4,
      "0": 6.6,
      "5": 3.6
    },
    "10": {
      "2": 2.0,
      "1": 1.4,
      "0": 4.2,
      "4": 3.2,
      "3": 4.2
    },
    "11": {
      "2": 1.8,
      "1": 1.6,
      "4": 3.8,
      "0": 3.0,
      "3": 4.8
    },
    "12": {
      "2": 1.0,
      "0": 2.0,
      "1": 3.4,
      "3": 3.6
    },
    "13": {
      "7": 4.4,
      "3": 3.4,
      "1": 3.2,
      "4": 2.8,
      "0": 4.0,
      "5": 5.8,
      "2": 4.4,
      "6": 8.0
    },
    "14": {
      "1": 1.4,
      "3": 2.6,
      "2": 2.4,
      "0": 3.6
    },
    "15": {
      "1": 2.0,
      "3": 1.8,
      "5": 3.2,
      "4": 3.6,
      "0": 4.4,
      "2": 6.0
    },
    "16": {
      "3": 2.0,
      "2": 1.6,
      "4": 3.6,
      "0": 4.2,
      "5": 3.6,
      "1": 6.0
    },
    "17": {
      "1": 1.2,
      "4": 2.2,
      "3": 2.6,
      "2": 4.0,
      "0": 5.0
    },
    "18": {
      "0": 1.2,
      "1": 1.8,
      "2": 3.0
    },
    "19": {
      "4": 2.8,
      "2": 1.4,
      "5": 4.2,
      "0": 3.8,
      "1": 3.8,
      "3": 5.0
    },
    "20": {
      "4": 2.6,
      "5": 2.2,
      "3": 4.2,
      "1": 4.6,
      "0": 3.8,
      "2": 3.6
    },
    "21": {
      "0": 1.2,
      "2": 2.6,
      "1": 2.2
    },
    "22": {
      "6": 2.6,
      "3": 4.0,
      "7": 3.2,
      "5": 3.4,
      "4": 4.0,
      "2": 6.0,
      "1": 6.2,
      "0": 6.6
    },
    "23": {
      "3": 2.4,
      "5": 4.4,
      "2": 3.6,
      "4": 2.6,
      "0": 4.2,
      "6": 5.4,
      "1": 5.4
    },
    "24": {
      "1": 1.4,
      "5": 2.0,
      "3": 4.0,
      "2": 4.6,
      "0": 3.0,
      "4": 6.0
    },
    "25": {
      "2": 1.0,
      "0": 3.4,
      "1": 3.2,
      "3": 3.0,
      "4": 4.4
    },
    "26": {
      "1": 2.4,
      "3": 2.2,
      "4": 2.0,
      "2": 3.4,
      "0": 5.0
    },
    "27": {
      "2": 1.6,
      "0": 1.4,
      "1": 3.2,
      "3": 4.6,
      "4": 4.2
    },
    "28": {
      "3": 2.2,
      "2": 3.2,
      "4": 3.0,
      "1": 3.0,
      "0": 3.6
    },
    "29": {
      "2": 2.6,
      "1": 3.6,
      "4": 4.2,
      "0": 2.6,
      "3": 2.0
    },
    "30": {
      "5": 3.0,
      "2": 4.6,
      "4": 3.6,
      "7": 3.0,
      "1": 5.0,
      "0": 5.0,
      "6": 6.2,
      "3": 7.2,
      "8": 7.4
    },
    "31": {
      "2": 1.0,
      "3": 4.2,
      "4": 3.2,
      "0": 3.2,
      "1": 4.4,
      "5": 5.0
    },
    "32": {
      "8": 5.0,
      "0": 4.8,
      "3": 2.2,
      "7": 1.8,
      "4": 5.6,
      "2": 6.6,
      "6": 5.6,
      "5": 6.2,
      "1": 7.2
    },
    "33": {
      "3": 1.2,
      "5": 3.0,
      "4": 2.2,
      "2": 4.4,
      "1": 5.4,
      "0": 4.8
    },
    "34": {
      "0": 4.8,
      "8": 5.6,
      "7": 6.0,
      "3": 4.8,
      "2": 3.0,
      "6": 2.0,
      "1": 6.4,
      "4": 7.4,
      "5": 5.0
    },
    "35": {
      "3": 2.6,
      "1": 2.0,
      "2": 5.4,
      "4": 3.8,
      "5": 3.8,
      "0": 3.4
    },
    "36": {
      "2": 1.4,
      "1": 2.0,
      "5": 3.6,
      "0": 3.2,
      "4": 4.8,
      "3": 6.0
    },
    "37": {
      "2": 1.6,
      "4": 1.6,
      "3": 2.8,
      "5": 4.4,
      "1": 4.6,
      "0": 6.0
    },
    "38": {
      "2": 1.8,
      "3": 4.0,
      "1": 1.4,
      "4": 3.4,
      "0": 4.4
    },
    "39": {
      "5": 2.2,
      "0": 3.4,
      "2": 3.2,
      "3": 4.2,
      "6": 4.0,
      "4": 5.4,
      "1": 5.6
    },
    "40": {
      "2": 1.4,
      "1": 2.6,
      "0": 3.2,
      "4": 3.8,
      "5": 4.0,
      "3": 6.0
    },
    "41": {
      "3": 1.4,
      "4": 3.2,
      "2": 2.0,
      "5": 3.8,
      "0": 5.8,
      "6": 5.0,
      "1": 6.8
    },
    "42": {
      "5": 2.6,
      "4": 1.8,
      "1": 2.0,
      "2": 4.0,
      "3": 4.6,
      "0": 6.0
    },
    "43": {
      "1": 2.4,
      "3": 3.2,
      "0": 2.6,
      "2": 4.0,
      "4": 4.6,
      "5": 4.2
    },
    "44": {
      "6": 1.8,
      "0": 3.2,
      "4": 2.6,
      "2": 3.2,
      "5": 5.8,
      "3": 5.0,
      "1": 6.4
    },
    "45": {
      "1": 1.2,
      "3": 2.4,
      "2": 3.2,
      "0": 3.2
    },
    "46": {
      "2": 1.6,
      "3": 1.8,
      "0": 2.6,
      "1": 4.0
    },
    "47": {
      "7": 1.2,
      "5": 2.4,
      "4": 3.0,
      "6": 3.4,
      "0": 6.8,
      "2": 5.8,
      "3": 7.4,
      "1": 6.0
    },
    "48": {
      "3": 1.8,
      "1": 2.6,
      "2": 2.8,
      "0": 3.8,
      "4": 4.0
    },
    "49": {
      "2": 1.0,
      "0": 2.2,
      "1": 2.8
    },
    "50": {
      "7": 2.6,
      "8": 4.4,
      "5": 4.4,
      "0": 3.2,
      "2": 4.4,
      "3": 6.6,
      "4": 4.4,
      "1": 6.0,
      "6": 9.0
    },
    "51": {
      "2": 1.2,
      "5": 1.8,
      "3": 3.0,
      "1": 4.2,
      "0": 5.0,
      "4": 5.8
    },
    "52": {
      "2": 2.0,
      "0": 1.6,
      "3": 3.2,
      "1": 3.8,
      "4": 4.4
    },
    "53": {
      "3": 3.2,
      "2": 3.6,
      "1": 3.2,
      "4": 2.0,
      "0": 5.0,
      "5": 4.0
    },
    "54": {
      "4": 1.0,
      "0": 2.2,
      "5": 3.8,
      "3": 3.2,
      "1": 5.0,
      "2": 5.8
    },
    "55": {
      "9": 1.2,
      "8": 2.4,
      "3": 3.0,
      "4": 3.4,
      "0": 8.0,
      "7": 6.4,
      "6": 5.4,
      "2": 7.6,
      "5": 8.4,
      "1": 9.2
    },
    "56": {
      "5": 1.0,
      "1": 2.6,
      "0": 4.0,
      "2": 2.8,
      "3": 5.2,
      "4": 5.4
    },
    "57": {
      "3": 1.4,
      "5": 3.0,
      "2": 1.8,
      "4": 3.8,
      "0": 5.0,
      "1": 6.0
    },
    "58": {
      "3": 1.8,
      "6": 2.4,
      "4": 2.6,