{
  "content_diversity": 0.6206143498420715,
  "classifier_auc": 0.6977713644380311,
  "ranking_stability": 0.3989494600381697,
  "feature_coefficients": {
    "word_count": 0.07618841507714325,
    "sentence_count": 0.27820279184220215,
    "avg_sentence_length": 0.023760934986550485,
    "paragraph_count": -0.34000495747633314,
    "heading_density": -0.2608887773977042,
    "list_frequency": -0.025218775013885853,
    "readability": 0.16317248056662828,
    "bold_emphasis_density": -0.07228542367654063,
    "citation_density": -0.07067944933984859,
    "statistic_density": 0.12101072074113275,
    "quote_density": 0.20801711351426766,
    "named_source_mentions": -0.1966167131196952,
    "year_mentions": -0.4637135198253555,
    "claim_density": -0.09424986030944621,
    "external_reference_density": -0.3660675692001091,
    "question_density": 0.1843026490812909,
    "query_similarity": 0.1780870268060425,
    "corpus_centroid_similarity": 0.11043137360992408,
    "type_token_ratio": -0.509864892918055,
    "vocabulary_sophistication": 0.2378312795779578,
    "sentiment_polarity": 0.2564399578657822,
    "avg_word_length": 0.019797083478224505,
    "semantic_uniqueness": -0.09767725826768396,
    "information_density": -0.2573874652094413,
    "specificity_score": -0.15148635721333145
  },
  "avg_ranks": {
    "0": {
      "6": 1.2,
      "1": 2.0,
      "2": 3.0,
      "0": 6.0,
      "4": 4.0,
      "5": 6.2,
      "3": 5.6
    },
    "1": {
      "4": 4.2,
      "3": 1.8,
      "1": 2.0,
      "5": 3.2,
      "2": 4.2,
      "0": 5.6
    },
    "2": {
      "2": 1.2,
      "3": 2.2,
      "0": 3.2,
      "4": 3.4,
      "1": 5.0
    },
    "3": {
      "5": 3.2,
      "4": 5.0,
      "3": 3.6,
      "6": 2.6,
      "1": 3.6,
      "0": 4.4,
      "2": 5.6
    },
    "4": {
      "4": 2.6,
      "2": 2.4,
      "0": 1.6,
      "3": 3.6,
      "1": 5.0,
      "5": 5.8
    },
    "5": {
      "5": 1.4,
      "2": 2.6,
      "4": 3.4,
      "0": 3.6,
      "1": 4.4,
      "3": 5.6
    },
    "6": {
      "0": 1.6,
      "1": 1.4,
      "3": 3.6,
      "2": 3.4,
      "4": 5.0
    },
    "7": {
      "2": 1.8,
      "4": 2.0,
      "3": 2.6,
      "5": 5.6,
      "1": 5.0,
      "0": 5.6,
      "6": 5.4
    },
    "8": {
      "5": 1.0,
      "0": 3.2,
      "3": 3.0,
      "4": 3.2,
      "1": 4.6,
      "2": 6.0
    },
    "9": {
      "2": 3.5,
      "1": 3.0,
      "6": 3.75,
      "5": 2.25,
      "3": 5.75,
      "4": 2.75,
      "0": 7.0
    },
    "10": {
      "2": 2.5,
      "1": 2.0,
      "0": 3.5,
      "4": 2.75,
      "3": 4.25
    },
    "11": {
      "1": 1.0,
      "2": 2.2,
      "0": 2.8,
      "4": 4.0,
      "3": 5.0
    },
    "12": {
      "2": 1.0,
      "0": 2.0,
      "1": 3.4,
      "3": 3.6
    },
    "13": {
      "4": 3.2,
      "0": 4.0,
      "5": 5.2,
      "3": 4.8,
      "1": 3.4,
      "2": 4.0,
      "7": 3.4,
      "6": 8.0
    },
    "14": {
      "1": 1.8,
      "3": 2.4,
      "2": 2.6,
      "0": 3.2
    },
    "15": {
      "4": 4.0,
      "3": 1.4,
      "5": 3.6,
      "1": 2.4,
      "0": 3.8,
      "2": 5.8
    },
    "16": {
      "3": 1.4,
      "2": 2.0,
      "0": 3.8,
      "4": 3.6,
      "5": 4.6,
      "1": 5.6
    },
    "17": {
      "1": 1.4,
      "3": 1.6,
      "4": 3.0,
      "0": 4.2,
      "2": 4.8
    },
    "18": {
      "1": 1.2,
      "0": 1.8,
      "2": 3.0
    },
    "19": {
      "4": 2.8,
      "1": 2.6,
      "0": 2.6,
      "2": 3.6,
      "3": 4.6,
      "5": 4.8
    },
    "20": {
      "4": 2.0,
      "5": 2.0,
      "3": 4.0,
      "1": 4.6,
      "0": 3.8,
      "2": 4.6
    },
    "21": {
      "0": 1.6,
      "2": 2.2,
      "1": 2.2
    },
    "22": {
      "5": 2.6,
      "7": 1.8,
      "4": 4.4,
      "3": 3.6,
      "6": 2.8,
      "2": 6.6,
      "0": 7.4,
      "1": 6.8
    },
    "23": {
      "3": 1.8,
      "5": 3.6,
      "0": 4.4,
      "4": 2.2,
      "2": 3.8,
      "1": 6.0,
      "6": 6.2
    },
    "24": {
      "1": 1.6,
      "5": 3.0,
      "3": 4.0,
      "2": 3.0,
      "0": 3.8,
      "4": 5.6
    },
    "25": {
      "2": 1.0,
      "4": 4.4,
      "3": 2.8,
      "1": 3.2,
      "0": 3.6
    },
    "26": {
      "4": 2.4,
      "3": 1.6,
      "1": 2.6,
      "2": 3.4,
      "0": 5.0
    },
    "27": {
      "2": 1.6,
      "0": 1.4,
      "1": 3.4,
      "3": 4.0,
      "4": 4.6
    },
    "28": {
      "3": 3.2,
      "4": 2.8,
      "2": 3.4,
      "0": 3.0,
      "1": 2.6
    },
    "29": {
      "4": 4.0,
      "3": 1.6,
      "0": 3.8,
      "1": 2.8,
      "2": 2.8
    },
    "30": {
      "4": 2.4,
      "2": 6.0,
      "1": 3.6,
      "7": 4.0,
      "6": 7.0,
      "0": 4.6,
      "3": 4.6,
      "5": 7.0,
      "8": 5.8
    },
    "31": {
      "2": 1.0,
      "3": 2.8,
      "1": 3.8,
      "4": 3.8,
      "0": 4.0,
      "5": 5.6
    },
    "32": {
      "7": 1.6,
      "0": 3.2,
      "3": 2.8,
      "6": 5.8,
      "8": 5.2,
      "4": 6.0,
      "2": 6.6,
      "5": 5.2,
      "1": 8.6
    },
    "33": {
      "3": 1.4,
      "4": 2.0,
      "5": 2.8,
      "1": 4.6,
      "2": 5.0,
      "0": 5.2
    },
    "34": {
      "6": 2.4,
      "3": 2.6,
      "0": 3.4,
      "8": 5.2,
      "1": 5.0,
      "2": 3.4,
      "4": 8.0,
      "7": 7.4,
      "5": 7.6
    },
    "35": {
      "1": 2.2,
      "3": 2.0,
      "0": 3.2,
      "5": 5.0,
      "4": 3.8,
      "2": 4.8
    },
    "36": {
      "4": 4.0,
      "1": 2.2,
      "2": 2.2,
      "5": 3.2,
      "0": 3.4,
      "3": 6.0
    },
    "37": {
      "2": 2.2,
      "4": 2.0,
      "5": 4.2,
      "3": 2.6,
      "1": 4.0,
      "0": 6.0
    },
    "38": {
      "1": 2.2,
      "4": 2.4,
      "3": 3.4,
      "0": 4.2,
      "2": 2.8
    },
    "39": {
      "6": 2.8,
      "0": 3.8,
      "5": 3.6,
      "4": 3.2,
      "3": 4.0,
      "1": 6.6,
      "2": 4.0
    },
    "40": {
      "1": 3.0,
      "0": 3.4,
      "2": 1.6,
      "5": 3.4,
      "4": 4.2,
      "3": 5.4
    },
    "41": {
      "3": 2.8,
      "2": 2.0,
      "4": 3.2,
      "5": 3.2,
      "6": 5.4,
      "0": 4.4,
      "1": 7.0
    },
    "42": {
      "2": 2.8,
      "1": 2.2,
      "4": 1.6,
      "5": 3.4,
      "3": 5.0,
      "0": 6.0
    },
    "43": {
      "1": 1.0,
      "3": 2.4,
      "0": 4.4,
      "2": 3.6,
      "5": 5.8,
      "4": 3.8
    },
    "44": {
      "6": 1.6,
      "0": 3.4,
      "2": 3.2,
      "4": 2.8,
      "1": 6.4,
      "3": 5.0,
      "5": 5.6
    },
    "45": {
      "3": 1.4,
      "1": 2.2,
      "2": 2.8,
      "0": 3.6
    },
    "46": {
      "0": 2.0,
      "2": 2.2,
      "3": 1.8,
      "1": 4.0
    },
    "47": {
      "7": 1.8,
      "6": 3.2,
      "5": 3.8,
      "4": 4.8,
      "2": 5.2,
      "1": 4.6,
      "0": 6.2,
      "3": 6.4
    },
    "48": {
      "3": 2.6,
      "1": 2.8,
      "2": 3.0,
      "0": 3.0,
      "4": 3.6
    },
    "49": {
      "2": 1.8,
      "1": 1.6,
      "0": 2.6
    },
    "50": {
      "4": 5.8,
      "0": 2.4,
      "7": 2.2,
      "2": 4.8,
      "3": 6.0,
      "1": 5.2,
      "8": 4.4,
      "5": 5.4,
      "6": 8.8
    },
    "51": {
      "2": 1.2,
      "5": 1.8,
      "3": 3.0,
      "1": 4.2,
      "0": 4.8,
      "4": 6.0
    },
    "52": {
      "0": 2.0,
      "3": 3.6,
      "1": 2.6,
      "2": 2.6,
      "4": 4.2
    },
    "53": {
      "0": 2.4,
      "3": 2.2,
      "2": 4.2,
      "1": 2.8,
      "4": 3.8,
      "5": 5.6
    },
    "54": {
      "4": 1.0,
      "0": 2.8,
      "3": 2.6,
      "2": 4.6,
      "1": 4.4,
      "5": 5.6
    },
    "55": {
      "9": 2.4,
      "8": 2.4,
      "3": 2.0,
      "4": 4.0,
      "6": 6.0,
      "5": 7.4,
      "2": 7.2,
      "1": 8.2,
      "0": 6.0,
      "7": 9.4
    },
    "56": {
      "5": 1.0,
      "2": 2.0,
      "0": 3.4,
      "1": 3.8,
      "3": 5.0,
      "4": 5.8
    },
    "57": {
      "3": 1.6,
      "5": 3.0,
      "4": 2.8,
      "0": 4.6,
      "1": 5.6,
      "2": 3.4
    },
    "58": {
      "6": 1.6,
      "4": 2.8,
      "3": 2.2,