{
  "content_diversity": 0.6139805912971497,
  "classifier_auc": 0.7323190789473684,
  "ranking_stability": 0.4196628325760557,
  "feature_coefficients": {
    "word_count": -0.3680455571841588,
    "sentence_count": 0.8214918706307018,
    "avg_sentence_length": 0.4754305732672017,
    "paragraph_count": -0.4252370233777606,
    "heading_density": -0.37878698356460383,
    "list_frequency": 0.0661971793735992,
    "readability": -0.5671792424258931,
    "bold_emphasis_density": -0.0334815064662605,
    "citation_density": -0.16064751068246572,
    "statistic_density": -0.0772313884322111,
    "quote_density": -0.09176216010420411,
    "named_source_mentions": 0.04357259231559713,
    "year_mentions": -0.4774031510301859,
    "claim_density": 0.0603271337325243,
    "external_reference_density": 0.12131998095228914,
    "question_density": 0.1252025451232876,
    "query_similarity": -0.11729675061099044,
    "corpus_centroid_similarity": 0.2625964986311508,
    "type_token_ratio": -0.43597561057566675,
    "vocabulary_sophistication": 0.1424400952615313,
    "sentiment_polarity": 0.040530339865307484,
    "avg_word_length": 0.36317827541351716,
    "semantic_uniqueness": -0.1850596257660503,
    "information_density": 0.07901963027554779,
    "specificity_score": 0.11321137800813928
  },
  "avg_ranks": {
    "0": {
      "6": 1.6,
      "1": 1.4,
      "2": 3.4,
      "4": 4.4,
      "5": 5.6,
      "3": 5.0,
      "0": 6.6
    },
    "1": {
      "1": 1.8,
      "3": 2.4,
      "4": 3.8,
      "2": 4.4,
      "0": 5.6,
      "5": 3.0
    },
    "2": {
      "2": 1.6,
      "3": 2.0,
      "0": 3.0,
      "4": 3.4,
      "1": 5.0
    },
    "3": {
      "4": 4.2,
      "5": 2.4,
      "0": 5.0,
      "3": 4.8,
      "1": 3.8,
      "6": 3.4,
      "2": 4.4
    },
    "4": {
      "5": 4.8,
      "1": 3.4,
      "3": 4.2,
      "0": 2.0,
      "2": 3.0,
      "4": 3.6
    },
    "5": {
      "1": 2.6,
      "2": 1.6,
      "5": 2.0,
      "3": 4.8,
      "4": 4.0,
      "0": 6.0
    },
    "6": {
      "1": 1.4,
      "0": 1.6,
      "2": 3.4,
      "3": 3.6,
      "4": 5.0
    },
    "7": {
      "0": 4.6,
      "2": 2.4,
      "3": 2.6,
      "4": 2.8,
      "1": 4.0,
      "6": 5.2,
      "5": 6.4
    },
    "8": {
      "5": 1.0,
      "3": 3.0,
      "0": 4.0,
      "4": 3.2,
      "2": 5.4,
      "1": 4.4
    },
    "9": {
      "1": 1.8,
      "5": 2.8,
      "4": 3.4,
      "2": 3.6,
      "6": 4.8,
      "3": 4.6,
      "0": 7.0
    },
    "10": {
      "1": 1.4,
      "0": 4.0,
      "4": 2.2,
      "3": 4.0,
      "2": 3.4
    },
    "11": {
      "0": 2.4,
      "1": 2.2,
      "2": 2.8,
      "4": 2.8,
      "3": 4.8
    },
    "12": {
      "0": 1.4,
      "2": 2.0,
      "3": 3.0,
      "1": 3.6
    },
    "13": {
      "4": 2.6,
      "0": 2.8,
      "5": 2.6,
      "3": 4.4,
      "1": 4.6,
      "2": 4.8,
      "7": 6.2,
      "6": 8.0
    },
    "14": {
      "2": 2.2,
      "1": 1.6,
      "0": 3.6,
      "3": 2.6
    },
    "15": {
      "5": 1.6,
      "4": 3.0,
      "3": 2.4,
      "0": 4.6,
      "2": 5.8,
      "1": 3.6
    },
    "16": {
      "5": 3.6,
      "2": 2.0,
      "3": 2.4,
      "4": 3.6,
      "0": 3.8,
      "1": 5.6
    },
    "17": {
      "1": 1.8,
      "3": 2.2,
      "4": 3.2,
      "0": 4.8,
      "2": 3.0
    },
    "18": {
      "0": 1.4,
      "1": 1.6,
      "2": 3.0
    },
    "19": {
      "2": 2.8,
      "4": 2.6,
      "0": 2.4,
      "1": 3.6,
      "5": 4.6,
      "3": 5.0
    },
    "20": {
      "0": 3.0,
      "5": 1.8,
      "1": 5.0,
      "4": 2.4,
      "3": 3.8,
      "2": 5.0
    },
    "21": {
      "0": 1.2,
      "2": 2.4,
      "1": 2.4
    },
    "22": {
      "6": 2.8,
      "7": 3.0,
      "3": 2.2,
      "4": 3.8,
      "5": 4.8,
      "2": 6.4,
      "1": 7.2,
      "0": 5.8
    },
    "23": {
      "6": 3.6,
      "1": 3.4,
      "4": 3.4,
      "2": 4.2,
      "3": 5.0,
      "5": 2.8,
      "0": 5.6
    },
    "24": {
      "2": 4.2,
      "5": 1.8,
      "1": 1.8,
      "3": 3.8,
      "0": 4.4,
      "4": 5.0
    },
    "25": {
      "2": 1.0,
      "0": 3.6,
      "3": 2.6,
      "1": 3.2,
      "4": 4.6
    },
    "26": {
      "1": 2.0,
      "3": 2.0,
      "4": 2.0,
      "2": 4.0,
      "0": 5.0
    },
    "27": {
      "2": 1.4,
      "0": 1.6,
      "1": 3.4,
      "3": 3.6,
      "4": 5.0
    },
    "28": {
      "4": 1.6,
      "2": 2.2,
      "3": 2.6,
      "0": 3.6,
      "1": 5.0
    },
    "29": {
      "1": 2.0,
      "2": 2.0,
      "3": 3.2,
      "0": 4.0,
      "4": 3.8
    },
    "30": {
      "0": 4.2,
      "7": 3.8,
      "4": 3.6,
      "1": 2.8,
      "3": 5.0,
      "2": 6.4,
      "6": 3.8,
      "5": 6.4,
      "8": 9.0
    },
    "31": {
      "1": 3.2,
      "2": 1.8,
      "4": 3.4,
      "3": 3.0,
      "0": 5.0,
      "5": 4.6
    },
    "32": {
      "7": 1.0,
      "4": 4.4,
      "0": 3.2,
      "5": 5.8,
      "2": 4.8,
      "6": 5.4,
      "8": 6.0,
      "3": 6.0,
      "1": 8.4
    },
    "33": {
      "3": 1.4,
      "4": 2.0,
      "0": 4.8,
      "5": 2.8,
      "1": 4.6,
      "2": 5.4
    },
    "34": {
      "7": 4.2,
      "0": 3.0,
      "1": 5.2,
      "3": 5.0,
      "8": 6.0,
      "2": 3.2,
      "6": 3.8,
      "5": 7.2,
      "4": 7.4
    },
    "35": {
      "1": 2.8,
      "0": 4.0,
      "3": 2.6,
      "4": 2.2,
      "5": 5.4,
      "2": 4.0
    },
    "36": {
      "4": 4.6,
      "5": 1.8,
      "1": 2.0,
      "2": 2.8,
      "0": 4.4,
      "3": 5.4
    },
    "37": {
      "4": 1.6,
      "3": 3.0,
      "2": 1.6,
      "5": 3.8,
      "1": 5.0,
      "0": 6.0
    },
    "38": {
      "1": 1.2,
      "2": 1.8,
      "3": 4.0,
      "0": 3.6,
      "4": 4.4
    },
    "39": {
      "4": 3.2,
      "6": 2.0,
      "5": 3.4,
      "0": 4.8,
      "2": 3.2,
      "3": 5.6,
      "1": 5.8
    },
    "40": {
      "1": 2.2,
      "0": 3.4,
      "2": 1.6,
      "4": 3.6,
      "5": 4.4,
      "3": 5.8
    },
    "41": {
      "5": 1.6,
      "4": 3.0,
      "2": 2.6,
      "6": 4.8,
      "3": 5.0,
      "0": 4.0,
      "1": 7.0
    },
    "42": {
      "4": 1.4,
      "1": 2.2,
      "5": 2.4,
      "3": 4.2,
      "2": 4.8,
      "0": 6.0
    },
    "43": {
      "1": 1.0,
      "3": 2.4,
      "2": 3.4,
      "0": 4.6,
      "5": 5.8,
      "4": 3.8
    },
    "44": {
      "6": 1.6,
      "2": 3.6,
      "0": 3.4,
      "4": 2.8,
      "5": 5.4,
      "1": 5.6,
      "3": 5.6
    },
    "45": {
      "0": 2.0,
      "1": 2.0,
      "3": 3.0,
      "2": 3.0
    },
    "46": {
      "0": 1.6,
      "2": 1.6,
      "3": 3.0,
      "1": 3.8
    },
    "47": {
      "7": 1.8,
      "5": 2.4,
      "4": 3.0,
      "2": 6.0,
      "1": 4.2,
      "6": 4.0,
      "3": 7.6,
      "0": 7.0
    },
    "48": {
      "3": 1.0,
      "2": 2.6,
      "4": 3.8,
      "0": 4.6,
      "1": 3.0
    },
    "49": {
      "2": 1.0,
      "1": 2.4,
      "0": 2.6
    },
    "50": {
      "7": 2.2,
      "8": 4.2,
      "5": 4.2,
      "4": 5.2,
      "3": 7.4,
      "0": 3.0,
      "1": 5.4,
      "2": 5.0,
      "6": 8.4
    },
    "51": {
      "3": 2.2,
      "2": 2.2,
      "5": 1.6,
      "1": 4.0,
      "4": 5.4,
      "0": 5.6
    },
    "52": {
      "0": 2.0,
      "3": 1.6,
      "2": 3.0,
      "1": 3.8,
      "4": 4.6
    },
    "53": {
      "3": 2.4,
      "2": 3.6,
      "1": 3.4,
      "5": 4.8,
      "4": 3.2,
      "0": 3.6
    },
    "54": {
      "4": 1.0,
      "0": 2.2,
      "3": 2.8,
      "1": 4.2,
      "2": 5.2,
      "5": 5.6
    },
    "55": {
      "3": 1.8,
      "9": 2.4,
      "8": 2.6,
      "4": 3.6,
      "6": 4.6,
      "0": 7.6,
      "2": 7.2,
      "7": 9.4,
      "5": 7.0,
      "1": 8.8
    },
    "56": {
      "5": 1.0,
      "2": 2.4,
      "1": 3.8,
      "0": 3.8,
      "4": 4.8,
      "3": 5.2
    },
    "57": {
      "5": 1.2,
      "4": 1.8,
      "3": 3.0,
      "2": 4.0,
      "0": 5.4,
      "1": 5.6
    },
    "58": {
      "3": 2.0,
      "4": 2.4,
      "6": 3.8,