{
  "content_diversity": 0.6177754402160645,
  "classifier_auc": 0.726908226908227,
  "ranking_stability": 0.43978366568728017,
  "feature_coefficients": {
    "word_count": -0.10492519559924805,
    "sentence_count": -0.038671323862695194,
    "avg_sentence_length": 0.2796807033105626,
    "paragraph_count": -0.5734493096837838,
    "heading_density": -0.36436359775001154,
    "list_frequency": -0.019710163247495437,
    "readability": 0.053199174374581756,
    "bold_emphasis_density": 0.06671297778047214,
    "citation_density": -0.042060921323020715,
    "statistic_density": 0.2063539105802422,
    "quote_density": 0.18368838955358413,
    "named_source_mentions": 0.058779939994197145,
    "year_mentions": 0.055836742708155626,
    "claim_density": -0.5296698247917235,
    "external_reference_density": 0.055644381299982615,
    "question_density": 0.08387351526009941,
    "query_similarity": -0.15131660987505713,
    "corpus_centroid_similarity": 0.17867462768106782,
    "type_token_ratio": -0.5430470677263889,
    "vocabulary_sophistication": 0.21248921730218617,
    "sentiment_polarity": 0.033872603175004186,
    "avg_word_length": 0.06647749152529542,
    "semantic_uniqueness": -0.4480054035983466,
    "information_density": 0.05115263562280852,
    "specificity_score": 0.07136199413716972
  },
  "avg_ranks": {
    "0": {
      "1": 1.4,
      "6": 1.8,
      "4": 4.0,
      "2": 3.4,
      "0": 6.0,
      "3": 5.2,
      "5": 6.2
    },
    "1": {
      "4": 3.6,
      "5": 3.4,
      "3": 1.8,
      "1": 2.0,
      "2": 4.4,
      "0": 5.8
    },
    "2": {
      "2": 1.4,
      "3": 2.4,
      "0": 3.4,
      "4": 2.8,
      "1": 5.0
    },
    "3": {
      "5": 2.6,
      "0": 2.6,
      "6": 2.6,
      "1": 3.4,
      "3": 4.8,
      "2": 5.0,
      "4": 7.0
    },
    "4": {
      "4": 3.8,
      "0": 2.0,
      "2": 3.0,
      "1": 2.8,
      "3": 3.6,
      "5": 5.8
    },
    "5": {
      "5": 1.6,
      "2": 1.4,
      "1": 3.8,
      "4": 4.4,
      "3": 4.0,
      "0": 5.8
    },
    "6": {
      "1": 1.6,
      "3": 3.4,
      "2": 3.2,
      "0": 1.8,
      "4": 5.0
    },
    "7": {
      "4": 1.4,
      "3": 2.4,
      "2": 4.8,
      "1": 5.0,
      "0": 4.2,
      "6": 6.0,
      "5": 4.2
    },
    "8": {
      "4": 3.2,
      "5": 1.2,
      "3": 2.6,
      "0": 4.4,
      "1": 4.0,
      "2": 5.6
    },
    "9": {
      "1": 2.6,
      "4": 1.4,
      "3": 5.4,
      "6": 4.2,
      "2": 3.4,
      "5": 4.0,
      "0": 7.0
    },
    "10": {
      "2": 1.6,
      "4": 2.8,
      "1": 1.8,
      "3": 4.2,
      "0": 4.6
    },
    "11": {
      "1": 1.4,
      "2": 2.4,
      "4": 3.4,
      "0": 2.8,
      "3": 5.0
    },
    "12": {
      "2": 2.2,
      "0": 2.0,
      "1": 3.2,
      "3": 2.6
    },
    "13": {
      "4": 1.6,
      "5": 3.8,
      "0": 3.4,
      "3": 3.8,
      "1": 3.6,
      "2": 5.0,
      "7": 6.8,
      "6": 8.0
    },
    "14": {
      "2": 2.0,
      "1": 2.0,
      "3": 2.8,
      "0": 3.2
    },
    "15": {
      "5": 1.6,
      "1": 3.2,
      "3": 2.8,
      "4": 3.6,
      "0": 5.0,
      "2": 4.8
    },
    "16": {
      "4": 4.0,
      "3": 2.2,
      "2": 1.8,
      "0": 3.8,
      "5": 3.4,
      "1": 5.8
    },
    "17": {
      "2": 3.4,
      "1": 1.4,
      "3": 2.2,
      "4": 3.0,
      "0": 5.0
    },
    "18": {
      "0": 1.2,
      "1": 1.8,
      "2": 3.0
    },
    "19": {
      "2": 1.6,
      "0": 2.6,
      "5": 3.0,
      "4": 3.8,
      "1": 4.2,
      "3": 5.8
    },
    "20": {
      "0": 3.4,
      "4": 2.6,
      "5": 2.0,
      "2": 4.0,
      "1": 4.0,
      "3": 5.0
    },
    "21": {
      "0": 1.0,
      "2": 2.2,
      "1": 2.8
    },
    "22": {
      "3": 2.8,
      "6": 5.2,
      "5": 4.2,
      "7": 2.4,
      "4": 3.6,
      "2": 5.8,
      "1": 6.2,
      "0": 5.8
    },
    "23": {
      "4": 1.75,
      "3": 2.0,
      "6": 5.5,
      "2": 2.75,
      "5": 4.75,
      "0": 4.5,
      "1": 6.75
    },
    "24": {
      "1": 2.0,
      "5": 2.4,
      "3": 4.6,
      "4": 4.8,
      "0": 2.8,
      "2": 4.4
    },
    "25": {
      "2": 1.0,
      "4": 4.0,
      "0": 3.2,
      "3": 3.0,
      "1": 3.8
    },
    "26": {
      "1": 1.8,
      "3": 2.0,
      "4": 2.2,
      "2": 4.2,
      "0": 4.8
    },
    "27": {
      "2": 1.2,
      "0": 1.8,
      "3": 3.8,
      "1": 3.2,
      "4": 5.0
    },
    "28": {
      "3": 1.8,
      "4": 2.6,
      "2": 2.8,
      "0": 3.6,
      "1": 4.2
    },
    "29": {
      "1": 3.6,
      "2": 2.2,
      "3": 1.6,
      "0": 3.6,
      "4": 4.0
    },
    "30": {
      "6": 5.0,
      "1": 3.4,
      "3": 3.4,
      "4": 3.4,
      "0": 3.6,
      "7": 4.0,
      "2": 7.0,
      "5": 6.2,
      "8": 9.0
    },
    "31": {
      "1": 2.2,
      "3": 3.6,
      "2": 1.4,
      "4": 3.8,
      "5": 4.8,
      "0": 5.2
    },
    "32": {
      "3": 4.2,
      "0": 2.6,
      "7": 1.8,
      "4": 3.8,
      "6": 3.8,
      "8": 7.2,
      "5": 6.4,
      "1": 7.6,
      "2": 7.6
    },
    "33": {
      "4": 1.4,
      "3": 2.0,
      "5": 2.8,
      "2": 5.2,
      "0": 4.2,
      "1": 5.4
    },
    "34": {
      "7": 1.4,
      "0": 2.4,
      "3": 3.4,
      "8": 3.0,
      "1": 4.8,
      "2": 7.0,
      "6": 6.4,
      "4": 8.2,
      "5": 8.4
    },
    "35": {
      "3": 1.8,
      "4": 1.6,
      "1": 3.0,
      "2": 4.8,
      "5": 4.2,
      "0": 5.6
    },
    "36": {
      "5": 2.8,
      "4": 4.6,
      "1": 2.2,
      "2": 2.2,
      "0": 3.4,
      "3": 5.8
    },
    "37": {
      "2": 1.4,
      "4": 1.8,
      "3": 2.8,
      "1": 4.2,
      "5": 5.0,
      "0": 5.8
    },
    "38": {
      "1": 1.4,
      "2": 1.6,
      "3": 3.4,
      "0": 4.4,
      "4": 4.2
    },
    "39": {
      "0": 3.6,
      "2": 2.6,
      "6": 2.6,
      "5": 4.4,
      "3": 4.4,
      "4": 4.8,
      "1": 5.6
    },
    "40": {
      "4": 4.0,
      "2": 1.2,
      "1": 2.4,
      "0": 3.2,
      "5": 4.4,
      "3": 5.8
    },
    "41": {
      "2": 1.8,
      "6": 4.2,
      "5": 2.0,
      "3": 4.2,
      "4": 3.2,
      "0": 5.6,
      "1": 7.0
    },
    "42": {
      "4": 1.0,
      "1": 2.0,
      "5": 3.2,
      "2": 4.0,
      "3": 4.8,
      "0": 6.0
    },
    "43": {
      "5": 3.4,
      "2": 3.0,
      "0": 3.2,
      "1": 3.2,
      "4": 3.8,
      "3": 4.4
    },
    "44": {
      "4": 2.2,
      "5": 3.4,
      "2": 3.2,
      "6": 2.2,
      "0": 4.0,
      "3": 6.6,
      "1": 6.4
    },
    "45": {
      "1": 1.4,
      "3": 2.6,
      "2": 3.0,
      "0": 3.0
    },
    "46": {
      "2": 1.8,
      "0": 1.2,
      "1": 3.8,
      "3": 3.2
    },
    "47": {
      "4": 3.4,
      "5": 3.0,
      "7": 2.2,
      "6": 3.8,
      "1": 4.8,
      "2": 5.8,
      "3": 6.4,
      "0": 6.6
    },
    "48": {
      "2": 2.2,
      "3": 2.4,
      "4": 3.8,
      "0": 3.0,
      "1": 3.6
    },
    "49": {
      "2": 1.6,
      "1": 1.6,
      "0": 2.8
    },
    "50": {
      "7": 1.2,
      "8": 1.8,
      "5": 4.2,
      "0": 3.8,
      "3": 7.2,
      "1": 7.0,
      "2": 6.0,
      "4": 6.6,
      "6": 7.2
    },
    "51": {
      "3": 2.6,
      "5": 1.8,
      "2": 1.6,
      "0": 5.0,
      "1": 4.2,
      "4": 5.8
    },
    "52": {
      "0": 2.2,
      "3": 1.4,
      "1": 3.6,
      "2": 3.2,
      "4": 4.6
    },
    "53": {
      "0": 3.6,
      "2": 2.6,
      "3": 3.6,
      "1": 3.2,
      "5": 4.2,
      "4": 3.8
    },
    "54": {
      "4": 1.0,
      "0": 2.2,
      "3": 2.8,
      "1": 4.0,
      "2": 5.0,
      "5": 6.0
    },
    "55": {
      "8": 1.6,
      "9": 1.8,
      "4": 3.0,
      "3": 3.8,
      "6": 4.8,
      "0": 8.2,
      "5": 7.4,
      "1": 8.0,
      "7": 8.2,
      "2": 8.2
    },
    "56": {
      "5": 1.0,
      "2": 2.0,
      "1": 3.4,
      "3": 4.8,
      "4": 5.4,
      "0": 4.4
    },
    "57": {
      "0": 4.6,
      "3": 2.0,
      "5": 2.6,
      "4": 3.6,
      "2": 3.0,
      "1": 5.2
    },
    "58": {
      "3": 2.6,
      "4": 3.0,