{
  "content_diversity": 0.6195681095123291,
  "classifier_auc": 0.7239973430449621,
  "ranking_stability": 0.42008398268398267,
  "feature_coefficients": {
    "word_count": -0.34333801905287725,
    "sentence_count": 0.4484763792519211,
    "avg_sentence_length": -0.03821148159034941,
    "paragraph_count": -0.39042365395766504,
    "heading_density": -0.17734073861249444,
    "list_frequency": 0.013472129546168731,
    "readability": 0.3289383049631522,
    "bold_emphasis_density": -0.1103413492747097,
    "citation_density": -0.4282418351039985,
    "statistic_density": 0.24169430585218685,
    "quote_density": 0.13041139413733904,
    "named_source_mentions": -0.12577505158829722,
    "year_mentions": -0.22310992564143517,
    "claim_density": -0.2297904870972198,
    "external_reference_density": 0.018073522678946376,
    "question_density": 0.1488003594652136,
    "query_similarity": 0.06924756514332747,
    "corpus_centroid_similarity": 0.09992815359888631,
    "type_token_ratio": -0.7229110239998877,
    "vocabulary_sophistication": 0.1768852437520774,
    "sentiment_polarity": 0.1087611123771659,
    "avg_word_length": -0.016153137227614536,
    "semantic_uniqueness": -0.20494334256654073,
    "information_density": -0.22427903011631192,
    "specificity_score": -0.030583494625115455
  },
  "avg_ranks": {
    "0": {
      "6": 1.0,
      "4": 3.2,
      "1": 2.8,
      "2": 3.0,
      "3": 5.2,
      "0": 5.8,
      "5": 7.0
    },
    "1": {
      "1": 1.4,
      "3": 2.0,
      "4": 2.8,
      "2": 4.6,
      "5": 4.2,
      "0": 6.0
    },
    "2": {
      "2": 1.8,
      "3": 2.0,
      "0": 3.4,
      "4": 2.8,
      "1": 5.0
    },
    "3": {
      "2": 4.0,
      "6": 2.4,
      "1": 4.6,
      "0": 3.6,
      "4": 4.6,
      "5": 3.4,
      "3": 5.4
    },
    "4": {
      "1": 3.2,
      "0": 1.6,
      "3": 4.0,
      "2": 2.6,
      "5": 5.6,
      "4": 4.0
    },
    "5": {
      "2": 1.4,
      "5": 1.6,
      "1": 3.6,
      "4": 4.2,
      "3": 4.8,
      "0": 5.4
    },
    "6": {
      "1": 1.8,
      "0": 2.0,
      "3": 2.8,
      "2": 3.4,
      "4": 5.0
    },
    "7": {
      "3": 2.0,
      "4": 1.4,
      "6": 4.2,
      "2": 4.6,
      "0": 4.2,
      "1": 5.2,
      "5": 6.4
    },
    "8": {
      "5": 1.4,
      "3": 2.8,
      "0": 3.6,
      "4": 2.4,
      "2": 5.8,
      "1": 5.0
    },
    "9": {
      "0": 4.8,
      "1": 2.0,
      "2": 3.2,
      "6": 3.6,
      "5": 4.6,
      "4": 5.2,
      "3": 4.6
    },
    "10": {
      "1": 1.8,
      "4": 3.0,
      "2": 2.2,
      "3": 3.8,
      "0": 4.2
    },
    "11": {
      "0": 1.8,
      "1": 2.2,
      "2": 2.8,
      "3": 4.8,
      "4": 3.4
    },
    "12": {
      "2": 1.4,
      "0": 1.6,
      "1": 3.2,
      "3": 3.8
    },
    "13": {
      "7": 4.4,
      "2": 2.6,
      "1": 2.2,
      "4": 3.4,
      "0": 3.6,
      "3": 5.6,
      "5": 6.2,
      "6": 8.0
    },
    "14": {
      "0": 2.6,
      "1": 2.0,
      "2": 2.4,
      "3": 3.0
    },
    "15": {
      "5": 2.6,
      "3": 1.8,
      "1": 3.0,
      "0": 3.8,
      "4": 4.2,
      "2": 5.6
    },
    "16": {
      "2": 2.8,
      "3": 2.2,
      "4": 2.0,
      "0": 3.8,
      "1": 5.4,
      "5": 4.8
    },
    "17": {
      "1": 1.2,
      "3": 3.0,
      "4": 3.2,
      "0": 3.6,
      "2": 4.0
    },
    "18": {
      "1": 1.0,
      "0": 2.2,
      "2": 2.8
    },
    "19": {
      "4": 2.2,
      "2": 2.4,
      "0": 3.2,
      "1": 5.2,
      "5": 4.4,
      "3": 3.6
    },
    "20": {
      "5": 1.4,
      "4": 2.2,
      "3": 3.6,
      "1": 4.6,
      "0": 4.4,
      "2": 4.8
    },
    "21": {
      "0": 1.0,
      "2": 2.6,
      "1": 2.4
    },
    "22": {
      "4": 2.8,
      "0": 6.4,
      "5": 4.2,
      "6": 3.8,
      "7": 2.4,
      "3": 4.4,
      "2": 5.8,
      "1": 6.2
    },
    "23": {
      "3": 1.2,
      "2": 3.4,
      "4": 2.2,
      "0": 4.2,
      "5": 4.0,
      "1": 6.6,
      "6": 6.4
    },
    "24": {
      "1": 1.8,
      "3": 3.6,
      "5": 2.6,
      "0": 3.2,
      "2": 3.8,
      "4": 6.0
    },
    "25": {
      "2": 1.0,
      "3": 2.2,
      "1": 3.6,
      "0": 3.6,
      "4": 4.6
    },
    "26": {
      "3": 1.6,
      "1": 1.8,
      "4": 2.6,
      "2": 4.0,
      "0": 5.0
    },
    "27": {
      "0": 1.0,
      "2": 2.2,
      "1": 3.4,
      "3": 4.8,
      "4": 3.6
    },
    "28": {
      "4": 1.4,
      "2": 2.2,
      "3": 3.2,
      "0": 4.0,
      "1": 4.2
    },
    "29": {
      "0": 3.0,
      "2": 2.4,
      "1": 3.6,
      "4": 4.0,
      "3": 2.0
    },
    "30": {
      "3": 4.4,
      "7": 2.4,
      "1": 3.6,
      "0": 3.4,
      "6": 6.2,
      "4": 4.8,
      "5": 6.2,
      "2": 6.6,
      "8": 7.4
    },
    "31": {
      "2": 1.0,
      "1": 3.0,
      "3": 3.8,
      "0": 4.0,
      "5": 4.8,
      "4": 4.4
    },
    "32": {
      "7": 1.6,
      "0": 4.0,
      "6": 3.6,
      "8": 6.0,
      "4": 5.6,
      "2": 5.4,
      "3": 4.0,
      "5": 6.4,
      "1": 8.4
    },
    "33": {
      "3": 1.4,
      "4": 2.0,
      "5": 2.6,
      "0": 4.4,
      "1": 4.6,
      "2": 6.0
    },
    "34": {
      "0": 2.4,
      "7": 4.8,
      "3": 3.8,
      "1": 5.6,
      "2": 4.4,
      "6": 4.2,
      "4": 7.8,
      "5": 7.4,
      "8": 4.6
    },
    "35": {
      "1": 2.4,
      "5": 3.2,
      "3": 1.8,
      "4": 2.8,
      "2": 5.6,
      "0": 5.2
    },
    "36": {
      "4": 4.2,
      "5": 3.2,
      "2": 1.6,
      "1": 2.4,
      "0": 3.6,
      "3": 6.0
    },
    "37": {
      "4": 1.8,
      "2": 1.6,
      "3": 2.8,
      "1": 4.2,
      "5": 4.6,
      "0": 6.0
    },
    "38": {
      "2": 1.8,
      "1": 1.6,
      "4": 2.8,
      "3": 4.0,
      "0": 4.8
    },
    "39": {
      "0": 2.8,
      "6": 3.2,
      "3": 4.2,
      "2": 3.0,
      "5": 4.2,
      "4": 3.8,
      "1": 6.8
    },
    "40": {
      "2": 1.6,
      "0": 3.6,
      "1": 2.6,
      "5": 4.0,
      "4": 3.2,
      "3": 6.0
    },
    "41": {
      "3": 2.6,
      "2": 1.4,
      "5": 3.6,
      "0": 4.8,
      "6": 4.6,
      "4": 4.0,
      "1": 7.0
    },
    "42": {
      "5": 1.8,
      "4": 1.6,
      "1": 2.6,
      "2": 4.6,
      "3": 4.4,
      "0": 6.0
    },
    "43": {
      "1": 1.6,
      "3": 3.0,
      "2": 3.8,
      "0": 4.0,
      "5": 4.2,
      "4": 4.4
    },
    "44": {
      "6": 2.0,
      "2": 3.8,
      "0": 3.0,
      "4": 2.4,
      "5": 5.4,
      "3": 4.8,
      "1": 6.6
    },
    "45": {
      "3": 2.2,
      "1": 2.0,
      "2": 2.4,
      "0": 3.4
    },
    "46": {
      "3": 1.8,
      "2": 2.2,
      "0": 2.0,
      "1": 4.0
    },
    "47": {
      "2": 5.0,
      "0": 6.0,
      "1": 4.4,
      "7": 2.0,
      "5": 3.0,
      "6": 4.4,
      "3": 7.4,
      "4": 3.8
    },
    "48": {
      "3": 1.4,
      "2": 2.4,
      "1": 2.8,
      "0": 3.8,
      "4": 4.6
    },
    "49": {
      "0": 1.8,
      "1": 2.0,
      "2": 2.2
    },
    "50": {
      "7": 1.0,
      "8": 2.0,
      "0": 3.4,
      "2": 5.6,
      "1": 6.4,
      "4": 6.8,
      "5": 4.4,
      "3": 6.6,
      "6": 8.8
    },
    "51": {
      "2": 1.2,
      "5": 2.2,
      "3": 2.6,
      "1": 4.0,
      "0": 5.2,
      "4": 5.8
    },
    "52": {
      "0": 1.8,
      "1": 3.4,
      "2": 2.8,
      "3": 2.4,
      "4": 4.6
    },
    "53": {
      "0": 3.6,
      "4": 2.4,
      "2": 4.0,
      "1": 4.0,
      "3": 3.0,
      "5": 4.0
    },
    "54": {
      "4": 1.0,
      "3": 2.4,
      "0": 2.6,
      "5": 4.8,
      "2": 5.0,
      "1": 5.2
    },
    "55": {
      "3": 2.6,
      "8": 2.8,
      "9": 1.8,
      "4": 3.6,
      "6": 5.4,
      "2": 7.2,
      "1": 8.2,
      "0": 6.4,
      "5": 7.8,
      "7": 9.2
    },
    "56": {
      "5": 1.0,
      "0": 3.8,
      "2": 2.8,
      "1": 2.8,
      "3": 5.4,
      "4": 5.2
    },
    "57": {
      "5": 2.2,
      "4": 2.8,
      "3": 2.8,
      "1": 5.2,
      "0": 4.2,
      "2": 3.8
    },
    "58": {
      "6": 1.8,
      "3": 2.4,
      "5": 4.6,