{
  "content_diversity": 0.6195722818374634,
  "classifier_auc": 0.7482674982674983,
  "ranking_stability": 0.4460262626262626,
  "feature_coefficients": {
    "word_count": -0.13642492856590296,
    "sentence_count": -0.05714243954340698,
    "avg_sentence_length": 0.015997265729942898,
    "paragraph_count": -0.5215293983220631,
    "heading_density": -0.19193785514315104,
    "list_frequency": -0.0226249610318983,
    "readability": 0.025886215647041164,
    "bold_emphasis_density": -0.1521875923380818,
    "citation_density": -0.2761259305135701,
    "statistic_density": -0.10750905400204804,
    "quote_density": 0.020992954042216475,
    "named_source_mentions": 0.31713608500918355,
    "year_mentions": -0.31189204274841387,
    "claim_density": -0.18528824844274516,
    "external_reference_density": 0.19258369143494306,
    "question_density": 0.005493493547461766,
    "query_similarity": -0.18908958311908738,
    "corpus_centroid_similarity": 0.10752504529770417,
    "type_token_ratio": -0.647054624614714,
    "vocabulary_sophistication": 0.21487835098825042,
    "sentiment_polarity": -0.01699735746777147,
    "avg_word_length": 0.04763603525915834,
    "semantic_uniqueness": -0.33207578672700216,
    "information_density": -0.1336419433560164,
    "specificity_score": -0.17778099737569766
  },
  "avg_ranks": {
    "0": {
      "6": 2.0,
      "1": 2.0,
      "4": 3.4,
      "3": 5.2,
      "2": 2.8,
      "5": 6.8,
      "0": 5.8
    },
    "1": {
      "3": 1.6,
      "1": 1.4,
      "5": 3.6,
      "2": 4.6,
      "4": 3.8,
      "0": 6.0
    },
    "2": {
      "3": 1.2,
      "2": 2.2,
      "0": 3.2,
      "4": 3.4,
      "1": 5.0
    },
    "3": {
      "5": 1.8,
      "2": 5.8,
      "6": 2.4,
      "1": 3.8,
      "0": 3.4,
      "3": 5.2,
      "4": 5.6
    },
    "4": {
      "4": 2.8,
      "2": 2.0,
      "0": 2.2,
      "3": 4.6,
      "1": 3.6,
      "5": 5.8
    },
    "5": {
      "5": 1.6,
      "2": 2.0,
      "4": 4.0,
      "3": 4.2,
      "1": 3.2,
      "0": 6.0
    },
    "6": {
      "2": 2.6,
      "1": 1.8,
      "0": 2.0,
      "3": 3.6,
      "4": 5.0
    },
    "7": {
      "3": 2.0,
      "4": 1.8,
      "2": 3.8,
      "0": 3.4,
      "1": 4.2,
      "6": 5.8,
      "5": 7.0
    },
    "8": {
      "5": 1.0,
      "0": 3.0,
      "1": 3.6,
      "3": 4.0,
      "4": 4.0,
      "2": 5.4
    },
    "9": {
      "4": 4.0,
      "1": 3.2,
      "2": 3.4,
      "6": 5.2,
      "5": 3.6,
      "0": 6.0,
      "3": 2.6
    },
    "10": {
      "1": 2.0,
      "3": 3.4,
      "4": 2.0,
      "2": 2.8,
      "0": 4.8
    },
    "11": {
      "1": 1.6,
      "2": 2.6,
      "0": 2.4,
      "4": 3.4,
      "3": 5.0
    },
    "12": {
      "2": 1.8,
      "0": 2.4,
      "3": 3.0,
      "1": 2.8
    },
    "13": {
      "1": 2.4,
      "2": 3.4,
      "0": 4.4,
      "4": 2.8,
      "3": 3.8,
      "7": 6.8,
      "5": 4.4,
      "6": 8.0
    },
    "14": {
      "3": 1.8,
      "1": 1.8,
      "2": 3.0,
      "0": 3.4
    },
    "15": {
      "1": 2.2,
      "3": 2.4,
      "5": 2.0,
      "4": 3.4,
      "0": 5.2,
      "2": 5.8
    },
    "16": {
      "2": 1.6,
      "5": 2.0,
      "3": 3.2,
      "4": 4.0,
      "0": 4.2,
      "1": 6.0
    },
    "17": {
      "0": 3.8,
      "1": 1.2,
      "4": 2.4,
      "3": 3.0,
      "2": 4.6
    },
    "18": {
      "0": 1.4,
      "1": 1.6,
      "2": 3.0
    },
    "19": {
      "0": 2.6,
      "1": 3.8,
      "4": 2.8,
      "2": 2.8,
      "3": 4.8,
      "5": 4.2
    },
    "20": {
      "0": 3.6,
      "3": 4.0,
      "5": 2.2,
      "4": 3.4,
      "1": 4.6,
      "2": 3.2
    },
    "21": {
      "1": 1.6,
      "0": 1.6,
      "2": 2.8
    },
    "22": {
      "2": 4.8,
      "4": 3.4,
      "7": 1.8,
      "5": 2.6,
      "6": 3.2,
      "3": 5.2,
      "0": 7.0,
      "1": 8.0
    },
    "23": {
      "4": 2.2,
      "3": 4.0,
      "2": 3.4,
      "5": 3.0,
      "0": 4.4,
      "1": 5.2,
      "6": 5.8
    },
    "24": {
      "1": 1.2,
      "5": 2.6,
      "0": 3.2,
      "2": 4.0,
      "3": 4.2,
      "4": 5.8
    },
    "25": {
      "2": 1.2,
      "0": 3.2,
      "1": 3.2,
      "3": 2.6,
      "4": 4.8
    },
    "26": {
      "3": 1.4,
      "1": 2.0,
      "2": 3.6,
      "4": 3.0,
      "0": 5.0
    },
    "27": {
      "2": 2.2,
      "0": 1.2,
      "4": 3.2,
      "1": 3.6,
      "3": 4.8
    },
    "28": {
      "1": 2.4,
      "0": 3.2,
      "4": 3.2,
      "2": 3.4,
      "3": 2.8
    },
    "29": {
      "2": 1.2,
      "3": 2.0,
      "4": 4.0,
      "1": 3.8,
      "0": 4.0
    },
    "30": {
      "4": 3.6,
      "1": 3.8,
      "7": 5.2,
      "0": 4.2,
      "3": 6.0,
      "5": 2.8,
      "6": 6.8,
      "2": 5.2,
      "8": 7.4
    },
    "31": {
      "2": 1.0,
      "1": 2.4,
      "5": 4.4,
      "4": 3.8,
      "3": 3.6,
      "0": 5.8
    },
    "32": {
      "7": 1.0,
      "3": 4.2,
      "0": 3.6,
      "4": 3.2,
      "5": 5.8,
      "6": 5.0,
      "2": 6.8,
      "8": 7.0,
      "1": 8.4
    },
    "33": {
      "4": 2.0,
      "5": 2.2,
      "3": 1.8,
      "2": 4.6,
      "0": 5.4,
      "1": 5.0
    },
    "34": {
      "7": 6.2,
      "0": 4.0,
      "3": 3.0,
      "8": 5.8,
      "1": 4.8,
      "2": 3.6,
      "6": 3.6,
      "5": 5.8,
      "4": 8.2
    },
    "35": {
      "3": 1.8,
      "0": 5.0,
      "1": 2.6,
      "4": 2.6,
      "2": 3.8,
      "5": 5.2
    },
    "36": {
      "5": 2.2,
      "2": 2.2,
      "1": 2.6,
      "0": 3.2,
      "4": 4.8,
      "3": 6.0
    },
    "37": {
      "4": 1.4,
      "2": 1.6,
      "3": 3.2,
      "1": 4.8,
      "5": 4.0,
      "0": 6.0
    },
    "38": {
      "2": 2.2,
      "1": 1.6,
      "4": 2.6,
      "3": 3.8,
      "0": 4.8
    },
    "39": {
      "1": 5.8,
      "6": 2.2,
      "2": 3.2,
      "3": 4.0,
      "5": 4.0,
      "0": 3.8,
      "4": 5.0
    },
    "40": {
      "2": 1.0,
      "1": 2.8,
      "0": 3.0,
      "5": 3.6,
      "4": 4.8,
      "3": 5.8
    },
    "41": {
      "5": 2.6,
      "2": 2.0,
      "3": 2.4,
      "4": 3.2,
      "0": 5.4,
      "6": 5.6,
      "1": 6.8
    },
    "42": {
      "4": 1.6,
      "1": 2.2,
      "5": 2.2,
      "2": 4.2,
      "3": 4.8,
      "0": 6.0
    },
    "43": {
      "5": 4.6,
      "2": 3.0,
      "0": 3.0,
      "3": 2.6,
      "1": 2.2,
      "4": 5.6
    },
    "44": {
      "6": 1.0,
      "4": 3.0,
      "2": 3.0,
      "0": 3.4,
      "5": 4.8,
      "1": 6.2,
      "3": 6.6
    },
    "45": {
      "1": 1.4,
      "3": 2.4,
      "2": 3.0,
      "0": 3.2
    },
    "46": {
      "2": 1.6,
      "3": 1.8,
      "0": 2.6,
      "1": 4.0
    },
    "47": {
      "4": 2.4,
      "7": 1.2,
      "5": 3.2,
      "6": 3.4,
      "1": 5.2,
      "2": 6.6,
      "3": 6.8,
      "0": 7.2
    },
    "48": {
      "3": 1.4,
      "2": 1.6,
      "1": 3.4,
      "0": 4.6,
      "4": 4.0
    },
    "49": {
      "2": 1.0,
      "1": 2.2,
      "0": 2.8
    },
    "50": {
      "5": 4.0,
      "7": 2.6,
      "8": 3.8,
      "0": 3.0,
      "2": 5.4,
      "4": 4.8,
      "3": 7.0,
      "1": 6.2,
      "6": 8.2
    },
    "51": {
      "2": 1.0,
      "5": 2.0,
      "3": 3.2,
      "1": 3.8,
      "0": 5.0,
      "4": 6.0
    },
    "52": {
      "3": 1.8,
      "2": 2.4,
      "4": 4.4,
      "0": 2.0,
      "1": 4.4
    },
    "53": {
      "1": 2.2,
      "3": 1.4,
      "0": 2.4,
      "5": 4.6,
      "4": 5.8,
      "2": 4.6
    },
    "54": {
      "4": 1.4,
      "3": 2.0,
      "0": 2.8,
      "1": 4.6,
      "2": 5.4,
      "5": 4.8
    },
    "55": {
      "9": 2.2,
      "8": 2.8,
      "3": 2.0,
      "4": 3.8,
      "6": 6.0,
      "0": 5.4,
      "2": 7.6,
      "5": 7.6,
      "7": 8.8,
      "1": 8.8
    },
    "56": {
      "5": 1.0,
      "2": 2.4,
      "0": 4.0,
      "1": 2.8,
      "3": 5.6,
      "4": 5.2
    },
    "57": {
      "3": 2.0,
      "0": 4.6,
      "5": 3.2,
      "4": 3.4,
      "2": 2.0,
      "1": 5.8
    },
    "58": {
      "3": 2.8,
      "6": 1.8,