{
  "content_diversity": 0.6251832842826843,
  "classifier_auc": 0.7287586337401836,
  "ranking_stability": 0.42615705602718595,
  "feature_coefficients": {
    "word_count": 0.2266126109064343,
    "sentence_count": 0.06157318285796574,
    "avg_sentence_length": 0.26066393182062736,
    "paragraph_count": -0.29707589164959675,
    "heading_density": 0.05975474920722974,
    "list_frequency": 0.12895894607200487,
    "readability": -0.40902067913476103,
    "bold_emphasis_density": 0.016578956389154763,
    "citation_density": -0.23209672196610065,
    "statistic_density": 0.21369055894394945,
    "quote_density": 0.13268752929980557,
    "named_source_mentions": -0.1759621895666212,
    "year_mentions": -0.34870890082664374,
    "claim_density": -0.20833552945856462,
    "external_reference_density": -0.16152270477040395,
    "question_density": 0.13474345287034115,
    "query_similarity": 0.12706432439305765,
    "corpus_centroid_similarity": 0.308513361663944,
    "type_token_ratio": -0.45747313269358847,
    "vocabulary_sophistication": 0.19403048741129644,
    "sentiment_polarity": 0.1386109195172093,
    "avg_word_length": 0.26876622888886015,
    "semantic_uniqueness": -0.022193270531239574,
    "information_density": -0.035350711730575,
    "specificity_score": -0.013961530255241952
  },
  "avg_ranks": {
    "0": {
      "6": 1.0,
      "1": 2.4,
      "2": 3.0,
      "4": 3.6,
      "0": 6.2,
      "5": 5.4,
      "3": 6.4
    },
    "1": {
      "3": 1.4,
      "1": 1.6,
      "4": 4.4,
      "5": 3.6,
      "2": 4.0,
      "0": 6.0
    },
    "2": {
      "3": 2.2,
      "2": 1.6,
      "0": 3.6,
      "4": 2.6,
      "1": 5.0
    },
    "3": {
      "1": 3.0,
      "6": 3.2,
      "5": 3.0,
      "3": 3.2,
      "0": 4.0,
      "2": 6.4,
      "4": 5.2
    },
    "4": {
      "1": 2.4,
      "0": 1.8,
      "2": 3.4,
      "3": 3.6,
      "5": 4.6,
      "4": 5.2
    },
    "5": {
      "2": 1.4,
      "5": 1.6,
      "3": 4.2,
      "0": 5.4,
      "4": 4.0,
      "1": 4.4
    },
    "6": {
      "1": 1.2,
      "0": 2.6,
      "3": 2.6,
      "2": 3.6,
      "4": 5.0
    },
    "7": {
      "2": 1.8,
      "4": 1.6,
      "3": 2.6,
      "5": 5.6,
      "0": 5.0,
      "6": 5.8,
      "1": 5.6
    },
    "8": {
      "5": 1.2,
      "4": 2.4,
      "3": 2.8,
      "1": 5.0,
      "0": 4.6,
      "2": 5.0
    },
    "9": {
      "4": 2.6,
      "5": 3.8,
      "6": 3.2,
      "2": 3.6,
      "1": 3.2,
      "0": 6.4,
      "3": 5.2
    },
    "10": {
      "0": 4.2,
      "1": 2.2,
      "4": 2.4,
      "2": 2.4,
      "3": 3.8
    },
    "11": {
      "0": 2.5,
      "1": 1.25,
      "2": 2.25,
      "4": 4.0,
      "3": 5.0
    },
    "12": {
      "1": 2.2,
      "0": 1.8,
      "2": 2.0,
      "3": 4.0
    },
    "13": {
      "7": 4.6,
      "1": 2.2,
      "2": 2.8,
      "0": 3.8,
      "4": 3.8,
      "3": 5.6,
      "5": 5.2,
      "6": 8.0
    },
    "14": {
      "3": 2.8,
      "1": 2.4,
      "2": 2.2,
      "0": 2.6
    },
    "15": {
      "3": 1.75,
      "5": 3.0,
      "1": 4.0,
      "4": 1.75,
      "2": 5.25,
      "0": 5.25
    },
    "16": {
      "4": 2.8,
      "2": 1.6,
      "0": 3.6,
      "3": 2.4,
      "5": 5.6,
      "1": 5.0
    },
    "17": {
      "1": 1.5,
      "3": 2.0,
      "4": 3.25,
      "2": 3.25,
      "0": 5.0
    },
    "18": {
      "1": 1.0,
      "0": 2.0,
      "2": 3.0
    },
    "19": {
      "0": 2.8,
      "2": 1.8,
      "1": 3.6,
      "4": 3.2,
      "5": 3.8,
      "3": 5.8
    },
    "20": {
      "0": 3.2,
      "5": 1.4,
      "4": 3.0,
      "2": 4.4,
      "1": 5.0,
      "3": 4.0
    },
    "21": {
      "0": 1.4,
      "2": 2.0,
      "1": 2.6
    },
    "22": {
      "6": 2.4,
      "5": 3.6,
      "7": 3.2,
      "3": 4.0,
      "4": 3.8,
      "2": 5.2,
      "0": 6.4,
      "1": 7.4
    },
    "23": {
      "5": 2.6,
      "0": 5.4,
      "3": 3.6,
      "4": 3.4,
      "2": 4.0,
      "1": 4.8,
      "6": 4.2
    },
    "24": {
      "0": 3.8,
      "2": 3.8,
      "1": 2.0,
      "3": 4.0,
      "5": 2.0,
      "4": 5.4
    },
    "25": {
      "2": 1.0,
      "3": 2.5,
      "1": 3.75,
      "0": 3.25,
      "4": 4.5
    },
    "26": {
      "4": 2.75,
      "3": 1.5,
      "1": 2.0,
      "2": 3.75,
      "0": 5.0
    },
    "27": {
      "0": 1.0,
      "2": 2.4,
      "1": 3.6,
      "3": 4.6,
      "4": 3.4
    },
    "28": {
      "3": 2.0,
      "4": 4.2,
      "2": 3.6,
      "1": 2.0,
      "0": 3.2
    },
    "29": {
      "2": 1.5,
      "0": 2.5,
      "1": 2.75,
      "3": 3.25,
      "4": 5.0
    },
    "30": {
      "8": 5.8,
      "1": 2.2,
      "2": 5.0,
      "0": 3.0,
      "7": 3.6,
      "6": 5.6,
      "3": 5.2,
      "5": 6.4,
      "4": 8.2
    },
    "31": {
      "2": 1.0,
      "3": 4.0,
      "5": 4.6,
      "4": 3.6,
      "0": 4.6,
      "1": 3.2
    },
    "32": {
      "7": 1.0,
      "2": 4.25,
      "3": 3.5,
      "0": 3.0,
      "4": 7.25,
      "8": 4.5,
      "6": 6.25,
      "5": 6.75,
      "1": 8.5
    },
    "33": {
      "3": 1.2,
      "4": 2.0,
      "5": 3.0,
      "1": 4.6,
      "0": 5.0,
      "2": 5.2
    },
    "34": {
      "0": 2.4,
      "3": 2.8,
      "1": 3.8,
      "2": 5.4,
      "6": 4.0,
      "8": 6.0,
      "5": 7.4,
      "4": 6.8,
      "7": 6.4
    },
    "35": {
      "0": 3.0,
      "1": 2.25,
      "4": 3.75,
      "3": 2.5,
      "5": 4.0,
      "2": 5.5
    },
    "36": {
      "2": 1.4,
      "1": 2.4,
      "5": 2.8,
      "4": 4.8,
      "0": 3.6,
      "3": 6.0
    },
    "37": {
      "2": 2.4,
      "4": 2.2,
      "3": 2.4,
      "5": 3.2,
      "1": 4.8,
      "0": 6.0
    },
    "38": {
      "2": 2.2,
      "4": 2.4,
      "1": 2.2,
      "3": 4.0,
      "0": 4.2
    },
    "39": {
      "5": 3.4,
      "0": 2.6,
      "6": 2.2,
      "2": 4.0,
      "4": 4.0,
      "3": 5.0,
      "1": 6.8
    },
    "40": {
      "2": 2.0,
      "1": 2.75,
      "0": 3.75,
      "5": 3.25,
      "4": 3.5,
      "3": 5.75
    },
    "41": {
      "2": 1.6,
      "5": 3.8,
      "6": 3.6,
      "3": 2.4,
      "0": 4.8,
      "4": 4.8,
      "1": 7.0
    },
    "42": {
      "1": 2.0,
      "4": 1.2,
      "5": 3.2,
      "3": 4.2,
      "2": 4.4,
      "0": 6.0
    },
    "43": {
      "1": 1.0,
      "4": 3.8,
      "2": 3.6,
      "3": 2.6,
      "0": 4.2,
      "5": 5.8
    },
    "44": {
      "3": 4.0,
      "6": 1.6,
      "2": 3.6,
      "4": 2.2,
      "0": 4.4,
      "5": 5.2,
      "1": 7.0
    },
    "45": {
      "1": 1.8,
      "3": 2.0,
      "2": 3.0,
      "0": 3.2
    },
    "46": {
      "2": 2.0,
      "0": 1.4,
      "1": 3.8,
      "3": 2.8
    },
    "47": {
      "4": 2.2,
      "7": 1.6,
      "5": 4.0,
      "6": 3.4,
      "1": 6.0,
      "2": 5.6,
      "0": 6.4,
      "3": 6.8
    },
    "48": {
      "3": 1.0,
      "1": 2.6,
      "2": 2.4,
      "0": 4.4,
      "4": 4.6
    },
    "49": {
      "1": 2.2,
      "0": 2.4,
      "2": 1.4
    },
    "50": {
      "8": 2.2,
      "7": 1.6,
      "5": 3.2,
      "2": 5.8,
      "0": 4.0,
      "1": 6.6,
      "6": 8.2,
      "3": 6.6,
      "4": 6.8
    },
    "51": {
      "3": 2.2,
      "2": 1.6,
      "5": 2.2,
      "1": 4.0,
      "0": 5.2,
      "4": 5.8
    },
    "52": {
      "2": 2.6,
      "4": 4.2,
      "3": 2.8,
      "1": 3.4,
      "0": 2.0
    },
    "53": {
      "0": 2.0,
      "4": 3.6,
      "3": 2.8,
      "2": 4.6,
      "5": 5.0,
      "1": 3.0
    },
    "54": {
      "4": 1.0,
      "0": 2.25,
      "3": 2.75,
      "5": 4.5,
      "1": 5.25,
      "2": 5.25
    },
    "55": {
      "9": 1.5,
      "8": 2.0,
      "4": 3.75,
      "3": 3.0,
      "6": 4.75,
      "0": 7.75,
      "1": 7.75,
      "2": 6.5,
      "5": 8.0,
      "7": 10.0
    },
    "56": {
      "5": 1.0,
      "1": 2.6,
      "2": 2.6,
      "3": 5.0,
      "4": 4.6,
      "0": 5.2
    },
    "57": {
      "0": 4.2,
      "4": 2.6,
      "5": 2.4,
      "3": 2.8,
      "2": 3.0,
      "1": 6.0
    },
    "58": {
      "3": 1.75,