{
  "content_diversity": 0.623405933380127,
  "classifier_auc": 0.6821638316291911,
  "ranking_stability": 0.4180091216235794,
  "feature_coefficients": {
    "word_count": -0.09215347305561414,
    "sentence_count": -0.06724564219792496,
    "avg_sentence_length": -0.08161602173561353,
    "paragraph_count": -0.5149409632067591,
    "heading_density": -0.0492597115344708,
    "list_frequency": 0.008217867165982523,
    "readability": 0.1939477338346971,
    "bold_emphasis_density": 0.04774461861508183,
    "citation_density": -0.23043667505269927,
    "statistic_density": 0.11985546108313155,
    "quote_density": 0.05264646131039791,
    "named_source_mentions": -0.031906536264187935,
    "year_mentions": -0.04365680165576799,
    "claim_density": -0.3016012556166975,
    "external_reference_density": 0.11136645661054533,
    "question_density": 0.02816292598094229,
    "query_similarity": -0.02954602246948371,
    "corpus_centroid_similarity": 0.11757301210697682,
    "type_token_ratio": -0.6568160676590838,
    "vocabulary_sophistication": 0.18374389597272545,
    "sentiment_polarity": 0.03333312334601919,
    "avg_word_length": -0.05130752517852644,
    "semantic_uniqueness": -0.02323360479518967,
    "information_density": -0.11084686684800976,
    "specificity_score": -0.03531707736810042
  },
  "avg_ranks": {
    "0": {
      "6": 1.0,
      "1": 2.6,
      "2": 3.0,
      "4": 3.4,
      "5": 5.8,
      "3": 6.0,
      "0": 6.2
    },
    "1": {
      "3": 1.4,
      "1": 2.0,
      "5": 4.2,
      "2": 4.4,
      "4": 3.0,
      "0": 6.0
    },
    "2": {
      "2": 1.6,
      "3": 1.8,
      "4": 3.0,
      "0": 3.6,
      "1": 5.0
    },
    "3": {
      "0": 5.2,
      "2": 3.6,
      "6": 2.6,
      "1": 4.0,
      "5": 3.4,
      "3": 3.8,
      "4": 5.4
    },
    "4": {
      "1": 2.6,
      "0": 1.6,
      "2": 3.4,
      "3": 4.0,
      "5": 4.2,
      "4": 5.2
    },
    "5": {
      "4": 2.6,
      "5": 1.8,
      "2": 2.0,
      "3": 3.6,
      "1": 5.4,
      "0": 5.6
    },
    "6": {
      "3": 3.0,
      "1": 1.4,
      "0": 2.0,
      "2": 3.6,
      "4": 5.0
    },
    "7": {
      "2": 2.0,
      "4": 1.8,
      "3": 2.8,
      "1": 4.8,
      "0": 5.2,
      "6": 6.4,
      "5": 5.0
    },
    "8": {
      "4": 2.6,
      "5": 1.2,
      "0": 3.0,
      "3": 3.2,
      "1": 5.0,
      "2": 6.0
    },
    "9": {
      "4": 4.4,
      "2": 3.2,
      "6": 2.8,
      "5": 3.6,
      "0": 6.6,
      "1": 3.2,
      "3": 4.2
    },
    "10": {
      "0": 4.0,
      "1": 2.0,
      "4": 2.2,
      "3": 4.2,
      "2": 2.6
    },
    "11": {
      "2": 1.8,
      "1": 1.2,
      "0": 3.0,
      "4": 4.2,
      "3": 4.8
    },
    "12": {
      "1": 3.0,
      "2": 1.2,
      "0": 2.2,
      "3": 3.6
    },
    "13": {
      "7": 3.6,
      "2": 3.8,
      "1": 3.2,
      "3": 4.6,
      "4": 3.6,
      "0": 3.4,
      "5": 5.8,
      "6": 8.0
    },
    "14": {
      "0": 2.4,
      "2": 2.2,
      "1": 2.0,
      "3": 3.4
    },
    "15": {
      "5": 1.4,
      "4": 1.6,
      "1": 4.0,
      "3": 3.2,
      "0": 4.8,
      "2": 6.0
    },
    "16": {
      "2": 1.6,
      "3": 2.2,
      "4": 4.0,
      "0": 3.8,
      "5": 3.6,
      "1": 5.8
    },
    "17": {
      "1": 1.6,
      "3": 1.8,
      "4": 3.6,
      "2": 3.4,
      "0": 4.6
    },
    "18": {
      "1": 1.2,
      "0": 1.8,
      "2": 3.0
    },
    "19": {
      "2": 1.4,
      "5": 4.6,
      "0": 3.4,
      "4": 2.2,
      "1": 3.6,
      "3": 5.8
    },
    "20": {
      "0": 3.6,
      "4": 2.8,
      "5": 2.0,
      "1": 4.6,
      "3": 4.4,
      "2": 3.6
    },
    "21": {
      "0": 1.0,
      "2": 2.4,
      "1": 2.6
    },
    "22": {
      "6": 3.2,
      "3": 4.4,
      "7": 2.6,
      "5": 3.2,
      "4": 4.0,
      "2": 5.4,
      "0": 7.4,
      "1": 5.8
    },
    "23": {
      "3": 1.4,
      "4": 2.2,
      "2": 3.0,
      "0": 4.6,
      "5": 5.0,
      "6": 5.4,
      "1": 6.4
    },
    "24": {
      "0": 2.2,
      "2": 1.4,
      "1": 2.8,
      "5": 3.8,
      "3": 5.4,
      "4": 5.4
    },
    "25": {
      "2": 1.0,
      "1": 2.8,
      "3": 2.2,
      "4": 4.8,
      "0": 4.2
    },
    "26": {
      "4": 2.0,
      "2": 3.0,
      "3": 2.4,
      "1": 2.6,
      "0": 5.0
    },
    "27": {
      "0": 1.4,
      "1": 2.6,
      "2": 2.2,
      "3": 4.0,
      "4": 4.8
    },
    "28": {
      "3": 2.0,
      "1": 2.4,
      "4": 3.0,
      "2": 3.6,
      "0": 4.0
    },
    "29": {
      "2": 1.6,
      "3": 1.8,
      "1": 3.6,
      "0": 3.6,
      "4": 4.4
    },
    "30": {
      "1": 4.2,
      "4": 3.6,
      "7": 2.6,
      "6": 4.0,
      "3": 4.2,
      "0": 4.0,
      "2": 7.2,
      "5": 6.2,
      "8": 9.0
    },
    "31": {
      "4": 2.6,
      "3": 3.8,
      "2": 1.8,
      "1": 3.0,
      "5": 5.0,
      "0": 4.8
    },
    "32": {
      "7": 1.2,
      "0": 3.6,
      "2": 4.2,
      "3": 3.6,
      "8": 5.0,
      "6": 5.6,
      "5": 6.0,
      "1": 8.4,
      "4": 7.4
    },
    "33": {
      "4": 2.0,
      "3": 1.2,
      "0": 4.0,
      "5": 3.4,
      "2": 4.4,
      "1": 6.0
    },
    "34": {
      "6": 2.0,
      "2": 3.2,
      "8": 4.8,
      "0": 4.6,
      "3": 4.0,
      "1": 5.6,
      "4": 7.6,
      "7": 7.8,
      "5": 5.4
    },
    "35": {
      "2": 3.2,
      "3": 1.4,
      "1": 2.6,
      "4": 3.2,
      "5": 4.6,
      "0": 6.0
    },
    "36": {
      "5": 3.2,
      "2": 2.0,
      "1": 2.4,
      "0": 2.6,
      "4": 4.8,
      "3": 6.0
    },
    "37": {
      "4": 1.6,
      "2": 2.0,
      "3": 2.6,
      "5": 4.4,
      "1": 4.4,
      "0": 6.0
    },
    "38": {
      "2": 2.8,
      "1": 1.8,
      "4": 1.8,
      "3": 3.8,
      "0": 4.8
    },
    "39": {
      "2": 3.8,
      "0": 1.6,
      "6": 2.0,
      "3": 4.8,
      "5": 4.2,
      "4": 4.8,
      "1": 6.8
    },
    "40": {
      "2": 1.8,
      "1": 2.4,
      "0": 3.2,
      "5": 4.2,
      "3": 5.2,
      "4": 4.2
    },
    "41": {
      "3": 3.6,
      "2": 1.8,
      "0": 4.4,
      "5": 3.0,
      "6": 4.4,
      "4": 3.8,
      "1": 7.0
    },
    "42": {
      "1": 2.0,
      "4": 1.8,
      "5": 2.2,
      "2": 4.4,
      "3": 5.0,
      "0": 5.6
    },
    "43": {
      "1": 2.8,
      "3": 4.2,
      "4": 3.8,
      "0": 3.0,
      "2": 3.0,
      "5": 4.2
    },
    "44": {
      "6": 1.4,
      "4": 2.0,
      "2": 4.0,
      "0": 3.4,
      "3": 6.2,
      "5": 4.6,
      "1": 6.4
    },
    "45": {
      "3": 1.8,
      "1": 1.6,
      "2": 3.4,
      "0": 3.2
    },
    "46": {
      "0": 1.4,
      "2": 2.4,
      "3": 2.2,
      "1": 4.0
    },
    "47": {
      "1": 2.8,
      "7": 1.8,
      "5": 4.0,
      "6": 3.8,
      "4": 4.4,
      "3": 6.6,
      "2": 6.0,
      "0": 6.6
    },
    "48": {
      "3": 2.0,
      "2": 2.8,
      "1": 2.8,
      "4": 4.0,
      "0": 3.4
    },
    "49": {
      "1": 2.0,
      "0": 1.6,
      "2": 2.4
    },
    "50": {
      "7": 1.4,
      "8": 2.4,
      "0": 2.8,
      "2": 5.6,
      "1": 5.2,
      "4": 6.4,
      "3": 7.2,
      "5": 5.2,
      "6": 8.8
    },
    "51": {
      "2": 1.4,
      "5": 2.6,
      "3": 2.6,
      "1": 3.4,
      "4": 5.8,
      "0": 5.2
    },
    "52": {
      "0": 1.2,
      "2": 2.8,
      "3": 3.2,
      "4": 4.4,
      "1": 3.4
    },
    "53": {
      "0": 3.2,
      "4": 1.6,
      "1": 3.8,
      "3": 3.8,
      "2": 3.6,
      "5": 5.0
    },
    "54": {
      "4": 1.2,
      "5": 3.6,
      "3": 3.0,
      "0": 2.8,
      "2": 5.4,
      "1": 5.0
    },
    "55": {
      "8": 2.0,
      "9": 3.0,
      "4": 3.75,
      "3": 2.75,
      "6": 4.75,
      "0": 6.5,
      "5": 6.75,
      "1": 8.5,
      "2": 9.0,
      "7": 8.0
    },
    "56": {
      "5": 1.8,
      "2": 2.0,
      "1": 2.8,
      "3": 4.0,
      "0": 4.6,
      "4": 5.8
    },
    "57": {
      "3": 1.8,
      "2": 3.6,
      "5": 2.8,
      "4": 3.0,
      "1": 5.4,
      "0": 4.4
    },
    "58": {
      "6": 1.4,
      "3": 3.2,