{
  "content_diversity": 0.6856253147125244,
  "classifier_auc": 0.7270513996244377,
  "ranking_stability": 0.505511111111111,
  "feature_coefficients": {
    "word_count": 0.684851837623895,
    "sentence_count": -0.07754323331442281,
    "avg_sentence_length": 0.2828402795089377,
    "paragraph_count": -0.7639700239971212,
    "heading_density": -0.3791294038706773,
    "list_frequency": 0.15034621128150963,
    "readability": -0.21180487688153454,
    "bold_emphasis_density": 0.0018623793703134413,
    "citation_density": 0.08396952846562143,
    "statistic_density": -0.27982772551741947,
    "quote_density": 0.0017461439177099253,
    "named_source_mentions": -0.1504379491205077,
    "year_mentions": 0.06333863303912453,
    "claim_density": 0.19268138398244164,
    "external_reference_density": -0.29773561012247435,
    "question_density": -0.08255965559543428,
    "query_similarity": 0.21474423686311814,
    "corpus_centroid_similarity": 0.10822928758420217,
    "type_token_ratio": 0.08154966990880869,
    "vocabulary_sophistication": -0.17495034957875322,
    "sentiment_polarity": 0.20732145880019712,
    "avg_word_length": 0.18736723604340824,
    "semantic_uniqueness": -0.16233084310842807,
    "information_density": -0.07028715848688014,
    "specificity_score": 0.30570309620661673
  },
  "avg_ranks": {
    "0": {
      "6": 3.0,
      "4": 2.4,
      "1": 2.8,
      "5": 3.0,
      "7": 4.0,
      "9": 5.8,
      "2": 7.0,
      "0": 9.6,
      "8": 8.8,
      "3": 8.6
    },
    "1": {
      "9": 3.0,
      "0": 3.6,
      "8": 4.8,
      "7": 3.4,
      "2": 6.8,
      "5": 4.8,
      "6": 4.8,
      "3": 7.6,
      "1": 9.8,
      "4": 6.4
    },
    "2": {
      "3": 1.4,
      "0": 4.6,
      "2": 3.2,
      "1": 4.0,
      "5": 5.8,
      "6": 5.4,
      "7": 6.2,
      "4": 5.6,
      "8": 8.8,
      "9": 10.0
    },
    "3": {
      "5": 3.2,
      "6": 3.4,
      "9": 3.6,
      "1": 5.6,
      "2": 4.8,
      "3": 5.4,
      "7": 6.4,
      "8": 7.2,
      "4": 7.0,
      "0": 8.4
    },
    "4": {
      "8": 1.0,
      "7": 2.0,
      "0": 3.0,
      "4": 7.0,
      "1": 4.2,
      "6": 5.2,
      "5": 8.2,
      "3": 7.2,
      "2": 7.4,
      "9": 9.8
    },
    "5": {
      "7": 5.4,
      "6": 2.2,
      "9": 6.0,
      "4": 3.0,
      "1": 4.0,
      "0": 6.6,
      "2": 4.4,
      "5": 5.0,
      "8": 8.4,
      "3": 10.0
    },
    "6": {
      "8": 5.4,
      "7": 5.0,
      "6": 5.8,
      "9": 3.2,
      "0": 3.8,
      "4": 6.6,
      "5": 5.6,
      "1": 6.2,
      "2": 6.0,
      "3": 7.4
    },
    "7": {
      "5": 5.6,
      "4": 4.6,
      "2": 4.4,
      "0": 5.0,
      "9": 2.8,
      "1": 4.6,
      "3": 4.4,
      "6": 4.6,
      "7": 9.0,
      "8": 10.0
    },
    "8": {
      "8": 1.8,
      "2": 1.4,
      "1": 6.8,
      "3": 5.4,
      "7": 7.2,
      "6": 6.6,
      "4": 5.4,
      "0": 5.2,
      "5": 8.2,
      "9": 7.0
    },
    "9": {
      "8": 2.2,
      "5": 2.2,
      "2": 2.8,
      "7": 5.8,
      "0": 5.6,
      "9": 6.6,
      "6": 7.4,
      "3": 9.6,
      "1": 8.8,
      "4": 4.0
    },
    "10": {
      "7": 4.2,
      "8": 3.8,
      "9": 2.0,
      "4": 3.0,
      "3": 5.6,
      "1": 5.6,
      "0": 5.2,
      "2": 6.8,
      "5": 9.0,
      "6": 9.8
    },
    "11": {
      "6": 1.4,
      "7": 5.4,
      "8": 4.6,
      "4": 5.2,
      "9": 4.0,
      "5": 6.2,
      "0": 5.4,
      "1": 6.4,
      "2": 6.6,
      "3": 9.8
    },
    "12": {
      "3": 1.8,
      "5": 2.4,
      "0": 2.4,
      "2": 6.8,
      "1": 4.0,
      "7": 6.4,
      "6": 6.4,
      "4": 6.6,
      "8": 8.6,
      "9": 9.6
    },
    "13": {
      "3": 2.6,
      "6": 1.2,
      "5": 3.0,
      "1": 3.6,
      "8": 4.6,
      "2": 8.6,
      "4": 7.0,
      "0": 8.2,
      "9": 8.0,
      "7": 8.2
    },
    "14": {
      "6": 2.6,
      "0": 1.4,
      "8": 3.2,
      "4": 4.6,
      "5": 3.8,
      "1": 6.2,
      "9": 6.4,
      "7": 8.2,
      "3": 8.6,
      "2": 10.0
    },
    "15": {
      "7": 2.8,
      "8": 4.6,
      "5": 4.0,
      "0": 3.6,
      "3": 2.6,
      "6": 3.6,
      "2": 8.2,
      "9": 7.4,
      "4": 9.2,
      "1": 9.0
    },
    "16": {
      "5": 3.2,
      "6": 2.6,
      "4": 4.0,
      "2": 3.8,
      "0": 3.8,
      "1": 5.8,
      "8": 6.0,
      "7": 7.8,
      "9": 8.0,
      "3": 10.0
    },
    "17": {
      "2": 3.4,
      "8": 3.8,
      "3": 5.0,
      "0": 2.0,
      "6": 3.0,
      "7": 5.6,
      "1": 8.6,
      "9": 7.2,
      "4": 6.6,
      "5": 9.8
    },
    "18": {
      "4": 3.4,
      "5": 3.6,
      "3": 2.2,
      "2": 3.2,
      "1": 5.6,
      "9": 3.8,
      "6": 7.4,
      "0": 8.0,
      "7": 8.0,
      "8": 9.8
    },
    "19": {
      "9": 1.6,
      "5": 1.4,
      "1": 3.6,
      "7": 3.4,
      "3": 6.8,
      "6": 6.0,
      "8": 6.8,
      "0": 6.4,
      "4": 9.0,
      "2": 10.0
    },
    "20": {
      "8": 1.6,
      "4": 1.4,
      "5": 6.6,
      "1": 6.2,
      "7": 5.8,
      "6": 5.8,
      "0": 4.6,
      "9": 8.2,
      "2": 7.8,
      "3": 7.0
    },
    "21": {
      "8": 2.2,
      "1": 4.4,
      "0": 3.2,
      "9": 4.4,
      "3": 7.0,
      "4": 4.0,
      "2": 7.8,
      "7": 6.2,
      "6": 8.4,
      "5": 7.4
    },
    "22": {
      "3": 1.6,
      "0": 2.6,
      "4": 4.0,
      "8": 4.2,
      "1": 6.2,
      "2": 6.2,
      "9": 8.2,
      "5": 7.8,
      "7": 9.6,
      "6": 4.6
    },
    "23": {
      "6": 7.6,
      "5": 5.8,
      "9": 2.0,
      "3": 3.4,
      "8": 3.6,
      "7": 5.0,
      "0": 5.0,
      "4": 5.6,
      "2": 7.6,
      "1": 9.4
    },
    "24": {
      "1": 1.0,
      "9": 3.4,
      "8": 2.4,
      "0": 3.2,
      "2": 5.4,
      "5": 7.6,
      "4": 6.8,
      "7": 6.8,
      "3": 8.6,
      "6": 9.8
    },
    "25": {
      "2": 1.2,
      "3": 2.2,
      "4": 3.4,
      "1": 4.0,
      "6": 5.4,
      "8": 7.4,
      "9": 6.8,
      "5": 7.2,
      "7": 7.8,
      "0": 9.6
    },
    "26": {
      "0": 1.8,
      "2": 3.6,
      "4": 2.2,
      "7": 2.8,
      "9": 4.6,
      "1": 6.4,
      "6": 7.0,
      "5": 7.6,
      "3": 9.0,
      "8": 10.0
    },
    "27": {
      "1": 1.2,
      "0": 3.6,
      "9": 3.4,
      "5": 3.8,
      "2": 6.0,
      "6": 4.4,
      "8": 7.2,
      "7": 6.6,
      "3": 9.2,
      "4": 9.6
    },
    "28": {
      "0": 4.6,
      "1": 3.6,
      "4": 4.6,
      "9": 3.0,
      "2": 3.8,
      "8": 3.4,
      "5": 5.0,
      "6": 8.8,
      "7": 9.0,
      "3": 9.2
    },
    "29": {
      "8": 2.0,
      "3": 1.6,
      "2": 3.2,
      "4": 4.4,
      "0": 5.4,
      "5": 6.2,
      "9": 6.2,
      "7": 8.8,
      "6": 9.0,
      "1": 8.2
    },
    "30": {
      "7": 3.0,
      "3": 3.0,
      "6": 2.2,
      "2": 3.6,
      "0": 5.8,
      "9": 6.4,
      "4": 7.0,
      "1": 7.2,
      "5": 8.2,
      "8": 8.6
    },
    "31": {
      "3": 3.0,
      "8": 3.8,
      "0": 5.2,
      "2": 6.4,
      "6": 4.4,
      "4": 2.2,
      "9": 6.8,
      "5": 6.0,
      "7": 7.2,
      "1": 10.0
    },
    "32": {
      "6": 1.0,
      "4": 3.2,
      "0": 2.6,
      "5": 5.2,
      "8": 5.8,
      "1": 5.0,
      "9": 5.8,
      "7": 8.2,
      "3": 8.4,
      "2": 9.8
    },
    "33": {
      "9": 1.8,
      "5": 3.0,
      "6": 5.2,
      "1": 4.6,
      "2": 4.6,
      "0": 5.4,
      "7": 9.2,
      "3": 7.8,
      "8": 6.6,
      "4": 6.8
    },
    "34": {
      "5": 5.2,
      "1": 4.4,
      "4": 2.2,
      "2": 3.2,
      "9": 5.0,
      "7": 4.6,
      "0": 5.6,
      "3": 6.2,
      "8": 8.6,
      "6": 10.0
    },
    "35": {
      "1": 3.4,
      "2": 2.2,
      "3": 3.4,
      "8": 6.2,
      "9": 5.8,
      "7": 5.2,
      "5": 6.4,
      "6": 7.4,
      "4": 7.2,
      "0": 7.8
    },
    "36": {
      "9": 1.0,
      "8": 2.0,
      "6": 3.2,
      "4": 6.6,
      "5": 6.8,
      "1": 4.6,
      "3": 6.8,
      "7": 5.6,
      "0": 9.8,
      "2": 8.6
    },
    "37": {
      "9": 2.4,
      "8": 1.6,
      "7": 2.8,
      "5": 3.4,