{
  "content_diversity": 0.692918598651886,
  "classifier_auc": 0.7017988241229831,
  "ranking_stability": 0.523293172690763,
  "feature_coefficients": {
    "word_count": 0.5977574917982447,
    "sentence_count": -0.2498397199395751,
    "avg_sentence_length": -0.05736906702346056,
    "paragraph_count": -0.5122668635556259,
    "heading_density": -0.4459632188944899,
    "list_frequency": 0.25201352518018355,
    "readability": 0.07294692318607328,
    "bold_emphasis_density": -0.09565939059078607,
    "citation_density": -0.03579639820619877,
    "statistic_density": -0.09554792459894648,
    "quote_density": -0.11930329523071681,
    "named_source_mentions": -0.0870350938268333,
    "year_mentions": 0.07674872529372971,
    "claim_density": -0.13829414676865215,
    "external_reference_density": 0.10589269123002824,
    "question_density": 0.10302131410175863,
    "query_similarity": 0.2517524328852146,
    "corpus_centroid_similarity": -0.04882045821305644,
    "type_token_ratio": 0.2616768104027111,
    "vocabulary_sophistication": -0.10702308545450562,
    "sentiment_polarity": 0.10338428274021064,
    "avg_word_length": 0.06341839765246,
    "semantic_uniqueness": -0.17697180172615423,
    "information_density": -0.07732653816439931,
    "specificity_score": 0.48043321426558744
  },
  "avg_ranks": {
    "0": {
      "5": 3.0,
      "1": 2.2,
      "4": 2.8,
      "6": 4.0,
      "7": 3.2,
      "9": 5.8,
      "2": 7.0,
      "8": 8.2,
      "3": 9.6,
      "0": 9.2
    },
    "1": {
      "7": 2.4,
      "9": 2.4,
      "8": 4.8,
      "0": 5.2,
      "3": 6.0,
      "2": 6.2,
      "5": 5.8,
      "6": 8.2,
      "4": 6.4,
      "1": 7.6
    },
    "2": {
      "3": 1.0,
      "1": 2.6,
      "2": 2.8,
      "0": 3.6,
      "6": 6.0,
      "4": 7.6,
      "7": 7.0,
      "5": 6.6,
      "8": 7.8,
      "9": 10.0
    },
    "3": {
      "0": 7.0,
      "2": 5.6,
      "1": 7.0,
      "7": 5.6,
      "8": 6.4,
      "4": 6.6,
      "3": 6.6,
      "9": 3.4,
      "6": 3.2,
      "5": 3.6
    },
    "4": {
      "7": 2.0,
      "8": 2.2,
      "0": 2.2,
      "5": 6.0,
      "4": 7.4,
      "3": 6.2,
      "2": 7.2,
      "6": 5.8,
      "1": 6.0,
      "9": 10.0
    },
    "5": {
      "6": 2.0,
      "4": 3.4,
      "1": 3.6,
      "7": 2.8,
      "2": 5.0,
      "0": 6.2,
      "9": 7.2,
      "8": 9.2,
      "3": 8.8,
      "5": 6.8
    },
    "6": {
      "9": 2.8,
      "0": 4.2,
      "2": 4.6,
      "5": 7.2,
      "3": 6.8,
      "1": 7.6,
      "4": 7.4,
      "7": 4.4,
      "8": 4.8,
      "6": 5.2
    },
    "7": {
      "8": 8.2,
      "7": 7.6,
      "6": 5.8,
      "9": 4.8,
      "3": 4.4,
      "1": 4.8,
      "0": 3.6,
      "2": 5.0,
      "4": 4.4,
      "5": 6.4
    },
    "8": {
      "8": 3.8,
      "2": 1.2,
      "0": 2.4,
      "3": 7.2,
      "6": 7.0,
      "1": 7.2,
      "7": 6.2,
      "5": 8.6,
      "4": 5.2,
      "9": 6.2
    },
    "9": {
      "8": 2.2,
      "5": 2.8,
      "2": 2.2,
      "4": 2.8,
      "7": 5.6,
      "0": 5.8,
      "3": 8.0,
      "6": 7.4,
      "1": 8.6,
      "9": 9.6
    },
    "10": {
      "2": 7.8,
      "3": 5.0,
      "0": 3.2,
      "4": 4.0,
      "9": 3.0,
      "7": 6.2,
      "1": 4.8,
      "8": 3.4,
      "6": 8.6,
      "5": 9.0
    },
    "11": {
      "0": 3.2,
      "7": 6.2,
      "1": 5.6,
      "5": 7.6,
      "8": 5.2,
      "9": 3.4,
      "2": 4.2,
      "3": 9.6,
      "4": 4.8,
      "6": 5.2
    },
    "12": {
      "1": 3.0,
      "3": 2.6,
      "0": 3.2,
      "5": 2.2,
      "6": 5.6,
      "4": 6.0,
      "7": 9.0,
      "8": 6.4,
      "9": 9.4,
      "2": 7.6
    },
    "13": {
      "1": 3.4,
      "3": 3.2,
      "6": 2.2,
      "8": 4.4,
      "5": 2.4,
      "2": 6.6,
      "4": 6.4,
      "9": 8.2,
      "0": 8.8,
      "7": 9.4
    },
    "14": {
      "0": 1.0,
      "8": 2.4,
      "6": 2.6,
      "5": 4.4,
      "1": 6.0,
      "4": 6.0,
      "7": 8.4,
      "9": 6.0,
      "2": 9.6,
      "3": 8.6
    },
    "15": {
      "3": 2.8,
      "6": 3.6,
      "5": 3.4,
      "0": 2.8,
      "8": 5.2,
      "7": 3.4,
      "9": 6.8,
      "1": 8.8,
      "4": 9.0,
      "2": 9.2
    },
    "16": {
      "0": 3.0,
      "5": 3.6,
      "4": 2.8,
      "6": 3.0,
      "1": 5.6,
      "2": 3.0,
      "8": 7.2,
      "7": 8.2,
      "3": 9.6,
      "9": 9.0
    },
    "17": {
      "0": 1.0,
      "6": 2.0,
      "1": 6.6,
      "3": 5.4,
      "9": 7.4,
      "7": 5.4,
      "4": 7.4,
      "5": 9.2,
      "2": 4.6,
      "8": 6.0
    },
    "18": {
      "9": 2.6,
      "8": 8.0,
      "0": 8.0,
      "6": 6.8,
      "3": 2.6,
      "5": 4.8,
      "1": 4.6,
      "4": 5.2,
      "2": 4.8,
      "7": 7.6
    },
    "19": {
      "9": 1.0,
      "5": 2.2,
      "1": 2.8,
      "7": 4.0,
      "6": 5.2,
      "0": 6.6,
      "8": 6.8,
      "3": 7.4,
      "4": 9.0,
      "2": 10.0
    },
    "20": {
      "4": 2.0,
      "8": 3.4,
      "6": 4.0,
      "0": 5.6,
      "9": 7.2,
      "3": 7.6,
      "1": 5.4,
      "7": 5.8,
      "5": 7.2,
      "2": 6.8
    },
    "21": {
      "7": 3.2,
      "8": 1.8,
      "0": 3.8,
      "1": 5.2,
      "4": 5.0,
      "6": 7.2,
      "3": 7.0,
      "2": 8.4,
      "5": 7.4,
      "9": 6.0
    },
    "22": {
      "6": 2.6,
      "4": 2.6,
      "8": 3.6,
      "3": 3.2,
      "0": 3.8,
      "2": 6.6,
      "1": 6.4,
      "5": 7.4,
      "9": 8.8,
      "7": 10.0
    },
    "23": {
      "9": 3.4,
      "8": 4.2,
      "3": 4.4,
      "7": 5.2,
      "0": 3.2,
      "4": 3.4,
      "2": 4.2,
      "5": 8.6,
      "6": 9.4,
      "1": 9.0
    },
    "24": {
      "1": 1.0,
      "9": 2.2,
      "8": 2.8,
      "7": 6.2,
      "5": 6.8,
      "4": 6.8,
      "2": 5.4,
      "0": 4.8,
      "3": 9.0,
      "6": 10.0
    },
    "25": {
      "2": 1.6,
      "3": 1.8,
      "4": 2.8,
      "8": 6.4,
      "1": 4.4,
      "6": 6.2,
      "9": 5.8,
      "5": 7.0,
      "0": 9.2,
      "7": 9.8
    },
    "26": {
      "7": 1.8,
      "4": 2.6,
      "0": 1.6,
      "2": 4.0,
      "9": 5.2,
      "6": 6.4,
      "1": 6.8,
      "5": 7.6,
      "3": 9.0,
      "8": 10.0
    },
    "27": {
      "2": 4.0,
      "1": 1.2,
      "5": 2.6,
      "9": 3.4,
      "0": 6.0,
      "7": 6.2,
      "8": 6.4,
      "6": 6.6,
      "3": 9.6,
      "4": 9.0
    },
    "28": {
      "9": 4.2,
      "2": 3.8,
      "8": 3.4,
      "1": 4.2,
      "4": 4.4,
      "5": 4.2,
      "0": 3.8,
      "6": 9.2,
      "7": 8.6,
      "3": 9.2
    },
    "29": {
      "1": 3.4,
      "4": 3.4,
      "2": 3.6,
      "3": 2.0,
      "8": 3.2,
      "0": 8.4,
      "5": 7.4,
      "9": 6.0,
      "7": 9.2,
      "6": 8.4
    },
    "30": {
      "7": 1.4,
      "6": 2.8,
      "3": 1.8,
      "0": 5.8,
      "2": 4.6,
      "5": 8.2,
      "9": 6.2,
      "4": 7.8,
      "1": 9.0,
      "8": 7.4
    },
    "31": {
      "4": 2.0,
      "3": 3.0,
      "8": 2.6,
      "6": 3.6,
      "7": 5.6,
      "0": 7.2,
      "2": 6.6,
      "5": 8.2,
      "9": 8.0,
      "1": 8.2
    },
    "32": {
      "9": 3.2,
      "5": 3.2,
      "4": 3.8,
      "6": 1.8,
      "8": 6.2,
      "1": 4.8,
      "0": 6.0,
      "3": 8.2,
      "7": 7.8,
      "2": 10.0
    },
    "33": {
      "9": 2.0,
      "5": 3.0,
      "1": 4.4,
      "0": 5.6,
      "2": 4.8,
      "6": 5.0,
      "7": 8.2,
      "4": 7.0,
      "8": 7.2,
      "3": 7.8
    },
    "34": {
      "5": 4.8,
      "4": 2.2,
      "1": 2.6,
      "7": 3.4,
      "2": 4.0,
      "3": 7.2,
      "0": 4.6,
      "9": 7.2,
      "8": 9.0,
      "6": 10.0
    },
    "35": {
      "7": 1.8,
      "9": 2.4,
      "2": 2.4,
      "5": 6.0,
      "3": 5.6,
      "1": 4.8,
      "8": 6.2,
      "4": 8.0,
      "0": 8.6,
      "6": 9.2
    },
    "36": {
      "9": 1.4,
      "8": 1.6,
      "6": 4.8,
      "3": 5.0,
      "5": 5.0,
      "4": 6.0,
      "1": 5.4,
      "7": 6.8,
      "2": 9.2,
      "0": 9.8
    },
    "37": {
      "5": 3.0,
      "8": 2.2,
      "9": 3.4,
      "7": 2.2,