{
  "content_diversity": 0.6844515800476074,
  "classifier_auc": 0.734422183978959,
  "ranking_stability": 0.5291387773315483,
  "feature_coefficients": {
    "word_count": 0.7697431606736017,
    "sentence_count": -0.10680399452148295,
    "avg_sentence_length": 0.013877656562357413,
    "paragraph_count": -0.8013588635311555,
    "heading_density": -0.15964477039473884,
    "list_frequency": 0.3772961111182017,
    "readability": 0.07730934054990775,
    "bold_emphasis_density": -0.29264416564855855,
    "citation_density": -0.0023428281926004707,
    "statistic_density": -0.049075856614962374,
    "quote_density": -0.022775808502439165,
    "named_source_mentions": 0.04559471378155486,
    "year_mentions": 0.01056642667927631,
    "claim_density": -0.024705075231628442,
    "external_reference_density": -0.3562768871488108,
    "question_density": -0.08998430129735707,
    "query_similarity": 0.1927745971682575,
    "corpus_centroid_similarity": -0.0005530012329079065,
    "type_token_ratio": 0.06349950291252765,
    "vocabulary_sophistication": -0.1877599881362213,
    "sentiment_polarity": 0.07796870107417823,
    "avg_word_length": 0.20786774081252393,
    "semantic_uniqueness": -0.037878379758335835,
    "information_density": -0.10545518165269208,
    "specificity_score": 0.16548562747854328
  },
  "avg_ranks": {
    "0": {
      "6": 3.2,
      "4": 2.6,
      "7": 3.6,
      "5": 2.8,
      "1": 3.2,
      "9": 5.8,
      "2": 6.8,
      "0": 8.4,
      "8": 9.0,
      "3": 9.6
    },
    "1": {
      "9": 3.4,
      "8": 4.6,
      "7": 1.8,
      "2": 3.8,
      "0": 4.0,
      "3": 6.6,
      "5": 6.4,
      "6": 8.4,
      "4": 6.4,
      "1": 9.6
    },
    "2": {
      "3": 3.2,
      "1": 5.4,
      "5": 3.8,
      "6": 4.8,
      "7": 5.2,
      "4": 5.0,
      "8": 7.6,
      "2": 5.6,
      "0": 6.2,
      "9": 8.2
    },
    "3": {
      "0": 8.2,
      "1": 5.8,
      "2": 6.0,
      "3": 6.8,
      "8": 6.8,
      "7": 5.4,
      "4": 5.8,
      "5": 3.2,
      "9": 3.4,
      "6": 3.6
    },
    "4": {
      "0": 2.4,
      "7": 2.0,
      "8": 1.6,
      "5": 7.4,
      "4": 5.2,
      "2": 7.4,
      "3": 6.6,
      "1": 6.2,
      "6": 6.2,
      "9": 10.0
    },
    "5": {
      "4": 2.0,
      "1": 3.2,
      "6": 2.4,
      "2": 4.6,
      "5": 5.8,
      "7": 4.6,
      "8": 7.8,
      "0": 8.0,
      "9": 7.0,
      "3": 9.6
    },
    "6": {
      "5": 4.2,
      "3": 6.2,
      "1": 5.4,
      "2": 4.2,
      "4": 6.0,
      "9": 2.6,
      "0": 2.8,
      "7": 7.0,
      "6": 8.2,
      "8": 8.4
    },
    "7": {
      "4": 4.0,
      "2": 3.4,
      "0": 4.4,
      "5": 4.6,
      "3": 4.4,
      "9": 3.8,
      "1": 5.4,
      "6": 6.0,
      "7": 9.2,
      "8": 9.8
    },
    "8": {
      "2": 1.0,
      "0": 3.25,
      "4": 5.75,
      "5": 5.75,
      "3": 5.0,
      "6": 7.25,
      "9": 6.5,
      "7": 8.5,
      "1": 7.75,
      "8": 4.25
    },
    "9": {
      "4": 3.4,
      "5": 2.4,
      "8": 2.8,
      "2": 2.6,
      "7": 5.6,
      "0": 5.4,
      "6": 7.0,
      "9": 8.4,
      "3": 8.6,
      "1": 8.8
    },
    "10": {
      "8": 3.2,
      "4": 3.8,
      "9": 3.2,
      "7": 6.8,
      "0": 4.4,
      "3": 6.2,
      "5": 8.6,
      "1": 4.8,
      "2": 5.6,
      "6": 8.4
    },
    "11": {
      "6": 2.0,
      "2": 4.8,
      "9": 4.8,
      "7": 2.8,
      "0": 5.0,
      "8": 6.2,
      "4": 5.8,
      "1": 5.4,
      "5": 8.8,
      "3": 9.4
    },
    "12": {
      "3": 2.2,
      "5": 2.2,
      "0": 2.2,
      "1": 3.6,
      "7": 5.2,
      "6": 6.6,
      "4": 6.8,
      "8": 8.2,
      "9": 9.2,
      "2": 8.8
    },
    "13": {
      "1": 2.0,
      "5": 2.4,
      "6": 2.2,
      "8": 4.8,
      "3": 3.6,
      "2": 8.2,
      "4": 6.4,
      "0": 8.0,
      "9": 7.8,
      "7": 9.6
    },
    "14": {
      "8": 2.0,
      "0": 1.8,
      "6": 2.6,
      "5": 4.8,
      "1": 5.4,
      "4": 6.6,
      "7": 7.2,
      "9": 6.8,
      "3": 9.0,
      "2": 8.8
    },
    "15": {
      "3": 2.4,
      "6": 3.6,
      "5": 3.8,
      "0": 3.6,
      "7": 2.8,
      "8": 5.6,
      "9": 6.2,
      "4": 8.6,
      "1": 9.2,
      "2": 9.2
    },
    "16": {
      "5": 2.6,
      "0": 3.8,
      "8": 2.8,
      "6": 4.0,
      "2": 4.4,
      "4": 5.2,
      "1": 5.4,
      "7": 8.4,
      "9": 9.0,
      "3": 9.4
    },
    "17": {
      "6": 2.0,
      "0": 1.8,
      "8": 3.4,
      "2": 3.0,
      "3": 5.0,
      "5": 8.4,
      "9": 7.6,
      "1": 8.8,
      "7": 7.2,
      "4": 7.8
    },
    "18": {
      "2": 2.0,
      "1": 3.6,
      "3": 3.0,
      "5": 4.2,
      "4": 4.8,
      "9": 4.0,
      "6": 6.8,
      "0": 7.8,
      "7": 9.0,
      "8": 9.8
    },
    "19": {
      "7": 1.8,
      "9": 3.0,
      "5": 1.8,
      "1": 3.4,
      "6": 5.4,
      "8": 6.8,
      "0": 6.6,
      "3": 7.2,
      "4": 9.0,
      "2": 10.0
    },
    "20": {
      "4": 1.4,
      "8": 1.6,
      "6": 4.4,
      "0": 3.4,
      "3": 4.4,
      "9": 7.2,
      "1": 8.2,
      "2": 7.6,
      "7": 7.8,
      "5": 9.0
    },
    "21": {
      "8": 2.8,
      "1": 3.6,
      "3": 5.2,
      "0": 3.6,
      "5": 6.6,
      "9": 4.6,
      "4": 4.2,
      "6": 9.6,
      "2": 7.0,
      "7": 7.8
    },
    "22": {
      "6": 2.8,
      "4": 3.2,
      "8": 3.0,
      "3": 3.2,
      "0": 4.2,
      "2": 6.8,
      "1": 7.0,
      "7": 9.4,
      "9": 8.2,
      "5": 7.2
    },
    "23": {
      "8": 2.8,
      "9": 2.4,
      "3": 2.8,
      "7": 4.4,
      "0": 5.0,
      "4": 4.8,
      "2": 5.8,
      "6": 8.0,
      "1": 9.6,
      "5": 9.4
    },
    "24": {
      "1": 1.0,
      "8": 2.2,
      "0": 3.2,
      "2": 5.8,
      "9": 3.8,
      "5": 5.8,
      "4": 6.6,
      "7": 7.6,
      "3": 9.2,
      "6": 9.8
    },
    "25": {
      "2": 1.4,
      "3": 2.0,
      "4": 3.4,
      "1": 3.8,
      "9": 6.8,
      "5": 6.6,
      "8": 5.6,
      "6": 6.4,
      "0": 9.0,
      "7": 10.0
    },
    "26": {
      "7": 1.8,
      "4": 4.0,
      "2": 3.4,
      "0": 2.2,
      "9": 3.6,
      "1": 6.4,
      "6": 7.2,
      "5": 7.4,
      "3": 9.0,
      "8": 10.0
    },
    "27": {
      "0": 1.2,
      "1": 1.8,
      "9": 3.6,
      "5": 4.8,
      "6": 6.0,
      "2": 4.2,
      "7": 6.8,
      "3": 9.2,
      "8": 8.0,
      "4": 9.4
    },
    "28": {
      "0": 1.0,
      "5": 5.6,
      "4": 4.8,
      "1": 3.4,
      "9": 3.8,
      "8": 4.6,
      "2": 4.8,
      "6": 8.4,
      "7": 9.0,
      "3": 9.6
    },
    "29": {
      "3": 1.8,
      "1": 6.4,
      "8": 1.8,
      "4": 3.8,
      "2": 4.6,
      "6": 7.2,
      "9": 7.0,
      "0": 7.0,
      "5": 5.6,
      "7": 9.8
    },
    "30": {
      "7": 2.2,
      "6": 2.4,
      "3": 2.6,
      "0": 5.8,
      "2": 3.2,
      "9": 5.8,
      "4": 7.2,
      "5": 8.4,
      "1": 8.2,
      "8": 9.2
    },
    "31": {
      "4": 4.4,
      "0": 6.4,
      "8": 5.6,
      "7": 6.0,
      "6": 3.4,
      "9": 4.6,
      "5": 7.8,
      "3": 4.4,
      "1": 7.6,
      "2": 4.8
    },
    "32": {
      "6": 1.0,
      "4": 3.0,
      "9": 3.6,
      "0": 3.8,
      "8": 5.8,
      "1": 5.4,
      "7": 7.4,
      "5": 6.0,
      "3": 9.2,
      "2": 9.8
    },
    "33": {
      "9": 1.2,
      "1": 2.8,
      "5": 2.6,
      "6": 4.0,
      "0": 5.0,
      "2": 6.0,
      "7": 6.8,
      "8": 8.4,
      "4": 8.4,
      "3": 9.8
    },
    "34": {
      "4": 2.6,
      "3": 5.2,
      "2": 4.2,
      "7": 5.2,
      "9": 4.0,
      "1": 4.6,
      "0": 5.6,
      "5": 4.8,
      "8": 8.8,
      "6": 10.0
    },
    "35": {
      "7": 3.0,
      "9": 4.0,
      "5": 3.2,
      "2": 2.8,
      "1": 4.8,
      "3": 5.8,
      "4": 7.0,
      "0": 6.8,
      "8": 8.0,
      "6": 9.6
    },
    "36": {
      "9": 1.4,
      "8": 1.6,
      "5": 5.6,
      "7": 5.6,
      "3": 5.0,
      "4": 7.0,
      "1": 5.0,
      "6": 4.8,
      "2": 9.8,
      "0": 9.2
    },
    "37": {
      "8": 2.0,
      "7": 2.4,
      "9": 2.2,