{
  "content_diversity": 0.6823278069496155,
  "classifier_auc": 0.728741505963722,
  "ranking_stability": 0.5156444444444443,
  "feature_coefficients": {
    "word_count": 0.7015555003927499,
    "sentence_count": -0.1373715843868582,
    "avg_sentence_length": 0.3091900407381577,
    "paragraph_count": -0.8812502065505554,
    "heading_density": -0.2596608418379304,
    "list_frequency": 0.5408238655494153,
    "readability": -0.29323477482859617,
    "bold_emphasis_density": -0.2276777330128408,
    "citation_density": 0.10662416103288404,
    "statistic_density": -0.10436358972066738,
    "quote_density": -0.10640700200038161,
    "named_source_mentions": 0.16416134059471071,
    "year_mentions": 0.026081238274452582,
    "claim_density": 0.26155373989934577,
    "external_reference_density": -0.24954689704876595,
    "question_density": -0.017214787009025012,
    "query_similarity": 0.19829958979436313,
    "corpus_centroid_similarity": -0.005261977421092535,
    "type_token_ratio": -0.053305476034299075,
    "vocabulary_sophistication": -0.15431629115236145,
    "sentiment_polarity": 0.1478898272162282,
    "avg_word_length": 0.2753630096094254,
    "semantic_uniqueness": -0.23866592602712322,
    "information_density": -0.12457128260141456,
    "specificity_score": -0.03359299403425418
  },
  "avg_ranks": {
    "0": {
      "6": 3.8,
      "4": 3.2,
      "2": 3.6,
      "9": 6.2,
      "7": 4.6,
      "1": 3.0,
      "5": 3.6,
      "8": 8.6,
      "0": 9.4,
      "3": 9.0
    },
    "1": {
      "7": 1.8,
      "0": 3.0,
      "9": 3.2,
      "8": 4.2,
      "5": 5.6,
      "2": 4.4,
      "3": 8.2,
      "6": 7.4,
      "1": 9.4,
      "4": 7.8
    },
    "2": {
      "2": 1.8,
      "0": 2.0,
      "1": 3.8,
      "3": 2.4,
      "6": 6.8,
      "4": 7.4,
      "7": 8.4,
      "5": 6.8,
      "9": 8.2,
      "8": 7.4
    },
    "3": {
      "5": 3.8,
      "6": 3.6,
      "9": 3.4,
      "7": 5.2,
      "8": 6.8,
      "3": 4.4,
      "2": 5.2,
      "1": 6.0,
      "4": 9.0,
      "0": 7.6
    },
    "4": {
      "0": 2.0,
      "7": 1.8,
      "8": 2.2,
      "5": 4.8,
      "1": 5.6,
      "6": 5.4,
      "3": 7.4,
      "2": 8.0,
      "9": 9.8,
      "4": 8.0
    },
    "5": {
      "4": 3.0,
      "1": 3.0,
      "2": 4.8,
      "6": 3.6,
      "5": 4.6,
      "7": 2.0,
      "8": 7.6,
      "9": 8.0,
      "0": 8.6,
      "3": 9.8
    },
    "6": {
      "0": 1.4,
      "9": 1.6,
      "2": 5.4,
      "1": 4.6,
      "5": 5.4,
      "4": 6.6,
      "3": 6.0,
      "6": 8.2,
      "7": 7.8,
      "8": 8.0
    },
    "7": {
      "9": 4.8,
      "3": 4.6,
      "1": 6.0,
      "6": 6.6,
      "4": 3.2,
      "2": 2.6,
      "0": 3.6,
      "5": 4.6,
      "7": 9.2,
      "8": 9.8
    },
    "8": {
      "2": 1.4,
      "0": 2.6,
      "3": 4.0,
      "1": 4.4,
      "7": 6.2,
      "9": 7.4,
      "4": 8.2,
      "6": 7.8,
      "8": 5.2,
      "5": 7.8
    },
    "9": {
      "8": 1.4,
      "2": 1.8,
      "5": 2.8,
      "3": 8.6,
      "7": 4.8,
      "0": 5.8,
      "6": 6.8,
      "1": 8.0,
      "9": 7.6,
      "4": 7.4
    },
    "10": {
      "2": 3.6,
      "1": 3.2,
      "8": 2.2,
      "9": 4.4,
      "0": 5.0,
      "4": 4.4,
      "5": 9.4,
      "7": 8.0,
      "6": 8.0,
      "3": 6.8
    },
    "11": {
      "7": 3.8,
      "9": 3.4,
      "2": 6.0,
      "4": 4.8,
      "1": 5.6,
      "8": 4.2,
      "0": 3.8,
      "6": 4.4,
      "3": 9.4,
      "5": 9.6
    },
    "12": {
      "3": 2.2,
      "0": 2.6,
      "5": 1.6,
      "9": 8.8,
      "6": 6.4,
      "4": 6.4,
      "7": 6.2,
      "8": 8.4,
      "1": 5.6,
      "2": 6.8
    },
    "13": {
      "6": 3.0,
      "3": 2.4,
      "5": 1.8,
      "1": 3.4,
      "8": 4.8,
      "4": 6.4,
      "0": 8.0,
      "9": 8.2,
      "2": 7.2,
      "7": 9.8
    },
    "14": {
      "5": 3.8,
      "0": 1.2,
      "8": 3.4,
      "9": 5.0,
      "1": 6.8,
      "4": 5.0,
      "6": 5.2,
      "3": 9.0,
      "7": 6.6,
      "2": 9.0
    },
    "15": {
      "3": 2.4,
      "6": 4.2,
      "7": 1.6,
      "5": 3.8,
      "9": 6.2,
      "0": 5.0,
      "8": 5.0,
      "1": 9.4,
      "4": 8.8,
      "2": 8.6
    },
    "16": {
      "0": 2.2,
      "4": 4.0,
      "5": 2.4,
      "8": 4.2,
      "2": 5.2,
      "6": 5.4,
      "1": 7.2,
      "9": 7.8,
      "7": 6.6,
      "3": 10.0
    },
    "17": {
      "0": 2.6,
      "6": 4.0,
      "2": 1.8,
      "8": 5.2,
      "3": 4.4,
      "4": 5.6,
      "7": 6.4,
      "5": 9.0,
      "1": 7.2,
      "9": 8.8
    },
    "18": {
      "9": 7.0,
      "2": 2.4,
      "5": 3.2,
      "4": 3.0,
      "3": 2.8,
      "1": 4.6,
      "6": 7.2,
      "0": 6.6,
      "7": 8.6,
      "8": 9.6
    },
    "19": {
      "5": 1.4,
      "9": 1.6,
      "7": 3.8,
      "1": 3.2,
      "0": 6.0,
      "3": 7.0,
      "8": 7.6,
      "6": 6.2,
      "4": 8.2,
      "2": 10.0
    },
    "20": {
      "3": 5.2,
      "4": 1.4,
      "0": 6.0,
      "5": 6.6,
      "7": 7.8,
      "1": 6.2,
      "9": 6.4,
      "6": 4.8,
      "2": 7.2,
      "8": 3.4
    },
    "21": {
      "8": 3.4,
      "0": 2.0,
      "9": 3.0,
      "5": 3.8,
      "1": 4.4,
      "4": 5.4,
      "2": 7.2,
      "3": 7.0,
      "7": 9.0,
      "6": 9.8
    },
    "22": {
      "6": 1.0,
      "4": 3.4,
      "8": 3.2,
      "0": 5.0,
      "3": 4.0,
      "2": 5.8,
      "1": 6.4,
      "9": 8.6,
      "5": 7.6,
      "7": 10.0
    },
    "23": {
      "2": 5.8,
      "0": 4.6,
      "4": 5.2,
      "8": 3.0,
      "9": 2.4,
      "3": 2.8,
      "7": 4.2,
      "1": 8.4,
      "6": 9.0,
      "5": 9.6
    },
    "24": {
      "1": 1.0,
      "0": 3.0,
      "2": 4.2,
      "9": 4.2,
      "8": 3.6,
      "4": 6.0,
      "5": 6.2,
      "3": 9.0,
      "7": 8.4,
      "6": 9.4
    },
    "25": {
      "3": 1.8,
      "2": 2.0,
      "6": 4.4,
      "4": 3.2,
      "1": 4.2,
      "9": 6.6,
      "8": 7.0,
      "5": 6.8,
      "0": 9.4,
      "7": 9.6
    },
    "26": {
      "0": 1.6,
      "9": 3.4,
      "7": 2.0,
      "4": 3.6,
      "2": 4.6,
      "1": 6.4,
      "5": 7.8,
      "6": 6.6,
      "3": 9.4,
      "8": 9.6
    },
    "27": {
      "0": 3.8,
      "1": 1.2,
      "9": 3.2,
      "5": 2.8,
      "2": 5.4,
      "6": 5.2,
      "3": 8.6,
      "7": 7.2,
      "8": 7.8,
      "4": 9.8
    },
    "28": {
      "0": 1.8,
      "9": 3.2,
      "8": 4.0,
      "2": 4.8,
      "1": 5.2,
      "6": 8.6,
      "5": 5.4,
      "4": 4.0,
      "7": 8.8,
      "3": 9.2
    },
    "29": {
      "3": 1.6,
      "8": 1.6,
      "5": 4.8,
      "2": 3.6,
      "4": 4.4,
      "0": 7.6,
      "1": 5.8,
      "9": 7.0,
      "7": 9.6,
      "6": 9.0
    },
    "30": {
      "7": 1.6,
      "2": 2.8,
      "0": 5.0,
      "6": 2.6,
      "9": 5.6,
      "3": 4.8,
      "5": 7.0,
      "4": 7.2,
      "1": 8.8,
      "8": 9.6
    },
    "31": {
      "8": 5.0,
      "4": 2.6,
      "6": 3.8,
      "5": 5.8,
      "7": 5.4,
      "9": 5.0,
      "2": 5.2,
      "1": 9.6,
      "3": 3.8,
      "0": 8.8
    },
    "32": {
      "6": 1.0,
      "4": 3.2,
      "8": 4.8,
      "1": 5.8,
      "5": 5.4,
      "0": 3.4,
      "9": 5.0,
      "7": 8.6,
      "3": 7.8,
      "2": 10.0
    },
    "33": {
      "4": 4.4,
      "8": 4.2,
      "3": 5.2,
      "1": 5.2,
      "9": 4.0,
      "0": 5.0,
      "2": 5.4,
      "5": 5.6,
      "6": 6.8,
      "7": 9.2
    },
    "34": {
      "0": 4.8,
      "7": 3.4,
      "2": 3.8,
      "1": 4.2,
      "9": 4.4,
      "3": 5.6,
      "4": 4.4,
      "5": 5.4,
      "8": 9.0,
      "6": 10.0
    },
    "35": {
      "2": 1.0,
      "1": 4.6,
      "3": 6.0,
      "8": 7.0,
      "4": 7.6,
      "0": 7.8,
      "5": 4.4,
      "7": 4.2,
      "9": 3.8,
      "6": 8.6
    },
    "36": {
      "9": 1.4,
      "8": 1.6,
      "6": 3.4,
      "3": 6.0,
      "1": 4.4,
      "4": 6.8,
      "5": 5.6,
      "7": 7.0,
      "0": 9.0,
      "2": 9.8
    },
    "37": {
      "7": 2.6,
      "8": 1.8,
      "9": 2.2,
      "5": 3.4,