{
  "content_diversity": 0.6825672388076782,
  "classifier_auc": 0.7574555555555555,
  "ranking_stability": 0.48597449908925316,
  "feature_coefficients": {
    "word_count": 0.7610336679424958,
    "sentence_count": -0.027715766337225525,
    "avg_sentence_length": 0.6230124795323033,
    "paragraph_count": -0.6028572052598218,
    "heading_density": -0.2014122384302906,
    "list_frequency": 0.345402239878798,
    "readability": -0.6368118775595473,
    "bold_emphasis_density": -0.19870154428044476,
    "citation_density": 0.13892146685620183,
    "statistic_density": -0.055021499742768154,
    "quote_density": -0.15907954257454054,
    "named_source_mentions": 0.20002212637341593,
    "year_mentions": 0.012969089010154452,
    "claim_density": 0.5231620921372474,
    "external_reference_density": -0.31093787582326815,
    "question_density": -0.07618130478849598,
    "query_similarity": 0.23406836655568616,
    "corpus_centroid_similarity": -0.2554068685744342,
    "type_token_ratio": 0.1631734243139808,
    "vocabulary_sophistication": -0.2225772316698474,
    "sentiment_polarity": 0.1616402625994713,
    "avg_word_length": 0.16435887750648795,
    "semantic_uniqueness": -0.21339740138225927,
    "information_density": -0.13163628530849955,
    "specificity_score": -0.34934398119815074
  },
  "avg_ranks": {
    "0": {
      "4": 2.25,
      "6": 2.25,
      "1": 1.5,
      "7": 4.75,
      "9": 5.25,
      "5": 5.25,
      "2": 6.75,
      "8": 8.75,
      "3": 8.25,
      "0": 10.0
    },
    "1": {
      "4": 6.2,
      "7": 2.0,
      "9": 3.4,
      "2": 5.2,
      "0": 3.4,
      "5": 4.2,
      "8": 6.8,
      "3": 6.4,
      "6": 8.2,
      "1": 9.2
    },
    "2": {
      "2": 3.6,
      "0": 3.6,
      "1": 3.8,
      "3": 2.2,
      "4": 6.4,
      "7": 7.0,
      "6": 7.0,
      "8": 7.0,
      "5": 5.2,
      "9": 9.2
    },
    "3": {
      "9": 6.75,
      "6": 6.75,
      "5": 7.5,
      "1": 2.75,
      "2": 3.25,
      "3": 3.0,
      "8": 5.5,
      "7": 5.5,
      "4": 6.0,
      "0": 8.0
    },
    "4": {
      "0": 1.5,
      "8": 2.0,
      "7": 3.0,
      "5": 4.75,
      "6": 5.5,
      "3": 6.5,
      "1": 5.75,
      "2": 8.5,
      "4": 8.75,
      "9": 8.75
    },
    "5": {
      "7": 2.0,
      "5": 5.0,
      "4": 4.2,
      "6": 2.8,
      "1": 4.2,
      "9": 5.8,
      "3": 9.4,
      "2": 5.6,
      "8": 7.8,
      "0": 8.2
    },
    "6": {
      "0": 2.8,
      "9": 3.4,
      "5": 4.0,
      "4": 6.0,
      "1": 5.6,
      "3": 5.6,
      "2": 4.8,
      "7": 6.8,
      "6": 7.8,
      "8": 8.2
    },
    "7": {
      "9": 4.8,
      "6": 6.6,
      "3": 6.0,
      "1": 5.4,
      "4": 3.6,
      "0": 3.0,
      "2": 2.4,
      "5": 4.2,
      "8": 9.8,
      "7": 9.2
    },
    "8": {
      "2": 1.6,
      "8": 3.2,
      "0": 4.4,
      "3": 3.6,
      "1": 5.2,
      "5": 8.0,
      "9": 7.8,
      "4": 6.4,
      "7": 5.6,
      "6": 9.2
    },
    "9": {
      "8": 2.4,
      "5": 2.2,
      "2": 2.0,
      "3": 6.4,
      "7": 5.8,
      "0": 6.4,
      "6": 6.8,
      "1": 8.0,
      "9": 8.0,
      "4": 7.0
    },
    "10": {
      "2": 2.4,
      "1": 3.4,
      "8": 3.8,
      "9": 3.8,
      "0": 6.0,
      "6": 7.8,
      "7": 6.8,
      "3": 6.0,
      "4": 5.6,
      "5": 9.4
    },
    "11": {
      "2": 4.75,
      "9": 5.75,
      "0": 4.25,
      "7": 2.75,
      "6": 2.25,
      "5": 6.25,
      "1": 3.75,
      "4": 8.25,
      "3": 9.75,
      "8": 7.25
    },
    "12": {
      "3": 2.6,
      "5": 1.6,
      "0": 3.0,
      "2": 7.0,
      "6": 5.6,
      "1": 5.4,
      "4": 6.6,
      "7": 7.6,
      "8": 7.8,
      "9": 7.8
    },
    "13": {
      "1": 3.2,
      "5": 1.4,
      "6": 3.2,
      "3": 3.0,
      "8": 4.2,
      "4": 7.0,
      "0": 8.0,
      "7": 8.4,
      "9": 7.4,
      "2": 9.2
    },
    "14": {
      "0": 1.0,
      "6": 2.6,
      "8": 3.6,
      "9": 6.8,
      "1": 5.4,
      "4": 4.8,
      "5": 4.6,
      "3": 8.8,
      "7": 7.6,
      "2": 9.8
    },
    "15": {
      "3": 1.8,
      "6": 4.2,
      "7": 2.6,
      "5": 4.6,
      "9": 6.0,
      "8": 4.4,
      "0": 6.0,
      "4": 7.8,
      "2": 9.0,
      "1": 8.6
    },
    "16": {
      "2": 2.6,
      "6": 2.4,
      "4": 4.0,
      "0": 3.4,
      "5": 4.0,
      "8": 5.0,
      "1": 7.6,
      "7": 8.8,
      "9": 8.4,
      "3": 8.8
    },
    "17": {
      "2": 3.0,
      "0": 1.6,
      "6": 1.8,
      "8": 3.6,
      "4": 8.0,
      "1": 5.6,
      "3": 6.2,
      "7": 7.2,
      "5": 9.6,
      "9": 8.4
    },
    "18": {
      "9": 1.0,
      "1": 4.6,
      "3": 3.6,
      "2": 3.8,
      "5": 4.8,
      "4": 6.4,
      "6": 6.0,
      "7": 7.4,
      "8": 9.8,
      "0": 7.6
    },
    "19": {
      "5": 1.0,
      "9": 2.0,
      "7": 3.8,
      "1": 3.2,
      "6": 5.4,
      "0": 6.2,
      "3": 7.2,
      "8": 7.2,
      "4": 9.0,
      "2": 10.0
    },
    "20": {
      "0": 3.2,
      "8": 6.0,
      "4": 6.2,
      "6": 4.0,
      "5": 5.0,
      "7": 5.8,
      "2": 6.4,
      "1": 6.2,
      "9": 6.0,
      "3": 6.2
    },
    "21": {
      "8": 2.4,
      "1": 3.6,
      "7": 3.0,
      "0": 4.8,
      "9": 5.6,
      "5": 6.8,
      "2": 7.0,
      "4": 5.0,
      "3": 6.8,
      "6": 10.0
    },
    "22": {
      "6": 2.8,
      "3": 3.0,
      "8": 2.6,
      "4": 3.2,
      "0": 4.4,
      "2": 6.2,
      "1": 6.8,
      "9": 8.4,
      "5": 8.0,
      "7": 9.6
    },
    "23": {
      "0": 3.4,
      "4": 2.8,
      "2": 5.2,
      "3": 3.2,
      "9": 4.0,
      "8": 3.6,
      "7": 6.0,
      "5": 9.0,
      "6": 8.8,
      "1": 9.0
    },
    "24": {
      "1": 1.0,
      "8": 2.2,
      "7": 5.8,
      "9": 3.0,
      "4": 6.6,
      "0": 5.6,
      "2": 6.2,
      "3": 8.0,
      "5": 6.8,
      "6": 9.8
    },
    "25": {
      "7": 8.0,
      "2": 1.6,
      "3": 2.2,
      "4": 3.4,
      "1": 4.8,
      "6": 5.2,
      "8": 6.8,
      "9": 6.2,
      "5": 7.4,
      "0": 9.4
    },
    "26": {
      "2": 3.2,
      "0": 1.4,
      "7": 2.6,
      "4": 3.2,
      "9": 4.6,
      "6": 6.0,
      "1": 7.2,
      "5": 7.8,
      "3": 9.2,
      "8": 9.8
    },
    "27": {
      "1": 1.2,
      "0": 2.8,
      "9": 3.4,
      "5": 3.8,
      "6": 5.4,
      "2": 5.8,
      "4": 8.8,
      "8": 7.2,
      "3": 9.4,
      "7": 7.2
    },
    "28": {
      "0": 1.8,
      "4": 4.6,
      "5": 5.2,
      "8": 3.6,
      "9": 4.2,
      "2": 4.8,
      "6": 8.6,
      "7": 8.4,
      "3": 9.4,
      "1": 4.4
    },
    "29": {
      "3": 1.6,
      "2": 3.0,
      "1": 6.6,
      "4": 4.0,
      "8": 3.2,
      "9": 6.6,
      "5": 5.2,
      "6": 7.8,
      "0": 7.8,
      "7": 9.2
    },
    "30": {
      "7": 1.0,
      "6": 2.8,
      "0": 3.8,
      "5": 6.0,
      "3": 4.4,
      "9": 6.2,
      "2": 5.2,
      "4": 7.0,
      "8": 9.4,
      "1": 9.2
    },
    "31": {
      "8": 5.6,
      "3": 2.6,
      "9": 4.4,
      "2": 3.6,
      "1": 8.4,
      "0": 9.0,
      "7": 5.8,
      "5": 6.0,
      "6": 5.0,
      "4": 4.6
    },
    "32": {
      "6": 1.0,
      "9": 3.0,
      "4": 2.8,
      "0": 3.2,
      "8": 7.4,
      "3": 7.0,
      "7": 7.4,
      "1": 6.0,
      "5": 7.4,
      "2": 9.8
    },
    "33": {
      "0": 4.4,
      "2": 5.0,
      "9": 3.0,
      "5": 5.2,
      "1": 4.6,
      "8": 4.6,
      "4": 5.2,
      "6": 6.4,
      "3": 6.6,
      "7": 10.0
    },
    "34": {
      "1": 3.4,
      "4": 3.0,
      "7": 4.4,
      "2": 5.0,
      "9": 3.8,
      "3": 7.6,
      "0": 5.0,
      "5": 4.0,
      "8": 8.8,
      "6": 10.0
    },
    "35": {
      "2": 1.0,
      "7": 3.6,
      "5": 4.6,
      "9": 3.4,
      "3": 5.2,
      "1": 4.6,
      "4": 6.8,
      "0": 8.6,
      "8": 7.4,
      "6": 9.8
    },
    "36": {
      "8": 1.8,
      "9": 1.6,
      "1": 4.0,
      "6": 4.2,
      "5": 6.4,
      "4": 7.4,
      "3": 6.2,
      "7": 5.2,
      "2": 8.2,
      "0": 10.0
    },
    "37": {
      "7": 2.4,
      "8": 1.6,
      "9": 2.0,