{
  "content_diversity": 0.6814581751823425,
  "classifier_auc": 0.738024652831955,
  "ranking_stability": 0.5049777777777777,
  "feature_coefficients": {
    "word_count": 0.8276807259883087,
    "sentence_count": -0.20388814755135273,
    "avg_sentence_length": 0.19696550434394458,
    "paragraph_count": -0.35827373904403026,
    "heading_density": -0.129390714333409,
    "list_frequency": 0.17831504900439313,
    "readability": -0.14663990426895085,
    "bold_emphasis_density": -0.3913898377379623,
    "citation_density": -0.04775323626327075,
    "statistic_density": -0.150065611981551,
    "quote_density": -0.15191378343423087,
    "named_source_mentions": -0.08746705004260548,
    "year_mentions": 0.10278657487708662,
    "claim_density": 0.3004101753394725,
    "external_reference_density": -0.28462969106905217,
    "question_density": -0.12944615239859236,
    "query_similarity": 0.2721136320038284,
    "corpus_centroid_similarity": 0.004248486899635308,
    "type_token_ratio": -0.024751546171088955,
    "vocabulary_sophistication": -0.21917308806330182,
    "sentiment_polarity": 0.04543772433412554,
    "avg_word_length": 0.19947037533227877,
    "semantic_uniqueness": -0.1452909296106298,
    "information_density": -0.25208151823608177,
    "specificity_score": 0.10821524890330801
  },
  "avg_ranks": {
    "0": {
      "4": 3.6,
      "6": 3.8,
      "1": 2.2,
      "5": 2.6,
      "7": 3.6,
      "9": 5.2,
      "2": 7.0,
      "8": 8.6,
      "3": 9.2,
      "0": 9.2
    },
    "1": {
      "5": 4.0,
      "7": 2.4,
      "0": 3.0,
      "8": 5.8,
      "9": 3.0,
      "2": 4.6,
      "3": 6.0,
      "6": 8.2,
      "4": 8.2,
      "1": 9.8
    },
    "2": {
      "3": 2.0,
      "2": 3.0,
      "0": 3.6,
      "1": 5.4,
      "6": 5.8,
      "7": 7.8,
      "4": 8.2,
      "8": 5.4,
      "5": 5.6,
      "9": 8.2
    },
    "3": {
      "1": 5.2,
      "2": 4.2,
      "3": 4.8,
      "7": 5.8,
      "4": 6.0,
      "5": 4.2,
      "8": 6.0,
      "0": 9.0,
      "6": 5.0,
      "9": 4.8
    },
    "4": {
      "7": 2.0,
      "0": 1.6,
      "8": 2.4,
      "4": 6.4,
      "3": 6.8,
      "2": 7.4,
      "6": 5.6,
      "1": 5.8,
      "5": 7.4,
      "9": 9.6
    },
    "5": {
      "7": 3.0,
      "1": 3.8,
      "2": 5.6,
      "6": 2.8,
      "5": 4.8,
      "4": 3.2,
      "8": 8.6,
      "9": 5.6,
      "0": 8.4,
      "3": 9.2
    },
    "6": {
      "0": 1.6,
      "9": 2.6,
      "5": 6.2,
      "3": 6.4,
      "2": 4.8,
      "1": 6.0,
      "4": 7.6,
      "7": 6.4,
      "8": 6.6,
      "6": 6.8
    },
    "7": {
      "2": 2.0,
      "4": 3.4,
      "5": 4.0,
      "0": 4.4,
      "9": 3.8,
      "3": 5.8,
      "6": 7.2,
      "1": 5.8,
      "7": 8.8,
      "8": 9.8
    },
    "8": {
      "2": 1.4,
      "3": 3.2,
      "1": 5.2,
      "9": 5.2,
      "4": 6.6,
      "0": 3.0,
      "7": 7.8,
      "6": 7.8,
      "5": 9.2,
      "8": 5.6
    },
    "9": {
      "5": 1.6,
      "2": 2.2,
      "8": 2.2,
      "7": 4.8,
      "0": 5.4,
      "6": 6.6,
      "1": 7.8,
      "9": 8.6,
      "3": 8.2,
      "4": 7.6
    },
    "10": {
      "0": 4.4,
      "9": 4.2,
      "4": 5.4,
      "3": 5.2,
      "8": 4.2,
      "1": 3.4,
      "7": 6.4,
      "5": 8.2,
      "2": 5.0,
      "6": 8.6
    },
    "11": {
      "6": 1.2,
      "7": 2.0,
      "1": 4.2,
      "9": 6.0,
      "4": 6.6,
      "2": 7.4,
      "5": 7.8,
      "8": 5.0,
      "0": 4.8,
      "3": 10.0
    },
    "12": {
      "5": 1.0,
      "0": 2.6,
      "3": 2.4,
      "2": 6.2,
      "1": 5.6,
      "4": 6.4,
      "6": 6.4,
      "7": 6.0,
      "8": 8.6,
      "9": 9.8
    },
    "13": {
      "1": 1.8,
      "5": 2.6,
      "3": 4.0,
      "8": 4.4,
      "6": 2.6,
      "4": 6.2,
      "0": 7.6,
      "9": 8.2,
      "2": 7.8,
      "7": 9.8
    },
    "14": {
      "6": 2.6,
      "0": 1.8,
      "8": 2.0,
      "5": 4.6,
      "4": 5.6,
      "1": 6.6,
      "9": 6.0,
      "7": 9.0,
      "2": 8.4,
      "3": 8.4
    },
    "15": {
      "5": 2.6,
      "8": 4.8,
      "0": 2.4,
      "6": 4.2,
      "3": 4.4,
      "7": 4.2,
      "9": 6.0,
      "4": 8.4,
      "1": 9.4,
      "2": 8.6
    },
    "16": {
      "6": 2.4,
      "2": 2.6,
      "5": 2.8,
      "4": 3.6,
      "0": 4.8,
      "8": 5.2,
      "1": 7.0,
      "7": 8.6,
      "9": 8.6,
      "3": 9.4
    },
    "17": {
      "0": 1.4,
      "6": 2.2,
      "2": 2.6,
      "3": 5.0,
      "4": 6.0,
      "7": 5.4,
      "1": 6.4,
      "9": 8.6,
      "8": 8.0,
      "5": 9.4
    },
    "18": {
      "2": 3.4,
      "1": 3.4,
      "3": 3.2,
      "4": 3.8,
      "5": 4.2,
      "6": 8.0,
      "0": 6.8,
      "9": 4.2,
      "7": 8.2,
      "8": 9.8
    },
    "19": {
      "5": 1.4,
      "9": 2.4,
      "1": 3.0,
      "7": 3.2,
      "8": 7.0,
      "6": 6.0,
      "3": 6.8,
      "0": 6.2,
      "4": 9.0,
      "2": 10.0
    },
    "20": {
      "4": 2.8,
      "8": 3.4,
      "6": 6.4,
      "5": 3.6,
      "1": 6.6,
      "7": 5.0,
      "2": 6.0,
      "3": 8.0,
      "0": 5.6,
      "9": 7.6
    },
    "21": {
      "0": 4.0,
      "9": 6.0,
      "5": 5.8,
      "2": 7.4,
      "1": 4.4,
      "8": 3.0,
      "7": 6.4,
      "6": 4.4,
      "4": 6.2,
      "3": 7.4
    },
    "22": {
      "3": 1.2,
      "0": 3.6,
      "8": 3.4,
      "4": 3.2,
      "1": 5.6,
      "2": 5.8,
      "5": 6.6,
      "9": 8.4,
      "7": 9.6,
      "6": 7.6
    },
    "23": {
      "9": 3.6,
      "3": 3.0,
      "8": 3.2,
      "7": 5.0,
      "4": 4.0,
      "0": 4.2,
      "2": 5.2,
      "6": 9.4,
      "1": 8.8,
      "5": 8.6
    },
    "24": {
      "1": 1.0,
      "0": 4.0,
      "8": 2.4,
      "2": 4.8,
      "9": 3.2,
      "5": 6.0,
      "4": 7.0,
      "7": 7.6,
      "3": 9.0,
      "6": 10.0
    },
    "25": {
      "7": 8.0,
      "4": 2.6,
      "2": 2.0,
      "3": 2.2,
      "6": 5.6,
      "8": 7.8,
      "9": 5.6,
      "1": 4.8,
      "5": 7.2,
      "0": 9.2
    },
    "26": {
      "0": 1.8,
      "7": 2.0,
      "9": 4.8,
      "2": 3.0,
      "4": 3.6,
      "1": 6.6,
      "5": 7.0,
      "6": 7.2,
      "3": 9.2,
      "8": 9.8
    },
    "27": {
      "0": 2.2,
      "1": 1.4,
      "5": 4.0,
      "9": 3.8,
      "2": 5.0,
      "7": 7.2,
      "8": 7.2,
      "6": 5.6,
      "4": 9.6,
      "3": 9.0
    },
    "28": {
      "0": 1.0,
      "5": 6.0,
      "4": 5.4,
      "9": 4.0,
      "2": 3.6,
      "8": 4.6,
      "1": 3.4,
      "6": 8.6,
      "7": 8.8,
      "3": 9.6
    },
    "29": {
      "8": 1.2,
      "3": 2.0,
      "0": 7.4,
      "2": 3.6,
      "9": 6.2,
      "4": 4.8,
      "5": 6.0,
      "1": 7.2,
      "7": 9.8,
      "6": 6.8
    },
    "30": {
      "7": 1.4,
      "6": 2.8,
      "3": 2.0,
      "5": 7.4,
      "9": 7.0,
      "2": 5.0,
      "4": 6.6,
      "0": 5.2,
      "1": 8.6,
      "8": 9.0
    },
    "31": {
      "4": 4.4,
      "8": 5.4,
      "6": 4.4,
      "3": 2.8,
      "0": 7.0,
      "5": 5.4,
      "7": 6.6,
      "1": 8.0,
      "9": 4.8,
      "2": 6.2
    },
    "32": {
      "6": 1.0,
      "5": 4.8,
      "0": 3.2,
      "1": 5.8,
      "4": 3.4,
      "9": 5.0,
      "7": 8.2,
      "8": 5.8,
      "3": 7.8,
      "2": 10.0
    },
    "33": {
      "9": 2.6,
      "1": 4.0,
      "6": 6.4,
      "5": 5.2,
      "0": 5.0,
      "2": 5.4,
      "7": 8.4,
      "4": 5.4,
      "8": 5.6,
      "3": 7.0
    },
    "34": {
      "0": 5.8,
      "4": 1.8,
      "1": 2.6,
      "2": 6.4,
      "5": 5.4,
      "9": 4.0,
      "7": 5.0,
      "8": 9.0,
      "3": 5.4,
      "6": 9.6
    },
    "35": {
      "2": 2.0,
      "9": 2.6,
      "7": 2.8,
      "3": 4.2,
      "5": 4.8,
      "1": 5.0,
      "0": 8.4,
      "6": 8.4,
      "8": 8.2,
      "4": 8.6
    },
    "36": {
      "8": 2.2,
      "9": 1.4,
      "5": 6.0,
      "4": 5.6,
      "6": 4.6,
      "1": 5.6,
      "3": 5.2,
      "7": 6.0,
      "0": 9.4,
      "2": 9.0
    },
    "37": {
      "5": 3.4,
      "9": 2.2,
      "8": 1.8,
      "7": 2.6,