{
  "content_diversity": 0.6819878220558167,
  "classifier_auc": 0.7360178970917226,
  "ranking_stability": 0.5138888888888888,
  "feature_coefficients": {
    "word_count": 0.6530738060063973,
    "sentence_count": -0.09342968951838278,
    "avg_sentence_length": 0.3283430568711781,
    "paragraph_count": -0.756904051946189,
    "heading_density": -0.48347821124986623,
    "list_frequency": 0.36735430319505014,
    "readability": -0.29841764310002145,
    "bold_emphasis_density": -0.2675728694327143,
    "citation_density": 0.074262857234498,
    "statistic_density": -0.18158193984629364,
    "quote_density": -0.20466969480379815,
    "named_source_mentions": 0.05864087864310299,
    "year_mentions": 0.047419737499808934,
    "claim_density": 0.3886518946061992,
    "external_reference_density": -0.2828284570683582,
    "question_density": -0.045369649743595,
    "query_similarity": 0.2658614062134436,
    "corpus_centroid_similarity": 0.03914585718167832,
    "type_token_ratio": 0.015671150478893593,
    "vocabulary_sophistication": -0.25942799275514306,
    "sentiment_polarity": 0.04721548719695192,
    "avg_word_length": 0.2334679814509703,
    "semantic_uniqueness": -0.17935920703682492,
    "information_density": -0.0602796181976692,
    "specificity_score": 0.03331404939601807
  },
  "avg_ranks": {
    "0": {
      "1": 2.4,
      "5": 2.2,
      "7": 2.6,
      "4": 3.4,
      "6": 4.4,
      "2": 6.8,
      "0": 9.4,
      "8": 8.4,
      "3": 8.6,
      "9": 6.8
    },
    "1": {
      "7": 2.2,
      "4": 6.6,
      "2": 4.0,
      "0": 4.4,
      "6": 7.6,
      "5": 5.2,
      "9": 2.6,
      "8": 6.2,
      "3": 6.8,
      "1": 9.4
    },
    "2": {
      "5": 5.2,
      "6": 5.4,
      "9": 8.0,
      "8": 7.6,
      "7": 6.8,
      "4": 7.2,
      "2": 3.2,
      "0": 4.0,
      "3": 3.6,
      "1": 4.0
    },
    "3": {
      "1": 3.8,
      "3": 4.4,
      "2": 4.4,
      "7": 5.0,
      "4": 6.0,
      "0": 6.2,
      "8": 6.6,
      "6": 5.8,
      "9": 6.4,
      "5": 6.4
    },
    "4": {
      "0": 2.0,
      "7": 1.6,
      "8": 2.4,
      "4": 8.0,
      "1": 5.2,
      "6": 5.8,
      "5": 6.2,
      "3": 6.6,
      "2": 7.2,
      "9": 10.0
    },
    "5": {
      "1": 3.6,
      "6": 2.8,
      "4": 2.6,
      "7": 2.8,
      "5": 5.4,
      "3": 9.2,
      "2": 5.6,
      "8": 8.6,
      "0": 7.4,
      "9": 7.0
    },
    "6": {
      "9": 2.1666666666666665,
      "0": 2.6,
      "4": 5.2,
      "1": 3.75,
      "3": 6.2,
      "2": 5.2,
      "5": 6.2,
      "8": 7.6,
      "7": 7.6,
      "6": 8.8
    },
    "7": {
      "2": 3.6,
      "4": 3.6,
      "5": 4.2,
      "0": 4.0,
      "9": 4.2,
      "1": 5.0,
      "3": 6.0,
      "7": 7.6,
      "8": 9.4,
      "6": 7.4
    },
    "8": {
      "2": 1.25,
      "3": 3.75,
      "0": 4.75,
      "5": 5.75,
      "1": 8.0,
      "4": 6.5,
      "6": 6.5,
      "7": 6.25,
      "9": 8.0,
      "8": 4.25
    },
    "9": {
      "5": 2.0,
      "8": 2.4,
      "2": 2.2,
      "4": 4.6,
      "7": 5.4,
      "0": 6.0,
      "6": 6.8,
      "1": 7.6,
      "3": 9.4,
      "9": 8.6
    },
    "10": {
      "2": 3.0,
      "1": 3.4,
      "8": 2.2,
      "9": 3.8,
      "4": 4.6,
      "0": 5.6,
      "7": 7.4,
      "3": 7.4,
      "5": 9.8,
      "6": 7.8
    },
    "11": {
      "6": 1.6,
      "1": 4.8,
      "7": 4.8,
      "0": 4.4,
      "8": 3.6,
      "4": 8.0,
      "9": 6.0,
      "2": 5.0,
      "5": 7.4,
      "3": 9.4
    },
    "12": {
      "5": 1.0,
      "3": 2.4,
      "0": 2.6,
      "2": 6.0,
      "1": 5.8,
      "4": 6.0,
      "6": 6.4,
      "7": 7.0,
      "8": 7.8,
      "9": 10.0
    },
    "13": {
      "6": 2.8,
      "5": 1.4,
      "1": 3.8,
      "3": 2.8,
      "8": 4.2,
      "2": 9.0,
      "0": 7.8,
      "4": 6.8,
      "9": 8.0,
      "7": 8.4
    },
    "14": {
      "0": 1.0,
      "6": 2.6,
      "5": 4.6,
      "8": 3.0,
      "4": 5.4,
      "1": 4.8,
      "7": 7.4,
      "9": 7.2,
      "3": 9.0,
      "2": 10.0
    },
    "15": {
      "7": 1.0,
      "3": 3.5,
      "0": 4.25,
      "5": 3.5,
      "9": 7.25,
      "8": 4.5,
      "6": 5.5,
      "1": 8.5,
      "4": 8.5,
      "2": 8.5
    },
    "16": {
      "2": 3.6,
      "6": 4.0,
      "4": 3.8,
      "5": 3.0,
      "0": 3.4,
      "8": 4.8,
      "3": 9.4,
      "7": 8.4,
      "1": 6.4,
      "9": 8.2
    },
    "17": {
      "0": 1.6,
      "2": 2.6,
      "8": 7.2,
      "3": 4.2,
      "6": 2.8,
      "1": 5.8,
      "4": 7.0,
      "7": 7.2,
      "9": 8.2,
      "5": 8.4
    },
    "18": {
      "5": 2.2,
      "4": 2.8,
      "3": 3.4,
      "1": 4.2,
      "2": 3.4,
      "6": 7.8,
      "0": 6.6,
      "7": 7.8,
      "9": 6.8,
      "8": 10.0
    },
    "19": {
      "5": 1.8,
      "1": 2.8,
      "7": 3.0,
      "9": 2.4,
      "3": 6.0,
      "0": 6.6,
      "8": 7.4,
      "6": 6.0,
      "4": 9.0,
      "2": 10.0
    },
    "20": {
      "4": 3.0,
      "8": 3.6,
      "7": 5.0,
      "5": 4.6,
      "2": 6.4,
      "1": 6.2,
      "9": 6.6,
      "0": 6.4,
      "6": 5.8,
      "3": 7.4
    },
    "21": {
      "8": 2.0,
      "3": 4.4,
      "1": 3.0,
      "4": 5.4,
      "9": 3.6,
      "0": 4.2,
      "6": 7.8,
      "7": 8.2,
      "2": 8.2,
      "5": 8.2
    },
    "22": {
      "6": 2.8,
      "3": 1.8,
      "8": 5.0,
      "4": 4.8,
      "5": 7.2,
      "0": 3.4,
      "2": 5.4,
      "1": 6.4,
      "9": 8.6,
      "7": 9.6
    },
    "23": {
      "2": 3.4,
      "4": 2.6,
      "0": 2.4,
      "1": 7.8,
      "3": 4.4,
      "8": 5.0,
      "7": 5.6,
      "9": 5.4,
      "6": 9.6,
      "5": 8.8
    },
    "24": {
      "1": 1.0,
      "8": 2.4,
      "9": 3.0,
      "0": 4.0,
      "2": 5.6,
      "5": 6.4,
      "4": 7.2,
      "7": 8.4,
      "6": 9.8,
      "3": 7.2
    },
    "25": {
      "9": 5.8,
      "4": 3.0,
      "2": 1.6,
      "3": 3.2,
      "6": 5.0,
      "1": 4.8,
      "5": 7.2,
      "8": 7.0,
      "0": 9.4,
      "7": 8.0
    },
    "26": {
      "0": 1.8,
      "7": 1.8,
      "2": 3.2,
      "9": 4.4,
      "4": 4.0,
      "6": 7.0,
      "1": 6.2,
      "5": 7.6,
      "3": 9.0,
      "8": 10.0
    },
    "27": {
      "1": 1.2,
      "9": 3.4,
      "0": 2.6,
      "5": 3.2,
      "6": 6.0,
      "7": 6.0,
      "2": 6.0,
      "8": 7.6,
      "3": 9.4,
      "4": 9.6
    },
    "28": {
      "0": 1.0,
      "4": 4.4,
      "5": 5.0,
      "1": 4.4,
      "8": 5.0,
      "2": 4.6,
      "9": 3.6,
      "7": 8.8,
      "3": 9.4,
      "6": 8.8
    },
    "29": {
      "8": 1.4,
      "3": 2.0,
      "2": 3.6,
      "4": 5.0,
      "9": 5.8,
      "1": 6.2,
      "5": 4.8,
      "0": 7.4,
      "6": 8.8,
      "7": 10.0
    },
    "30": {
      "7": 1.0,
      "3": 3.0,
      "2": 3.8,
      "6": 2.8,
      "4": 6.0,
      "0": 5.4,
      "8": 8.8,
      "5": 6.4,
      "9": 8.4,
      "1": 9.4
    },
    "31": {
      "8": 6.8,
      "2": 3.8,
      "3": 3.6,
      "9": 3.2,
      "7": 5.0,
      "1": 8.6,
      "0": 8.6,
      "5": 5.2,
      "6": 4.6,
      "4": 5.6
    },
    "32": {
      "6": 1.0,
      "0": 3.0,
      "4": 2.6,
      "8": 7.4,
      "5": 5.6,
      "1": 6.4,
      "9": 4.2,
      "3": 7.0,
      "7": 7.8,
      "2": 10.0
    },
    "33": {
      "2": 3.8,
      "9": 2.6,
      "0": 3.8,
      "1": 4.8,
      "5": 4.2,
      "6": 5.4,
      "4": 7.0,
      "8": 6.2,
      "3": 8.0,
      "7": 9.2
    },
    "34": {
      "0": 5.2,
      "4": 3.0,
      "1": 2.8,
      "2": 4.0,
      "7": 5.8,
      "5": 4.4,
      "9": 3.6,
      "8": 8.6,
      "3": 8.0,
      "6": 9.6
    },
    "35": {
      "2": 1.8,
      "7": 3.4,
      "9": 4.0,
      "5": 3.8,
      "1": 4.4,
      "3": 5.4,
      "0": 8.0,
      "4": 7.2,
      "8": 7.8,
      "6": 9.2
    },
    "36": {
      "9": 1.0,
      "8": 2.2,
      "6": 3.8,
      "5": 6.2,
      "4": 6.4,
      "7": 6.0,
      "2": 9.0,
      "3": 5.6,
      "1": 5.2,
      "0": 9.6
    },
    "37": {
      "7": 2.2,
      "8": 2.2,
      "9": 2.4,