{
  "content_diversity": 0.6818687319755554,
  "classifier_auc": 0.7489222222222223,
  "ranking_stability": 0.5081093189964158,
  "feature_coefficients": {
    "word_count": 0.934232127295443,
    "sentence_count": -0.3763559862069511,
    "avg_sentence_length": -0.03982017297916019,
    "paragraph_count": -0.7045179473554222,
    "heading_density": -0.40583949526289237,
    "list_frequency": 0.5928815582133924,
    "readability": -0.6664183232301313,
    "bold_emphasis_density": -0.28783056189436845,
    "citation_density": -0.29316066462654067,
    "statistic_density": -0.19028886965890907,
    "quote_density": 0.0029714770765059367,
    "named_source_mentions": -0.055918912035063245,
    "year_mentions": 0.016914787709453274,
    "claim_density": 0.3225667734289381,
    "external_reference_density": -0.2685847729467508,
    "question_density": -0.1349892101806147,
    "query_similarity": 0.1931589809955526,
    "corpus_centroid_similarity": -0.27989124897212814,
    "type_token_ratio": -0.03137270223856345,
    "vocabulary_sophistication": -0.10507628582641386,
    "sentiment_polarity": -0.07373433486875741,
    "avg_word_length": 0.27582893720747476,
    "semantic_uniqueness": -0.16645664176813768,
    "information_density": 0.06605984403929076,
    "specificity_score": -0.052804095312158204
  },
  "avg_ranks": {
    "0": {
      "6": 3.0,
      "4": 3.2,
      "1": 3.2,
      "5": 2.6,
      "7": 4.0,
      "2": 5.6,
      "9": 6.4,
      "3": 9.4,
      "8": 8.6,
      "0": 9.0
    },
    "1": {
      "9": 2.4,
      "5": 4.4,
      "7": 2.2,
      "0": 4.8,
      "8": 4.6,
      "2": 5.0,
      "3": 7.6,
      "6": 8.6,
      "4": 7.6,
      "1": 7.8
    },
    "2": {
      "6": 3.6,
      "5": 3.2,
      "3": 3.6,
      "8": 6.0,
      "4": 5.8,
      "7": 7.2,
      "0": 4.8,
      "2": 5.8,
      "1": 7.0,
      "9": 8.0
    },
    "3": {
      "0": 6.0,
      "3": 2.4,
      "2": 3.0,
      "1": 3.4,
      "8": 6.4,
      "7": 5.8,
      "4": 7.8,
      "9": 7.2,
      "6": 6.6,
      "5": 6.4
    },
    "4": {
      "8": 1.6,
      "7": 2.0,
      "0": 2.4,
      "5": 5.0,
      "1": 5.6,
      "6": 6.2,
      "2": 7.8,
      "3": 7.2,
      "4": 7.2,
      "9": 10.0
    },
    "5": {
      "7": 1.0,
      "9": 4.2,
      "6": 3.6,
      "1": 4.0,
      "4": 4.4,
      "5": 5.0,
      "2": 5.8,
      "0": 8.0,
      "3": 9.8,
      "8": 9.2
    },
    "6": {
      "5": 3.6,
      "9": 2.4,
      "1": 6.0,
      "2": 5.0,
      "3": 5.0,
      "4": 5.2,
      "0": 3.8,
      "7": 8.2,
      "6": 7.6,
      "8": 8.2
    },
    "7": {
      "4": 2.6,
      "2": 3.0,
      "5": 3.6,
      "0": 4.8,
      "1": 5.2,
      "9": 6.0,
      "3": 4.8,
      "6": 6.8,
      "7": 8.2,
      "8": 10.0
    },
    "8": {
      "3": 4.2,
      "2": 1.8,
      "0": 3.4,
      "4": 4.8,
      "8": 5.8,
      "1": 4.8,
      "7": 7.6,
      "5": 6.8,
      "6": 8.4,
      "9": 7.4
    },
    "9": {
      "5": 2.6,
      "2": 2.4,
      "8": 2.8,
      "4": 2.2,
      "3": 9.0,
      "7": 6.0,
      "0": 6.6,
      "6": 6.6,
      "9": 8.8,
      "1": 8.0
    },
    "10": {
      "7": 3.6,
      "9": 3.2,
      "4": 5.2,
      "0": 4.8,
      "3": 5.2,
      "8": 3.2,
      "5": 8.2,
      "2": 5.6,
      "6": 9.4,
      "1": 6.6
    },
    "11": {
      "1": 2.8,
      "7": 3.0,
      "6": 1.8,
      "0": 4.6,
      "9": 5.8,
      "4": 6.2,
      "5": 7.6,
      "8": 6.4,
      "2": 7.0,
      "3": 9.8
    },
    "12": {
      "5": 1.0,
      "3": 2.4,
      "0": 2.6,
      "2": 8.2,
      "4": 6.0,
      "7": 6.0,
      "1": 5.0,
      "6": 5.8,
      "8": 8.2,
      "9": 9.8
    },
    "13": {
      "6": 3.2,
      "5": 2.0,
      "3": 3.2,
      "1": 3.0,
      "8": 4.2,
      "4": 6.6,
      "0": 7.6,
      "7": 9.2,
      "9": 8.2,
      "2": 7.8
    },
    "14": {
      "8": 2.8,
      "0": 1.4,
      "1": 5.2,
      "6": 3.4,
      "4": 4.8,
      "9": 7.0,
      "3": 8.2,
      "5": 3.8,
      "7": 8.4,
      "2": 10.0
    },
    "15": {
      "7": 3.8,
      "8": 3.6,
      "5": 3.8,
      "0": 5.0,
      "6": 3.2,
      "3": 2.4,
      "9": 6.4,
      "2": 8.6,
      "1": 8.8,
      "4": 9.4
    },
    "16": {
      "5": 2.2,
      "0": 1.2,
      "2": 5.4,
      "6": 6.2,
      "1": 7.0,
      "8": 4.0,
      "4": 4.6,
      "9": 7.2,
      "7": 7.4,
      "3": 9.8
    },
    "17": {
      "0": 2.4,
      "6": 3.0,
      "2": 3.8,
      "7": 5.2,
      "1": 4.0,
      "3": 5.0,
      "4": 5.6,
      "9": 7.2,
      "5": 9.4,
      "8": 9.4
    },
    "18": {
      "9": 2.6,
      "2": 3.2,
      "3": 2.8,
      "1": 4.0,
      "4": 4.4,
      "5": 4.6,
      "7": 8.2,
      "0": 8.0,
      "6": 7.2,
      "8": 10.0
    },
    "19": {
      "5": 1.6,
      "9": 2.6,
      "1": 3.2,
      "7": 2.6,
      "0": 6.0,
      "3": 7.0,
      "6": 5.8,
      "8": 7.4,
      "4": 8.8,
      "2": 10.0
    },
    "20": {
      "4": 1.4,
      "8": 1.6,
      "7": 5.0,
      "3": 6.2,
      "1": 5.8,
      "5": 7.4,
      "0": 4.8,
      "6": 7.0,
      "2": 6.8,
      "9": 9.0
    },
    "21": {
      "8": 2.0,
      "1": 3.0,
      "0": 4.0,
      "9": 5.4,
      "5": 7.8,
      "4": 3.4,
      "3": 7.6,
      "7": 7.0,
      "2": 7.4,
      "6": 7.4
    },
    "22": {
      "6": 1.0,
      "4": 4.2,
      "8": 4.2,
      "0": 3.0,
      "3": 2.8,
      "9": 8.4,
      "5": 8.0,
      "2": 6.4,
      "1": 7.4,
      "7": 9.6
    },
    "23": {
      "0": 4.0,
      "4": 4.6,
      "3": 2.8,
      "8": 3.2,
      "9": 3.0,
      "7": 5.0,
      "2": 5.4,
      "5": 8.8,
      "1": 8.6,
      "6": 9.6
    },
    "24": {
      "1": 1.0,
      "0": 4.8,
      "8": 2.8,
      "9": 3.0,
      "2": 5.8,
      "7": 6.4,
      "4": 7.0,
      "5": 5.6,
      "3": 9.2,
      "6": 9.4
    },
    "25": {
      "2": 1.2,
      "3": 1.8,
      "1": 4.4,
      "4": 3.6,
      "6": 4.4,
      "5": 6.4,
      "9": 6.2,
      "8": 8.2,
      "0": 9.2,
      "7": 9.6
    },
    "26": {
      "7": 1.8,
      "0": 1.8,
      "4": 3.4,
      "2": 3.2,
      "9": 5.0,
      "1": 6.2,
      "6": 6.6,
      "5": 8.0,
      "3": 9.2,
      "8": 9.8
    },
    "27": {
      "0": 4.6,
      "1": 1.4,
      "2": 3.4,
      "7": 4.6,
      "9": 3.6,
      "5": 3.8,
      "6": 6.8,
      "8": 7.8,
      "4": 9.4,
      "3": 9.6
    },
    "28": {
      "0": 1.0,
      "9": 2.8,
      "2": 3.8,
      "1": 3.8,
      "8": 3.6,
      "4": 6.2,
      "5": 6.8,
      "7": 9.2,
      "6": 8.8,
      "3": 9.0
    },
    "29": {
      "3": 1.2,
      "5": 5.0,
      "8": 3.2,
      "2": 4.0,
      "4": 4.0,
      "0": 8.4,
      "9": 6.8,
      "6": 6.8,
      "1": 5.8,
      "7": 9.8
    },
    "30": {
      "7": 1.2,
      "3": 3.2,
      "6": 2.4,
      "0": 4.6,
      "5": 5.6,
      "2": 4.8,
      "9": 6.2,
      "1": 9.0,
      "4": 8.8,
      "8": 9.2
    },
    "31": {
      "4": 3.2,
      "9": 4.8,
      "2": 4.4,
      "3": 2.4,
      "5": 6.2,
      "6": 4.2,
      "0": 8.0,
      "7": 6.4,
      "8": 5.8,
      "1": 9.6
    },
    "32": {
      "6": 1.0,
      "9": 2.6,
      "4": 3.0,
      "0": 3.4,
      "1": 6.2,
      "8": 6.6,
      "7": 6.8,
      "5": 6.8,
      "3": 8.8,
      "2": 9.8
    },
    "33": {
      "0": 3.6,
      "9": 2.4,
      "2": 5.4,
      "5": 5.0,
      "6": 6.0,
      "1": 6.4,
      "8": 4.6,
      "4": 5.8,
      "3": 6.4,
      "7": 9.4
    },
    "34": {
      "1": 4.0,
      "4": 3.0,
      "7": 2.6,
      "2": 4.2,
      "0": 3.6,
      "9": 4.4,
      "5": 7.0,
      "3": 7.2,
      "8": 9.0,
      "6": 10.0
    },
    "35": {
      "2": 1.6,
      "7": 4.6,
      "9": 4.2,
      "5": 4.6,
      "1": 3.6,
      "8": 6.2,
      "0": 7.4,
      "4": 7.2,
      "6": 9.8,
      "3": 5.8
    },
    "36": {
      "9": 1.4,
      "8": 2.0,
      "6": 3.4,
      "1": 5.0,
      "3": 4.0,
      "5": 6.2,
      "4": 7.0,
      "7": 7.0,
      "2": 9.6,
      "0": 9.4
    },
    "37": {
      "8": 1.6,
      "9": 4.0,
      "7": 2.2,
      "5": 3.4,