{
  "content_diversity": 0.6878497004508972,
  "classifier_auc": 0.7454482928027512,
  "ranking_stability": 0.49999999999999994,
  "feature_coefficients": {
    "word_count": 0.8239898981587978,
    "sentence_count": -0.10231150121091206,
    "avg_sentence_length": -0.06130572360529821,
    "paragraph_count": -0.623096725158825,
    "heading_density": -0.018007551159559994,
    "list_frequency": 0.1688896678335899,
    "readability": 0.10794051068287286,
    "bold_emphasis_density": -0.08046711139227058,
    "citation_density": -0.01271065365670773,
    "statistic_density": 0.00029183922663291123,
    "quote_density": -0.006953445872392546,
    "named_source_mentions": 0.03828333661018154,
    "year_mentions": 0.09434069380425268,
    "claim_density": -0.048006260162961195,
    "external_reference_density": -0.3784904984050382,
    "question_density": -0.056219804443322835,
    "query_similarity": 0.41314316366481263,
    "corpus_centroid_similarity": 0.17018458385974683,
    "type_token_ratio": 0.012006528237560104,
    "vocabulary_sophistication": -0.03347466170784088,
    "sentiment_polarity": 0.06181126029119953,
    "avg_word_length": 0.15871790934161611,
    "semantic_uniqueness": -0.0664276715964898,
    "information_density": -0.13896561818984182,
    "specificity_score": 0.07216162917879936
  },
  "avg_ranks": {
    "0": {
      "5": 3.4,
      "1": 2.8,
      "7": 4.8,
      "9": 5.0,
      "4": 2.4,
      "6": 2.6,
      "2": 7.0,
      "8": 8.8,
      "3": 9.0,
      "0": 9.2
    },
    "1": {
      "1": 5.4,
      "7": 2.8,
      "9": 2.8,
      "5": 5.4,
      "8": 4.4,
      "0": 4.4,
      "2": 5.4,
      "3": 7.4,
      "6": 8.8,
      "4": 8.2
    },
    "2": {
      "5": 5.0,
      "6": 4.2,
      "7": 5.4,
      "8": 8.0,
      "4": 5.4,
      "9": 9.0,
      "3": 3.6,
      "2": 4.4,
      "0": 5.0,
      "1": 5.0
    },
    "3": {
      "6": 3.8,
      "9": 3.2,
      "5": 3.6,
      "3": 5.6,
      "2": 5.2,
      "0": 9.0,
      "7": 5.2,
      "8": 6.4,
      "1": 7.2,
      "4": 5.8
    },
    "4": {
      "7": 1.8,
      "8": 1.6,
      "0": 2.6,
      "1": 4.8,
      "6": 5.6,
      "3": 5.8,
      "2": 6.6,
      "4": 8.8,
      "5": 7.8,
      "9": 9.6
    },
    "5": {
      "7": 4.6,
      "6": 2.2,
      "4": 2.4,
      "1": 4.2,
      "5": 4.2,
      "2": 5.0,
      "9": 6.6,
      "0": 7.6,
      "8": 8.6,
      "3": 9.6
    },
    "6": {
      "4": 4.2,
      "3": 5.4,
      "5": 4.6,
      "2": 4.2,
      "1": 6.0,
      "0": 3.8,
      "9": 4.0,
      "8": 7.6,
      "7": 7.8,
      "6": 7.4
    },
    "7": {
      "2": 2.0,
      "4": 2.6,
      "0": 4.6,
      "5": 4.0,
      "3": 5.2,
      "8": 8.6,
      "9": 5.0,
      "1": 6.8,
      "7": 9.6,
      "6": 6.6
    },
    "8": {
      "2": 1.2,
      "0": 2.6,
      "8": 4.0,
      "4": 3.4,
      "9": 6.8,
      "3": 6.4,
      "6": 7.4,
      "7": 8.0,
      "1": 6.4,
      "5": 8.8
    },
    "9": {
      "8": 2.0,
      "5": 1.4,
      "2": 2.6,
      "4": 5.2,
      "1": 8.4,
      "7": 5.4,
      "6": 7.6,
      "0": 6.2,
      "3": 8.4,
      "9": 7.8
    },
    "10": {
      "2": 2.2,
      "1": 5.4,
      "8": 3.0,
      "0": 5.0,
      "4": 3.8,
      "3": 6.6,
      "9": 3.8,
      "7": 7.2,
      "6": 8.2,
      "5": 9.8
    },
    "11": {
      "6": 2.8,
      "9": 4.6,
      "8": 4.4,
      "0": 5.6,
      "7": 4.6,
      "2": 4.8,
      "1": 5.0,
      "4": 5.6,
      "5": 8.2,
      "3": 9.4
    },
    "12": {
      "3": 2.0,
      "0": 2.0,
      "5": 2.2,
      "6": 5.0,
      "4": 6.4,
      "1": 5.0,
      "7": 6.4,
      "8": 8.2,
      "9": 9.2,
      "2": 8.6
    },
    "13": {
      "5": 1.4,
      "3": 2.8,
      "6": 2.0,
      "8": 4.6,
      "4": 6.6,
      "9": 8.6,
      "0": 7.8,
      "1": 5.0,
      "2": 7.0,
      "7": 9.2
    },
    "14": {
      "0": 1.2,
      "8": 2.2,
      "6": 2.6,
      "5": 4.2,
      "4": 5.0,
      "1": 6.0,
      "9": 7.2,
      "7": 8.0,
      "3": 9.2,
      "2": 9.4
    },
    "15": {
      "7": 4.2,
      "3": 2.6,
      "6": 2.8,
      "0": 3.6,
      "5": 3.4,
      "8": 5.2,
      "2": 8.2,
      "9": 6.4,
      "1": 9.4,
      "4": 9.2
    },
    "16": {
      "0": 4.2,
      "5": 3.0,
      "4": 3.4,
      "1": 4.6,
      "8": 6.6,
      "6": 3.4,
      "2": 3.6,
      "9": 8.6,
      "7": 7.6,
      "3": 10.0
    },
    "17": {
      "0": 1.2,
      "6": 1.8,
      "2": 4.2,
      "8": 5.6,
      "1": 8.2,
      "3": 4.4,
      "7": 6.6,
      "9": 8.0,
      "4": 5.8,
      "5": 9.2
    },
    "18": {
      "9": 1.0,
      "1": 4.8,
      "3": 3.4,
      "4": 4.4,
      "2": 3.8,
      "5": 4.8,
      "7": 8.4,
      "6": 7.0,
      "0": 7.8,
      "8": 9.6
    },
    "19": {
      "7": 2.2,
      "5": 2.6,
      "1": 3.0,
      "9": 2.2,
      "6": 5.4,
      "0": 6.0,
      "8": 8.0,
      "3": 6.8,
      "4": 8.8,
      "2": 10.0
    },
    "20": {
      "4": 2.8,
      "8": 3.4,
      "6": 3.8,
      "0": 3.8,
      "9": 8.0,
      "1": 5.2,
      "2": 7.0,
      "5": 7.4,
      "3": 7.0,
      "7": 6.6
    },
    "21": {
      "4": 4.0,
      "8": 2.6,
      "1": 3.4,
      "7": 5.4,
      "0": 3.8,
      "3": 6.8,
      "6": 6.8,
      "2": 7.6,
      "9": 5.6,
      "5": 9.0
    },
    "22": {
      "3": 2.0,
      "0": 3.4,
      "8": 3.0,
      "4": 4.8,
      "2": 5.8,
      "1": 6.4,
      "7": 9.0,
      "9": 7.8,
      "5": 8.2,
      "6": 4.6
    },
    "23": {
      "9": 2.0,
      "8": 3.0,
      "3": 2.2,
      "7": 4.4,
      "4": 6.0,
      "0": 6.2,
      "2": 7.0,
      "5": 9.4,
      "1": 7.4,
      "6": 7.4
    },
    "24": {
      "1": 1.0,
      "8": 2.6,
      "9": 3.2,
      "5": 5.2,
      "2": 5.4,
      "0": 5.2,
      "4": 7.2,
      "7": 7.2,
      "3": 8.4,
      "6": 9.6
    },
    "25": {
      "6": 5.0,
      "4": 3.4,
      "3": 2.0,
      "2": 2.2,
      "1": 4.4,
      "9": 6.4,
      "5": 7.8,
      "8": 6.4,
      "7": 7.6,
      "0": 9.8
    },
    "26": {
      "4": 2.2,
      "0": 1.8,
      "7": 2.0,
      "9": 4.2,
      "2": 5.0,
      "1": 6.4,
      "5": 7.4,
      "6": 7.0,
      "3": 9.2,
      "8": 9.8
    },
    "27": {
      "9": 2.8,
      "1": 1.6,
      "5": 4.0,
      "0": 2.6,
      "2": 5.2,
      "6": 6.0,
      "7": 6.4,
      "4": 9.0,
      "8": 7.8,
      "3": 9.6
    },
    "28": {
      "0": 3.4,
      "4": 4.8,
      "5": 5.8,
      "1": 3.2,
      "2": 3.4,
      "9": 3.6,
      "8": 3.8,
      "3": 9.2,
      "7": 8.6,
      "6": 9.2
    },
    "29": {
      "1": 6.2,
      "4": 4.0,
      "3": 2.4,
      "8": 2.4,
      "2": 3.6,
      "5": 5.2,
      "0": 6.8,
      "6": 7.8,
      "9": 6.8,
      "7": 9.8
    },
    "30": {
      "3": 2.6,
      "7": 2.0,
      "6": 2.0,
      "9": 5.4,
      "2": 3.8,
      "4": 6.6,
      "8": 9.0,
      "5": 8.6,
      "1": 8.4,
      "0": 6.6
    },
    "31": {
      "3": 3.2,
      "8": 3.0,
      "2": 4.2,
      "4": 3.4,
      "9": 5.8,
      "7": 5.8,
      "6": 3.6,
      "5": 7.8,
      "1": 8.6,
      "0": 9.6
    },
    "32": {
      "6": 2.8,
      "4": 3.0,
      "8": 4.2,
      "0": 2.8,
      "1": 5.8,
      "9": 6.0,
      "7": 8.0,
      "2": 9.2,
      "5": 4.6,
      "3": 8.6
    },
    "33": {
      "8": 6.4,
      "3": 7.2,
      "4": 7.6,
      "9": 1.8,
      "1": 5.2,
      "5": 3.4,
      "0": 4.8,
      "2": 4.8,
      "6": 5.0,
      "7": 8.8
    },
    "34": {
      "1": 1.6,
      "4": 2.2,
      "7": 3.8,
      "0": 5.8,
      "2": 3.2,
      "9": 7.4,
      "5": 6.4,
      "3": 5.6,
      "8": 9.0,
      "6": 10.0
    },
    "35": {
      "2": 1.0,
      "7": 5.4,
      "9": 5.6,
      "5": 5.8,
      "8": 4.6,
      "1": 3.6,
      "3": 4.4,
      "4": 7.4,
      "0": 8.0,
      "6": 9.2
    },
    "36": {
      "9": 1.8,
      "8": 2.0,
      "7": 6.0,
      "1": 5.2,
      "6": 4.0,
      "4": 5.4,
      "5": 4.8,
      "3": 6.8,
      "0": 9.4,
      "2": 9.6
    },
    "37": {
      "7": 2.0,
      "8": 1.8,
      "9": 3.0,
      "5": 3.2,