{
  "content_diversity": 0.6832559108734131,
  "classifier_auc": 0.7372279861665336,
  "ranking_stability": 0.5282552522188517,
  "feature_coefficients": {
    "word_count": 0.7058317498247633,
    "sentence_count": -0.11259964988181137,
    "avg_sentence_length": 0.1791956526973741,
    "paragraph_count": -0.5902029680645472,
    "heading_density": -0.18896401569798482,
    "list_frequency": 0.21322110840702577,
    "readability": -0.12596723308260155,
    "bold_emphasis_density": -0.2785137366108148,
    "citation_density": 0.13343089648538645,
    "statistic_density": 0.019301183892755397,
    "quote_density": -0.06643272889099511,
    "named_source_mentions": -0.061544463258325355,
    "year_mentions": 0.005072754595549629,
    "claim_density": 0.009609589078391741,
    "external_reference_density": -0.3121544952124436,
    "question_density": -0.08124136085100571,
    "query_similarity": 0.15703368558960965,
    "corpus_centroid_similarity": -0.14156010125367025,
    "type_token_ratio": -0.006830262312484606,
    "vocabulary_sophistication": -0.044286020466684874,
    "sentiment_polarity": 0.050166273199397406,
    "avg_word_length": 0.20304992459104784,
    "semantic_uniqueness": -0.19690825099456147,
    "information_density": -0.3985430397063999,
    "specificity_score": 0.006222693246441291
  },
  "avg_ranks": {
    "0": {
      "4": 1.2,
      "6": 1.8,
      "5": 3.8,
      "1": 4.0,
      "7": 4.6,
      "9": 6.2,
      "2": 6.4,
      "3": 8.6,
      "8": 8.6,
      "0": 9.8
    },
    "1": {
      "5": 4.2,
      "0": 3.8,
      "7": 3.2,
      "2": 4.4,
      "8": 5.4,
      "9": 3.0,
      "3": 6.4,
      "4": 7.2,
      "6": 7.6,
      "1": 9.8
    },
    "2": {
      "3": 2.6,
      "1": 4.6,
      "0": 2.4,
      "2": 3.0,
      "5": 5.2,
      "6": 6.2,
      "7": 7.6,
      "4": 6.6,
      "8": 6.8,
      "9": 10.0
    },
    "3": {
      "6": 4.4,
      "9": 5.0,
      "5": 5.0,
      "0": 6.2,
      "3": 3.4,
      "2": 4.0,
      "1": 4.6,
      "8": 8.2,
      "7": 7.0,
      "4": 7.2
    },
    "4": {
      "7": 1.8,
      "8": 2.2,
      "0": 2.0,
      "6": 4.4,
      "1": 5.6,
      "3": 5.6,
      "2": 7.4,
      "5": 7.2,
      "4": 8.8,
      "9": 10.0
    },
    "5": {
      "7": 1.0,
      "2": 4.6,
      "6": 3.0,
      "1": 3.8,
      "4": 3.0,
      "5": 7.0,
      "9": 6.6,
      "3": 9.2,
      "0": 7.6,
      "8": 9.2
    },
    "6": {
      "0": 3.0,
      "9": 2.4,
      "2": 6.4,
      "1": 7.2,
      "5": 5.4,
      "3": 6.6,
      "6": 4.8,
      "7": 4.6,
      "8": 5.6,
      "4": 9.0
    },
    "7": {
      "2": 4.0,
      "4": 4.0,
      "5": 4.0,
      "9": 3.2,
      "6": 5.6,
      "1": 5.2,
      "3": 4.8,
      "0": 5.2,
      "8": 9.8,
      "7": 9.2
    },
    "8": {
      "2": 1.2,
      "8": 2.2,
      "0": 2.8,
      "3": 5.8,
      "1": 5.0,
      "9": 6.4,
      "4": 6.0,
      "6": 8.6,
      "7": 8.0,
      "5": 9.0
    },
    "9": {
      "8": 2.2,
      "2": 1.8,
      "5": 2.0,
      "4": 5.0,
      "0": 5.8,
      "7": 5.6,
      "1": 8.4,
      "6": 7.4,
      "9": 8.0,
      "3": 8.8
    },
    "10": {
      "7": 3.8,
      "9": 3.2,
      "4": 4.4,
      "0": 5.0,
      "8": 4.0,
      "2": 5.2,
      "3": 7.2,
      "6": 8.8,
      "1": 3.6,
      "5": 9.8
    },
    "11": {
      "6": 1.2,
      "8": 4.6,
      "7": 2.6,
      "0": 5.8,
      "1": 3.6,
      "9": 5.0,
      "2": 7.2,
      "5": 8.4,
      "4": 6.6,
      "3": 10.0
    },
    "12": {
      "5": 1.4,
      "0": 2.0,
      "3": 2.6,
      "6": 5.4,
      "1": 4.2,
      "4": 6.8,
      "7": 5.8,
      "8": 7.8,
      "9": 9.4,
      "2": 9.6
    },
    "13": {
      "1": 3.8,
      "5": 1.6,
      "8": 3.0,
      "3": 3.4,
      "6": 4.2,
      "4": 5.6,
      "7": 8.0,
      "0": 7.8,
      "9": 7.8,
      "2": 9.8
    },
    "14": {
      "0": 1.4,
      "6": 3.0,
      "5": 5.6,
      "8": 2.4,
      "4": 5.6,
      "1": 5.6,
      "2": 9.2,
      "9": 6.0,
      "3": 8.4,
      "7": 7.8
    },
    "15": {
      "3": 1.8,
      "6": 3.2,
      "8": 5.2,
      "0": 4.6,
      "5": 3.8,
      "9": 5.4,
      "7": 4.6,
      "2": 8.4,
      "4": 9.2,
      "1": 8.8
    },
    "16": {
      "6": 2.6,
      "2": 5.6,
      "7": 6.6,
      "5": 2.2,
      "4": 4.2,
      "0": 4.0,
      "8": 6.0,
      "1": 5.6,
      "9": 8.2,
      "3": 10.0
    },
    "17": {
      "2": 2.8,
      "6": 3.6,
      "8": 4.0,
      "1": 5.0,
      "3": 5.0,
      "0": 2.4,
      "7": 6.6,
      "4": 7.6,
      "9": 8.2,
      "5": 9.8
    },
    "18": {
      "9": 4.2,
      "6": 4.4,
      "0": 6.6,
      "1": 3.4,
      "3": 3.4,
      "2": 3.0,
      "4": 5.2,
      "5": 6.2,
      "8": 9.6,
      "7": 9.0
    },
    "19": {
      "9": 1.6,
      "1": 3.2,
      "5": 1.6,
      "7": 3.6,
      "0": 6.6,
      "6": 5.6,
      "8": 6.8,
      "3": 7.4,
      "4": 9.0,
      "2": 9.6
    },
    "20": {
      "8": 3.2,
      "4": 3.0,
      "6": 4.8,
      "0": 4.0,
      "3": 4.2,
      "9": 6.6,
      "7": 6.4,
      "1": 6.6,
      "2": 6.8,
      "5": 9.4
    },
    "21": {
      "7": 5.4,
      "6": 7.4,
      "1": 3.4,
      "8": 2.0,
      "0": 4.6,
      "9": 7.4,
      "5": 6.4,
      "2": 7.6,
      "3": 6.2,
      "4": 4.6
    },
    "22": {
      "6": 2.8,
      "4": 3.6,
      "8": 3.0,
      "3": 3.0,
      "0": 4.0,
      "5": 7.0,
      "1": 6.8,
      "2": 7.0,
      "9": 8.0,
      "7": 9.8
    },
    "23": {
      "9": 3.2,
      "7": 4.4,
      "3": 3.6,
      "8": 4.4,
      "0": 3.8,
      "4": 4.4,
      "2": 5.6,
      "5": 7.2,
      "1": 9.0,
      "6": 9.4
    },
    "24": {
      "1": 1.0,
      "8": 2.2,
      "9": 3.8,
      "0": 3.2,
      "2": 4.8,
      "4": 6.6,
      "7": 7.6,
      "5": 7.0,
      "3": 9.4,
      "6": 9.4
    },
    "25": {
      "2": 1.6,
      "3": 2.6,
      "4": 3.2,
      "1": 4.0,
      "6": 3.6,
      "5": 6.8,
      "9": 6.6,
      "7": 9.4,
      "8": 7.8,
      "0": 9.4
    },
    "26": {
      "0": 2.8,
      "7": 1.4,
      "2": 3.2,
      "4": 2.6,
      "9": 5.2,
      "5": 7.2,
      "1": 6.4,
      "6": 7.2,
      "3": 9.2,
      "8": 9.8
    },
    "27": {
      "0": 4.2,
      "1": 1.6,
      "9": 3.8,
      "2": 3.6,
      "7": 6.4,
      "5": 3.4,
      "6": 5.2,
      "8": 8.2,
      "3": 9.4,
      "4": 9.2
    },
    "28": {
      "0": 1.0,
      "4": 4.4,
      "1": 3.6,
      "8": 3.2,
      "9": 4.8,
      "5": 6.0,
      "2": 5.0,
      "7": 8.6,
      "6": 8.4,
      "3": 10.0
    },
    "29": {
      "8": 1.6,
      "2": 3.2,
      "3": 2.4,
      "4": 3.2,
      "0": 7.6,
      "9": 6.8,
      "6": 7.6,
      "5": 7.4,
      "1": 5.4,
      "7": 9.8
    },
    "30": {
      "7": 1.2,
      "2": 4.0,
      "3": 3.4,
      "0": 5.4,
      "6": 3.2,
      "5": 6.4,
      "4": 7.0,
      "9": 7.0,
      "8": 9.2,
      "1": 8.2
    },
    "31": {
      "4": 1.8,
      "6": 2.8,
      "8": 4.0,
      "3": 3.0,
      "2": 4.8,
      "9": 7.6,
      "7": 6.4,
      "1": 8.8,
      "5": 7.2,
      "0": 8.6
    },
    "32": {
      "6": 1.2,
      "9": 5.2,
      "0": 2.6,
      "4": 3.4,
      "3": 6.8,
      "7": 6.6,
      "5": 5.0,
      "1": 6.2,
      "8": 8.0,
      "2": 10.0
    },
    "33": {
      "0": 1.8,
      "2": 4.4,
      "9": 2.0,
      "5": 3.8,
      "1": 4.6,
      "8": 7.0,
      "4": 8.4,
      "6": 5.6,
      "7": 7.8,
      "3": 9.6
    },
    "34": {
      "1": 1.6,
      "4": 1.8,
      "7": 4.0,
      "2": 3.4,
      "9": 6.2,
      "5": 6.2,
      "0": 7.0,
      "8": 7.8,
      "3": 7.0,
      "6": 10.0
    },
    "35": {
      "7": 4.2,
      "9": 5.0,
      "5": 5.6,
      "2": 1.6,
      "1": 3.6,
      "3": 3.6,
      "4": 6.6,
      "0": 7.2,
      "6": 9.4,
      "8": 8.2
    },
    "36": {
      "9": 2.3333333333333335,
      "6": 5.0,
      "8": 2.0,
      "1": 4.0,
      "3": 4.6,
      "5": 5.4,
      "7": 7.2,
      "4": 6.8,
      "2": 9.4,
      "0": 9.75
    },
    "37": {
      "5": 2.8,
      "9": 2.0,