{
  "content_diversity": 0.6823190450668335,
  "classifier_auc": 0.7183877245931233,
  "ranking_stability": 0.4859999999999999,
  "feature_coefficients": {
    "word_count": 0.5476541779664559,
    "sentence_count": 0.04409295851055761,
    "avg_sentence_length": -0.04046842164897063,
    "paragraph_count": -0.5482933957902416,
    "heading_density": -0.08290705262610064,
    "list_frequency": 0.38214271831039237,
    "readability": 0.10464058295005807,
    "bold_emphasis_density": -0.23012829270603047,
    "citation_density": 0.023550969780032554,
    "statistic_density": -0.03123430697602335,
    "quote_density": 0.016660600877532482,
    "named_source_mentions": 0.2787543362167433,
    "year_mentions": -0.10157817117088688,
    "claim_density": 0.4440301242016873,
    "external_reference_density": -0.21113834826252972,
    "question_density": -0.035405376129564944,
    "query_similarity": 0.18361268839620795,
    "corpus_centroid_similarity": -0.11897778740814727,
    "type_token_ratio": 0.10383185091744666,
    "vocabulary_sophistication": -0.11558746502594076,
    "sentiment_polarity": 0.31011320544317733,
    "avg_word_length": -0.016421813551321534,
    "semantic_uniqueness": -0.14776218506548433,
    "information_density": 0.10681411566194013,
    "specificity_score": -0.08341390637423636
  },
  "avg_ranks": {
    "0": {
      "7": 3.2,
      "1": 2.4,
      "5": 2.8,
      "4": 3.2,
      "6": 3.4,
      "9": 6.0,
      "2": 7.6,
      "3": 8.2,
      "8": 8.8,
      "0": 9.4
    },
    "1": {
      "7": 1.0,
      "2": 3.8,
      "8": 6.4,
      "5": 4.0,
      "9": 3.6,
      "0": 4.0,
      "3": 6.0,
      "6": 7.4,
      "1": 9.6,
      "4": 9.2
    },
    "2": {
      "3": 1.8,
      "2": 3.4,
      "0": 3.8,
      "1": 4.8,
      "6": 6.4,
      "5": 5.4,
      "4": 6.6,
      "7": 7.2,
      "9": 9.2,
      "8": 6.4
    },
    "3": {
      "1": 5.8,
      "3": 5.8,
      "2": 5.8,
      "8": 5.0,
      "7": 5.0,
      "0": 7.2,
      "5": 4.2,
      "4": 7.6,
      "9": 3.2,
      "6": 5.4
    },
    "4": {
      "8": 1.2,
      "0": 2.6,
      "7": 2.2,
      "5": 5.6,
      "6": 5.4,
      "1": 5.2,
      "4": 7.0,
      "3": 7.8,
      "2": 8.0,
      "9": 10.0
    },
    "5": {
      "7": 2.0,
      "5": 3.2,
      "6": 3.2,
      "4": 3.8,
      "1": 3.4,
      "8": 9.0,
      "2": 7.0,
      "0": 7.8,
      "9": 6.8,
      "3": 8.8
    },
    "6": {
      "5": 5.2,
      "9": 2.4,
      "0": 3.4,
      "2": 5.2,
      "1": 5.2,
      "3": 6.4,
      "4": 7.4,
      "7": 6.2,
      "6": 6.4,
      "8": 7.2
    },
    "7": {
      "2": 3.0,
      "5": 3.8,
      "0": 5.2,
      "4": 4.4,
      "1": 4.0,
      "3": 5.0,
      "6": 6.2,
      "9": 4.4,
      "7": 9.4,
      "8": 9.6
    },
    "8": {
      "2": 1.4,
      "0": 3.0,
      "9": 6.4,
      "4": 5.0,
      "1": 5.0,
      "3": 2.6,
      "7": 7.6,
      "6": 8.0,
      "5": 8.2,
      "8": 7.8
    },
    "9": {
      "5": 1.8,
      "2": 2.2,
      "8": 2.0,
      "4": 6.2,
      "7": 5.2,
      "0": 5.8,
      "6": 7.0,
      "1": 8.2,
      "9": 8.6,
      "3": 8.0
    },
    "10": {
      "2": 2.6,
      "1": 4.6,
      "8": 2.6,
      "4": 4.0,
      "0": 6.4,
      "7": 5.8,
      "3": 6.8,
      "9": 5.0,
      "6": 9.4,
      "5": 7.8
    },
    "11": {
      "7": 3.2,
      "6": 2.4,
      "1": 4.0,
      "8": 5.2,
      "0": 5.4,
      "2": 5.4,
      "4": 7.0,
      "9": 5.2,
      "5": 8.2,
      "3": 9.0
    },
    "12": {
      "3": 2.0,
      "5": 1.8,
      "0": 2.8,
      "9": 8.2,
      "1": 4.0,
      "6": 5.8,
      "4": 6.0,
      "7": 6.6,
      "8": 8.0,
      "2": 9.8
    },
    "13": {
      "5": 1.2,
      "3": 3.6,
      "6": 3.6,
      "8": 3.8,
      "1": 3.0,
      "4": 6.0,
      "9": 8.4,
      "0": 7.2,
      "2": 9.6,
      "7": 8.6
    },
    "14": {
      "0": 1.2,
      "8": 2.4,
      "6": 2.6,
      "1": 4.4,
      "5": 4.4,
      "4": 6.2,
      "9": 6.8,
      "7": 8.0,
      "3": 9.2,
      "2": 9.8
    },
    "15": {
      "3": 1.6,
      "6": 3.2,
      "1": 6.4,
      "0": 5.2,
      "5": 4.8,
      "9": 6.8,
      "8": 5.2,
      "4": 7.4,
      "2": 8.8,
      "7": 5.6
    },
    "16": {
      "2": 3.2,
      "6": 3.8,
      "4": 4.0,
      "8": 5.4,
      "5": 3.6,
      "0": 4.4,
      "3": 9.0,
      "7": 7.4,
      "1": 6.0,
      "9": 8.2
    },
    "17": {
      "0": 1.8,
      "6": 2.4,
      "2": 2.4,
      "1": 6.6,
      "5": 8.4,
      "3": 5.4,
      "9": 8.2,
      "7": 6.8,
      "4": 8.4,
      "8": 4.6
    },
    "18": {
      "3": 2.8,
      "2": 2.4,
      "1": 3.4,
      "5": 4.0,
      "4": 3.4,
      "9": 6.0,
      "6": 7.0,
      "0": 7.2,
      "7": 8.8,
      "8": 10.0
    },
    "19": {
      "5": 1.2,
      "9": 1.8,
      "1": 3.6,
      "7": 3.4,
      "0": 5.8,
      "6": 5.8,
      "8": 7.2,
      "3": 7.2,
      "4": 9.0,
      "2": 10.0
    },
    "20": {
      "8": 4.8,
      "4": 4.6,
      "3": 5.8,
      "0": 5.8,
      "6": 6.2,
      "9": 6.4,
      "7": 5.2,
      "1": 4.6,
      "2": 6.0,
      "5": 5.6
    },
    "21": {
      "6": 5.4,
      "8": 1.4,
      "1": 3.6,
      "3": 6.2,
      "7": 6.6,
      "9": 4.8,
      "0": 5.6,
      "4": 7.6,
      "2": 8.0,
      "5": 5.8
    },
    "22": {
      "6": 2.4,
      "3": 3.6,
      "8": 4.2,
      "4": 4.0,
      "0": 4.6,
      "2": 5.2,
      "1": 5.4,
      "5": 7.0,
      "9": 8.6,
      "7": 10.0
    },
    "23": {
      "8": 3.0,
      "9": 3.6,
      "3": 3.8,
      "7": 4.4,
      "4": 4.0,
      "0": 3.8,
      "2": 5.4,
      "1": 8.2,
      "5": 9.2,
      "6": 9.6
    },
    "24": {
      "1": 1.0,
      "0": 5.2,
      "8": 2.8,
      "3": 8.6,
      "9": 4.6,
      "2": 6.0,
      "4": 6.0,
      "7": 6.2,
      "5": 5.2,
      "6": 9.4
    },
    "25": {
      "7": 8.0,
      "2": 1.4,
      "3": 2.0,
      "1": 5.0,
      "4": 4.2,
      "9": 5.8,
      "6": 4.8,
      "0": 9.0,
      "5": 7.6,
      "8": 7.2
    },
    "26": {
      "7": 1.0,
      "0": 2.0,
      "9": 5.0,
      "2": 3.6,
      "4": 4.6,
      "6": 6.2,
      "1": 5.6,
      "5": 8.0,
      "8": 9.8,
      "3": 9.2
    },
    "27": {
      "1": 2.0,
      "5": 3.4,
      "9": 3.0,
      "6": 6.2,
      "0": 3.8,
      "7": 6.2,
      "2": 5.0,
      "3": 9.0,
      "8": 7.0,
      "4": 9.4
    },
    "28": {
      "0": 1.0,
      "2": 4.2,
      "9": 5.0,
      "8": 3.6,
      "1": 5.6,
      "5": 6.2,
      "4": 5.2,
      "3": 9.6,
      "7": 7.0,
      "6": 7.6
    },
    "29": {
      "8": 2.2,
      "3": 1.4,
      "5": 5.2,
      "2": 3.8,
      "4": 4.8,
      "9": 6.8,
      "1": 4.6,
      "0": 8.4,
      "6": 8.6,
      "7": 9.2
    },
    "30": {
      "7": 1.0,
      "3": 3.0,
      "6": 2.8,
      "2": 4.6,
      "9": 5.8,
      "0": 4.8,
      "4": 7.0,
      "8": 9.4,
      "1": 8.4,
      "5": 8.2
    },
    "31": {
      "8": 5.6,
      "9": 4.4,
      "3": 3.2,
      "2": 3.8,
      "7": 5.6,
      "6": 5.4,
      "5": 7.0,
      "0": 6.2,
      "1": 7.6,
      "4": 6.2
    },
    "32": {
      "6": 2.0,
      "9": 3.4,
      "0": 1.6,
      "4": 3.8,
      "8": 6.2,
      "1": 6.6,
      "5": 6.8,
      "7": 7.8,
      "3": 6.8,
      "2": 10.0
    },
    "33": {
      "9": 1.8,
      "5": 3.4,
      "6": 6.0,
      "0": 4.8,
      "1": 4.6,
      "2": 4.4,
      "4": 7.0,
      "8": 6.4,
      "3": 7.4,
      "7": 9.2
    },
    "34": {
      "0": 4.2,
      "7": 4.0,
      "1": 3.8,
      "4": 3.8,
      "2": 5.0,
      "5": 4.2,
      "9": 3.4,
      "3": 8.2,
      "8": 8.4,
      "6": 10.0
    },
    "35": {
      "5": 4.0,
      "2": 1.2,
      "7": 2.8,
      "9": 3.4,
      "1": 3.8,
      "0": 8.0,
      "4": 8.6,
      "3": 6.2,
      "6": 9.0,
      "8": 8.0
    },
    "36": {
      "9": 1.2,
      "8": 1.8,
      "6": 4.4,
      "1": 4.0,
      "7": 5.2,
      "2": 8.2,
      "4": 7.6,
      "5": 6.8,
      "3": 6.2,
      "0": 9.6
    },
    "37": {
      "9": 1.6,
      "7": 2.6,
      "8": 2.4,
      "5": 4.2,