{
  "content_diversity": 0.684211790561676,
  "classifier_auc": 0.7205406078724466,
  "ranking_stability": 0.5158988256549232,
  "feature_coefficients": {
    "word_count": 0.7956687514614734,
    "sentence_count": -0.21667257683842417,
    "avg_sentence_length": 0.10933231101295793,
    "paragraph_count": -0.5762989176380371,
    "heading_density": 0.07164989574552623,
    "list_frequency": 0.37192152871114537,
    "readability": -0.07200891526697392,
    "bold_emphasis_density": -0.05127739944581944,
    "citation_density": -0.07367510595634891,
    "statistic_density": -0.18206162388176617,
    "quote_density": -0.13286787672668343,
    "named_source_mentions": 0.025370401922066903,
    "year_mentions": -0.005576964032802485,
    "claim_density": 0.22018567663832217,
    "external_reference_density": -0.30700379411862627,
    "question_density": -0.07265347067553714,
    "query_similarity": 0.2033049402745096,
    "corpus_centroid_similarity": -0.013783136875129623,
    "type_token_ratio": 0.0004932105409740752,
    "vocabulary_sophistication": -0.294951445544227,
    "sentiment_polarity": -0.00021886392598172033,
    "avg_word_length": 0.33468089357212455,
    "semantic_uniqueness": -0.09917893893305346,
    "information_density": -0.30724812023387466,
    "specificity_score": 0.04351481031721969
  },
  "avg_ranks": {
    "0": {
      "1": 2.4,
      "5": 3.0,
      "7": 4.2,
      "9": 5.6,
      "4": 2.6,
      "6": 3.2,
      "2": 7.0,
      "0": 9.6,
      "8": 8.4,
      "3": 9.0
    },
    "1": {
      "5": 5.4,
      "2": 3.0,
      "9": 2.8,
      "8": 6.2,
      "3": 6.4,
      "0": 4.6,
      "7": 3.6,
      "6": 7.4,
      "4": 5.8,
      "1": 9.8
    },
    "2": {
      "6": 4.0,
      "5": 5.0,
      "7": 5.4,
      "4": 5.6,
      "8": 7.0,
      "3": 3.0,
      "9": 9.2,
      "2": 4.8,
      "1": 5.0,
      "0": 6.0
    },
    "3": {
      "3": 3.0,
      "2": 3.8,
      "1": 5.0,
      "4": 7.2,
      "7": 5.0,
      "6": 5.6,
      "9": 5.8,
      "8": 6.8,
      "0": 6.6,
      "5": 6.2
    },
    "4": {
      "8": 1.8,
      "7": 2.0,
      "0": 2.2,
      "1": 5.0,
      "6": 6.0,
      "4": 8.2,
      "3": 6.4,
      "2": 7.4,
      "5": 6.2,
      "9": 9.8
    },
    "5": {
      "4": 2.2,
      "6": 2.8,
      "2": 4.8,
      "1": 2.4,
      "7": 3.6,
      "5": 6.2,
      "0": 7.6,
      "9": 6.8,
      "3": 9.2,
      "8": 9.4
    },
    "6": {
      "0": 2.2,
      "9": 2.0,
      "3": 6.6,
      "2": 5.6,
      "1": 6.2,
      "5": 5.8,
      "4": 6.8,
      "8": 6.2,
      "6": 7.0,
      "7": 6.6
    },
    "7": {
      "2": 2.6,
      "4": 3.6,
      "5": 2.6,
      "0": 3.6,
      "9": 5.0,
      "3": 5.2,
      "1": 6.4,
      "6": 7.0,
      "8": 9.8,
      "7": 9.2
    },
    "8": {
      "2": 1.2,
      "4": 3.8,
      "9": 6.6,
      "0": 3.8,
      "7": 6.4,
      "3": 5.8,
      "1": 5.8,
      "6": 9.2,
      "5": 7.4,
      "8": 5.0
    },
    "9": {
      "8": 1.8,
      "2": 2.8,
      "5": 2.0,
      "0": 5.0,
      "7": 5.6,
      "6": 6.4,
      "1": 7.8,
      "9": 8.2,
      "3": 9.6,
      "4": 5.8
    },
    "10": {
      "2": 3.8,
      "1": 3.6,
      "7": 7.2,
      "8": 4.0,
      "4": 4.2,
      "0": 4.4,
      "9": 3.6,
      "3": 6.0,
      "6": 8.6,
      "5": 9.6
    },
    "11": {
      "9": 3.0,
      "6": 2.75,
      "7": 3.5,
      "2": 5.25,
      "1": 5.5,
      "0": 4.5,
      "4": 5.75,
      "8": 7.0,
      "5": 7.75,
      "3": 10.0
    },
    "12": {
      "5": 1.2,
      "0": 2.2,
      "3": 3.6,
      "1": 4.4,
      "7": 5.6,
      "4": 6.8,
      "6": 6.8,
      "8": 8.6,
      "9": 9.6,
      "2": 6.2
    },
    "13": {
      "5": 2.4,
      "3": 2.8,
      "1": 3.0,
      "6": 2.4,
      "4": 6.0,
      "8": 4.6,
      "9": 7.4,
      "7": 8.8,
      "0": 8.0,
      "2": 9.6
    },
    "14": {
      "0": 1.0,
      "6": 2.8,
      "8": 2.4,
      "5": 4.4,
      "4": 5.6,
      "1": 5.8,
      "7": 8.0,
      "9": 6.2,
      "2": 9.8,
      "3": 9.0
    },
    "15": {
      "7": 2.6,
      "3": 3.0,
      "6": 4.0,
      "5": 4.0,
      "0": 4.6,
      "8": 4.0,
      "9": 7.4,
      "1": 9.0,
      "4": 8.8,
      "2": 7.6
    },
    "16": {
      "2": 3.8,
      "6": 3.8,
      "4": 2.8,
      "0": 3.6,
      "5": 2.8,
      "1": 6.8,
      "8": 7.0,
      "7": 7.4,
      "9": 7.0,
      "3": 10.0
    },
    "17": {
      "6": 2.6,
      "0": 1.8,
      "2": 2.4,
      "1": 6.2,
      "3": 6.6,
      "8": 5.2,
      "4": 7.0,
      "7": 6.8,
      "5": 7.6,
      "9": 8.8
    },
    "18": {
      "9": 2.0,
      "2": 2.0,
      "3": 3.0,
      "4": 5.2,
      "5": 5.4,
      "1": 4.2,
      "6": 7.0,
      "7": 8.6,
      "0": 7.6,
      "8": 10.0
    },
    "19": {
      "7": 2.6,
      "5": 1.6,
      "1": 3.2,
      "9": 2.6,
      "0": 5.8,
      "6": 5.6,
      "3": 7.0,
      "8": 7.8,
      "4": 8.8,
      "2": 10.0
    },
    "20": {
      "4": 1.4,
      "8": 1.6,
      "0": 4.4,
      "6": 7.4,
      "3": 4.6,
      "9": 7.0,
      "2": 6.8,
      "7": 6.4,
      "1": 7.4,
      "5": 8.0
    },
    "21": {
      "6": 6.6,
      "8": 1.6,
      "3": 5.6,
      "1": 4.0,
      "4": 4.2,
      "5": 9.0,
      "9": 6.6,
      "0": 4.2,
      "2": 7.4,
      "7": 5.8
    },
    "22": {
      "3": 1.8,
      "0": 2.8,
      "4": 5.0,
      "8": 5.2,
      "5": 7.4,
      "1": 6.6,
      "2": 6.0,
      "9": 6.6,
      "7": 9.0,
      "6": 4.6
    },
    "23": {
      "8": 2.6,
      "3": 2.8,
      "7": 4.4,
      "9": 2.6,
      "0": 4.8,
      "4": 5.0,
      "2": 7.2,
      "1": 9.0,
      "6": 7.2,
      "5": 9.4
    },
    "24": {
      "1": 1.0,
      "8": 2.6,
      "9": 3.2,
      "0": 4.2,
      "2": 5.6,
      "7": 6.6,
      "3": 8.6,
      "4": 7.0,
      "5": 7.2,
      "6": 9.0
    },
    "25": {
      "2": 1.2,
      "3": 1.8,
      "4": 3.2,
      "6": 4.4,
      "9": 6.8,
      "1": 4.6,
      "5": 6.6,
      "8": 7.4,
      "0": 9.4,
      "7": 9.6
    },
    "26": {
      "9": 4.0,
      "7": 2.0,
      "4": 2.8,
      "2": 3.8,
      "0": 2.4,
      "6": 6.6,
      "1": 6.4,
      "5": 8.0,
      "3": 9.4,
      "8": 9.6
    },
    "27": {
      "2": 2.8,
      "1": 2.0,
      "5": 3.8,
      "9": 3.2,
      "0": 4.8,
      "7": 5.4,
      "6": 6.0,
      "8": 8.2,
      "4": 9.6,
      "3": 9.2
    },
    "28": {
      "0": 1.0,
      "1": 2.4,
      "9": 4.2,
      "8": 5.0,
      "2": 4.0,
      "4": 5.6,
      "5": 5.8,
      "7": 8.8,
      "6": 9.0,
      "3": 9.2
    },
    "29": {
      "3": 1.4,
      "5": 4.6,
      "2": 3.2,
      "4": 4.2,
      "1": 6.0,
      "8": 2.4,
      "9": 7.0,
      "0": 7.6,
      "6": 9.2,
      "7": 9.4
    },
    "30": {
      "7": 1.2,
      "6": 3.0,
      "2": 4.8,
      "5": 4.8,
      "3": 3.0,
      "0": 4.4,
      "9": 7.0,
      "4": 8.0,
      "8": 9.6,
      "1": 9.2
    },
    "31": {
      "8": 3.8,
      "0": 6.8,
      "2": 4.6,
      "3": 4.0,
      "9": 4.6,
      "7": 5.4,
      "6": 4.2,
      "1": 9.2,
      "5": 6.4,
      "4": 6.0
    },
    "32": {
      "6": 1.0,
      "0": 2.6,
      "4": 2.8,
      "9": 5.4,
      "1": 6.8,
      "8": 6.0,
      "5": 5.6,
      "2": 9.6,
      "7": 7.8,
      "3": 7.4
    },
    "33": {
      "9": 2.2,
      "1": 4.8,
      "5": 5.0,
      "6": 5.2,
      "2": 5.2,
      "0": 6.0,
      "8": 5.2,
      "4": 6.2,
      "3": 6.0,
      "7": 9.2
    },
    "34": {
      "4": 1.2,
      "1": 3.4,
      "7": 4.2,
      "0": 6.6,
      "2": 3.8,
      "9": 5.6,
      "5": 6.2,
      "3": 5.0,
      "8": 9.2,
      "6": 9.8
    },
    "35": {
      "2": 1.8,
      "3": 3.2,
      "1": 4.0,
      "0": 6.2,
      "4": 6.0,
      "5": 4.6,
      "7": 5.8,
      "9": 6.4,
      "8": 7.2,
      "6": 9.8
    },
    "36": {
      "9": 1.4,
      "8": 2.0,
      "6": 3.8,
      "1": 4.4,
      "7": 5.0,
      "5": 6.8,
      "4": 7.0,
      "3": 5.6,
      "0": 9.4,
      "2": 9.6
    },
    "37": {
      "9": 1.4,
      "8": 2.6,
      "7": 3.2,