{
  "content_diversity": 0.7286160588264465,
  "classifier_auc": 0.6452903796653796,
  "ranking_stability": 0.5327111111111111,
  "feature_coefficients": {
    "word_count": 0.010213174914462232,
    "sentence_count": -0.024064566435926416,
    "avg_sentence_length": 0.2297014350771827,
    "paragraph_count": 0.0,
    "heading_density": -0.8755001999850536,
    "list_frequency": 0.021091612341739514,
    "readability": -0.0713917719026789,
    "bold_emphasis_density": -0.07347496472552177,
    "citation_density": -0.08443116639430748,
    "statistic_density": 0.08838809374234283,
    "quote_density": -0.2072575474113114,
    "named_source_mentions": 0.13260097673000573,
    "year_mentions": 0.033883400402135735,
    "claim_density": -0.06930519396415527,
    "external_reference_density": 0.05826629233922727,
    "question_density": 0.006558611791428709,
    "query_similarity": 0.34051533478804735,
    "corpus_centroid_similarity": -0.09124680864504446,
    "type_token_ratio": 0.07701266634321206,
    "vocabulary_sophistication": -0.06785696599740768,
    "sentiment_polarity": 0.014692787319837787,
    "avg_word_length": 0.022742182711105147,
    "semantic_uniqueness": -0.09374755357789288,
    "information_density": 0.12440367496972696,
    "specificity_score": 0.13614263961091647
  },
  "avg_ranks": {
    "0": {
      "7": 3.2,
      "5": 3.4,
      "1": 3.4,
      "4": 3.6,
      "6": 4.2,
      "2": 3.4,
      "9": 6.8,
      "3": 8.8,
      "8": 8.4,
      "0": 9.8
    },
    "1": {
      "9": 2.2,
      "7": 2.4,
      "0": 3.2,
      "8": 4.2,
      "5": 4.4,
      "2": 5.2,
      "3": 6.8,
      "6": 8.0,
      "1": 9.2,
      "4": 9.4
    },
    "2": {
      "3": 1.0,
      "1": 6.6,
      "2": 4.4,
      "0": 5.2,
      "7": 5.8,
      "4": 5.6,
      "6": 4.8,
      "5": 4.2,
      "9": 8.8,
      "8": 8.6
    },
    "3": {
      "5": 1.4,
      "6": 2.0,
      "9": 2.6,
      "1": 5.8,
      "2": 6.4,
      "3": 7.0,
      "4": 6.6,
      "7": 6.0,
      "8": 7.2,
      "0": 10.0
    },
    "4": {
      "8": 1.8,
      "7": 1.8,
      "0": 2.4,
      "5": 7.0,
      "4": 6.4,
      "1": 4.6,
      "6": 5.6,
      "3": 7.2,
      "2": 8.2,
      "9": 10.0
    },
    "5": {
      "4": 2.2,
      "6": 1.6,
      "2": 3.0,
      "1": 4.2,
      "7": 4.4,
      "9": 7.6,
      "0": 6.4,
      "8": 7.6,
      "5": 8.2,
      "3": 9.8
    },
    "6": {
      "7": 6.4,
      "8": 7.6,
      "6": 6.4,
      "0": 2.0,
      "9": 2.2,
      "2": 3.6,
      "3": 6.4,
      "4": 5.8,
      "5": 7.4,
      "1": 7.2
    },
    "7": {
      "4": 1.6,
      "2": 2.4,
      "0": 2.6,
      "5": 4.2,
      "7": 8.6,
      "1": 5.8,
      "3": 6.8,
      "9": 6.2,
      "6": 7.2,
      "8": 9.6
    },
    "8": {
      "2": 1.0,
      "0": 2.2,
      "8": 4.4,
      "1": 6.2,
      "7": 6.4,
      "3": 5.6,
      "4": 5.2,
      "9": 8.4,
      "6": 7.0,
      "5": 8.6
    },
    "9": {
      "4": 2.8,
      "5": 2.2,
      "8": 2.4,
      "2": 2.6,
      "0": 5.4,
      "7": 6.0,
      "9": 8.2,
      "6": 8.0,
      "1": 9.2,
      "3": 8.2
    },
    "10": {
      "2": 2.6,
      "1": 2.2,
      "9": 2.4,
      "4": 3.4,
      "8": 4.6,
      "0": 6.0,
      "3": 6.8,
      "6": 9.2,
      "5": 9.2,
      "7": 8.6
    },
    "11": {
      "6": 2.4,
      "0": 3.8,
      "8": 5.4,
      "7": 5.0,
      "1": 3.4,
      "5": 8.2,
      "3": 9.4,
      "2": 5.2,
      "4": 5.8,
      "9": 6.4
    },
    "12": {
      "5": 1.6,
      "3": 1.8,
      "0": 2.6,
      "2": 5.8,
      "1": 5.2,
      "6": 6.2,
      "4": 6.6,
      "8": 7.2,
      "9": 9.6,
      "7": 8.4
    },
    "13": {
      "6": 1.8,
      "5": 2.6,
      "3": 2.4,
      "8": 4.2,
      "4": 6.6,
      "0": 7.6,
      "9": 6.8,
      "1": 5.4,
      "2": 7.8,
      "7": 9.8
    },
    "14": {
      "6": 1.8,
      "0": 1.6,
      "8": 2.6,
      "1": 4.0,
      "5": 7.0,
      "9": 6.4,
      "4": 5.8,
      "7": 7.0,
      "2": 9.0,
      "3": 9.8
    },
    "15": {
      "0": 3.6,
      "5": 3.8,
      "7": 1.8,
      "3": 3.0,
      "6": 3.6,
      "1": 8.2,
      "4": 8.0,
      "9": 7.4,
      "2": 8.8,
      "8": 6.8
    },
    "16": {
      "5": 2.4,
      "9": 6.4,
      "1": 5.2,
      "8": 4.8,
      "0": 3.2,
      "4": 5.0,
      "3": 9.2,
      "6": 4.4,
      "2": 5.2,
      "7": 9.2
    },
    "17": {
      "0": 1.0,
      "6": 2.0,
      "8": 4.4,
      "2": 3.8,
      "3": 4.4,
      "9": 7.4,
      "1": 8.0,
      "7": 7.0,
      "5": 8.8,
      "4": 8.2
    },
    "18": {
      "9": 1.0,
      "0": 5.8,
      "7": 6.0,
      "6": 6.2,
      "5": 5.0,
      "4": 5.2,
      "2": 4.4,
      "1": 5.8,
      "3": 5.6,
      "8": 10.0
    },
    "19": {
      "5": 1.2,
      "9": 2.4,
      "1": 2.6,
      "7": 3.8,
      "8": 6.6,
      "6": 6.0,
      "3": 6.4,
      "0": 7.0,
      "4": 9.0,
      "2": 10.0
    },
    "20": {
      "8": 1.4,
      "4": 1.6,
      "0": 5.0,
      "2": 5.0,
      "1": 6.0,
      "7": 5.4,
      "5": 6.6,
      "6": 7.4,
      "9": 8.4,
      "3": 8.2
    },
    "21": {
      "0": 1.8,
      "9": 4.4,
      "5": 5.4,
      "1": 4.2,
      "2": 5.2,
      "3": 6.4,
      "4": 7.0,
      "8": 3.2,
      "6": 8.6,
      "7": 8.8
    },
    "22": {
      "6": 2.8,
      "4": 3.2,
      "8": 3.8,
      "3": 2.6,
      "0": 3.6,
      "2": 6.2,
      "1": 6.8,
      "5": 7.6,
      "9": 8.6,
      "7": 9.8
    },
    "23": {
      "8": 2.0,
      "3": 2.6,
      "9": 2.8,
      "7": 4.2,
      "0": 5.6,
      "4": 6.6,
      "2": 7.0,
      "5": 5.4,
      "1": 9.6,
      "6": 9.2
    },
    "24": {
      "1": 1.0,
      "9": 2.2,
      "8": 2.8,
      "4": 6.4,
      "5": 5.8,
      "7": 6.6,
      "2": 5.8,
      "0": 5.4,
      "3": 9.2,
      "6": 9.8
    },
    "25": {
      "6": 4.6,
      "1": 4.4,
      "4": 2.4,
      "3": 2.6,
      "2": 2.8,
      "9": 5.4,
      "5": 7.6,
      "8": 6.2,
      "0": 9.0,
      "7": 10.0
    },
    "26": {
      "0": 1.6,
      "4": 2.8,
      "7": 2.0,
      "2": 4.0,
      "9": 4.6,
      "5": 6.2,
      "1": 6.8,
      "3": 8.6,
      "8": 9.8,
      "6": 8.6
    },
    "27": {
      "5": 2.2,
      "9": 2.8,
      "6": 4.8,
      "7": 6.4,
      "1": 1.8,
      "2": 6.2,
      "0": 5.8,
      "3": 9.6,
      "4": 7.4,
      "8": 8.0
    },
    "28": {
      "0": 1.0,
      "4": 4.8,
      "5": 5.0,
      "8": 4.8,
      "9": 3.8,
      "2": 4.4,
      "1": 4.2,
      "6": 8.4,
      "7": 8.6,
      "3": 10.0
    },
    "29": {
      "2": 3.2,
      "3": 1.4,
      "8": 3.0,
      "4": 4.2,
      "5": 5.8,
      "0": 8.0,
      "6": 7.2,
      "9": 7.0,
      "1": 6.0,
      "7": 9.2
    },
    "30": {
      "7": 1.2,
      "3": 2.2,
      "6": 2.8,
      "0": 5.6,
      "2": 4.8,
      "9": 7.2,
      "4": 6.6,
      "1": 7.8,
      "5": 7.4,
      "8": 9.4
    },
    "31": {
      "8": 3.6,
      "7": 5.2,
      "6": 3.0,
      "4": 2.8,
      "3": 3.4,
      "1": 7.6,
      "9": 6.6,
      "2": 7.0,
      "5": 8.4,
      "0": 7.4
    },
    "32": {
      "6": 2.2,
      "0": 3.0,
      "1": 6.6,
      "8": 4.4,
      "5": 4.6,
      "4": 3.6,
      "9": 5.8,
      "3": 6.4,
      "7": 8.4,
      "2": 10.0
    },
    "33": {
      "9": 1.0,
      "5": 3.0,
      "1": 3.2,
      "0": 4.2,
      "2": 4.0,
      "6": 6.0,
      "8": 7.4,
      "4": 8.0,
      "3": 9.6,
      "7": 8.6
    },
    "34": {
      "1": 1.8,
      "9": 5.2,
      "5": 6.4,
      "0": 4.2,
      "7": 4.0,
      "2": 2.6,
      "4": 4.2,
      "8": 7.8,
      "3": 8.8,
      "6": 10.0
    },
    "35": {
      "3": 4.2,
      "1": 4.0,
      "2": 2.0,
      "7": 3.4,
      "9": 3.2,
      "5": 4.2,
      "8": 8.6,
      "4": 7.8,
      "0": 8.0,
      "6": 9.6
    },
    "36": {
      "8": 1.6,
      "1": 5.2,
      "9": 1.6,
      "5": 5.4,
      "4": 5.6,
      "7": 6.4,
      "6": 5.8,
      "3": 4.4,
      "2": 9.6,
      "0": 9.4
    },
    "37": {
      "7": 2.4,
      "8": 1.2,
      "9": 2.4,
      "5": 4.0,
      "0": 7.0,