{
  "content_diversity": 0.6829285025596619,
  "classifier_auc": 0.7431247003074493,
  "ranking_stability": 0.5130666666666666,
  "feature_coefficients": {
    "word_count": 0.6649136649367158,
    "sentence_count": -0.15084031995460415,
    "avg_sentence_length": 0.42523072232811726,
    "paragraph_count": -0.4678950206148313,
    "heading_density": -0.27121241055045314,
    "list_frequency": 0.3447140591268217,
    "readability": -0.4720867241792486,
    "bold_emphasis_density": -0.2619109937714063,
    "citation_density": 0.07178490878778027,
    "statistic_density": -0.15997993139292893,
    "quote_density": -0.1282086522749213,
    "named_source_mentions": 0.30527399133490757,
    "year_mentions": 0.0945001771742156,
    "claim_density": 0.654332423501865,
    "external_reference_density": -0.2490768680779807,
    "question_density": -0.08321757859978474,
    "query_similarity": 0.44543817599644325,
    "corpus_centroid_similarity": -0.14656060000398882,
    "type_token_ratio": 0.02606307451454911,
    "vocabulary_sophistication": -0.29708954043128105,
    "sentiment_polarity": 0.16349369425893712,
    "avg_word_length": 0.28735924515401806,
    "semantic_uniqueness": -0.12280537593733104,
    "information_density": 0.0008586262190733098,
    "specificity_score": -0.2168183128572368
  },
  "avg_ranks": {
    "0": {
      "1": 2.2,
      "5": 2.4,
      "7": 4.2,
      "6": 4.4,
      "4": 4.2,
      "9": 6.0,
      "2": 4.6,
      "3": 8.8,
      "8": 8.2,
      "0": 10.0
    },
    "1": {
      "4": 7.6,
      "0": 3.8,
      "9": 4.0,
      "5": 5.2,
      "3": 5.2,
      "7": 2.8,
      "2": 4.0,
      "8": 7.2,
      "6": 8.8,
      "1": 6.4
    },
    "2": {
      "2": 2.6,
      "0": 3.2,
      "3": 1.4,
      "1": 2.8,
      "7": 7.4,
      "4": 7.8,
      "6": 6.2,
      "5": 6.8,
      "8": 7.0,
      "9": 9.8
    },
    "3": {
      "5": 3.6,
      "9": 2.6,
      "6": 2.8,
      "1": 5.4,
      "2": 5.6,
      "3": 5.8,
      "4": 5.0,
      "7": 7.8,
      "8": 8.0,
      "0": 8.4
    },
    "4": {
      "8": 1.4,
      "7": 2.4,
      "0": 2.2,
      "4": 7.8,
      "1": 5.0,
      "6": 6.0,
      "5": 5.8,
      "9": 9.6,
      "2": 7.4,
      "3": 7.4
    },
    "5": {
      "7": 2.0,
      "6": 3.2,
      "4": 3.2,
      "2": 4.6,
      "1": 4.2,
      "5": 4.8,
      "9": 6.8,
      "0": 8.2,
      "8": 8.2,
      "3": 9.8
    },
    "6": {
      "9": 2.4,
      "0": 2.6,
      "2": 4.2,
      "1": 4.4,
      "4": 5.6,
      "5": 4.8,
      "3": 7.6,
      "8": 7.6,
      "7": 7.6,
      "6": 8.2
    },
    "7": {
      "0": 2.8,
      "2": 2.8,
      "4": 3.8,
      "5": 4.6,
      "9": 4.8,
      "1": 5.8,
      "3": 4.6,
      "6": 6.8,
      "7": 9.0,
      "8": 10.0
    },
    "8": {
      "2": 1.0,
      "0": 2.4,
      "4": 5.0,
      "1": 6.2,
      "5": 7.0,
      "3": 4.8,
      "7": 7.6,
      "6": 7.8,
      "9": 7.4,
      "8": 5.8
    },
    "9": {
      "5": 1.8,
      "8": 1.6,
      "2": 2.6,
      "0": 5.2,
      "7": 5.4,
      "6": 6.8,
      "1": 8.2,
      "9": 8.6,
      "3": 9.6,
      "4": 5.2
    },
    "10": {
      "2": 7.0,
      "8": 2.0,
      "0": 3.6,
      "9": 2.6,
      "6": 8.2,
      "1": 6.2,
      "3": 6.8,
      "5": 8.6,
      "4": 4.4,
      "7": 5.6
    },
    "11": {
      "6": 1.0,
      "8": 3.8,
      "7": 4.6,
      "1": 4.4,
      "0": 4.2,
      "2": 5.8,
      "9": 6.2,
      "4": 6.4,
      "5": 9.2,
      "3": 9.4
    },
    "12": {
      "5": 1.0,
      "0": 3.0,
      "3": 2.2,
      "1": 4.6,
      "4": 6.0,
      "7": 7.0,
      "6": 6.4,
      "8": 8.0,
      "2": 7.0,
      "9": 9.8
    },
    "13": {
      "5": 1.4,
      "3": 2.0,
      "1": 5.2,
      "6": 3.6,
      "8": 4.0,
      "4": 5.4,
      "0": 8.2,
      "9": 7.8,
      "2": 8.4,
      "7": 9.0
    },
    "14": {
      "0": 1.2,
      "5": 3.6,
      "8": 2.4,
      "6": 4.2,
      "4": 5.6,
      "1": 4.8,
      "9": 7.6,
      "7": 7.6,
      "3": 8.8,
      "2": 9.2
    },
    "15": {
      "7": 4.4,
      "5": 4.4,
      "8": 5.4,
      "6": 3.0,
      "3": 2.4,
      "0": 5.8,
      "9": 6.0,
      "4": 7.6,
      "2": 8.4,
      "1": 7.6
    },
    "16": {
      "2": 3.8,
      "6": 4.0,
      "4": 3.4,
      "0": 4.0,
      "8": 4.2,
      "5": 2.6,
      "1": 7.2,
      "7": 7.2,
      "9": 8.6,
      "3": 10.0
    },
    "17": {
      "6": 2.0,
      "0": 1.2,
      "2": 3.0,
      "1": 6.8,
      "3": 6.4,
      "8": 4.6,
      "7": 6.4,
      "9": 8.2,
      "4": 6.6,
      "5": 9.8
    },
    "18": {
      "5": 3.8,
      "4": 3.4,
      "3": 4.4,
      "1": 4.4,
      "2": 3.0,
      "0": 7.6,
      "6": 7.4,
      "7": 8.4,
      "9": 2.6,
      "8": 10.0
    },
    "19": {
      "5": 1.8,
      "9": 1.8,
      "1": 3.2,
      "7": 3.2,
      "3": 6.2,
      "0": 6.8,
      "6": 5.8,
      "8": 7.6,
      "4": 8.6,
      "2": 10.0
    },
    "20": {
      "4": 2.8,
      "8": 3.4,
      "0": 2.8,
      "3": 5.6,
      "1": 6.0,
      "2": 5.6,
      "9": 6.2,
      "7": 8.2,
      "6": 5.2,
      "5": 9.2
    },
    "21": {
      "0": 3.4,
      "9": 3.4,
      "5": 5.2,
      "8": 3.2,
      "1": 3.8,
      "3": 5.8,
      "6": 7.6,
      "2": 7.8,
      "4": 6.2,
      "7": 8.6
    },
    "22": {
      "3": 3.4,
      "8": 3.4,
      "0": 5.0,
      "2": 6.2,
      "1": 6.8,
      "4": 3.8,
      "5": 6.8,
      "9": 7.4,
      "6": 2.6,
      "7": 9.6
    },
    "23": {
      "9": 3.8,
      "8": 4.2,
      "3": 3.6,
      "7": 5.6,
      "0": 4.6,
      "4": 5.2,
      "2": 5.2,
      "1": 8.8,
      "5": 7.6,
      "6": 6.4
    },
    "24": {
      "1": 1.0,
      "9": 2.6,
      "8": 2.4,
      "7": 6.8,
      "5": 5.2,
      "4": 6.4,
      "0": 5.6,
      "2": 6.2,
      "3": 9.6,
      "6": 9.2
    },
    "25": {
      "2": 1.6,
      "3": 2.2,
      "4": 2.8,
      "1": 4.2,
      "9": 5.4,
      "8": 7.4,
      "6": 6.0,
      "5": 6.6,
      "0": 9.0,
      "7": 9.8
    },
    "26": {
      "7": 1.2,
      "2": 3.4,
      "0": 2.2,
      "4": 3.8,
      "6": 5.8,
      "9": 5.6,
      "1": 6.4,
      "5": 7.6,
      "3": 9.0,
      "8": 10.0
    },
    "27": {
      "0": 2.8,
      "1": 1.4,
      "9": 3.0,
      "5": 4.4,
      "2": 5.0,
      "7": 7.4,
      "6": 5.6,
      "3": 9.2,
      "8": 6.6,
      "4": 9.6
    },
    "28": {
      "0": 1.0,
      "2": 4.0,
      "1": 3.4,
      "8": 4.2,
      "9": 4.0,
      "4": 5.4,
      "5": 6.0,
      "6": 8.6,
      "7": 8.4,
      "3": 10.0
    },
    "29": {
      "3": 1.0,
      "8": 3.0,
      "2": 4.2,
      "4": 4.6,
      "0": 6.6,
      "5": 5.2,
      "6": 8.0,
      "9": 7.2,
      "1": 5.4,
      "7": 9.8
    },
    "30": {
      "2": 3.0,
      "7": 1.4,
      "6": 3.4,
      "0": 6.8,
      "3": 2.8,
      "9": 5.6,
      "4": 7.0,
      "8": 8.2,
      "5": 8.2,
      "1": 8.6
    },
    "31": {
      "3": 1.8,
      "2": 4.0,
      "4": 4.2,
      "8": 6.0,
      "9": 4.4,
      "6": 5.4,
      "7": 6.2,
      "0": 6.8,
      "1": 9.2,
      "5": 7.0
    },
    "32": {
      "6": 1.2,
      "0": 2.2,
      "4": 3.2,
      "8": 6.0,
      "5": 5.6,
      "1": 6.0,
      "9": 4.0,
      "7": 8.2,
      "3": 8.6,
      "2": 10.0
    },
    "33": {
      "3": 5.8,
      "8": 5.4,
      "4": 6.2,
      "9": 2.4,
      "0": 4.8,
      "2": 5.2,
      "5": 4.2,
      "1": 5.2,
      "6": 6.4,
      "7": 9.4
    },
    "34": {
      "5": 3.6,
      "9": 3.8,
      "4": 3.6,
      "3": 6.2,
      "1": 4.0,
      "2": 4.6,
      "0": 6.2,
      "7": 4.0,
      "8": 9.0,
      "6": 10.0
    },
    "35": {
      "5": 2.4,
      "9": 2.8,
      "7": 2.6,
      "2": 3.0,
      "1": 5.4,
      "3": 6.2,
      "6": 9.0,
      "8": 8.8,
      "0": 7.6,
      "4": 7.2
    },
    "36": {
      "9": 1.4,
      "8": 1.8,
      "4": 6.0,
      "5": 6.2,
      "1": 4.8,
      "6": 4.4,
      "7": 4.6,
      "3": 6.8,
      "0": 9.4,
      "2": 9.6
    },
    "37": {
      "5": 2.8,
      "9": 2.4,
      "8": 1.8,
      "7": 3.0,