{
  "content_diversity": 0.683195948600769,
  "classifier_auc": 0.7442462070997202,
  "ranking_stability": 0.5172131147540984,
  "feature_coefficients": {
    "word_count": 0.8701635207353283,
    "sentence_count": -0.2356479303120066,
    "avg_sentence_length": 0.09885243161073173,
    "paragraph_count": -0.923735699017793,
    "heading_density": -0.05941610603846341,
    "list_frequency": 0.32716858594631404,
    "readability": -0.1088737159697348,
    "bold_emphasis_density": -0.07380465821853703,
    "citation_density": 0.06690262397886637,
    "statistic_density": -0.15757610536577085,
    "quote_density": -0.08022637897072155,
    "named_source_mentions": 0.12452523363557647,
    "year_mentions": 0.09125072151370929,
    "claim_density": 0.3110419272293528,
    "external_reference_density": -0.23106751707891965,
    "question_density": -0.0021209919542181078,
    "query_similarity": 0.2959828360712455,
    "corpus_centroid_similarity": 0.057481573310096436,
    "type_token_ratio": 0.001241673513112845,
    "vocabulary_sophistication": 0.004880590099254699,
    "sentiment_polarity": 0.17709922141117937,
    "avg_word_length": 0.2497752598427808,
    "semantic_uniqueness": -0.18962988843070228,
    "information_density": 0.02669624110491179,
    "specificity_score": 0.006375710051719765
  },
  "avg_ranks": {
    "0": {
      "1": 2.8,
      "5": 3.0,
      "7": 4.0,
      "4": 2.4,
      "6": 3.4,
      "9": 5.4,
      "2": 7.0,
      "0": 9.2,
      "8": 8.8,
      "3": 9.0
    },
    "1": {
      "0": 3.0,
      "7": 2.0,
      "9": 3.6,
      "5": 4.6,
      "2": 4.0,
      "8": 3.8,
      "4": 9.0,
      "6": 7.8,
      "1": 9.4,
      "3": 7.8
    },
    "2": {
      "3": 3.0,
      "0": 4.6,
      "2": 4.0,
      "1": 5.6,
      "6": 4.4,
      "5": 4.2,
      "4": 6.4,
      "7": 7.6,
      "9": 8.6,
      "8": 6.6
    },
    "3": {
      "6": 3.0,
      "9": 3.6,
      "5": 3.8,
      "8": 6.6,
      "7": 5.2,
      "1": 5.6,
      "2": 6.2,
      "3": 5.4,
      "0": 8.8,
      "4": 6.8
    },
    "4": {
      "8": 2.0,
      "0": 1.6,
      "7": 2.4,
      "5": 4.6,
      "6": 5.6,
      "3": 6.8,
      "1": 6.0,
      "2": 8.2,
      "9": 9.8,
      "4": 8.0
    },
    "5": {
      "7": 1.6,
      "1": 2.4,
      "4": 3.8,
      "5": 4.2,
      "9": 6.6,
      "6": 4.0,
      "2": 5.8,
      "0": 8.4,
      "8": 9.2,
      "3": 9.0
    },
    "6": {
      "0": 1.6,
      "9": 1.8,
      "7": 7.6,
      "6": 7.4,
      "4": 5.2,
      "8": 9.2,
      "1": 5.2,
      "3": 6.8,
      "5": 5.2,
      "2": 5.0
    },
    "7": {
      "2": 2.8,
      "4": 2.6,
      "0": 3.6,
      "5": 4.2,
      "9": 4.8,
      "3": 4.8,
      "1": 6.4,
      "6": 6.8,
      "7": 9.0,
      "8": 10.0
    },
    "8": {
      "8": 3.5,
      "2": 1.5,
      "3": 5.25,
      "0": 5.0,
      "5": 8.25,
      "9": 5.5,
      "4": 5.25,
      "7": 7.25,
      "6": 6.25,
      "1": 7.25
    },
    "9": {
      "8": 1.6,
      "2": 2.4,
      "5": 2.0,
      "7": 4.6,
      "0": 5.4,
      "6": 5.8,
      "1": 7.0,
      "3": 8.0,
      "4": 9.8,
      "9": 8.4
    },
    "10": {
      "2": 4.0,
      "8": 2.8,
      "4": 3.6,
      "0": 2.8,
      "3": 6.6,
      "1": 4.8,
      "9": 4.4,
      "7": 7.0,
      "6": 9.0,
      "5": 10.0
    },
    "11": {
      "6": 1.2,
      "9": 4.4,
      "1": 3.6,
      "7": 3.6,
      "4": 6.6,
      "2": 6.4,
      "0": 4.8,
      "8": 6.4,
      "5": 8.4,
      "3": 9.6
    },
    "12": {
      "3": 1.2,
      "5": 1.8,
      "0": 3.0,
      "1": 5.0,
      "6": 5.0,
      "7": 7.4,
      "4": 6.4,
      "8": 7.2,
      "9": 9.2,
      "2": 8.8
    },
    "13": {
      "3": 2.2,
      "6": 3.4,
      "8": 3.6,
      "5": 2.4,
      "9": 7.0,
      "4": 6.6,
      "0": 6.8,
      "1": 4.8,
      "2": 8.4,
      "7": 9.8
    },
    "14": {
      "0": 1.8,
      "6": 2.6,
      "8": 2.8,
      "5": 4.0,
      "4": 5.4,
      "9": 7.0,
      "1": 4.8,
      "7": 7.6,
      "3": 9.0,
      "2": 10.0
    },
    "15": {
      "6": 2.6,
      "3": 1.6,
      "5": 4.2,
      "0": 5.4,
      "8": 4.2,
      "7": 3.0,
      "9": 7.4,
      "4": 8.4,
      "1": 8.6,
      "2": 9.6
    },
    "16": {
      "5": 2.6,
      "0": 4.0,
      "9": 7.2,
      "4": 4.4,
      "8": 6.0,
      "1": 6.6,
      "7": 6.2,
      "2": 4.0,
      "6": 4.0,
      "3": 10.0
    },
    "17": {
      "0": 2.6,
      "6": 3.6,
      "2": 2.4,
      "8": 5.4,
      "4": 6.8,
      "3": 5.6,
      "7": 6.6,
      "9": 7.8,
      "1": 5.8,
      "5": 8.4
    },
    "18": {
      "2": 2.2,
      "4": 3.0,
      "1": 3.0,
      "3": 3.0,
      "5": 3.8,
      "0": 7.0,
      "6": 7.4,
      "9": 7.4,
      "7": 8.4,
      "8": 9.8
    },
    "19": {
      "5": 1.4,
      "9": 1.8,
      "1": 3.0,
      "7": 3.8,
      "8": 6.2,
      "0": 6.8,
      "6": 6.6,
      "3": 6.4,
      "4": 9.0,
      "2": 10.0
    },
    "20": {
      "4": 3.0,
      "8": 3.2,
      "7": 5.2,
      "2": 5.4,
      "1": 6.2,
      "5": 6.8,
      "0": 5.6,
      "9": 7.0,
      "3": 6.6,
      "6": 6.0
    },
    "21": {
      "4": 4.6,
      "1": 3.0,
      "8": 2.2,
      "0": 4.8,
      "5": 7.0,
      "9": 5.0,
      "2": 6.6,
      "6": 5.8,
      "3": 7.0,
      "7": 9.0
    },
    "22": {
      "6": 2.8,
      "3": 2.6,
      "8": 2.6,
      "4": 3.6,
      "5": 7.6,
      "0": 4.6,
      "2": 6.2,
      "1": 6.8,
      "9": 8.6,
      "7": 9.6
    },
    "23": {
      "8": 3.0,
      "3": 2.8,
      "9": 4.0,
      "7": 5.0,
      "4": 5.0,
      "0": 5.2,
      "1": 7.4,
      "2": 6.8,
      "5": 8.2,
      "6": 7.6
    },
    "24": {
      "1": 1.0,
      "8": 2.4,
      "9": 3.6,
      "0": 3.8,
      "2": 5.8,
      "4": 6.4,
      "7": 6.6,
      "5": 7.0,
      "3": 8.4,
      "6": 10.0
    },
    "25": {
      "2": 1.4,
      "3": 1.6,
      "4": 3.8,
      "6": 4.6,
      "1": 4.2,
      "5": 6.6,
      "9": 6.4,
      "8": 7.4,
      "0": 9.4,
      "7": 9.6
    },
    "26": {
      "0": 1.4,
      "7": 1.6,
      "4": 3.6,
      "1": 5.0,
      "6": 5.6,
      "9": 5.8,
      "2": 5.0,
      "5": 8.0,
      "8": 9.6,
      "3": 9.4
    },
    "27": {
      "1": 1.2,
      "5": 3.0,
      "9": 3.2,
      "2": 5.2,
      "7": 7.2,
      "6": 5.4,
      "8": 6.8,
      "0": 4.0,
      "3": 9.2,
      "4": 9.8
    },
    "28": {
      "0": 3.2,
      "2": 2.6,
      "9": 3.4,
      "8": 3.8,
      "1": 3.4,
      "4": 5.4,
      "5": 6.2,
      "7": 8.4,
      "6": 9.0,
      "3": 9.6
    },
    "29": {
      "3": 1.4,
      "5": 3.0,
      "2": 3.4,
      "1": 6.2,
      "8": 2.8,
      "9": 6.8,
      "6": 8.6,
      "4": 5.8,
      "7": 9.6,
      "0": 7.4
    },
    "30": {
      "7": 1.0,
      "3": 2.0,
      "2": 3.75,
      "6": 3.75,
      "9": 6.5,
      "4": 6.5,
      "5": 6.75,
      "0": 6.25,
      "1": 8.75,
      "8": 9.75
    },
    "31": {
      "8": 5.8,
      "3": 4.4,
      "2": 4.0,
      "9": 4.4,
      "1": 7.0,
      "6": 4.2,
      "5": 7.6,
      "7": 6.6,
      "0": 6.2,
      "4": 4.8
    },
    "32": {
      "0": 2.4,
      "6": 1.2,
      "4": 3.2,
      "9": 3.2,
      "8": 5.8,
      "5": 6.0,
      "1": 7.8,
      "3": 7.4,
      "7": 8.6,
      "2": 9.4
    },
    "33": {
      "4": 5.4,
      "8": 5.2,
      "3": 6.6,
      "9": 2.6,
      "1": 5.4,
      "5": 4.2,
      "0": 5.4,
      "6": 6.2,
      "2": 5.2,
      "7": 8.8
    },
    "34": {
      "5": 3.8,
      "9": 2.4,
      "1": 4.4,
      "3": 5.8,
      "4": 5.0,
      "7": 3.6,
      "2": 4.4,
      "0": 6.6,
      "8": 9.2,
      "6": 9.8
    },
    "35": {
      "2": 1.6,
      "3": 3.8,
      "1": 2.8,
      "4": 5.4,
      "0": 5.6,
      "7": 6.6,
      "9": 7.2,
      "5": 6.0,
      "8": 6.8,
      "6": 9.2
    },
    "36": {
      "9": 1.0,
      "8": 2.0,
      "6": 3.0,
      "3": 4.25,
      "7": 5.75,
      "1": 5.0,
      "5": 7.5,
      "4": 7.5,
      "2": 9.75,
      "0": 9.25
    },
    "37": {
      "7": 2.8,
      "8": 1.8,
      "9": 2.6,