{
  "content_diversity": 0.6902781128883362,
  "classifier_auc": 0.7054006594036697,
  "ranking_stability": 0.547311111111111,
  "feature_coefficients": {
    "word_count": 0.7110205039254026,
    "sentence_count": -0.1594818325095727,
    "avg_sentence_length": -0.32556844872869733,
    "paragraph_count": -0.3914738008366934,
    "heading_density": -0.16691740149920803,
    "list_frequency": -0.003801374150447939,
    "readability": 0.41459915198278813,
    "bold_emphasis_density": 0.00772411819568696,
    "citation_density": 0.0046301561182461705,
    "statistic_density": -0.12745704994016538,
    "quote_density": 0.060074848591255565,
    "named_source_mentions": 0.011272791646824296,
    "year_mentions": -0.3352123204173003,
    "claim_density": 0.16922389287536782,
    "external_reference_density": -0.028440031401293635,
    "question_density": -0.012396485558124429,
    "query_similarity": 0.31675316662137476,
    "corpus_centroid_similarity": -0.08367549475957926,
    "type_token_ratio": 0.25654836806551296,
    "vocabulary_sophistication": 0.0303158879459041,
    "sentiment_polarity": 0.09366389639904558,
    "avg_word_length": -0.21346807406046833,
    "semantic_uniqueness": -0.19258200856903382,
    "information_density": -0.09571566071655577,
    "specificity_score": 0.11672172069669168
  },
  "avg_ranks": {
    "0": {
      "4": 2.6,
      "6": 3.6,
      "5": 2.4,
      "1": 3.0,
      "7": 3.8,
      "9": 5.6,
      "2": 7.0,
      "8": 8.6,
      "3": 8.8,
      "0": 9.6
    },
    "1": {
      "1": 6.2,
      "7": 2.4,
      "9": 2.8,
      "5": 4.4,
      "0": 3.8,
      "8": 5.6,
      "2": 6.8,
      "6": 6.2,
      "3": 7.4,
      "4": 9.4
    },
    "2": {
      "2": 2.0,
      "0": 3.0,
      "3": 1.8,
      "1": 3.2,
      "6": 6.4,
      "5": 8.0,
      "8": 8.8,
      "7": 6.6,
      "4": 6.4,
      "9": 8.8
    },
    "3": {
      "5": 1.8,
      "9": 2.0,
      "6": 2.2,
      "7": 4.6,
      "8": 6.6,
      "2": 5.6,
      "1": 7.4,
      "4": 7.8,
      "0": 9.6,
      "3": 7.4
    },
    "4": {
      "8": 1.8,
      "0": 2.2,
      "7": 2.0,
      "5": 6.0,
      "6": 5.6,
      "1": 5.4,
      "2": 7.8,
      "3": 6.6,
      "4": 7.6,
      "9": 10.0
    },
    "5": {
      "6": 1.6,
      "1": 3.4,
      "4": 3.6,
      "5": 3.4,
      "0": 7.6,
      "2": 5.2,
      "7": 5.0,
      "9": 7.6,
      "8": 8.6,
      "3": 9.0
    },
    "6": {
      "7": 5.0,
      "8": 5.8,
      "6": 4.8,
      "9": 3.4,
      "0": 4.0,
      "4": 7.2,
      "2": 4.8,
      "3": 6.0,
      "1": 6.2,
      "5": 7.8
    },
    "7": {
      "2": 3.2,
      "0": 3.4,
      "4": 3.2,
      "5": 3.4,
      "9": 4.6,
      "3": 5.6,
      "1": 5.8,
      "6": 6.8,
      "7": 9.0,
      "8": 10.0
    },
    "8": {
      "2": 1.4,
      "0": 1.6,
      "8": 8.6,
      "4": 4.6,
      "9": 5.2,
      "3": 6.6,
      "7": 6.8,
      "5": 5.8,
      "1": 8.2,
      "6": 6.2
    },
    "9": {
      "8": 2.0,
      "2": 1.6,
      "5": 2.4,
      "0": 4.8,
      "7": 4.6,
      "6": 6.0,
      "9": 8.0,
      "1": 7.8,
      "3": 7.8,
      "4": 10.0
    },
    "10": {
      "9": 3.0,
      "1": 2.6,
      "4": 4.2,
      "0": 4.0,
      "3": 6.4,
      "8": 3.8,
      "2": 5.2,
      "7": 7.4,
      "6": 9.4,
      "5": 9.0
    },
    "11": {
      "9": 3.4,
      "2": 5.2,
      "7": 4.0,
      "8": 3.8,
      "6": 6.6,
      "0": 3.2,
      "1": 6.0,
      "4": 5.0,
      "3": 9.4,
      "5": 8.4
    },
    "12": {
      "3": 2.2,
      "5": 1.8,
      "2": 6.4,
      "0": 3.0,
      "7": 8.2,
      "1": 4.0,
      "4": 5.8,
      "6": 6.4,
      "8": 7.6,
      "9": 9.6
    },
    "13": {
      "5": 1.6,
      "6": 2.2,
      "3": 2.4,
      "8": 4.6,
      "4": 6.2,
      "1": 4.6,
      "2": 7.4,
      "9": 7.4,
      "7": 8.8,
      "0": 9.8
    },
    "14": {
      "5": 3.4,
      "6": 3.6,
      "9": 4.8,
      "8": 2.8,
      "0": 2.0,
      "4": 6.0,
      "1": 5.8,
      "7": 8.0,
      "3": 8.6,
      "2": 10.0
    },
    "15": {
      "3": 2.4,
      "6": 3.4,
      "5": 3.4,
      "0": 4.4,
      "8": 4.6,
      "7": 2.8,
      "9": 7.6,
      "2": 8.6,
      "4": 9.2,
      "1": 8.6
    },
    "16": {
      "0": 4.2,
      "4": 2.8,
      "1": 4.0,
      "5": 4.6,
      "8": 6.8,
      "6": 3.2,
      "2": 3.6,
      "7": 7.4,
      "9": 8.6,
      "3": 9.8
    },
    "17": {
      "0": 1.0,
      "2": 3.4,
      "8": 5.4,
      "6": 2.4,
      "3": 4.4,
      "5": 7.6,
      "4": 6.6,
      "7": 6.4,
      "1": 9.2,
      "9": 8.6
    },
    "18": {
      "2": 2.2,
      "4": 2.8,
      "3": 4.2,
      "5": 4.2,
      "1": 4.6,
      "9": 3.0,
      "0": 7.6,
      "7": 8.8,
      "6": 8.0,
      "8": 9.6
    },
    "19": {
      "5": 2.2,
      "1": 3.2,
      "9": 1.4,
      "7": 3.2,
      "3": 6.0,
      "6": 6.6,
      "0": 5.8,
      "8": 8.0,
      "4": 8.6,
      "2": 10.0
    },
    "20": {
      "6": 4.2,
      "7": 5.4,
      "1": 6.8,
      "5": 7.2,
      "9": 7.2,
      "2": 6.6,
      "0": 4.8,
      "3": 6.6,
      "4": 3.0,
      "8": 3.2
    },
    "21": {
      "0": 1.6,
      "7": 8.0,
      "3": 5.6,
      "4": 6.0,
      "8": 2.0,
      "1": 5.4,
      "9": 4.8,
      "5": 5.8,
      "2": 7.8,
      "6": 8.0
    },
    "22": {
      "3": 2.4,
      "0": 3.0,
      "8": 3.4,
      "4": 2.8,
      "2": 6.2,
      "1": 6.0,
      "5": 7.2,
      "9": 8.4,
      "7": 9.4,
      "6": 6.2
    },
    "23": {
      "9": 1.8,
      "3": 2.8,
      "8": 3.4,
      "7": 4.4,
      "0": 4.4,
      "4": 5.0,
      "2": 6.2,
      "5": 8.4,
      "6": 9.2,
      "1": 9.4
    },
    "24": {
      "1": 1.0,
      "8": 2.4,
      "9": 2.6,
      "0": 4.8,
      "3": 8.4,
      "2": 5.2,
      "7": 6.8,
      "5": 6.8,
      "4": 7.4,
      "6": 9.6
    },
    "25": {
      "2": 2.0,
      "4": 2.2,
      "3": 2.8,
      "6": 3.4,
      "1": 4.6,
      "5": 7.0,
      "8": 7.0,
      "9": 7.0,
      "0": 9.6,
      "7": 9.4
    },
    "26": {
      "7": 2.0,
      "4": 3.0,
      "0": 1.6,
      "9": 4.8,
      "2": 3.6,
      "6": 6.2,
      "1": 7.2,
      "5": 7.6,
      "3": 9.0,
      "8": 10.0
    },
    "27": {
      "1": 1.6,
      "2": 4.0,
      "9": 2.4,
      "5": 3.4,
      "0": 4.4,
      "6": 6.2,
      "8": 7.6,
      "7": 6.4,
      "3": 9.6,
      "4": 9.4
    },
    "28": {
      "0": 4.6,
      "4": 3.8,
      "5": 4.8,
      "1": 2.2,
      "8": 3.6,
      "9": 4.4,
      "7": 8.0,
      "6": 9.0,
      "3": 9.4,
      "2": 5.2
    },
    "29": {
      "3": 1.0,
      "2": 3.6,
      "1": 4.0,
      "4": 2.8,
      "8": 4.2,
      "5": 6.4,
      "0": 8.2,
      "9": 7.2,
      "7": 9.8,
      "6": 7.8
    },
    "30": {
      "7": 1.8,
      "3": 1.2,
      "6": 3.4,
      "9": 6.0,
      "2": 4.2,
      "5": 7.6,
      "1": 7.8,
      "4": 8.2,
      "0": 5.6,
      "8": 9.2
    },
    "31": {
      "4": 1.0,
      "6": 2.8,
      "8": 2.6,
      "3": 4.0,
      "2": 6.0,
      "7": 7.0,
      "0": 6.2,
      "1": 9.2,
      "9": 7.8,
      "5": 8.4
    },
    "32": {
      "6": 1.0,
      "0": 2.8,
      "4": 3.4,
      "5": 4.4,
      "1": 5.4,
      "8": 5.4,
      "9": 6.2,
      "7": 8.0,
      "3": 8.4,
      "2": 10.0
    },
    "33": {
      "9": 2.0,
      "2": 4.0,
      "0": 4.8,
      "5": 4.0,
      "6": 6.0,
      "3": 6.0,
      "8": 4.8,
      "1": 8.0,
      "7": 8.8,
      "4": 6.6
    },
    "34": {
      "4": 2.0,
      "1": 3.6,
      "2": 3.8,
      "0": 5.8,
      "7": 5.0,
      "9": 5.2,
      "5": 5.4,
      "3": 5.2,
      "8": 9.0,
      "6": 10.0
    },
    "35": {
      "2": 1.0,
      "1": 4.2,
      "7": 2.6,
      "9": 3.8,
      "8": 6.6,
      "3": 5.0,
      "0": 8.6,
      "4": 8.8,
      "6": 8.2,
      "5": 6.2
    },
    "36": {
      "9": 1.2,
      "8": 1.8,
      "1": 4.2,
      "6": 4.0,
      "3": 5.4,
      "5": 6.2,
      "4": 6.8,
      "7": 6.4,
      "0": 9.2,
      "2": 9.8
    },
    "37": {
      "5": 2.4,
      "7": 2.8,
      "8": 2.2,
      "9": 2.8,