{
  "content_diversity": 0.6993006467819214,
  "classifier_auc": 0.6497595733069739,
  "ranking_stability": 0.5149798503166378,
  "feature_coefficients": {
    "word_count": 0.4669521857536389,
    "sentence_count": -0.17352168260694048,
    "avg_sentence_length": -0.2033702516592374,
    "paragraph_count": -0.37286092456717723,
    "heading_density": -0.061922467165007204,
    "list_frequency": 0.2848163412616059,
    "readability": 0.21469335109613596,
    "bold_emphasis_density": 0.03394907583141556,
    "citation_density": -0.14851890360517422,
    "statistic_density": 0.07566765437032677,
    "quote_density": 0.056873488443981754,
    "named_source_mentions": 0.10136483023960614,
    "year_mentions": 0.058656984814881255,
    "claim_density": -0.08977739126923576,
    "external_reference_density": 0.11626174369106078,
    "question_density": -0.01919684658751447,
    "query_similarity": 0.11587074969567372,
    "corpus_centroid_similarity": 0.06480139207133992,
    "type_token_ratio": 0.15787839861309075,
    "vocabulary_sophistication": -0.025257165946792722,
    "sentiment_polarity": -0.015023571079381388,
    "avg_word_length": -0.12431407959649304,
    "semantic_uniqueness": -0.08521787245615896,
    "information_density": -0.09699778452345105,
    "specificity_score": 0.08164972408054749
  },
  "avg_ranks": {
    "0": {
      "7": 2.6666666666666665,
      "5": 4.0,
      "1": 2.3333333333333335,
      "4": 3.0,
      "6": 3.3333333333333335,
      "9": 5.666666666666667,
      "2": 7.0,
      "8": 8.666666666666666,
      "3": 9.0,
      "0": 9.333333333333334
    },
    "1": {
      "7": 1.8,
      "9": 2.4,
      "0": 4.6,
      "8": 3.8,
      "2": 7.0,
      "3": 6.4,
      "6": 7.0,
      "5": 6.4,
      "1": 9.6,
      "4": 6.0
    },
    "2": {
      "3": 1.0,
      "2": 2.4,
      "0": 3.6,
      "1": 3.0,
      "6": 5.8,
      "7": 7.4,
      "5": 5.8,
      "8": 7.8,
      "4": 8.4,
      "9": 9.8
    },
    "3": {
      "0": 3.0,
      "1": 4.4,
      "2": 3.8,
      "3": 2.6,
      "4": 6.2,
      "7": 6.6,
      "8": 7.6,
      "5": 7.4,
      "9": 6.6,
      "6": 6.8
    },
    "4": {
      "7": 1.8,
      "8": 1.8,
      "0": 2.4,
      "5": 6.6,
      "2": 7.6,
      "3": 6.2,
      "1": 5.6,
      "6": 5.4,
      "4": 8.2,
      "9": 9.4
    },
    "5": {
      "1": 2.2,
      "6": 1.2,
      "4": 3.0,
      "7": 5.4,
      "5": 6.2,
      "8": 8.2,
      "2": 5.4,
      "9": 5.8,
      "0": 8.4,
      "3": 9.2
    },
    "6": {
      "0": 4.0,
      "9": 3.2,
      "2": 3.8,
      "4": 4.2,
      "3": 4.6,
      "1": 5.8,
      "5": 6.6,
      "7": 7.2,
      "8": 7.8,
      "6": 7.8
    },
    "7": {
      "2": 1.8,
      "4": 2.0,
      "0": 2.4,
      "5": 3.8,
      "3": 6.0,
      "1": 6.0,
      "9": 6.0,
      "6": 8.0,
      "7": 9.0,
      "8": 10.0
    },
    "8": {
      "0": 1.8,
      "2": 1.2,
      "8": 4.4,
      "3": 6.8,
      "1": 6.8,
      "7": 7.2,
      "9": 6.0,
      "4": 5.4,
      "5": 8.6,
      "6": 6.8
    },
    "9": {
      "8": 1.2,
      "5": 2.6,
      "2": 2.2,
      "4": 5.2,
      "7": 5.2,
      "0": 5.8,
      "6": 7.0,
      "9": 8.4,
      "1": 8.6,
      "3": 8.8
    },
    "10": {
      "8": 4.0,
      "9": 5.4,
      "0": 3.4,
      "3": 5.0,
      "4": 5.0,
      "7": 6.4,
      "2": 4.4,
      "1": 5.0,
      "5": 7.6,
      "6": 8.8
    },
    "11": {
      "9": 3.4,
      "4": 5.4,
      "2": 3.8,
      "0": 3.4,
      "8": 4.0,
      "7": 4.8,
      "1": 5.6,
      "6": 6.6,
      "5": 8.6,
      "3": 9.4
    },
    "12": {
      "3": 2.0,
      "0": 2.6,
      "5": 2.0,
      "1": 4.0,
      "6": 4.8,
      "4": 5.6,
      "8": 7.2,
      "7": 8.8,
      "9": 9.2,
      "2": 8.8
    },
    "13": {
      "6": 2.2,
      "5": 1.8,
      "3": 2.4,
      "8": 4.4,
      "1": 4.8,
      "2": 7.8,
      "4": 6.6,
      "9": 8.0,
      "7": 7.4,
      "0": 9.6
    },
    "14": {
      "0": 1.2,
      "6": 2.0,
      "8": 2.8,
      "1": 6.0,
      "5": 5.4,
      "9": 6.6,
      "2": 9.2,
      "4": 5.8,
      "7": 7.0,
      "3": 9.0
    },
    "15": {
      "3": 1.8,
      "6": 2.8,
      "5": 4.6,
      "0": 4.4,
      "8": 6.8,
      "7": 2.6,
      "2": 7.2,
      "9": 7.8,
      "4": 8.6,
      "1": 8.4
    },
    "16": {
      "0": 1.2,
      "5": 2.6,
      "8": 4.8,
      "1": 5.4,
      "4": 4.8,
      "6": 5.2,
      "2": 6.8,
      "7": 7.6,
      "9": 6.6,
      "3": 10.0
    },
    "17": {
      "0": 1.0,
      "6": 2.4,
      "8": 4.4,
      "2": 3.0,
      "3": 5.8,
      "4": 6.6,
      "7": 6.6,
      "9": 8.4,
      "1": 7.0,
      "5": 9.8
    },
    "18": {
      "9": 1.0,
      "7": 6.4,
      "0": 6.2,
      "6": 5.4,
      "3": 5.4,
      "1": 6.0,
      "4": 4.8,
      "2": 4.6,
      "5": 5.2,
      "8": 10.0
    },
    "19": {
      "9": 1.2,
      "1": 2.4,
      "5": 2.6,
      "7": 3.8,
      "6": 5.2,
      "0": 6.2,
      "8": 7.6,
      "3": 7.6,
      "4": 8.6,
      "2": 9.8
    },
    "20": {
      "4": 1.4,
      "8": 1.6,
      "3": 4.4,
      "0": 4.8,
      "6": 5.2,
      "9": 6.8,
      "1": 6.8,
      "7": 8.2,
      "2": 7.6,
      "5": 8.2
    },
    "21": {
      "6": 4.6,
      "8": 2.0,
      "4": 3.4,
      "0": 3.0,
      "9": 7.2,
      "1": 5.4,
      "3": 6.4,
      "2": 7.4,
      "7": 8.0,
      "5": 7.6
    },
    "22": {
      "3": 1.6,
      "0": 2.6,
      "5": 7.0,
      "8": 4.4,
      "4": 5.0,
      "2": 6.2,
      "1": 6.6,
      "9": 7.8,
      "7": 9.2,
      "6": 4.6
    },
    "23": {
      "8": 1.6,
      "3": 2.4,
      "9": 2.2,
      "7": 3.8,
      "4": 5.6,
      "0": 5.4,
      "2": 7.0,
      "6": 9.2,
      "5": 8.8,
      "1": 9.0
    },
    "24": {
      "1": 1.0,
      "8": 3.4,
      "0": 5.2,
      "9": 3.0,
      "2": 4.8,
      "7": 7.2,
      "4": 6.0,
      "5": 5.4,
      "3": 9.2,
      "6": 9.8
    },
    "25": {
      "2": 1.6,
      "3": 2.2,
      "1": 5.4,
      "4": 3.8,
      "6": 4.2,
      "5": 6.2,
      "9": 7.6,
      "8": 6.8,
      "0": 9.6,
      "7": 7.6
    },
    "26": {
      "7": 1.8,
      "0": 1.2,
      "4": 3.6,
      "9": 4.8,
      "2": 4.2,
      "6": 6.6,
      "1": 6.4,
      "5": 7.4,
      "3": 9.2,
      "8": 9.8
    },
    "27": {
      "2": 5.2,
      "9": 3.0,
      "5": 2.6,
      "6": 4.8,
      "7": 5.6,
      "0": 5.4,
      "8": 7.0,
      "3": 9.2,
      "4": 9.4,
      "1": 2.8
    },
    "28": {
      "0": 2.2,
      "4": 3.0,
      "5": 3.2,
      "1": 4.6,
      "8": 4.6,
      "2": 4.6,
      "9": 5.8,
      "6": 8.4,
      "7": 8.6,
      "3": 10.0
    },
    "29": {
      "3": 1.4,
      "1": 3.4,
      "8": 2.0,
      "4": 4.0,
      "2": 4.6,
      "5": 7.6,
      "0": 7.2,
      "9": 6.8,
      "7": 9.8,
      "6": 8.2
    },
    "30": {
      "7": 1.4,
      "3": 3.8,
      "6": 3.0,
      "2": 4.0,
      "0": 5.4,
      "4": 7.0,
      "1": 8.8,
      "5": 8.2,
      "9": 7.0,
      "8": 6.4
    },
    "31": {
      "4": 1.8,
      "6": 4.2,
      "8": 2.4,
      "3": 3.2,
      "7": 6.0,
      "2": 6.6,
      "9": 6.2,
      "1": 8.4,
      "0": 8.0,
      "5": 8.2
    },
    "32": {
      "9": 3.0,
      "0": 2.2,
      "4": 3.2,
      "5": 6.0,
      "8": 5.0,
      "1": 7.6,
      "6": 2.2,
      "7": 8.0,
      "3": 7.8,
      "2": 10.0
    },
    "33": {
      "4": 5.25,
      "8": 4.75,
      "3": 5.75,
      "0": 4.5,
      "2": 3.75,
      "9": 3.5,
      "1": 4.75,
      "5": 6.0,
      "6": 7.5,
      "7": 9.25
    },
    "34": {
      "4": 2.2,
      "7": 2.4,
      "3": 5.4,
      "2": 3.4,
      "1": 3.0,
      "0": 6.8,
      "5": 6.6,
      "9": 6.6,
      "8": 8.8,
      "6": 9.8
    },
    "35": {
      "7": 3.2,
      "9": 3.8,
      "5": 4.4,
      "2": 3.0,
      "1": 3.8,
      "3": 4.4,
      "4": 7.8,
      "0": 8.0,
      "6": 8.4,
      "8": 8.2
    },
    "36": {
      "9": 1.4,
      "8": 2.0,
      "7": 6.0,
      "3": 3.8,
      "1": 5.2,
      "6": 6.6,
      "5": 5.2,
      "4": 5.8,
      "0": 9.6,