{
  "content_diversity": 0.6836276054382324,
  "classifier_auc": 0.7332992849846783,
  "ranking_stability": 0.4886222222222221,
  "feature_coefficients": {
    "word_count": 0.5191032087777506,
    "sentence_count": -0.05753177659512357,
    "avg_sentence_length": 0.02327924862076012,
    "paragraph_count": -0.5641314042663118,
    "heading_density": -0.10864424198532037,
    "list_frequency": 0.6410001046594919,
    "readability": 0.023893695646213915,
    "bold_emphasis_density": -0.29903644132927687,
    "citation_density": 0.05374474879159081,
    "statistic_density": -0.17083584050874823,
    "quote_density": -0.14305396245387583,
    "named_source_mentions": 0.1753693762473769,
    "year_mentions": -0.06924720710996987,
    "claim_density": 0.11659257337309982,
    "external_reference_density": -0.2465956073714811,
    "question_density": -0.06721191505784209,
    "query_similarity": 0.3656055193258039,
    "corpus_centroid_similarity": -0.19740428715599764,
    "type_token_ratio": -0.0009571269161849337,
    "vocabulary_sophistication": -0.23359387097760276,
    "sentiment_polarity": 0.142897657939976,
    "avg_word_length": 0.12200393404047039,
    "semantic_uniqueness": -0.12496324319468173,
    "information_density": 0.034480712064005645,
    "specificity_score": 0.15278000071135903
  },
  "avg_ranks": {
    "0": {
      "6": 2.2,
      "4": 2.0,
      "5": 3.2,
      "7": 4.4,
      "1": 3.2,
      "9": 6.0,
      "2": 7.6,
      "3": 8.4,
      "8": 8.2,
      "0": 9.8
    },
    "1": {
      "7": 3.0,
      "2": 4.0,
      "9": 2.2,
      "0": 3.6,
      "8": 4.6,
      "5": 6.0,
      "1": 9.0,
      "3": 7.2,
      "6": 8.2,
      "4": 7.2
    },
    "2": {
      "3": 3.8,
      "5": 3.4,
      "6": 3.4,
      "8": 7.2,
      "1": 7.6,
      "0": 4.4,
      "2": 5.0,
      "4": 5.2,
      "7": 6.2,
      "9": 8.8
    },
    "3": {
      "5": 2.2,
      "6": 1.8,
      "9": 2.0,
      "7": 7.0,
      "4": 7.2,
      "2": 5.6,
      "1": 6.8,
      "3": 6.4,
      "0": 8.2,
      "8": 7.8
    },
    "4": {
      "8": 1.2,
      "0": 2.4,
      "7": 2.4,
      "5": 7.6,
      "3": 6.0,
      "1": 4.4,
      "6": 5.4,
      "4": 8.6,
      "2": 7.2,
      "9": 9.8
    },
    "5": {
      "9": 4.6,
      "6": 2.0,
      "2": 4.4,
      "4": 4.2,
      "1": 4.0,
      "5": 4.8,
      "0": 7.4,
      "7": 5.0,
      "3": 9.2,
      "8": 9.4
    },
    "6": {
      "9": 1.8,
      "0": 2.6,
      "8": 6.8,
      "7": 6.0,
      "6": 7.0,
      "5": 5.4,
      "2": 5.4,
      "3": 7.0,
      "1": 6.2,
      "4": 6.8
    },
    "7": {
      "5": 4.6,
      "2": 5.4,
      "4": 5.4,
      "0": 5.8,
      "9": 3.6,
      "1": 4.6,
      "3": 4.8,
      "6": 5.0,
      "7": 7.8,
      "8": 8.0
    },
    "8": {
      "2": 1.2,
      "8": 5.2,
      "0": 4.2,
      "4": 5.6,
      "9": 6.2,
      "1": 4.6,
      "7": 6.2,
      "6": 8.0,
      "3": 5.4,
      "5": 8.4
    },
    "9": {
      "4": 3.4,
      "8": 2.2,
      "2": 3.0,
      "5": 2.6,
      "1": 8.0,
      "6": 6.4,
      "0": 6.4,
      "7": 5.8,
      "9": 8.6,
      "3": 8.6
    },
    "10": {
      "2": 4.4,
      "8": 4.0,
      "7": 2.6,
      "1": 5.4,
      "0": 6.0,
      "4": 4.8,
      "9": 4.4,
      "6": 8.8,
      "3": 5.8,
      "5": 8.8
    },
    "11": {
      "6": 1.2,
      "2": 5.8,
      "7": 3.8,
      "0": 4.8,
      "5": 5.4,
      "8": 7.0,
      "4": 6.4,
      "9": 5.6,
      "1": 5.0,
      "3": 10.0
    },
    "12": {
      "3": 1.4,
      "5": 2.4,
      "0": 2.2,
      "2": 7.2,
      "1": 5.0,
      "7": 6.6,
      "6": 6.0,
      "4": 6.0,
      "8": 8.4,
      "9": 9.8
    },
    "13": {
      "6": 2.2,
      "5": 2.2,
      "3": 3.2,
      "1": 2.8,
      "8": 4.6,
      "4": 6.2,
      "0": 7.4,
      "9": 7.8,
      "2": 9.4,
      "7": 9.2
    },
    "14": {
      "0": 1.4,
      "8": 2.0,
      "6": 3.4,
      "9": 6.6,
      "1": 4.8,
      "5": 4.8,
      "4": 5.8,
      "7": 7.8,
      "3": 9.0,
      "2": 9.4
    },
    "15": {
      "3": 1.6,
      "6": 2.2,
      "0": 3.6,
      "5": 4.4,
      "8": 6.2,
      "7": 3.8,
      "9": 8.0,
      "2": 9.0,
      "1": 8.0,
      "4": 8.2
    },
    "16": {
      "5": 1.6,
      "8": 4.2,
      "0": 3.8,
      "9": 6.6,
      "4": 4.8,
      "6": 4.6,
      "2": 5.6,
      "1": 6.2,
      "7": 7.6,
      "3": 10.0
    },
    "17": {
      "0": 1.8,
      "6": 2.8,
      "2": 3.4,
      "3": 4.8,
      "7": 5.8,
      "4": 6.6,
      "1": 5.8,
      "8": 5.2,
      "9": 9.0,
      "5": 9.8
    },
    "18": {
      "9": 4.4,
      "3": 4.0,
      "2": 2.4,
      "5": 3.2,
      "4": 4.4,
      "1": 4.0,
      "6": 7.4,
      "8": 9.2,
      "7": 7.6,
      "0": 8.4
    },
    "19": {
      "5": 2.0,
      "1": 3.0,
      "9": 2.2,
      "7": 2.8,
      "8": 7.2,
      "6": 5.8,
      "0": 5.8,
      "3": 7.4,
      "4": 8.8,
      "2": 10.0
    },
    "20": {
      "4": 3.2,
      "8": 3.0,
      "3": 4.2,
      "0": 4.8,
      "6": 5.2,
      "9": 6.6,
      "7": 5.8,
      "1": 6.8,
      "5": 7.8,
      "2": 7.6
    },
    "21": {
      "0": 3.8,
      "9": 4.6,
      "5": 7.2,
      "8": 1.8,
      "1": 4.0,
      "4": 3.4,
      "3": 8.0,
      "2": 5.8,
      "7": 8.2,
      "6": 8.2
    },
    "22": {
      "3": 2.2,
      "0": 2.8,
      "8": 3.8,
      "4": 4.4,
      "2": 6.4,
      "1": 6.6,
      "5": 8.4,
      "9": 6.4,
      "7": 9.4,
      "6": 4.6
    },
    "23": {
      "9": 3.2,
      "3": 3.0,
      "8": 3.6,
      "7": 4.2,
      "0": 5.2,
      "4": 5.4,
      "2": 6.2,
      "1": 9.0,
      "5": 7.2,
      "6": 8.0
    },
    "24": {
      "1": 1.0,
      "8": 2.6,
      "9": 3.6,
      "2": 4.4,
      "0": 3.4,
      "5": 6.8,
      "4": 7.2,
      "7": 7.0,
      "3": 9.0,
      "6": 10.0
    },
    "25": {
      "2": 1.8,
      "3": 2.4,
      "4": 3.2,
      "9": 6.8,
      "6": 4.2,
      "1": 4.8,
      "8": 7.4,
      "5": 7.0,
      "7": 8.0,
      "0": 9.4
    },
    "26": {
      "0": 2.2,
      "7": 1.6,
      "9": 3.8,
      "2": 4.0,
      "4": 3.6,
      "1": 5.8,
      "6": 7.2,
      "5": 7.8,
      "3": 9.0,
      "8": 10.0
    },
    "27": {
      "0": 1.2,
      "1": 1.8,
      "9": 3.2,
      "5": 4.8,
      "2": 5.0,
      "6": 5.8,
      "7": 6.4,
      "8": 8.4,
      "3": 9.2,
      "4": 9.2
    },
    "28": {
      "0": 1.0,
      "4": 4.4,
      "5": 5.4,
      "1": 4.0,
      "9": 4.2,
      "2": 3.8,
      "8": 5.2,
      "6": 8.6,
      "7": 8.8,
      "3": 9.6
    },
    "29": {
      "3": 1.2,
      "8": 1.8,
      "2": 3.2,
      "4": 4.2,
      "5": 5.8,
      "0": 7.4,
      "1": 6.4,
      "9": 7.0,
      "7": 9.6,
      "6": 8.4
    },
    "30": {
      "7": 1.6,
      "6": 2.2,
      "2": 3.2,
      "5": 6.4,
      "3": 4.0,
      "0": 7.0,
      "9": 5.2,
      "8": 9.4,
      "4": 7.2,
      "1": 8.8
    },
    "31": {
      "9": 4.0,
      "3": 5.2,
      "2": 4.8,
      "6": 5.2,
      "5": 6.0,
      "8": 4.2,
      "7": 6.2,
      "4": 4.4,
      "1": 9.0,
      "0": 6.0
    },
    "32": {
      "6": 1.4,
      "5": 5.4,
      "1": 6.6,
      "4": 3.8,
      "0": 2.2,
      "8": 7.6,
      "2": 9.0,
      "7": 6.8,
      "9": 4.4,
      "3": 7.8
    },
    "33": {
      "9": 2.4,
      "5": 4.4,
      "2": 5.6,
      "0": 5.2,
      "6": 5.6,
      "1": 5.0,
      "7": 9.2,
      "8": 5.2,
      "4": 6.2,
      "3": 6.2
    },
    "34": {
      "7": 2.6,
      "5": 5.2,
      "9": 4.2,
      "4": 3.0,
      "0": 4.8,
      "2": 4.6,
      "1": 5.2,
      "3": 6.4,
      "8": 9.0,
      "6": 10.0
    },
    "35": {
      "2": 1.2,
      "5": 5.0,
      "9": 6.4,
      "7": 5.0,
      "1": 3.6,
      "3": 2.8,
      "6": 9.4,
      "8": 6.2,
      "0": 7.8,
      "4": 7.6
    },
    "36": {
      "9": 1.6666666666666667,
      "8": 2.6666666666666665,
      "6": 5.0,
      "1": 5.666666666666667,
      "5": 4.75,
      "3": 6.25,
      "7": 6.4,
      "4": 5.75,
      "0": 9.25,
      "2": 9.8
    },
    "37": {
      "9": 3.6,