{
  "content_diversity": 0.6876606941223145,
  "classifier_auc": 0.7576622596153846,
  "ranking_stability": 0.49665327978580986,
  "feature_coefficients": {
    "word_count": 0.7638107878669412,
    "sentence_count": -0.015918284929944113,
    "avg_sentence_length": 0.04951245529069906,
    "paragraph_count": -0.6925870337783454,
    "heading_density": -0.005572613474931193,
    "list_frequency": 0.3993039385460829,
    "readability": 0.07047378624332135,
    "bold_emphasis_density": -0.15744236176310328,
    "citation_density": 0.043314294882141696,
    "statistic_density": -0.21825352322767866,
    "quote_density": 0.01995839785796114,
    "named_source_mentions": 0.0985289082728349,
    "year_mentions": -0.19838790590659328,
    "claim_density": -0.04629667185451769,
    "external_reference_density": 0.0758940975773634,
    "question_density": -0.18446573065749428,
    "query_similarity": 0.43955119845093105,
    "corpus_centroid_similarity": 0.1595920276291133,
    "type_token_ratio": 0.17750329913654012,
    "vocabulary_sophistication": -0.19260862038085996,
    "sentiment_polarity": 0.06871835760430114,
    "avg_word_length": -0.00623555424007409,
    "semantic_uniqueness": -0.13228072491662418,
    "information_density": -0.06567052334269903,
    "specificity_score": 0.2684243861667276
  },
  "avg_ranks": {
    "0": {
      "4": 1.6,
      "6": 3.2,
      "7": 4.8,
      "5": 3.4,
      "1": 3.6,
      "9": 5.6,
      "2": 5.8,
      "8": 8.8,
      "3": 9.0,
      "0": 9.2
    },
    "1": {
      "4": 7.6,
      "7": 1.8,
      "0": 4.0,
      "9": 2.4,
      "8": 3.8,
      "2": 6.6,
      "3": 7.0,
      "5": 6.4,
      "6": 7.4,
      "1": 8.0
    },
    "2": {
      "6": 4.8,
      "4": 5.0,
      "5": 6.0,
      "7": 5.4,
      "8": 6.2,
      "0": 5.0,
      "2": 4.2,
      "1": 4.6,
      "3": 5.4,
      "9": 8.4
    },
    "3": {
      "5": 1.8,
      "6": 1.8,
      "9": 2.4,
      "8": 6.4,
      "2": 5.2,
      "3": 5.6,
      "0": 8.2,
      "7": 6.8,
      "4": 8.4,
      "1": 8.4
    },
    "4": {
      "8": 1.2,
      "7": 2.0,
      "0": 2.8,
      "1": 5.0,
      "5": 7.0,
      "4": 6.8,
      "2": 7.0,
      "3": 6.8,
      "6": 6.4,
      "9": 10.0
    },
    "5": {
      "4": 2.0,
      "6": 2.2,
      "2": 5.4,
      "1": 3.6,
      "5": 4.8,
      "7": 5.0,
      "0": 6.8,
      "9": 7.4,
      "3": 9.2,
      "8": 8.6
    },
    "6": {
      "2": 5.0,
      "5": 5.4,
      "9": 3.4,
      "4": 7.8,
      "1": 6.2,
      "3": 6.6,
      "0": 5.0,
      "6": 5.2,
      "7": 5.0,
      "8": 5.4
    },
    "7": {
      "0": 2.4,
      "2": 1.6,
      "4": 2.4,
      "5": 3.6,
      "9": 5.4,
      "3": 6.8,
      "1": 6.8,
      "6": 7.0,
      "7": 9.4,
      "8": 9.6
    },
    "8": {
      "8": 5.8,
      "2": 1.2,
      "6": 6.0,
      "5": 7.8,
      "1": 6.2,
      "4": 4.6,
      "9": 5.8,
      "0": 3.8,
      "3": 6.2,
      "7": 7.6
    },
    "9": {
      "4": 4.75,
      "2": 2.75,
      "5": 2.0,
      "8": 2.0,
      "0": 5.0,
      "7": 5.5,
      "6": 7.5,
      "1": 7.0,
      "3": 9.5,
      "9": 9.0
    },
    "10": {
      "2": 4.8,
      "1": 2.4,
      "8": 3.8,
      "9": 2.6,
      "4": 3.8,
      "6": 7.6,
      "7": 7.4,
      "3": 7.0,
      "0": 5.6,
      "5": 10.0
    },
    "11": {
      "7": 3.0,
      "6": 1.2,
      "1": 6.4,
      "8": 6.2,
      "5": 7.2,
      "0": 4.4,
      "4": 5.0,
      "2": 6.0,
      "9": 5.6,
      "3": 10.0
    },
    "12": {
      "3": 2.0,
      "5": 1.8,
      "0": 2.6,
      "1": 4.0,
      "6": 5.8,
      "7": 5.8,
      "4": 7.0,
      "8": 8.2,
      "9": 9.4,
      "2": 8.4
    },
    "13": {
      "5": 1.2,
      "6": 2.8,
      "3": 2.8,
      "1": 3.8,
      "8": 4.6,
      "4": 5.8,
      "9": 8.6,
      "0": 7.6,
      "7": 9.0,
      "2": 8.8
    },
    "14": {
      "0": 1.2,
      "6": 2.8,
      "8": 2.4,
      "1": 4.6,
      "5": 4.8,
      "4": 6.0,
      "7": 8.4,
      "9": 6.4,
      "2": 9.6,
      "3": 8.8
    },
    "15": {
      "7": 3.0,
      "8": 4.8,
      "0": 2.4,
      "5": 4.2,
      "3": 3.2,
      "9": 6.8,
      "6": 3.6,
      "4": 9.0,
      "1": 9.2,
      "2": 8.8
    },
    "16": {
      "5": 1.8,
      "0": 2.2,
      "8": 5.2,
      "1": 5.8,
      "4": 4.4,
      "2": 5.2,
      "6": 3.8,
      "7": 8.4,
      "9": 8.2,
      "3": 10.0
    },
    "17": {
      "0": 1.8,
      "6": 2.4,
      "8": 5.8,
      "2": 4.0,
      "3": 4.0,
      "4": 6.2,
      "9": 8.0,
      "7": 6.6,
      "1": 9.2,
      "5": 7.0
    },
    "18": {
      "9": 3.0,
      "6": 7.2,
      "0": 7.0,
      "7": 7.0,
      "4": 3.4,
      "2": 3.6,
      "5": 4.4,
      "3": 4.0,
      "1": 5.6,
      "8": 9.8
    },
    "19": {
      "5": 1.0,
      "9": 2.0,
      "1": 3.6,
      "7": 3.4,
      "8": 6.6,
      "6": 5.2,
      "3": 7.0,
      "0": 7.2,
      "4": 9.0,
      "2": 10.0
    },
    "20": {
      "4": 1.6,
      "8": 1.4,
      "0": 5.0,
      "6": 4.6,
      "1": 6.4,
      "5": 6.8,
      "7": 7.8,
      "2": 7.0,
      "9": 8.8,
      "3": 5.6
    },
    "21": {
      "4": 5.2,
      "1": 4.2,
      "0": 3.4,
      "9": 4.4,
      "8": 2.2,
      "7": 5.6,
      "6": 5.8,
      "3": 7.2,
      "2": 7.2,
      "5": 9.8
    },
    "22": {
      "6": 1.0,
      "3": 2.0,
      "0": 3.2,
      "4": 5.4,
      "8": 5.6,
      "5": 6.4,
      "1": 6.6,
      "2": 6.4,
      "9": 8.6,
      "7": 9.8
    },
    "23": {
      "4": 2.8,
      "0": 2.6,
      "2": 4.4,
      "3": 4.8,
      "8": 4.8,
      "9": 4.8,
      "7": 5.2,
      "5": 8.8,
      "6": 7.4,
      "1": 9.4
    },
    "24": {
      "1": 1.0,
      "0": 5.0,
      "8": 2.6,
      "9": 3.2,
      "2": 6.0,
      "5": 5.4,
      "4": 6.2,
      "7": 6.8,
      "3": 9.2,
      "6": 9.6
    },
    "25": {
      "3": 1.6,
      "2": 2.2,
      "4": 3.6,
      "1": 5.2,
      "9": 6.2,
      "8": 6.0,
      "6": 6.4,
      "5": 8.0,
      "0": 9.6,
      "7": 6.2
    },
    "26": {
      "0": 1.0,
      "7": 2.2,
      "4": 3.0,
      "9": 3.8,
      "2": 5.2,
      "1": 6.4,
      "5": 7.4,
      "6": 7.0,
      "3": 9.4,
      "8": 9.6
    },
    "27": {
      "1": 1.2,
      "2": 3.2,
      "0": 2.6,
      "5": 4.4,
      "9": 4.2,
      "6": 6.2,
      "7": 6.6,
      "8": 7.8,
      "3": 9.8,
      "4": 9.0
    },
    "28": {
      "5": 2.8,
      "1": 4.6,
      "4": 2.8,
      "8": 5.2,
      "2": 6.4,
      "9": 6.4,
      "0": 2.6,
      "7": 7.0,
      "6": 7.2,
      "3": 10.0
    },
    "29": {
      "3": 1.8,
      "8": 3.0,
      "2": 3.6,
      "1": 4.2,
      "4": 4.6,
      "5": 6.2,
      "6": 7.6,
      "9": 7.4,
      "0": 6.6,
      "7": 10.0
    },
    "30": {
      "3": 2.2,
      "2": 2.6,
      "6": 2.6,
      "7": 3.0,
      "9": 6.4,
      "8": 7.0,
      "1": 8.4,
      "4": 7.4,
      "5": 8.2,
      "0": 7.2
    },
    "31": {
      "4": 2.8,
      "8": 4.0,
      "6": 4.2,
      "3": 3.0,
      "5": 7.2,
      "9": 5.8,
      "7": 7.2,
      "2": 5.0,
      "1": 9.0,
      "0": 6.8
    },
    "32": {
      "6": 1.0,
      "4": 3.2,
      "0": 2.2,
      "8": 5.8,
      "1": 5.6,
      "5": 5.4,
      "7": 8.0,
      "3": 7.8,
      "9": 6.0,
      "2": 10.0
    },
    "33": {
      "4": 5.4,
      "8": 4.8,
      "3": 6.6,
      "9": 2.2,
      "1": 4.6,
      "5": 3.6,
      "0": 5.6,
      "2": 6.8,
      "6": 6.2,
      "7": 9.2
    },
    "34": {
      "1": 3.6,
      "2": 3.2,
      "4": 3.8,
      "3": 6.8,
      "5": 6.0,
      "0": 5.0,
      "7": 2.8,
      "9": 5.8,
      "8": 8.8,
      "6": 9.2
    },
    "35": {
      "2": 1.0,
      "9": 4.0,
      "7": 3.4,
      "5": 5.4,
      "1": 4.4,
      "3": 5.2,
      "4": 7.2,
      "0": 7.8,
      "8": 7.6,
      "6": 9.0
    },
    "36": {
      "9": 2.8,
      "8": 1.4,
      "5": 5.4,
      "4": 5.2,
      "1": 4.0,
      "6": 4.2,
      "7": 7.4,
      "3": 5.6,
      "2": 9.6,
      "0": 9.4
    },
    "37": {
      "8": 2.2,
      "7": 2.4,
      "5": 2.8,
      "9": 4.0,