{
  "content_diversity": 0.6892441511154175,
  "classifier_auc": 0.7010606060606059,
  "ranking_stability": 0.5261333333333333,
  "feature_coefficients": {
    "word_count": 0.6011629224855517,
    "sentence_count": -0.2338190857517455,
    "avg_sentence_length": -0.2271425111433727,
    "paragraph_count": -0.48349181146963727,
    "heading_density": -0.17323817818509135,
    "list_frequency": 0.2805654634710369,
    "readability": 0.25878631090105964,
    "bold_emphasis_density": -0.06949677298535435,
    "citation_density": 0.06120379614742231,
    "statistic_density": -0.10627081665556824,
    "quote_density": 0.016577250414385604,
    "named_source_mentions": -0.0007291648613398653,
    "year_mentions": 0.07696567120305518,
    "claim_density": 0.16168056697991004,
    "external_reference_density": 0.062342182972223395,
    "question_density": -0.12107840623146876,
    "query_similarity": 0.18808404521422173,
    "corpus_centroid_similarity": -0.06492669594323129,
    "type_token_ratio": -0.05123408541824985,
    "vocabulary_sophistication": -0.17191952488186732,
    "sentiment_polarity": 0.11724802782498411,
    "avg_word_length": 0.07422842929376515,
    "semantic_uniqueness": -0.27359238166892386,
    "information_density": -0.02266332569461697,
    "specificity_score": 0.15602115669789524
  },
  "avg_ranks": {
    "0": {
      "5": 2.6,
      "1": 3.4,
      "6": 3.0,
      "4": 2.8,
      "9": 5.6,
      "7": 5.0,
      "2": 5.6,
      "8": 9.2,
      "3": 9.0,
      "0": 8.8
    },
    "1": {
      "4": 5.8,
      "1": 5.4,
      "7": 2.6,
      "5": 4.2,
      "9": 3.6,
      "3": 7.0,
      "0": 5.2,
      "6": 8.2,
      "8": 6.4,
      "2": 6.6
    },
    "2": {
      "3": 3.0,
      "1": 3.6,
      "2": 3.2,
      "0": 4.2,
      "8": 7.0,
      "5": 5.8,
      "6": 5.2,
      "7": 6.4,
      "4": 6.6,
      "9": 10.0
    },
    "3": {
      "5": 5.4,
      "6": 4.2,
      "9": 4.8,
      "3": 3.0,
      "2": 4.0,
      "4": 5.8,
      "1": 6.4,
      "7": 6.6,
      "8": 6.0,
      "0": 8.8
    },
    "4": {
      "8": 1.0,
      "7": 2.2,
      "0": 2.8,
      "6": 5.0,
      "1": 5.2,
      "2": 7.4,
      "3": 6.6,
      "4": 7.8,
      "5": 7.4,
      "9": 9.6
    },
    "5": {
      "4": 2.6,
      "6": 2.0,
      "2": 4.6,
      "1": 3.8,
      "9": 6.6,
      "7": 3.6,
      "0": 7.8,
      "5": 6.2,
      "8": 8.4,
      "3": 9.4
    },
    "6": {
      "7": 4.8,
      "8": 5.2,
      "6": 5.6,
      "9": 2.8,
      "0": 3.0,
      "2": 4.4,
      "4": 7.2,
      "5": 7.8,
      "3": 7.6,
      "1": 6.6
    },
    "7": {
      "3": 4.4,
      "6": 5.0,
      "9": 4.4,
      "1": 4.2,
      "2": 5.0,
      "4": 5.4,
      "0": 4.6,
      "5": 6.2,
      "8": 8.0,
      "7": 7.8
    },
    "8": {
      "2": 1.0,
      "0": 2.4,
      "8": 3.4,
      "3": 6.4,
      "9": 6.6,
      "4": 5.0,
      "1": 5.8,
      "7": 7.4,
      "6": 9.2,
      "5": 7.8
    },
    "9": {
      "5": 2.4,
      "2": 2.8,
      "8": 2.6,
      "4": 2.2,
      "7": 5.8,
      "0": 6.4,
      "9": 8.4,
      "6": 7.0,
      "1": 8.6,
      "3": 8.8
    },
    "10": {
      "0": 5.0,
      "9": 2.0,
      "4": 3.4,
      "1": 2.8,
      "8": 3.4,
      "2": 5.2,
      "3": 7.4,
      "7": 8.0,
      "6": 8.6,
      "5": 9.2
    },
    "11": {
      "9": 2.2,
      "6": 1.4,
      "0": 5.4,
      "8": 4.0,
      "2": 5.2,
      "7": 5.8,
      "1": 6.6,
      "4": 6.0,
      "5": 8.6,
      "3": 9.8
    },
    "12": {
      "5": 2.2,
      "0": 1.8,
      "3": 2.2,
      "2": 5.8,
      "6": 5.4,
      "1": 5.0,
      "4": 6.8,
      "8": 7.2,
      "7": 9.2,
      "9": 9.4
    },
    "13": {
      "5": 2.0,
      "6": 2.8,
      "3": 1.8,
      "1": 5.4,
      "2": 6.8,
      "8": 3.8,
      "4": 6.0,
      "0": 8.6,
      "9": 8.2,
      "7": 9.6
    },
    "14": {
      "8": 2.4,
      "0": 1.4,
      "9": 5.0,
      "1": 5.6,
      "6": 2.6,
      "7": 8.6,
      "4": 5.8,
      "3": 8.6,
      "5": 5.8,
      "2": 9.2
    },
    "15": {
      "7": 4.6,
      "8": 5.0,
      "0": 3.8,
      "5": 3.6,
      "6": 2.4,
      "3": 2.2,
      "9": 6.8,
      "2": 9.2,
      "1": 9.0,
      "4": 8.4
    },
    "16": {
      "0": 2.8,
      "6": 2.4,
      "2": 3.0,
      "5": 4.2,
      "4": 5.0,
      "1": 5.6,
      "8": 6.0,
      "3": 9.6,
      "7": 7.4,
      "9": 9.0
    },
    "17": {
      "6": 2.2,
      "0": 1.6,
      "2": 3.4,
      "3": 4.8,
      "5": 8.8,
      "7": 6.4,
      "1": 7.6,
      "4": 7.4,
      "9": 8.6,
      "8": 4.2
    },
    "18": {
      "9": 3.0,
      "3": 2.4,
      "4": 3.2,
      "5": 4.4,
      "2": 4.0,
      "6": 6.8,
      "0": 8.4,
      "7": 8.4,
      "1": 4.6,
      "8": 9.8
    },
    "19": {
      "5": 1.4,
      "9": 1.8,
      "1": 2.8,
      "7": 4.0,
      "3": 6.8,
      "0": 6.0,
      "6": 5.8,
      "8": 7.6,
      "4": 8.8,
      "2": 10.0
    },
    "20": {
      "8": 1.2,
      "4": 1.8,
      "6": 7.6,
      "0": 5.8,
      "2": 6.0,
      "3": 7.2,
      "5": 5.2,
      "9": 8.0,
      "1": 5.4,
      "7": 6.8
    },
    "21": {
      "8": 1.8,
      "1": 3.2,
      "0": 3.0,
      "4": 4.4,
      "2": 5.8,
      "3": 7.2,
      "7": 7.6,
      "6": 6.6,
      "9": 7.4,
      "5": 8.0
    },
    "22": {
      "6": 2.4,
      "3": 1.8,
      "0": 3.2,
      "8": 4.6,
      "4": 5.2,
      "1": 6.0,
      "2": 6.6,
      "5": 7.2,
      "9": 8.0,
      "7": 10.0
    },
    "23": {
      "5": 7.8,
      "6": 7.2,
      "9": 2.6,
      "3": 3.0,
      "8": 3.8,
      "7": 4.6,
      "4": 5.2,
      "0": 5.4,
      "2": 6.2,
      "1": 9.2
    },
    "24": {
      "1": 1.0,
      "8": 2.4,
      "9": 3.2,
      "2": 4.6,
      "0": 3.8,
      "5": 6.4,
      "7": 7.0,
      "4": 7.6,
      "3": 9.0,
      "6": 10.0
    },
    "25": {
      "2": 1.4,
      "4": 2.6,
      "3": 2.6,
      "6": 4.8,
      "9": 6.8,
      "1": 5.2,
      "8": 7.0,
      "5": 7.2,
      "7": 8.0,
      "0": 9.4
    },
    "26": {
      "0": 1.4,
      "7": 1.6,
      "4": 3.2,
      "2": 4.0,
      "6": 6.6,
      "9": 5.0,
      "5": 7.2,
      "1": 7.0,
      "3": 9.0,
      "8": 10.0
    },
    "27": {
      "1": 1.4,
      "5": 3.6,
      "9": 3.4,
      "2": 3.2,
      "6": 5.6,
      "3": 8.2,
      "7": 7.2,
      "8": 8.0,
      "4": 9.2,
      "0": 5.2
    },
    "28": {
      "1": 3.2,
      "8": 4.2,
      "2": 4.4,
      "9": 4.6,
      "4": 3.2,
      "5": 3.8,
      "0": 4.6,
      "7": 8.8,
      "6": 8.6,
      "3": 9.6
    },
    "29": {
      "3": 1.4,
      "8": 2.0,
      "4": 3.4,
      "2": 3.6,
      "1": 7.6,
      "0": 7.2,
      "9": 6.4,
      "6": 7.6,
      "5": 6.2,
      "7": 9.6
    },
    "30": {
      "3": 2.2,
      "7": 3.0,
      "6": 2.0,
      "9": 4.6,
      "2": 4.0,
      "0": 7.0,
      "4": 7.0,
      "1": 8.0,
      "5": 8.2,
      "8": 9.0
    },
    "31": {
      "4": 1.6,
      "6": 2.6,
      "7": 4.6,
      "8": 3.2,
      "3": 3.4,
      "2": 6.6,
      "9": 7.8,
      "5": 7.4,
      "1": 9.6,
      "0": 8.2
    },
    "32": {
      "6": 1.0,
      "9": 4.0,
      "7": 6.6,
      "4": 3.6,
      "8": 5.4,
      "1": 7.4,
      "5": 5.6,
      "0": 3.6,
      "3": 8.0,
      "2": 9.8
    },
    "33": {
      "9": 2.2,
      "1": 4.2,
      "5": 4.2,
      "6": 5.6,
      "0": 6.0,
      "2": 6.2,
      "8": 5.2,
      "4": 5.8,
      "3": 7.0,
      "7": 8.6
    },
    "34": {
      "0": 3.8,
      "1": 2.4,
      "4": 3.4,
      "7": 4.4,
      "2": 3.8,
      "9": 4.8,
      "5": 5.4,
      "3": 8.0,
      "8": 9.0,
      "6": 10.0
    },
    "35": {
      "9": 2.2,
      "7": 2.4,
      "2": 2.2,
      "1": 4.4,
      "3": 5.0,
      "0": 7.8,
      "4": 7.8,
      "5": 5.2,
      "8": 8.2,
      "6": 9.8
    },
    "36": {
      "9": 2.8,
      "8": 2.6,
      "5": 2.4,
      "3": 5.0,
      "7": 7.2,
      "4": 3.0,
      "6": 6.4,
      "1": 6.6,
      "2": 9.6,
      "0": 9.4
    },
    "37": {
      "8": 1.2,
      "7": 1.8,
      "5": 3.8,
      "9": 3.4,