domain,goodhart_threshold_round,quality_degradation,content_diversity_round30,ranking_stability_round30
retail,,-0.010920634920634997,0.6823278069496155,0.5156444444444443
video_games,,0.018855459355459514,0.34512972831726074,0.6243450767841011
books,,0.002745903737839228,0.39005184173583984,0.6418488160291439
web,,0.018037518037518074,0.5456900000572205,0.6572062084257205
news,,-0.01375000000000004,0.512794017791748,0.6843838290440232
debate,,-0.008472352756892287,0.626085102558136,0.3990051948051948
