domain,goodhart_threshold_round,quality_degradation,content_diversity_round30,ranking_stability_round30
retail,,-0.010882936507936591,0.6896263062953949,0.5129777777777778
video_games,,0.011258149195224165,0.3654821068048477,0.6023010497078699
books,,6.909699363610855e-05,0.39303773641586304,0.629321480142214
web,,0.008600630043106516,0.5474857985973358,0.6582906042128602
news,,-0.014017857142857193,0.519797295331955,0.6779249993797103
debate,,-0.008075462092731911,0.6352547407150269,0.4259356672567199
