{
  "content_diversity": 0.3370820879936218,
  "classifier_auc": 0.7322902274170058,
  "ranking_stability": 0.5976265270506107,
  "feature_coefficients": {
    "word_count": 0.7826958358905413,
    "sentence_count": -0.45219950688660016,
    "avg_sentence_length": -0.11300423059720428,
    "paragraph_count": -0.2267193255297222,
    "heading_density": -0.6271665000986242,
    "list_frequency": -0.7661520960318734,
    "readability": 0.023140513570063175,
    "bold_emphasis_density": 0.11348180126145302,
    "citation_density": -0.23732157490302266,
    "statistic_density": 0.20025849208695715,
    "quote_density": 0.04632148076672071,
    "named_source_mentions": -0.12559925866957106,
    "year_mentions": 0.06051885872226662,
    "claim_density": -0.15449039243378593,
    "external_reference_density": 0.24183118584275035,
    "question_density": 0.1145921127443054,
    "query_similarity": 0.46294888663012745,
    "corpus_centroid_similarity": 0.061798218442153836,
    "type_token_ratio": -0.007638204553153716,
    "vocabulary_sophistication": -0.10415380089478848,
    "sentiment_polarity": -0.01988475491926797,
    "avg_word_length": -0.3766219863799793,
    "semantic_uniqueness": 0.013605712738730794,
    "information_density": 0.11993253186925423,
    "specificity_score": -0.0010135665650670917
  },
  "avg_ranks": {
    "0": {
      "7": 2.0,
      "6": 3.2,
      "8": 4.6,
      "9": 2.0,
      "2": 3.2,
      "1": 6.4,
      "4": 8.2,
      "0": 7.4,
      "3": 8.0,
      "5": 10.0
    },
    "1": {
      "4": 1.0,
      "3": 5.0,
      "9": 3.4,
      "2": 6.0,
      "7": 4.6,
      "5": 5.2,
      "6": 5.4,
      "1": 6.8,
      "0": 7.8,
      "8": 9.8
    },
    "2": {
      "7": 1.0,
      "1": 2.0,
      "8": 3.6,
      "6": 4.2,
      "5": 7.6,
      "0": 5.4,
      "2": 6.4,
      "9": 6.0,
      "4": 9.0,
      "3": 9.8
    },
    "3": {
      "1": 1.0,
      "4": 2.0,
      "7": 4.0,
      "6": 5.0,
      "3": 4.6,
      "8": 7.0,
      "0": 7.2,
      "2": 8.0,
      "9": 7.8,
      "5": 8.4
    },
    "4": {
      "0": 1.0,
      "8": 2.0,
      "6": 3.2,
      "5": 7.2,
      "7": 7.4,
      "1": 6.8,
      "2": 6.6,
      "9": 7.6,
      "3": 4.8,
      "4": 8.4
    },
    "5": {
      "6": 4.2,
      "9": 2.8,
      "0": 3.8,
      "7": 3.8,
      "1": 3.6,
      "3": 3.2,
      "2": 7.0,
      "8": 8.0,
      "4": 9.2,
      "5": 9.4
    },
    "6": {
      "3": 1.4,
      "1": 1.6,
      "6": 6.2,
      "0": 6.0,
      "7": 8.2,
      "4": 7.0,
      "5": 4.4,
      "2": 8.0,
      "9": 6.4,
      "8": 5.8
    },
    "7": {
      "1": 1.2,
      "9": 1.8,
      "0": 4.8,
      "4": 3.4,
      "2": 4.4,
      "3": 7.6,
      "6": 6.2,
      "8": 9.0,
      "5": 8.6,
      "7": 8.0
    },
    "8": {
      "6": 2.2,
      "5": 1.6,
      "8": 2.8,
      "9": 3.4,
      "4": 6.4,
      "7": 6.0,
      "1": 7.4,
      "2": 8.6,
      "0": 8.8,
      "3": 7.8
    },
    "9": {
      "4": 1.4,
      "9": 2.4,
      "7": 4.0,
      "6": 3.4,
      "5": 4.4,
      "1": 5.4,
      "2": 7.0,
      "8": 9.0,
      "0": 9.2,
      "3": 8.8
    },
    "10": {
      "5": 4.6,
      "8": 6.2,
      "7": 5.6,
      "0": 2.8,
      "1": 3.0,
      "2": 4.2,
      "9": 5.4,
      "4": 8.2,
      "3": 5.0,
      "6": 10.0
    },
    "11": {
      "7": 2.0,
      "8": 3.0,
      "1": 6.8,
      "0": 7.0,
      "2": 4.8,
      "4": 5.6,
      "5": 5.2,
      "3": 3.8,
      "6": 7.2,
      "9": 9.6
    },
    "12": {
      "0": 1.0,
      "1": 2.0,
      "2": 3.0,
      "3": 4.75,
      "7": 5.5,
      "5": 6.25,
      "8": 7.0,
      "6": 7.25,
      "4": 8.25,
      "9": 10.0
    },
    "13": {
      "9": 2.0,
      "5": 2.2,
      "2": 3.0,
      "0": 6.4,
      "1": 5.8,
      "3": 4.8,
      "4": 3.8,
      "7": 9.2,
      "6": 8.6,
      "8": 9.2
    },
    "14": {
      "2": 1.0,
      "0": 2.0,
      "9": 4.8,
      "4": 4.4,
      "5": 6.6,
      "6": 5.0,
      "3": 4.8,
      "8": 8.2,
      "7": 9.0,
      "1": 9.2
    },
    "15": {
      "3": 2.6,
      "9": 3.2,
      "2": 2.8,
      "1": 3.0,
      "0": 3.4,
      "7": 7.2,
      "4": 7.4,
      "8": 7.6,
      "5": 7.8,
      "6": 10.0
    },
    "16": {
      "5": 2.4,
      "8": 8.2,
      "7": 4.2,
      "1": 6.0,
      "2": 5.2,
      "0": 5.8,
      "4": 6.4,
      "9": 5.2,
      "3": 6.4,
      "6": 5.2
    },
    "18": {
      "3": 1.4,
      "6": 2.4,
      "4": 4.2,
      "5": 4.2,
      "1": 6.2,
      "8": 6.0,
      "2": 4.0,
      "9": 8.4,
      "7": 8.2,
      "0": 10.0
    },
    "17": {
      "2": 1.0,
      "3": 2.0,
      "5": 5.5,
      "9": 3.5,
      "7": 5.5,
      "1": 5.5,
      "0": 7.0,
      "4": 6.0,
      "6": 9.0,
      "8": 10.0
    },
    "19": {
      "9": 6.6,
      "7": 4.2,
      "5": 3.6,
      "3": 2.8,
      "0": 2.4,
      "4": 3.6,
      "1": 7.6,
      "2": 7.0,
      "8": 8.6,
      "6": 8.6
    },
    "20": {
      "4": 2.0,
      "2": 3.6,
      "1": 5.4,
      "0": 3.2,
      "3": 5.2,
      "5": 5.6,
      "8": 5.8,
      "9": 6.4,
      "6": 9.0,
      "7": 8.8
    },
    "21": {
      "8": 1.0,
      "1": 2.0,
      "2": 3.4,
      "7": 5.6,
      "3": 6.6,
      "9": 5.0,
      "4": 6.0,
      "0": 8.8,
      "6": 9.0,
      "5": 7.6
    },
    "22": {
      "1": 1.2,
      "3": 1.8,
      "5": 3.8,
      "6": 6.2,
      "8": 4.4,
      "4": 6.0,
      "0": 6.8,
      "2": 8.0,
      "9": 9.0,
      "7": 7.8
    },
    "23": {
      "8": 1.0,
      "7": 2.2,
      "9": 4.6,
      "5": 4.0,
      "3": 4.0,
      "6": 9.2,
      "1": 6.2,
      "0": 6.8,
      "2": 8.0,
      "4": 9.0
    },
    "24": {
      "9": 1.8,
      "7": 2.2,
      "8": 2.8,
      "2": 4.8,
      "4": 5.0,
      "1": 6.6,
      "3": 6.8,
      "6": 6.4,
      "5": 8.6,
      "0": 10.0
    },
    "25": {
      "9": 1.8,
      "4": 1.6,
      "7": 3.0,
      "8": 4.8,
      "2": 4.6,
      "1": 5.2,
      "6": 7.2,
      "3": 8.8,
      "5": 8.6,
      "0": 9.4
    },
    "26": {
      "6": 1.0,
      "2": 3.6,
      "5": 4.0,
      "9": 3.6,
      "3": 6.2,
      "0": 4.8,
      "1": 6.4,
      "4": 7.6,
      "7": 9.0,
      "8": 8.8
    },
    "27": {
      "1": 2.4,
      "9": 3.0,
      "6": 1.4,
      "4": 5.4,
      "5": 6.0,
      "0": 4.0,
      "7": 7.2,
      "2": 6.6,
      "3": 9.6,
      "8": 9.4
    },
    "28": {
      "4": 1.8,
      "6": 1.2,
      "1": 4.0,
      "7": 5.4,
      "9": 4.2,
      "2": 7.6,
      "5": 6.4,
      "3": 5.4,
      "0": 9.2,
      "8": 9.8
    },
    "29": {
      "1": 1.0,
      "6": 2.4,
      "3": 2.6,
      "8": 6.2,
      "4": 6.2,
      "5": 5.6,
      "0": 6.4,
      "2": 8.8,
      "7": 7.2,
      "9": 8.6
    },
    "30": {
      "1": 1.75,
      "0": 1.75,
      "2": 3.5,
      "6": 3.25,
      "7": 5.25,
      "3": 6.25,
      "5": 7.0,
      "8": 7.5,
      "9": 8.75,
      "4": 10.0
    },
    "31": {
      "5": 1.75,
      "6": 2.75,
      "4": 2.75,
      "9": 4.5,
      "1": 6.5,
      "2": 6.0,
      "7": 7.5,
      "0": 6.0,
      "3": 7.5,
      "8": 9.75
    },
    "32": {
      "9": 2.0,
      "1": 2.8,
      "5": 1.4,
      "4": 4.2,
      "7": 5.2,
      "8": 5.4,
      "0": 7.8,
      "2": 7.8,
      "6": 9.0,
      "3": 9.4
    },
    "33": {
      "9": 2.0,
      "0": 2.2,
      "2": 3.8,
      "1": 3.6,
      "8": 4.8,
      "7": 5.0,
      "4": 6.6,
      "3": 9.2,
      "5": 9.4,
      "6": 8.4
    },
    "34": {
      "8": 4.2,
      "3": 1.6,
      "7": 4.8,
      "9": 3.2,
      "1": 4.6,
      "0": 3.2,
      "4": 6.6,
      "5": 8.0,
      "2": 8.8,
      "6": 10.0
    },
    "35": {
      "3": 1.6,
      "2": 2.4,
      "1": 2.6,
      "8": 4.4,
      "6": 4.6,
      "9": 7.2,
      "4": 6.0,
      "0": 9.6,
      "5": 8.4,
      "7": 8.2
    },
    "36": {
      "4": 2.75,
      "2": 1.25,
      "0": 2.75,
      "6": 4.75,
      "1": 3.75,
      "3": 5.75,
      "7": 7.5,
      "8": 8.25,
      "5": 8.25,
      "9": 10.0
    },
    "37": {
      "8": 3.4,
      "6": 6.2,