{
  "content_diversity": 0.34231650829315186,
  "classifier_auc": 0.7642777777777776,
  "ranking_stability": 0.5913256383350821,
  "feature_coefficients": {
    "word_count": 0.8422688313047016,
    "sentence_count": -0.30278318410422594,
    "avg_sentence_length": 0.1411974767547058,
    "paragraph_count": -0.17128467268583095,
    "heading_density": 0.10789955398426425,
    "list_frequency": 0.11018762441567324,
    "readability": 0.0027349537768929927,
    "bold_emphasis_density": -0.1038855877246072,
    "citation_density": -0.5750637299934457,
    "statistic_density": 0.35751897617373624,
    "quote_density": 0.006087201794618271,
    "named_source_mentions": -0.12503744267464603,
    "year_mentions": 0.04686023933890357,
    "claim_density": -0.49044340887765775,
    "external_reference_density": -0.12017273591065565,
    "question_density": 0.10374751223628392,
    "query_similarity": 0.5725662641881729,
    "corpus_centroid_similarity": 0.02068722245927854,
    "type_token_ratio": -0.3962079263812141,
    "vocabulary_sophistication": -0.13009690635746604,
    "sentiment_polarity": -0.0771366307131366,
    "avg_word_length": -0.7141564945472351,
    "semantic_uniqueness": 0.15327628253556977,
    "information_density": -0.09694288027889061,
    "specificity_score": -0.07800101475587821
  },
  "avg_ranks": {
    "0": {
      "7": 1.6,
      "2": 2.6,
      "6": 3.4,
      "9": 2.6,
      "8": 5.6,
      "1": 6.4,
      "0": 7.2,
      "3": 7.6,
      "4": 8.0,
      "5": 10.0
    },
    "1": {
      "4": 1.0,
      "3": 3.4,
      "9": 4.4,
      "7": 5.4,
      "8": 9.0,
      "6": 4.2,
      "5": 4.4,
      "0": 8.2,
      "1": 7.6,
      "2": 7.4
    },
    "2": {
      "7": 1.0,
      "1": 2.0,
      "6": 3.6,
      "5": 6.6,
      "8": 4.0,
      "0": 5.8,
      "9": 6.2,
      "2": 6.8,
      "4": 9.0,
      "3": 10.0
    },
    "3": {
      "1": 1.0,
      "4": 4.0,
      "3": 3.4,
      "0": 5.0,
      "2": 6.4,
      "9": 6.6,
      "7": 4.6,
      "8": 8.4,
      "6": 6.2,
      "5": 9.4
    },
    "4": {
      "0": 1.4,
      "8": 1.6,
      "6": 3.8,
      "3": 5.0,
      "9": 5.2,
      "2": 7.6,
      "4": 8.6,
      "7": 7.0,
      "1": 7.4,
      "5": 7.4
    },
    "5": {
      "3": 1.8,
      "9": 2.4,
      "0": 2.6,
      "7": 4.0,
      "6": 5.6,
      "1": 5.0,
      "2": 6.8,
      "8": 8.2,
      "5": 9.2,
      "4": 9.4
    },
    "6": {
      "6": 5.4,
      "7": 6.8,
      "0": 6.0,
      "1": 3.0,
      "3": 3.2,
      "5": 4.8,
      "8": 5.8,
      "4": 6.6,
      "9": 4.8,
      "2": 8.6
    },
    "7": {
      "1": 1.2,
      "9": 1.8,
      "4": 3.8,
      "2": 3.2,
      "0": 5.6,
      "7": 5.6,
      "6": 6.8,
      "3": 8.8,
      "5": 9.4,
      "8": 8.8
    },
    "8": {
      "6": 1.0,
      "9": 3.2,
      "5": 2.2,
      "7": 5.8,
      "1": 7.8,
      "4": 8.0,
      "8": 4.2,
      "0": 7.4,
      "2": 7.6,
      "3": 7.8
    },
    "9": {
      "4": 3.6,
      "9": 4.2,
      "7": 3.0,
      "6": 3.0,
      "5": 2.8,
      "1": 4.4,
      "2": 8.6,
      "8": 7.8,
      "0": 8.4,
      "3": 9.2
    },
    "10": {
      "1": 2.6,
      "0": 2.4,
      "3": 5.0,
      "2": 5.8,
      "9": 5.4,
      "7": 5.2,
      "8": 6.2,
      "5": 6.0,
      "4": 6.4,
      "6": 10.0
    },
    "11": {
      "7": 1.0,
      "8": 2.0,
      "4": 3.8,
      "5": 5.0,
      "0": 7.2,
      "1": 7.0,
      "3": 6.2,
      "6": 7.4,
      "2": 5.8,
      "9": 9.6
    },
    "12": {
      "0": 1.0,
      "1": 2.0,
      "2": 3.0,
      "3": 4.4,
      "7": 5.8,
      "5": 6.6,
      "8": 6.4,
      "4": 7.8,
      "9": 9.6,
      "6": 8.4
    },
    "13": {
      "9": 3.0,
      "2": 2.0,
      "4": 2.5,
      "5": 3.75,
      "3": 4.0,
      "1": 6.25,
      "7": 7.75,
      "6": 8.25,
      "0": 8.25,
      "8": 9.25
    },
    "14": {
      "2": 1.0,
      "4": 3.4,
      "3": 3.8,
      "6": 4.0,
      "0": 2.8,
      "9": 6.0,
      "5": 7.4,
      "8": 8.0,
      "7": 8.8,
      "1": 9.8
    },
    "15": {
      "1": 2.25,
      "2": 3.25,
      "9": 4.25,
      "3": 2.0,
      "4": 6.5,
      "0": 3.5,
      "8": 7.25,
      "7": 7.75,
      "5": 8.5,
      "6": 9.75
    },
    "16": {
      "5": 2.2,
      "3": 6.2,
      "6": 4.0,
      "4": 5.4,
      "1": 4.8,
      "8": 8.2,
      "0": 6.8,
      "2": 6.2,
      "7": 4.4,
      "9": 6.8
    },
    "17": {
      "3": 1.75,
      "2": 1.25,
      "5": 4.5,
      "7": 3.5,
      "4": 4.5,
      "1": 7.0,
      "0": 7.0,
      "9": 6.5,
      "6": 9.25,
      "8": 9.75
    },
    "18": {
      "2": 1.4,
      "5": 4.0,
      "8": 5.2,
      "4": 5.4,
      "3": 2.8,
      "6": 3.4,
      "1": 5.8,
      "0": 9.6,
      "9": 8.4,
      "7": 9.0
    },
    "19": {
      "0": 1.2,
      "3": 1.8,
      "5": 3.4,
      "4": 3.6,
      "1": 7.6,
      "8": 7.0,
      "2": 7.4,
      "6": 8.2,
      "7": 7.4,
      "9": 7.4
    },
    "20": {
      "0": 3.6,
      "2": 3.2,
      "5": 4.4,
      "3": 3.4,
      "4": 3.0,
      "1": 4.6,
      "9": 7.6,
      "8": 8.2,
      "7": 9.2,
      "6": 7.8
    },
    "21": {
      "8": 1.2,
      "1": 2.2,
      "9": 5.4,
      "2": 5.0,
      "4": 6.6,
      "3": 5.4,
      "7": 5.6,
      "0": 8.4,
      "6": 8.6,
      "5": 6.6
    },
    "22": {
      "1": 1.0,
      "5": 3.2,
      "3": 2.2,
      "8": 5.0,
      "6": 4.4,
      "0": 6.0,
      "2": 8.4,
      "9": 8.4,
      "4": 7.2,
      "7": 9.2
    },
    "23": {
      "8": 1.0,
      "9": 2.6,
      "5": 3.4,
      "3": 5.2,
      "7": 3.2,
      "2": 8.0,
      "1": 6.4,
      "0": 7.0,
      "6": 9.4,
      "4": 8.8
    },
    "24": {
      "9": 4.5,
      "4": 6.5,
      "2": 7.0,
      "7": 2.0,
      "8": 2.5,
      "1": 4.5,
      "3": 4.0,
      "6": 6.25,
      "5": 7.75,
      "0": 10.0
    },
    "25": {
      "9": 1.6666666666666667,
      "4": 1.3333333333333333,
      "7": 3.0,
      "1": 4.333333333333333,
      "2": 5.0,
      "8": 5.666666666666667,
      "5": 8.666666666666666,
      "6": 7.333333333333333,
      "3": 8.666666666666666,
      "0": 9.333333333333334
    },
    "26": {
      "6": 1.2,
      "0": 3.8,
      "9": 2.4,
      "4": 5.0,
      "1": 4.4,
      "3": 5.2,
      "5": 8.4,
      "7": 8.6,
      "2": 6.4,
      "8": 9.6
    },
    "27": {
      "1": 2.5,
      "9": 3.5,
      "6": 2.5,
      "0": 4.25,
      "4": 5.25,
      "7": 5.25,
      "2": 6.25,
      "5": 6.5,
      "3": 9.25,
      "8": 9.75
    },
    "28": {
      "6": 1.0,
      "4": 2.0,
      "1": 4.2,
      "7": 5.8,
      "2": 6.2,
      "3": 5.2,
      "9": 6.0,
      "5": 5.6,
      "0": 9.0,
      "8": 10.0
    },
    "29": {
      "1": 1.0,
      "6": 2.0,
      "4": 8.2,
      "3": 4.0,
      "0": 5.4,
      "7": 4.4,
      "5": 5.6,
      "9": 8.2,
      "8": 9.0,
      "2": 7.2
    },
    "30": {
      "1": 2.2,
      "0": 2.2,
      "2": 3.2,
      "6": 2.4,
      "7": 6.0,
      "3": 5.8,
      "5": 7.0,
      "8": 7.2,
      "9": 9.0,
      "4": 10.0
    },
    "31": {
      "4": 2.6,
      "5": 1.8,
      "6": 1.6,
      "9": 5.0,
      "7": 6.6,
      "0": 8.2,
      "2": 5.4,
      "1": 6.0,
      "3": 8.4,
      "8": 9.4
    },
    "32": {
      "5": 1.8,
      "9": 1.4,
      "1": 3.2,
      "7": 4.6,
      "4": 4.6,
      "0": 6.4,
      "8": 8.2,
      "2": 7.2,
      "6": 7.6,
      "3": 10.0
    },
    "33": {
      "0": 1.2,
      "9": 1.8,
      "7": 6.6,
      "8": 5.2,
      "1": 4.4,
      "2": 4.0,
      "4": 6.2,
      "5": 9.4,
      "6": 7.2,
      "3": 9.0
    },
    "34": {
      "3": 1.4,
      "0": 4.0,
      "9": 4.2,
      "1": 2.6,
      "7": 3.8,
      "4": 6.6,
      "5": 8.2,
      "8": 6.0,
      "2": 8.2,
      "6": 10.0
    },
    "35": {
      "9": 6.2,
      "6": 3.6,
      "4": 6.4,
      "1": 2.0,
      "2": 2.6,
      "3": 4.2,
      "5": 7.4,
      "7": 6.8,
      "8": 5.8,
      "0": 10.0
    },
    "36": {
      "4": 2.8,
      "2": 1.2,
      "1": 3.4,
      "0": 3.6,
      "6": 4.8,
      "7": 6.4,