{
  "content_diversity": 0.34147852659225464,
  "classifier_auc": 0.7930983127714363,
  "ranking_stability": 0.6002845962291,
  "feature_coefficients": {
    "word_count": 1.457616478357951,
    "sentence_count": -0.3263369778143427,
    "avg_sentence_length": 0.23751071418423095,
    "paragraph_count": -0.4077578800300348,
    "heading_density": 0.22423444816105992,
    "list_frequency": -0.11863450871805685,
    "readability": -0.20460732364699089,
    "bold_emphasis_density": 0.012576815543827856,
    "citation_density": -0.8102227317123952,
    "statistic_density": 0.31855630783818195,
    "quote_density": -0.12440699343118944,
    "named_source_mentions": -0.2054952674324515,
    "year_mentions": 0.09605257645245453,
    "claim_density": -0.2345512115310061,
    "external_reference_density": -0.09000544758562319,
    "question_density": 0.10579122933663758,
    "query_similarity": 0.3538218365980292,
    "corpus_centroid_similarity": -0.005887263492842856,
    "type_token_ratio": -0.1780299531363887,
    "vocabulary_sophistication": 0.04852697919804537,
    "sentiment_polarity": -0.12333183748552394,
    "avg_word_length": -0.9418939615701123,
    "semantic_uniqueness": -0.1520341622797535,
    "information_density": 0.08072458551340868,
    "specificity_score": -0.05944310614020373
  },
  "avg_ranks": {
    "0": {
      "7": 1.8,
      "2": 2.0,
      "9": 3.2,
      "6": 3.0,
      "8": 5.2,
      "1": 5.8,
      "0": 7.2,
      "3": 8.2,
      "4": 8.6,
      "5": 10.0
    },
    "1": {
      "4": 1.0,
      "3": 2.0,
      "7": 3.4,
      "9": 3.6,
      "2": 6.6,
      "0": 7.6,
      "1": 7.8,
      "6": 6.8,
      "5": 6.2,
      "8": 10.0
    },
    "2": {
      "7": 1.0,
      "6": 4.25,
      "1": 2.25,
      "8": 3.25,
      "2": 5.75,
      "0": 6.25,
      "9": 6.25,
      "5": 7.5,
      "4": 8.75,
      "3": 9.75
    },
    "3": {
      "1": 1.0,
      "4": 2.6,
      "3": 3.4,
      "0": 5.8,
      "9": 7.2,
      "2": 6.2,
      "8": 8.6,
      "7": 5.0,
      "6": 5.2,
      "5": 10.0
    },
    "4": {
      "0": 1.2,
      "8": 1.8,
      "6": 3.0,
      "3": 4.0,
      "9": 6.8,
      "7": 5.8,
      "1": 7.2,
      "5": 7.6,
      "2": 7.8,
      "4": 9.8
    },
    "5": {
      "3": 1.0,
      "9": 2.6,
      "0": 3.2,
      "1": 4.6,
      "2": 6.6,
      "6": 5.0,
      "7": 5.2,
      "8": 7.8,
      "4": 9.2,
      "5": 9.8
    },
    "6": {
      "0": 2.8,
      "6": 2.8,
      "7": 3.4,
      "1": 3.4,
      "3": 4.8,
      "5": 5.8,
      "2": 9.0,
      "4": 8.2,
      "9": 7.6,
      "8": 7.2
    },
    "7": {
      "9": 1.8,
      "1": 1.2,
      "2": 4.8,
      "4": 4.4,
      "0": 4.2,
      "6": 5.8,
      "7": 5.8,
      "3": 8.4,
      "5": 9.6,
      "8": 9.0
    },
    "8": {
      "6": 2.0,
      "5": 1.6,
      "9": 3.2,
      "8": 3.2,
      "7": 6.8,
      "1": 7.8,
      "4": 9.4,
      "0": 6.8,
      "2": 7.0,
      "3": 7.2
    },
    "9": {
      "4": 2.0,
      "7": 3.0,
      "5": 3.8,
      "1": 4.6,
      "6": 3.4,
      "9": 4.4,
      "2": 8.2,
      "3": 7.8,
      "8": 8.8,
      "0": 9.0
    },
    "10": {
      "8": 4.8,
      "7": 5.0,
      "5": 5.2,
      "0": 3.8,
      "1": 4.4,
      "2": 4.0,
      "3": 5.6,
      "4": 7.2,
      "6": 9.8,
      "9": 5.2
    },
    "11": {
      "7": 1.0,
      "8": 2.0,
      "3": 5.8,
      "6": 5.2,
      "4": 4.6,
      "2": 6.0,
      "5": 5.4,
      "1": 7.0,
      "0": 8.0,
      "9": 10.0
    },
    "12": {
      "0": 1.0,
      "1": 2.0,
      "2": 3.0,
      "3": 4.4,
      "6": 7.2,
      "5": 6.4,
      "7": 7.0,
      "8": 6.4,
      "4": 7.6,
      "9": 10.0
    },
    "13": {
      "3": 4.2,
      "1": 5.6,
      "4": 2.6,
      "2": 3.4,
      "9": 2.6,
      "5": 3.2,
      "0": 6.4,
      "6": 8.8,
      "8": 9.6,
      "7": 8.6
    },
    "14": {
      "2": 2.0,
      "0": 2.6,
      "6": 3.2,
      "3": 3.4,
      "9": 4.8,
      "4": 5.0,
      "5": 8.0,
      "8": 8.2,
      "7": 8.6,
      "1": 9.2
    },
    "15": {
      "3": 1.8,
      "1": 2.2,
      "2": 2.4,
      "9": 3.8,
      "4": 6.6,
      "0": 5.2,
      "8": 6.4,
      "7": 8.2,
      "5": 8.6,
      "6": 9.8
    },
    "16": {
      "9": 6.2,
      "7": 6.0,
      "5": 1.4,
      "1": 4.8,
      "8": 7.6,
      "2": 7.0,
      "6": 4.6,
      "4": 5.4,
      "3": 3.8,
      "0": 8.2
    },
    "17": {
      "2": 1.0,
      "3": 2.0,
      "5": 3.3333333333333335,
      "4": 3.6666666666666665,
      "9": 5.333333333333333,
      "1": 6.666666666666667,
      "7": 6.0,
      "0": 8.0,
      "8": 9.666666666666666,
      "6": 9.333333333333334
    },
    "18": {
      "3": 1.2,
      "6": 1.8,
      "2": 5.8,
      "5": 3.4,
      "4": 4.2,
      "1": 6.4,
      "8": 6.0,
      "9": 8.2,
      "7": 8.2,
      "0": 9.8
    },
    "19": {
      "9": 6.2,
      "0": 2.2,
      "3": 1.8,
      "4": 3.8,
      "5": 3.0,
      "7": 6.4,
      "2": 7.6,
      "8": 7.2,
      "6": 8.2,
      "1": 8.6
    },
    "20": {
      "5": 3.2,
      "0": 3.6,
      "2": 4.4,
      "3": 4.2,
      "1": 5.8,
      "4": 4.2,
      "8": 6.2,
      "9": 6.8,
      "7": 8.6,
      "6": 8.0
    },
    "21": {
      "8": 1.2,
      "1": 1.8,
      "5": 5.8,
      "2": 4.2,
      "9": 6.4,
      "4": 6.8,
      "0": 8.6,
      "7": 5.4,
      "3": 5.6,
      "6": 9.2
    },
    "22": {
      "1": 1.0,
      "3": 2.2,
      "8": 4.8,
      "5": 3.4,
      "6": 4.8,
      "4": 7.6,
      "2": 7.2,
      "0": 5.4,
      "9": 9.2,
      "7": 9.4
    },
    "23": {
      "8": 1.0,
      "5": 3.8,
      "7": 3.2,
      "1": 6.6,
      "0": 6.8,
      "3": 4.0,
      "4": 7.6,
      "9": 4.0,
      "2": 8.0,
      "6": 10.0
    },
    "24": {
      "6": 5.8,
      "9": 3.6,
      "8": 2.6,
      "7": 3.2,
      "3": 5.0,
      "1": 5.6,
      "5": 8.4,
      "2": 5.8,
      "4": 5.0,
      "0": 10.0
    },
    "25": {
      "4": 1.0,
      "9": 2.0,
      "7": 3.6,
      "1": 4.0,
      "2": 4.6,
      "8": 5.8,
      "6": 7.6,
      "3": 8.8,
      "5": 9.4,
      "0": 8.2
    },
    "26": {
      "6": 1.2,
      "4": 6.4,
      "9": 3.4,
      "0": 4.2,
      "1": 6.0,
      "3": 6.8,
      "5": 4.2,
      "2": 5.0,
      "7": 8.6,
      "8": 9.2
    },
    "27": {
      "1": 3.4,
      "9": 3.2,
      "5": 6.8,
      "0": 3.4,
      "6": 2.2,
      "4": 5.0,
      "7": 6.0,
      "2": 6.2,
      "3": 9.0,
      "8": 9.8
    },
    "28": {
      "6": 1.4,
      "4": 2.0,
      "9": 4.4,
      "1": 4.0,
      "7": 6.6,
      "5": 6.6,
      "2": 5.8,
      "3": 5.2,
      "8": 9.6,
      "0": 9.4
    },
    "29": {
      "1": 1.0,
      "3": 2.75,
      "6": 2.25,
      "4": 4.75,
      "8": 7.75,
      "0": 5.5,
      "7": 6.5,
      "2": 8.75,
      "9": 9.0,
      "5": 6.75
    },
    "30": {
      "1": 2.0,
      "6": 2.4,
      "0": 2.4,
      "2": 3.2,
      "7": 6.4,
      "3": 6.2,
      "5": 6.0,
      "8": 7.4,
      "9": 9.0,
      "4": 10.0
    },
    "31": {
      "6": 2.2,
      "5": 1.8,
      "4": 2.0,
      "1": 6.0,
      "2": 6.2,
      "9": 4.8,
      "7": 6.2,
      "3": 8.6,
      "0": 7.6,
      "8": 9.6
    },
    "32": {
      "5": 2.0,
      "1": 3.2,
      "9": 1.6,
      "4": 4.8,
      "7": 4.2,
      "0": 6.4,
      "2": 7.6,
      "8": 7.2,
      "3": 9.4,
      "6": 8.6
    },
    "33": {
      "0": 1.0,
      "9": 2.0,
      "7": 4.2,
      "6": 6.4,
      "2": 4.4,
      "8": 5.8,
      "1": 4.8,
      "4": 8.0,
      "3": 8.6,
      "5": 9.8
    },
    "34": {
      "3": 1.5,
      "7": 2.0,
      "9": 4.5,
      "1": 3.5,
      "8": 4.75,
      "0": 5.5,
      "4": 6.5,
      "5": 7.75,
      "2": 9.0,
      "6": 10.0
    },
    "35": {
      "1": 3.4,
      "2": 3.2,
      "3": 2.0,
      "9": 4.6,
      "8": 4.0,
      "6": 4.6,
      "4": 6.8,
      "7": 8.0,
      "5": 8.6,
      "0": 9.8
    },
    "36": {
      "2": 1.0,
      "1": 3.4,
      "4": 2.4,
      "0": 4.6,
      "3": 5.8,
      "6": 4.6,
      "7": 6.2,
      "8": 8.6,
      "9": 9.4,