{
  "content_diversity": 0.3445156216621399,
  "classifier_auc": 0.7783247359371162,
  "ranking_stability": 0.6014646984780866,
  "feature_coefficients": {
    "word_count": 1.2250322646644025,
    "sentence_count": -0.21762574649228084,
    "avg_sentence_length": 0.34171364261999493,
    "paragraph_count": -0.31881925810963163,
    "heading_density": 0.12427808961420196,
    "list_frequency": 0.2057593402712595,
    "readability": -0.2863121954899545,
    "bold_emphasis_density": -0.13874102397261062,
    "citation_density": -0.39530139054357605,
    "statistic_density": 0.16861672424062377,
    "quote_density": -0.034588798185038884,
    "named_source_mentions": -0.2173408253232069,
    "year_mentions": 0.012713748655254988,
    "claim_density": -0.19298540777130796,
    "external_reference_density": -0.10753275124961466,
    "question_density": 0.13901547226557884,
    "query_similarity": 0.5151935634430835,
    "corpus_centroid_similarity": 0.05907663813234012,
    "type_token_ratio": -0.20527046849921554,
    "vocabulary_sophistication": -0.14151260212049652,
    "sentiment_polarity": -0.016189676825308183,
    "avg_word_length": -1.0371714726285972,
    "semantic_uniqueness": -0.10984458752504205,
    "information_density": 0.008090552122639183,
    "specificity_score": 0.04966003223227959
  },
  "avg_ranks": {
    "0": {
      "7": 1.8,
      "2": 2.8,
      "6": 1.6,
      "9": 3.8,
      "8": 6.2,
      "0": 7.2,
      "1": 5.8,
      "3": 7.8,
      "4": 8.0,
      "5": 10.0
    },
    "1": {
      "4": 1.0,
      "3": 2.8,
      "9": 6.4,
      "2": 7.0,
      "7": 7.0,
      "6": 3.8,
      "5": 4.0,
      "1": 6.4,
      "0": 6.6,
      "8": 10.0
    },
    "2": {
      "7": 1.0,
      "1": 2.6,
      "6": 3.8,
      "0": 5.0,
      "8": 4.4,
      "9": 5.6,
      "5": 6.8,
      "2": 7.4,
      "3": 9.6,
      "4": 8.8
    },
    "3": {
      "1": 1.0,
      "4": 2.2,
      "3": 2.8,
      "6": 5.4,
      "7": 5.2,
      "8": 6.6,
      "2": 8.0,
      "0": 6.8,
      "9": 8.8,
      "5": 8.2
    },
    "4": {
      "0": 1.2,
      "8": 1.8,
      "1": 6.0,
      "7": 5.8,
      "6": 3.4,
      "5": 7.6,
      "2": 7.6,
      "9": 6.2,
      "4": 9.0,
      "3": 6.4
    },
    "5": {
      "1": 3.0,
      "9": 2.8,
      "0": 3.8,
      "7": 3.6,
      "3": 2.8,
      "6": 6.4,
      "2": 5.8,
      "8": 7.8,
      "5": 9.4,
      "4": 9.6
    },
    "6": {
      "1": 1.8,
      "6": 3.4,
      "0": 5.6,
      "3": 4.0,
      "5": 4.6,
      "8": 5.4,
      "9": 6.8,
      "2": 8.8,
      "7": 6.4,
      "4": 8.2
    },
    "7": {
      "1": 1.4,
      "9": 1.6,
      "7": 6.2,
      "0": 6.0,
      "2": 3.8,
      "4": 4.4,
      "5": 9.0,
      "6": 6.8,
      "3": 6.6,
      "8": 9.2
    },
    "8": {
      "5": 1.0,
      "9": 2.0,
      "8": 3.2,
      "6": 3.8,
      "3": 7.8,
      "0": 7.0,
      "2": 7.6,
      "7": 6.4,
      "1": 7.0,
      "4": 9.2
    },
    "9": {
      "5": 3.2,
      "7": 2.8,
      "1": 4.6,
      "6": 3.0,
      "4": 3.0,
      "9": 4.4,
      "2": 8.4,
      "0": 8.4,
      "8": 8.2,
      "3": 9.0
    },
    "10": {
      "9": 4.6,
      "2": 5.4,
      "8": 3.6,
      "7": 3.4,
      "5": 3.2,
      "1": 5.0,
      "0": 4.8,
      "3": 7.2,
      "4": 8.0,
      "6": 9.8
    },
    "11": {
      "7": 1.0,
      "8": 3.0,
      "5": 4.4,
      "4": 4.4,
      "2": 4.0,
      "3": 5.0,
      "9": 9.0,
      "6": 6.4,
      "1": 8.6,
      "0": 9.2
    },
    "12": {
      "0": 1.0,
      "1": 2.4,
      "3": 3.0,
      "5": 6.0,
      "2": 3.8,
      "8": 6.2,
      "7": 6.6,
      "6": 7.6,
      "9": 9.6,
      "4": 8.8
    },
    "13": {
      "4": 2.6,
      "2": 2.0,
      "5": 3.4,
      "3": 3.6,
      "9": 3.8,
      "1": 6.0,
      "0": 6.6,
      "8": 8.8,
      "6": 9.0,
      "7": 9.2
    },
    "14": {
      "2": 1.2,
      "0": 1.8,
      "3": 4.4,
      "6": 4.6,
      "4": 3.4,
      "9": 5.6,
      "8": 8.8,
      "5": 8.0,
      "7": 8.4,
      "1": 8.8
    },
    "15": {
      "1": 2.0,
      "2": 2.6,
      "9": 3.8,
      "3": 2.8,
      "0": 4.0,
      "4": 5.8,
      "8": 7.8,
      "7": 7.6,
      "6": 9.8,
      "5": 8.8
    },
    "16": {
      "5": 3.2,
      "3": 5.6,
      "4": 6.0,
      "6": 4.8,
      "8": 6.8,
      "7": 4.2,
      "9": 4.4,
      "1": 5.6,
      "0": 7.4,
      "2": 7.0
    },
    "17": {
      "2": 1.0,
      "3": 2.0,
      "5": 3.0,
      "4": 5.0,
      "7": 4.5,
      "9": 5.5,
      "0": 7.0,
      "1": 8.0,
      "8": 9.0,
      "6": 10.0
    },
    "18": {
      "3": 1.2,
      "6": 2.2,
      "1": 6.0,
      "5": 3.8,
      "4": 4.4,
      "2": 4.6,
      "7": 8.4,
      "8": 6.4,
      "9": 8.0,
      "0": 10.0
    },
    "19": {
      "0": 1.6,
      "3": 1.4,
      "5": 3.6,
      "4": 3.4,
      "7": 5.2,
      "8": 7.6,
      "2": 6.8,
      "6": 7.2,
      "1": 9.2,
      "9": 9.0
    },
    "20": {
      "2": 4.2,
      "0": 4.6,
      "1": 3.8,
      "6": 7.8,
      "8": 3.4,
      "9": 4.4,
      "5": 5.8,
      "4": 5.0,
      "3": 7.4,
      "7": 8.6
    },
    "21": {
      "8": 1.0,
      "1": 2.0,
      "9": 4.8,
      "3": 4.6,
      "7": 5.2,
      "4": 6.6,
      "2": 5.0,
      "0": 8.6,
      "6": 9.4,
      "5": 7.8
    },
    "22": {
      "1": 1.2,
      "3": 1.8,
      "8": 4.0,
      "5": 3.8,
      "6": 5.0,
      "4": 6.4,
      "0": 7.2,
      "2": 6.6,
      "7": 9.2,
      "9": 9.8
    },
    "23": {
      "8": 1.0,
      "7": 2.6,
      "3": 2.8,
      "9": 5.6,
      "5": 5.0,
      "1": 6.2,
      "0": 5.8,
      "4": 9.0,
      "2": 8.0,
      "6": 9.0
    },
    "24": {
      "7": 2.8,
      "8": 3.4,
      "9": 2.8,
      "4": 4.4,
      "2": 6.0,
      "6": 5.6,
      "5": 8.0,
      "3": 6.0,
      "1": 6.2,
      "0": 9.8
    },
    "25": {
      "9": 1.4,
      "4": 1.6,
      "7": 4.0,
      "1": 4.4,
      "2": 4.2,
      "8": 5.4,
      "6": 7.6,
      "3": 8.8,
      "5": 9.8,
      "0": 7.8
    },
    "26": {
      "2": 2.6,
      "6": 1.6,
      "4": 5.2,
      "9": 3.0,
      "1": 5.0,
      "0": 5.2,
      "3": 6.8,
      "7": 8.4,
      "5": 7.2,
      "8": 10.0
    },
    "27": {
      "0": 1.4,
      "5": 5.0,
      "6": 3.0,
      "1": 2.8,
      "4": 5.4,
      "7": 6.6,
      "2": 7.6,
      "9": 4.2,
      "3": 9.0,
      "8": 10.0
    },
    "28": {
      "6": 1.2,
      "4": 1.8,
      "9": 4.0,
      "2": 6.8,
      "3": 5.4,
      "1": 4.6,
      "5": 5.6,
      "7": 6.6,
      "8": 9.4,
      "0": 9.6
    },
    "29": {
      "1": 1.0,
      "6": 3.6,
      "3": 2.6,
      "5": 5.0,
      "0": 5.4,
      "7": 6.2,
      "2": 6.8,
      "8": 7.8,
      "9": 8.0,
      "4": 8.6
    },
    "30": {
      "6": 2.4,
      "0": 1.4,
      "2": 3.4,
      "3": 5.2,
      "7": 6.0,
      "1": 3.4,
      "8": 8.0,
      "5": 7.0,
      "9": 8.4,
      "4": 9.8
    },
    "31": {
      "6": 2.4,
      "5": 1.8,
      "4": 1.8,
      "9": 5.8,
      "1": 5.0,
      "2": 5.2,
      "7": 6.0,
      "3": 8.6,
      "0": 8.6,
      "8": 9.8
    },
    "32": {
      "5": 3.6,
      "9": 1.2,
      "1": 3.4,
      "7": 3.6,
      "4": 3.4,
      "0": 6.4,
      "8": 7.8,
      "2": 6.8,
      "6": 8.8,
      "3": 10.0
    },
    "33": {
      "9": 1.6,
      "0": 1.4,
      "6": 7.2,
      "1": 3.6,
      "8": 5.2,
      "7": 5.6,
      "4": 7.2,
      "3": 8.2,
      "2": 5.0,
      "5": 10.0
    },
    "34": {
      "3": 2.0,
      "1": 3.6,
      "9": 5.2,
      "8": 3.6,
      "0": 4.4,
      "7": 2.8,
      "4": 6.8,
      "5": 8.4,
      "2": 8.2,
      "6": 10.0
    },
    "35": {
      "1": 1.8,
      "2": 2.0,
      "8": 6.0,
      "3": 2.4,
      "6": 5.0,
      "4": 5.6,
      "5": 8.0,
      "7": 7.4,
      "9": 7.2,
      "0": 9.6
    },
    "36": {
      "2": 1.0,
      "4": 2.6,
      "1": 3.2,
      "0": 3.6,
      "6": 5.0,
      "7": 6.4,
      "3": 6.2,
      "8": 8.2,
      "5": 8.8,
      "9": 10.0
    },
    "37": {
      "8": 2.0,
      "9": 2.2,
      "7": 2.6,
      "0": 4.2,