{
  "content_diversity": 0.33982032537460327,
  "classifier_auc": 0.7258708940933865,
  "ranking_stability": 0.6031615120274914,
  "feature_coefficients": {
    "word_count": 0.6174183012626251,
    "sentence_count": -0.3352128097071306,
    "avg_sentence_length": -0.07192459894404586,
    "paragraph_count": -0.499693750539687,
    "heading_density": -0.6341423293988023,
    "list_frequency": -0.24890589904808436,
    "readability": 0.032515941831744055,
    "bold_emphasis_density": 0.1554443488762007,
    "citation_density": -0.20252064574766304,
    "statistic_density": 0.2410532035891244,
    "quote_density": -0.026644731178481828,
    "named_source_mentions": -0.0399714049485514,
    "year_mentions": 0.06125881482911683,
    "claim_density": -0.10135389780099441,
    "external_reference_density": -0.1006960822817655,
    "question_density": 0.06593691606848907,
    "query_similarity": 0.4679135543415083,
    "corpus_centroid_similarity": 0.03747210782279051,
    "type_token_ratio": -0.10487412132365052,
    "vocabulary_sophistication": -0.009105894494825677,
    "sentiment_polarity": -0.04627951084727728,
    "avg_word_length": -0.6714958442555665,
    "semantic_uniqueness": 0.05497141241366494,
    "information_density": 0.015499241499115385,
    "specificity_score": -0.16320961363948328
  },
  "avg_ranks": {
    "0": {
      "7": 1.6,
      "2": 2.4,
      "9": 3.2,
      "6": 2.8,
      "8": 7.4,
      "3": 6.4,
      "1": 6.4,
      "4": 7.2,
      "0": 7.8,
      "5": 9.8
    },
    "1": {
      "4": 1.0,
      "3": 2.0,
      "5": 5.6,
      "6": 6.2,
      "0": 8.0,
      "1": 7.8,
      "9": 4.4,
      "7": 4.6,
      "2": 5.4,
      "8": 10.0
    },
    "2": {
      "7": 1.0,
      "1": 2.0,
      "6": 4.6,
      "9": 6.0,
      "0": 5.4,
      "8": 3.6,
      "4": 8.6,
      "2": 6.8,
      "5": 7.2,
      "3": 9.8
    },
    "3": {
      "1": 1.0,
      "4": 2.0,
      "3": 4.0,
      "0": 6.6,
      "9": 8.0,
      "6": 5.0,
      "7": 4.8,
      "8": 5.4,
      "2": 8.2,
      "5": 10.0
    },
    "4": {
      "0": 1.0,
      "8": 2.0,
      "6": 3.0,
      "3": 5.4,
      "1": 6.8,
      "5": 7.4,
      "7": 8.0,
      "2": 7.4,
      "9": 5.6,
      "4": 8.4
    },
    "5": {
      "0": 3.4,
      "9": 3.0,
      "7": 3.6,
      "1": 3.2,
      "2": 6.2,
      "3": 3.0,
      "6": 6.4,
      "8": 8.2,
      "5": 9.2,
      "4": 8.8
    },
    "6": {
      "3": 3.8,
      "5": 4.0,
      "8": 5.0,
      "9": 5.4,
      "1": 2.0,
      "4": 7.0,
      "0": 5.8,
      "2": 9.0,
      "6": 5.8,
      "7": 7.2
    },
    "7": {
      "1": 1.0,
      "9": 2.0,
      "2": 3.75,
      "4": 3.75,
      "0": 5.75,
      "3": 7.25,
      "6": 6.25,
      "7": 6.5,
      "5": 8.75,
      "8": 10.0
    },
    "8": {
      "6": 1.8,
      "5": 2.2,
      "9": 3.0,
      "8": 3.0,
      "4": 7.4,
      "7": 6.8,
      "1": 6.2,
      "2": 7.8,
      "0": 7.6,
      "3": 9.2
    },
    "9": {
      "7": 2.75,
      "6": 2.0,
      "5": 3.75,
      "1": 5.5,
      "4": 3.25,
      "9": 4.25,
      "2": 7.75,
      "8": 8.25,
      "0": 8.75,
      "3": 8.75
    },
    "10": {
      "2": 4.6,
      "9": 4.8,
      "5": 2.4,
      "8": 4.0,
      "7": 3.8,
      "3": 6.6,
      "0": 5.4,
      "1": 5.2,
      "4": 8.2,
      "6": 10.0
    },
    "11": {
      "7": 1.0,
      "8": 3.4,
      "3": 4.0,
      "2": 4.2,
      "5": 6.0,
      "4": 4.2,
      "6": 6.4,
      "1": 7.8,
      "0": 8.0,
      "9": 10.0
    },
    "12": {
      "0": 1.0,
      "1": 2.0,
      "2": 3.8,
      "3": 3.8,
      "7": 4.8,
      "8": 7.8,
      "6": 8.4,
      "5": 6.2,
      "4": 8.2,
      "9": 9.0
    },
    "13": {
      "4": 3.6,
      "2": 2.4,
      "9": 1.8,
      "5": 3.8,
      "3": 4.8,
      "1": 5.4,
      "0": 6.4,
      "6": 9.0,
      "7": 8.4,
      "8": 9.4
    },
    "14": {
      "0": 1.4,
      "2": 1.6,
      "4": 5.0,
      "8": 7.2,
      "6": 4.4,
      "3": 4.6,
      "9": 5.0,
      "5": 7.4,
      "1": 9.0,
      "7": 9.4
    },
    "15": {
      "3": 2.2,
      "2": 2.6,
      "1": 2.4,
      "9": 3.6,
      "0": 4.2,
      "4": 6.4,
      "8": 7.0,
      "7": 8.4,
      "6": 9.4,
      "5": 8.8
    },
    "16": {
      "5": 1.2,
      "3": 3.0,
      "6": 4.0,
      "8": 6.8,
      "4": 3.2,
      "0": 7.6,
      "1": 5.4,
      "2": 8.0,
      "7": 7.2,
      "9": 8.6
    },
    "17": {
      "2": 1.0,
      "3": 2.0,
      "5": 3.0,
      "9": 5.0,
      "7": 5.5,
      "4": 4.5,
      "0": 7.25,
      "8": 9.0,
      "1": 8.0,
      "6": 9.75
    },
    "18": {
      "3": 1.6,
      "6": 2.6,
      "2": 3.2,
      "5": 3.8,
      "1": 6.6,
      "4": 5.4,
      "7": 6.8,
      "8": 7.0,
      "9": 8.0,
      "0": 10.0
    },
    "19": {
      "0": 1.6,
      "5": 3.6,
      "3": 1.6,
      "4": 3.2,
      "7": 6.0,
      "9": 6.6,
      "2": 7.8,
      "1": 7.0,
      "6": 8.8,
      "8": 8.8
    },
    "20": {
      "0": 2.0,
      "5": 4.0,
      "2": 5.0,
      "3": 5.2,
      "1": 5.4,
      "4": 5.6,
      "6": 7.4,
      "8": 5.0,
      "9": 5.6,
      "7": 9.8
    },
    "21": {
      "1": 2.0,
      "8": 1.4,
      "7": 5.4,
      "3": 6.0,
      "9": 6.8,
      "4": 5.4,
      "2": 3.4,
      "0": 9.4,
      "6": 9.2,
      "5": 6.0
    },
    "22": {
      "1": 1.0,
      "3": 2.0,
      "5": 3.6,
      "6": 4.8,
      "8": 4.0,
      "0": 6.2,
      "2": 7.4,
      "4": 7.4,
      "7": 9.4,
      "9": 9.2
    },
    "23": {
      "8": 1.0,
      "7": 2.4,
      "3": 3.4,
      "5": 4.2,
      "9": 4.0,
      "1": 6.6,
      "0": 7.2,
      "4": 8.4,
      "2": 8.4,
      "6": 9.4
    },
    "24": {
      "9": 3.0,
      "2": 5.2,
      "4": 4.4,
      "8": 2.8,
      "7": 3.8,
      "6": 7.2,
      "3": 5.4,
      "1": 5.6,
      "5": 7.8,
      "0": 9.8
    },
    "25": {
      "4": 1.0,
      "9": 2.0,
      "8": 4.8,
      "7": 3.4,
      "2": 5.0,
      "1": 4.8,
      "0": 7.8,
      "3": 9.0,
      "6": 7.8,
      "5": 9.4
    },
    "26": {
      "6": 1.2,
      "5": 2.4,
      "7": 7.8,
      "4": 7.0,
      "9": 5.2,
      "0": 6.6,
      "3": 6.6,
      "1": 7.0,
      "2": 3.6,
      "8": 7.6
    },
    "27": {
      "1": 3.8,
      "9": 2.4,
      "0": 2.8,
      "6": 1.6,
      "4": 5.6,
      "5": 6.4,
      "7": 6.4,
      "2": 7.0,
      "8": 9.2,
      "3": 9.8
    },
    "28": {
      "4": 1.4,
      "6": 1.6,
      "9": 3.0,
      "1": 5.6,
      "7": 6.4,
      "5": 6.6,
      "3": 5.4,
      "2": 7.0,
      "8": 8.8,
      "0": 9.2
    },
    "29": {
      "1": 1.0,
      "3": 2.6,
      "4": 7.0,
      "0": 5.0,
      "5": 5.4,
      "7": 7.8,
      "9": 7.6,
      "8": 7.2,
      "2": 7.6,
      "6": 3.8
    },
    "30": {
      "0": 1.6,
      "6": 2.4,
      "2": 3.4,
      "1": 2.8,
      "7": 4.8,
      "5": 6.4,
      "3": 6.8,
      "9": 8.8,
      "8": 8.0,
      "4": 10.0
    },
    "31": {
      "4": 1.8,
      "5": 1.8,
      "6": 2.4,
      "9": 4.6,
      "2": 5.0,
      "1": 5.6,
      "7": 7.0,
      "8": 9.2,
      "0": 8.4,
      "3": 9.2
    },
    "32": {
      "9": 1.4,
      "1": 2.8,
      "5": 1.8,
      "7": 4.4,
      "4": 5.0,
      "8": 6.0,
      "0": 6.6,
      "2": 8.0,
      "6": 9.0,
      "3": 10.0
    },
    "33": {
      "0": 1.6,
      "9": 1.4,
      "7": 4.4,
      "6": 6.6,
      "2": 6.2,
      "1": 4.4,
      "4": 6.4,
      "8": 6.4,
      "3": 8.2,
      "5": 9.4
    },
    "34": {
      "3": 2.2,
      "0": 2.0,
      "8": 5.0,
      "2": 8.0,
      "1": 3.4,
      "9": 4.8,
      "7": 4.2,
      "4": 7.4,
      "5": 8.0,
      "6": 10.0
    },
    "35": {
      "3": 1.0,
      "2": 2.6,
      "1": 2.4,
      "8": 4.4,
      "9": 7.6,
      "4": 6.2,
      "6": 6.4,
      "7": 7.0,
      "5": 8.0,
      "0": 9.4
    },
    "36": {
      "4": 1.8,
      "2": 1.8,
      "0": 2.4,
      "1": 4.2,
      "3": 5.4,
      "6": 5.4,
      "7": 7.2,
      "8": 8.0,
      "5": 8.8,
      "9": 10.0
    },
    "37": {
      "3": 5.2,
      "9": 2.8,
      "7": 2.4,