{
  "content_diversity": 0.33977648615837097,
  "classifier_auc": 0.7786440940461324,
  "ranking_stability": 0.6078021595262975,
  "feature_coefficients": {
    "word_count": 1.0525824645639366,
    "sentence_count": -0.4454019280294568,
    "avg_sentence_length": -0.0743161973740123,
    "paragraph_count": -0.25646556254402963,
    "heading_density": -0.46126580717480364,
    "list_frequency": -0.19166816059223654,
    "readability": -0.02040229140300262,
    "bold_emphasis_density": -0.14447094393736448,
    "citation_density": -0.4729110090876914,
    "statistic_density": 0.31366339550004674,
    "quote_density": -0.15011697515949976,
    "named_source_mentions": 0.008990461571227914,
    "year_mentions": 0.13995090492161236,
    "claim_density": -0.20789366320415004,
    "external_reference_density": -0.08098284821412753,
    "question_density": 0.08062251789455148,
    "query_similarity": 0.3820577804582928,
    "corpus_centroid_similarity": 0.1248621200453925,
    "type_token_ratio": 0.007851482294147717,
    "vocabulary_sophistication": -0.11767179698193006,
    "sentiment_polarity": -0.031035029242817695,
    "avg_word_length": -0.9721186259644903,
    "semantic_uniqueness": -0.07604251927264268,
    "information_density": 0.10642567955107775,
    "specificity_score": -0.24051493983867037
  },
  "avg_ranks": {
    "0": {
      "7": 1.2,
      "2": 1.8,
      "9": 3.4,
      "6": 3.6,
      "4": 7.2,
      "1": 6.2,
      "3": 7.4,
      "8": 6.0,
      "0": 8.2,
      "5": 10.0
    },
    "1": {
      "4": 1.0,
      "3": 2.4,
      "7": 3.0,
      "9": 3.8,
      "2": 5.6,
      "1": 7.8,
      "0": 8.0,
      "6": 6.4,
      "5": 7.0,
      "8": 10.0
    },
    "2": {
      "7": 1.0,
      "1": 2.0,
      "6": 3.8,
      "8": 3.8,
      "0": 5.4,
      "9": 5.8,
      "2": 6.4,
      "5": 7.8,
      "4": 9.2,
      "3": 9.8
    },
    "3": {
      "1": 1.0,
      "3": 2.8,
      "4": 2.2,
      "7": 5.4,
      "6": 6.0,
      "8": 6.8,
      "0": 6.0,
      "9": 7.8,
      "2": 7.4,
      "5": 9.6
    },
    "4": {
      "0": 1.2,
      "8": 1.8,
      "3": 5.0,
      "6": 3.2,
      "5": 6.4,
      "7": 5.6,
      "1": 6.2,
      "9": 7.4,
      "2": 8.4,
      "4": 9.8
    },
    "5": {
      "3": 1.4,
      "9": 2.8,
      "0": 4.2,
      "7": 3.6,
      "1": 4.0,
      "6": 7.2,
      "8": 7.6,
      "2": 6.0,
      "4": 8.8,
      "5": 9.4
    },
    "6": {
      "1": 1.6,
      "6": 3.8,
      "0": 4.4,
      "7": 5.8,
      "3": 6.2,
      "8": 5.2,
      "5": 4.2,
      "2": 7.8,
      "9": 7.0,
      "4": 9.0
    },
    "7": {
      "1": 1.0,
      "9": 2.0,
      "0": 6.4,
      "7": 5.8,
      "2": 4.2,
      "4": 4.4,
      "6": 6.6,
      "8": 7.4,
      "3": 8.2,
      "5": 9.0
    },
    "8": {
      "6": 2.0,
      "5": 1.5,
      "9": 3.5,
      "8": 3.0,
      "4": 8.0,
      "7": 6.0,
      "1": 7.0,
      "0": 7.75,
      "2": 7.75,
      "3": 8.5
    },
    "9": {
      "4": 2.8,
      "9": 3.4,
      "6": 3.6,
      "7": 3.2,
      "5": 3.6,
      "1": 4.4,
      "2": 8.2,
      "0": 8.0,
      "8": 7.8,
      "3": 10.0
    },
    "10": {
      "1": 4.6,
      "0": 4.8,
      "8": 4.0,
      "7": 4.6,
      "3": 7.0,
      "2": 3.8,
      "5": 4.0,
      "6": 9.6,
      "9": 4.4,
      "4": 8.2
    },
    "11": {
      "7": 1.0,
      "8": 4.6,
      "2": 3.4,
      "5": 4.4,
      "4": 4.2,
      "6": 5.0,
      "3": 6.0,
      "0": 8.6,
      "1": 8.0,
      "9": 9.8
    },
    "12": {
      "0": 1.0,
      "1": 2.0,
      "2": 3.6,
      "3": 3.8,
      "7": 6.4,
      "8": 5.6,
      "5": 5.8,
      "6": 8.0,
      "4": 8.8,
      "9": 10.0
    },
    "13": {
      "4": 2.4,
      "2": 2.4,
      "5": 2.8,
      "9": 3.2,
      "3": 4.4,
      "1": 5.8,
      "6": 8.6,
      "0": 8.2,
      "7": 8.2,
      "8": 9.0
    },
    "14": {
      "2": 1.2,
      "0": 2.4,
      "6": 3.6,
      "3": 3.4,
      "4": 5.0,
      "9": 6.0,
      "1": 8.8,
      "5": 7.6,
      "8": 7.2,
      "7": 9.8
    },
    "15": {
      "3": 3.0,
      "1": 1.8,
      "2": 2.0,
      "9": 3.4,
      "0": 5.0,
      "4": 6.8,
      "8": 6.6,
      "7": 8.2,
      "5": 8.4,
      "6": 9.8
    },
    "16": {
      "5": 1.8,
      "3": 3.8,
      "4": 4.0,
      "6": 4.4,
      "1": 5.6,
      "0": 8.0,
      "2": 6.6,
      "9": 7.0,
      "7": 6.0,
      "8": 7.8
    },
    "17": {
      "2": 1.3333333333333333,
      "3": 2.3333333333333335,
      "5": 2.3333333333333335,
      "4": 6.333333333333333,
      "9": 5.0,
      "0": 6.333333333333333,
      "7": 5.666666666666667,
      "1": 8.666666666666666,
      "6": 7.0,
      "8": 10.0
    },
    "18": {
      "2": 2.8,
      "3": 1.8,
      "6": 2.4,
      "1": 6.4,
      "4": 5.0,
      "5": 4.0,
      "8": 6.0,
      "9": 8.8,
      "7": 7.8,
      "0": 10.0
    },
    "19": {
      "0": 1.6,
      "5": 3.4,
      "3": 3.0,
      "4": 4.4,
      "1": 6.8,
      "7": 5.4,
      "2": 7.6,
      "8": 8.2,
      "6": 8.0,
      "9": 6.6
    },
    "20": {
      "5": 1.6,
      "2": 2.6,
      "1": 4.6,
      "4": 5.0,
      "3": 4.2,
      "0": 3.0,
      "7": 9.2,
      "6": 9.0,
      "8": 7.4,
      "9": 8.4
    },
    "21": {
      "8": 1.2,
      "1": 2.2,
      "2": 3.6,
      "3": 6.2,
      "7": 6.0,
      "9": 4.2,
      "4": 5.8,
      "6": 8.8,
      "5": 8.4,
      "0": 8.6
    },
    "22": {
      "1": 1.0,
      "3": 2.0,
      "5": 3.0,
      "8": 4.6,
      "6": 5.6,
      "0": 6.0,
      "2": 7.0,
      "4": 8.0,
      "7": 8.6,
      "9": 9.2
    },
    "23": {
      "8": 1.0,
      "7": 2.4,
      "5": 4.4,
      "9": 5.6,
      "0": 5.6,
      "1": 5.0,
      "3": 5.2,
      "4": 7.8,
      "2": 8.4,
      "6": 9.6
    },
    "24": {
      "8": 2.2,
      "7": 2.0,
      "1": 7.0,
      "3": 6.8,
      "9": 3.2,
      "5": 7.0,
      "6": 5.8,
      "4": 5.4,
      "2": 5.6,
      "0": 10.0
    },
    "25": {
      "4": 1.0,
      "9": 2.0,
      "7": 3.6,
      "1": 4.0,
      "2": 4.8,
      "8": 5.6,
      "0": 7.0,
      "5": 9.2,
      "3": 9.4,
      "6": 8.4
    },
    "26": {
      "6": 1.0,
      "2": 2.0,
      "9": 3.8,
      "4": 5.8,
      "5": 3.8,
      "7": 8.6,
      "0": 6.0,
      "1": 7.6,
      "3": 7.4,
      "8": 9.0
    },
    "27": {
      "6": 1.8,
      "4": 4.6,
      "2": 6.0,
      "7": 5.8,
      "0": 4.0,
      "9": 3.6,
      "1": 3.4,
      "5": 6.8,
      "8": 9.2,
      "3": 9.8
    },
    "28": {
      "6": 1.25,
      "4": 1.75,
      "9": 6.25,
      "1": 4.0,
      "7": 5.0,
      "5": 5.25,
      "3": 6.0,
      "2": 7.75,
      "8": 8.5,
      "0": 9.25
    },
    "29": {
      "1": 1.2,
      "3": 2.4,
      "5": 5.2,
      "6": 2.6,
      "4": 6.6,
      "0": 5.6,
      "7": 6.2,
      "9": 8.4,
      "8": 7.4,
      "2": 9.4
    },
    "30": {
      "1": 1.6,
      "0": 1.8,
      "2": 3.8,
      "6": 3.2,
      "7": 5.0,
      "3": 7.0,
      "5": 6.6,
      "8": 7.4,
      "9": 9.0,
      "4": 9.6
    },
    "31": {
      "4": 1.0,
      "6": 2.5,
      "5": 2.5,
      "0": 7.25,
      "7": 6.25,
      "9": 5.5,
      "2": 5.5,
      "1": 6.0,
      "3": 9.0,
      "8": 9.5
    },
    "32": {
      "9": 1.2,
      "5": 2.4,
      "1": 2.6,
      "7": 6.2,
      "8": 5.0,
      "4": 4.8,
      "0": 7.4,
      "2": 7.2,
      "6": 8.8,
      "3": 9.4
    },
    "33": {
      "9": 1.2,
      "0": 1.8,
      "4": 6.6,
      "7": 5.4,
      "1": 5.4,
      "2": 5.0,
      "8": 5.4,
      "6": 8.2,
      "3": 6.8,
      "5": 9.2
    },
    "34": {
      "7": 2.0,
      "3": 1.6,
      "0": 4.2,
      "8": 5.0,
      "9": 4.0,
      "4": 6.4,
      "1": 4.8,
      "5": 8.0,
      "2": 9.0,
      "6": 10.0
    },
    "35": {
      "2": 2.4,
      "1": 2.2,
      "3": 3.8,
      "6": 3.2,
      "4": 5.6,
      "9": 6.2,
      "8": 5.8,
      "5": 8.0,
      "7": 7.8,
      "0": 10.0
    },
    "36": {
      "4": 2.2,
      "2": 1.6,
      "6": 4.4,
      "0": 3.6,
      "1": 3.8,
      "7": 6.2,
      "3": 6.2,
      "5": 8.4,