{
  "content_diversity": 0.3346892297267914,
  "classifier_auc": 0.7197988571428571,
  "ranking_stability": 0.6013745704467354,
  "feature_coefficients": {
    "word_count": 0.7741239773837535,
    "sentence_count": -0.2720820228909134,
    "avg_sentence_length": -0.04342019491620228,
    "paragraph_count": 0.0,
    "heading_density": -0.6043328910802277,
    "list_frequency": -0.3843782723533966,
    "readability": -0.1277679499827353,
    "bold_emphasis_density": -0.019094981429801743,
    "citation_density": -0.5334418831692694,
    "statistic_density": 0.20839360010073882,
    "quote_density": 0.0,
    "named_source_mentions": -0.19051978774219377,
    "year_mentions": 0.028657352817466432,
    "claim_density": -0.010890375404433954,
    "external_reference_density": 0.0,
    "question_density": 0.09758923672226744,
    "query_similarity": 0.5016379895075664,
    "corpus_centroid_similarity": 0.03544593820945438,
    "type_token_ratio": 0.17802603092161642,
    "vocabulary_sophistication": -0.011126979118508531,
    "sentiment_polarity": -0.10112363525440733,
    "avg_word_length": 0.01589854519017579,
    "semantic_uniqueness": -0.027259865883044073,
    "information_density": 0.04507605484620827,
    "specificity_score": -0.03596268790858487
  },
  "avg_ranks": {
    "0": {
      "6": 1.6,
      "7": 1.6,
      "2": 3.0,
      "9": 3.8,
      "8": 6.2,
      "1": 5.6,
      "4": 8.4,
      "3": 7.8,
      "0": 7.6,
      "5": 9.4
    },
    "1": {
      "4": 1.0,
      "7": 3.4,
      "9": 3.6,
      "2": 5.0,
      "3": 3.2,
      "6": 6.2,
      "5": 6.4,
      "0": 8.4,
      "1": 8.2,
      "8": 9.6
    },
    "2": {
      "7": 1.0,
      "1": 2.0,
      "8": 3.0,
      "6": 6.2,
      "5": 7.8,
      "0": 5.2,
      "9": 5.2,
      "2": 6.0,
      "4": 9.2,
      "3": 9.4
    },
    "3": {
      "1": 1.0,
      "4": 2.0,
      "3": 4.0,
      "7": 4.8,
      "0": 6.0,
      "2": 7.4,
      "9": 7.4,
      "6": 5.2,
      "8": 8.2,
      "5": 9.0
    },
    "4": {
      "0": 1.0,
      "8": 2.2,
      "6": 3.4,
      "3": 5.2,
      "9": 6.8,
      "2": 6.0,
      "4": 8.2,
      "1": 6.0,
      "7": 7.2,
      "5": 9.0
    },
    "5": {
      "3": 3.0,
      "7": 4.4,
      "1": 2.4,
      "9": 3.0,
      "0": 4.2,
      "2": 4.8,
      "6": 6.6,
      "8": 8.4,
      "5": 8.8,
      "4": 9.4
    },
    "6": {
      "6": 3.2,
      "7": 3.6,
      "0": 4.0,
      "1": 3.2,
      "3": 4.0,
      "9": 6.8,
      "5": 6.0,
      "8": 7.0,
      "2": 8.6,
      "4": 8.6
    },
    "7": {
      "1": 1.4,
      "9": 1.6,
      "0": 4.2,
      "6": 5.8,
      "4": 4.4,
      "2": 4.6,
      "7": 6.6,
      "3": 7.6,
      "8": 9.2,
      "5": 9.6
    },
    "8": {
      "6": 1.8,
      "9": 3.6,
      "5": 2.0,
      "8": 2.6,
      "2": 8.4,
      "0": 8.2,
      "3": 7.4,
      "7": 6.0,
      "4": 7.6,
      "1": 7.4
    },
    "9": {
      "7": 2.2,
      "5": 3.2,
      "1": 5.0,
      "6": 3.0,
      "4": 3.6,
      "9": 4.0,
      "2": 7.8,
      "8": 8.4,
      "0": 8.6,
      "3": 9.2
    },
    "10": {
      "2": 1.4,
      "9": 2.4,
      "0": 4.6,
      "1": 4.4,
      "3": 3.4,
      "5": 5.6,
      "8": 7.2,
      "7": 7.0,
      "4": 9.0,
      "6": 10.0
    },
    "11": {
      "3": 4.6,
      "2": 3.8,
      "4": 3.6,
      "5": 4.2,
      "6": 4.8,
      "1": 8.0,
      "0": 8.6,
      "7": 4.0,
      "8": 3.8,
      "9": 9.6
    },
    "12": {
      "0": 1.0,
      "2": 2.8,
      "1": 2.2,
      "3": 4.2,
      "7": 5.8,
      "5": 5.8,
      "4": 8.6,
      "9": 9.2,
      "6": 7.6,
      "8": 7.8
    },
    "13": {
      "4": 2.6,
      "5": 2.4,
      "9": 2.0,
      "0": 6.8,
      "2": 3.2,
      "3": 5.2,
      "1": 6.2,
      "7": 8.6,
      "6": 8.4,
      "8": 9.6
    },
    "14": {
      "2": 1.0,
      "0": 2.0,
      "4": 4.25,
      "5": 4.0,
      "6": 5.75,
      "3": 5.75,
      "8": 7.25,
      "9": 6.25,
      "7": 8.75,
      "1": 10.0
    },
    "15": {
      "0": 3.2,
      "2": 2.0,
      "1": 1.8,
      "9": 3.4,
      "3": 4.6,
      "8": 6.4,
      "4": 7.2,
      "7": 7.8,
      "5": 8.8,
      "6": 9.8
    },
    "16": {
      "5": 1.0,
      "6": 5.6,
      "8": 5.6,
      "7": 5.4,
      "9": 6.0,
      "1": 6.0,
      "2": 5.8,
      "4": 5.6,
      "0": 7.0,
      "3": 7.0
    },
    "17": {
      "2": 1.0,
      "3": 2.0,
      "4": 5.333333333333333,
      "0": 4.333333333333333,
      "7": 4.666666666666667,
      "9": 5.0,
      "5": 5.666666666666667,
      "1": 8.666666666666666,
      "6": 8.666666666666666,
      "8": 9.666666666666666
    },
    "18": {
      "6": 1.8,
      "3": 1.6,
      "5": 3.4,
      "4": 4.0,
      "1": 4.8,
      "8": 6.2,
      "2": 6.6,
      "9": 8.0,
      "7": 8.6,
      "0": 10.0
    },
    "19": {
      "0": 1.2,
      "3": 2.0,
      "5": 3.4,
      "4": 3.4,
      "1": 6.4,
      "6": 8.4,
      "2": 7.6,
      "8": 8.4,
      "7": 7.0,
      "9": 7.2
    },
    "20": {
      "4": 1.4,
      "2": 2.8,
      "5": 4.6,
      "0": 2.6,
      "3": 4.2,
      "1": 5.4,
      "6": 8.8,
      "8": 7.6,
      "9": 7.8,
      "7": 9.8
    },
    "21": {
      "8": 1.0,
      "1": 2.2,
      "4": 5.4,
      "7": 5.4,
      "3": 5.6,
      "9": 6.0,
      "2": 4.0,
      "0": 9.0,
      "6": 9.0,
      "5": 7.4
    },
    "22": {
      "1": 1.4,
      "3": 1.8,
      "5": 2.8,
      "8": 4.4,
      "6": 5.4,
      "4": 5.6,
      "2": 8.6,
      "0": 8.0,
      "9": 7.6,
      "7": 9.4
    },
    "23": {
      "8": 1.0,
      "7": 2.2,
      "5": 4.6,
      "9": 4.8,
      "3": 4.4,
      "1": 6.2,
      "0": 6.4,
      "6": 7.8,
      "2": 9.0,
      "4": 8.6
    },
    "24": {
      "8": 3.6,
      "7": 3.4,
      "9": 2.6,
      "5": 7.6,
      "6": 5.8,
      "1": 5.6,
      "3": 6.6,
      "4": 4.4,
      "2": 5.4,
      "0": 10.0
    },
    "25": {
      "7": 2.0,
      "4": 1.75,
      "9": 2.25,
      "2": 4.5,
      "1": 5.0,
      "8": 5.5,
      "6": 7.0,
      "3": 8.75,
      "5": 9.25,
      "0": 9.0
    },
    "26": {
      "6": 1.0,
      "5": 3.25,
      "3": 6.5,
      "9": 4.25,
      "0": 6.0,
      "1": 5.75,
      "4": 7.5,
      "7": 8.25,
      "2": 4.0,
      "8": 8.5
    },
    "27": {
      "6": 1.8,
      "2": 5.2,
      "7": 5.4,
      "4": 5.0,
      "0": 2.8,
      "1": 4.2,
      "9": 3.6,
      "3": 9.0,
      "5": 8.2,
      "8": 9.8
    },
    "28": {
      "6": 1.2,
      "4": 1.8,
      "9": 3.6,
      "1": 3.8,
      "5": 4.8,
      "2": 7.4,
      "8": 9.0,
      "3": 7.4,
      "7": 6.4,
      "0": 9.6
    },
    "29": {
      "1": 1.0,
      "3": 2.4,
      "6": 2.6,
      "4": 6.4,
      "8": 6.6,
      "0": 5.6,
      "5": 6.2,
      "2": 8.6,
      "7": 7.8,
      "9": 7.8
    },
    "30": {
      "0": 2.0,
      "2": 3.8,
      "6": 2.8,
      "7": 4.8,
      "1": 2.6,
      "3": 6.4,
      "5": 5.8,
      "9": 8.0,
      "8": 8.8,
      "4": 10.0
    },
    "31": {
      "4": 1.0,
      "5": 2.2,
      "6": 2.8,
      "0": 7.0,
      "2": 4.8,
      "1": 5.0,
      "9": 5.8,
      "7": 7.8,
      "3": 8.8,
      "8": 9.8
    },
    "32": {
      "9": 1.6,
      "1": 3.0,
      "5": 2.0,
      "4": 5.4,
      "7": 5.6,
      "0": 6.0,
      "2": 6.6,
      "8": 6.4,
      "3": 9.4,
      "6": 9.0
    },
    "33": {
      "9": 1.5,
      "0": 1.5,
      "4": 5.5,
      "1": 4.5,
      "2": 5.75,
      "8": 5.5,
      "7": 5.75,
      "3": 7.25,
      "6": 7.75,
      "5": 10.0
    },
    "34": {
      "7": 3.8,
      "3": 1.6,
      "0": 4.4,
      "8": 3.6,
      "1": 4.0,
      "9": 4.0,
      "4": 7.0,
      "5": 7.8,
      "2": 8.8,
      "6": 10.0
    },
    "35": {
      "2": 1.8,
      "1": 1.6,
      "3": 2.6,
      "6": 4.4,
      "9": 6.2,
      "8": 5.6,
      "4": 5.8,
      "5": 9.2,
      "7": 8.6,
      "0": 9.2
    },
    "36": {
      "0": 2.6,
      "4": 2.6,
      "1": 2.8,
      "2": 3.4,
      "6": 4.0,
      "7": 5.8,
      "3": 6.8,
      "8": 8.8,
      "5": 8.6,
      "9": 9.6
    },