{
  "content_diversity": 0.34512972831726074,
  "classifier_auc": 0.7781935852113715,
  "ranking_stability": 0.6243450767841011,
  "feature_coefficients": {
    "word_count": 1.2644195193200072,
    "sentence_count": -0.48566252992138104,
    "avg_sentence_length": 0.10836068346720966,
    "paragraph_count": -0.33067146631768235,
    "heading_density": 0.10115350104325638,
    "list_frequency": 0.035057195453622424,
    "readability": -0.012220186138955135,
    "bold_emphasis_density": 0.07525145548185545,
    "citation_density": -0.8925643148294654,
    "statistic_density": 0.26420138448680697,
    "quote_density": -0.07137911750721881,
    "named_source_mentions": -0.12608549362399088,
    "year_mentions": 0.06150730760483961,
    "claim_density": -0.25931128609561405,
    "external_reference_density": -0.10584906037474645,
    "question_density": 0.2031398023092912,
    "query_similarity": 0.5683301394384139,
    "corpus_centroid_similarity": 0.1457444558376637,
    "type_token_ratio": -0.21556880179432095,
    "vocabulary_sophistication": -0.1466967910712891,
    "sentiment_polarity": -0.015578091199140392,
    "avg_word_length": -0.8275127810284728,
    "semantic_uniqueness": -0.08934448973039069,
    "information_density": 0.0006769240073025111,
    "specificity_score": -0.13133616392678024
  },
  "avg_ranks": {
    "0": {
      "7": 1.6,
      "2": 2.4,
      "9": 2.2,
      "6": 3.8,
      "8": 6.0,
      "1": 6.4,
      "3": 6.6,
      "4": 7.8,
      "0": 8.2,
      "5": 10.0
    },
    "1": {
      "4": 1.0,
      "7": 4.4,
      "3": 3.2,
      "2": 5.8,
      "9": 5.8,
      "6": 4.0,
      "5": 3.8,
      "0": 8.4,
      "1": 9.0,
      "8": 9.6
    },
    "2": {
      "7": 1.0,
      "1": 2.0,
      "6": 3.4,
      "8": 3.8,
      "2": 6.4,
      "9": 6.8,
      "5": 6.0,
      "0": 7.2,
      "3": 9.6,
      "4": 8.8
    },
    "3": {
      "1": 1.0,
      "4": 2.6,
      "7": 3.4,
      "3": 3.8,
      "6": 4.2,
      "0": 6.6,
      "2": 7.2,
      "9": 7.8,
      "8": 9.4,
      "5": 9.0
    },
    "4": {
      "8": 1.8,
      "0": 1.2,
      "6": 3.0,
      "3": 5.0,
      "5": 6.2,
      "7": 5.8,
      "1": 6.6,
      "9": 7.6,
      "2": 7.8,
      "4": 10.0
    },
    "5": {
      "3": 2.0,
      "9": 3.0,
      "0": 3.4,
      "7": 4.6,
      "2": 7.0,
      "1": 4.0,
      "6": 4.6,
      "8": 7.4,
      "5": 9.6,
      "4": 9.4
    },
    "6": {
      "3": 2.6,
      "9": 3.6,
      "1": 3.6,
      "5": 4.0,
      "8": 5.8,
      "4": 7.2,
      "0": 6.2,
      "6": 5.6,
      "2": 8.6,
      "7": 7.8
    },
    "7": {
      "1": 1.2,
      "9": 1.8,
      "4": 3.2,
      "0": 5.2,
      "2": 4.0,
      "7": 6.0,
      "8": 9.2,
      "6": 7.4,
      "3": 7.8,
      "5": 9.2
    },
    "8": {
      "5": 1.0,
      "9": 2.2,
      "8": 3.0,
      "6": 3.8,
      "7": 5.0,
      "1": 8.0,
      "4": 9.2,
      "3": 7.8,
      "2": 7.2,
      "0": 7.8
    },
    "9": {
      "9": 1.6,
      "4": 1.4,
      "6": 3.8,
      "7": 4.0,
      "5": 4.4,
      "1": 5.8,
      "2": 8.8,
      "3": 9.0,
      "8": 8.0,
      "0": 8.2
    },
    "10": {
      "8": 3.8,
      "7": 4.0,
      "5": 5.2,
      "0": 4.2,
      "1": 4.0,
      "4": 7.0,
      "3": 4.8,
      "2": 5.6,
      "9": 6.4,
      "6": 10.0
    },
    "11": {
      "7": 1.2,
      "8": 1.8,
      "2": 3.6,
      "4": 4.2,
      "5": 5.6,
      "6": 6.6,
      "3": 7.4,
      "1": 7.0,
      "0": 7.6,
      "9": 10.0
    },
    "12": {
      "0": 1.0,
      "1": 2.0,
      "2": 3.0,
      "9": 8.2,
      "3": 4.4,
      "7": 6.6,
      "8": 6.0,
      "6": 8.2,
      "5": 6.8,
      "4": 8.8
    },
    "13": {
      "4": 1.4,
      "2": 2.6,
      "5": 2.8,
      "9": 4.2,
      "3": 4.0,
      "1": 6.2,
      "0": 7.2,
      "6": 8.2,
      "8": 9.2,
      "7": 9.2
    },
    "14": {
      "2": 1.0,
      "0": 2.0,
      "6": 3.6,
      "3": 3.8,
      "9": 5.8,
      "4": 5.2,
      "8": 7.6,
      "5": 7.2,
      "1": 9.4,
      "7": 9.4
    },
    "15": {
      "9": 2.2,
      "1": 3.4,
      "2": 2.8,
      "0": 4.8,
      "3": 1.8,
      "4": 6.2,
      "8": 7.6,
      "7": 7.8,
      "5": 8.6,
      "6": 9.8
    },
    "16": {
      "5": 1.6,
      "7": 3.4,
      "1": 6.8,
      "2": 7.6,
      "8": 6.6,
      "6": 5.2,
      "0": 7.8,
      "4": 5.6,
      "3": 5.0,
      "9": 5.4
    },
    "17": {
      "2": 1.0,
      "5": 3.25,
      "3": 2.5,
      "7": 4.5,
      "9": 5.0,
      "4": 4.75,
      "0": 7.25,
      "8": 9.0,
      "1": 8.0,
      "6": 9.75
    },
    "18": {
      "3": 1.4,
      "6": 1.6,
      "4": 3.4,
      "5": 3.6,
      "8": 5.4,
      "1": 6.6,
      "2": 6.4,
      "9": 8.0,
      "7": 8.6,
      "0": 10.0
    },
    "19": {
      "3": 1.8,
      "0": 1.6,
      "5": 3.8,
      "4": 3.8,
      "9": 5.6,
      "2": 6.8,
      "6": 8.2,
      "1": 9.0,
      "8": 8.4,
      "7": 6.0
    },
    "20": {
      "0": 1.8,
      "4": 3.6,
      "2": 4.4,
      "8": 7.4,
      "9": 8.0,
      "7": 8.0,
      "6": 8.2,
      "1": 5.0,
      "5": 4.6,
      "3": 4.0
    },
    "21": {
      "1": 2.0,
      "8": 1.4,
      "7": 4.8,
      "3": 4.6,
      "9": 5.4,
      "2": 4.0,
      "4": 6.6,
      "0": 8.6,
      "6": 9.2,
      "5": 8.4
    },
    "22": {
      "1": 1.0,
      "3": 2.2,
      "5": 2.8,
      "8": 4.2,
      "6": 4.8,
      "0": 6.6,
      "2": 7.2,
      "4": 7.6,
      "7": 8.6,
      "9": 10.0
    },
    "23": {
      "8": 1.0,
      "9": 5.4,
      "5": 4.0,
      "7": 2.6,
      "1": 5.2,
      "0": 6.4,
      "3": 4.4,
      "6": 9.0,
      "2": 8.4,
      "4": 8.6
    },
    "24": {
      "4": 2.4,
      "2": 3.4,
      "9": 3.2,
      "8": 3.6,
      "7": 4.6,
      "3": 6.4,
      "1": 7.0,
      "6": 7.2,
      "5": 8.8,
      "0": 8.4
    },
    "25": {
      "4": 1.2,
      "9": 1.8,
      "1": 3.6,
      "7": 3.6,
      "2": 4.8,
      "8": 6.0,
      "0": 7.2,
      "6": 7.8,
      "5": 9.6,
      "3": 9.4
    },
    "26": {
      "0": 4.2,
      "9": 2.6,
      "1": 5.0,
      "3": 6.2,
      "6": 2.2,
      "4": 3.6,
      "2": 7.0,
      "5": 8.2,
      "7": 7.4,
      "8": 8.6
    },
    "27": {
      "0": 4.2,
      "6": 1.8,
      "9": 4.0,
      "1": 3.2,
      "4": 4.6,
      "7": 5.8,
      "2": 6.0,
      "3": 8.8,
      "5": 6.8,
      "8": 9.8
    },
    "28": {
      "6": 1.2,
      "4": 1.8,
      "9": 4.0,
      "3": 4.4,
      "2": 6.0,
      "1": 5.4,
      "5": 6.4,
      "7": 6.8,
      "0": 9.0,
      "8": 10.0
    },
    "29": {
      "1": 1.0,
      "6": 2.2,
      "3": 3.2,
      "5": 6.2,
      "4": 4.8,
      "9": 6.4,
      "0": 6.0,
      "7": 8.2,
      "8": 7.8,
      "2": 9.2
    },
    "30": {
      "0": 1.8,
      "2": 3.0,
      "6": 2.6,
      "1": 3.0,
      "7": 5.6,
      "5": 7.2,
      "3": 5.8,
      "8": 7.2,
      "9": 8.8,
      "4": 10.0
    },
    "31": {
      "5": 2.0,
      "6": 2.2,
      "4": 1.8,
      "9": 4.0,
      "1": 5.8,
      "2": 6.0,
      "7": 6.2,
      "3": 9.0,
      "0": 8.4,
      "8": 9.6
    },
    "32": {
      "9": 1.2,
      "1": 3.2,
      "8": 5.6,
      "0": 5.8,
      "5": 2.4,
      "6": 8.8,
      "2": 7.6,
      "4": 5.4,
      "7": 5.6,
      "3": 9.4
    },
    "33": {
      "9": 1.4,
      "0": 1.6,
      "4": 4.2,
      "1": 4.8,
      "8": 6.2,
      "7": 6.6,
      "6": 7.0,
      "3": 7.4,
      "5": 9.8,
      "2": 6.0
    },
    "34": {
      "3": 1.6,
      "9": 3.0,
      "8": 4.2,
      "7": 3.6,
      "0": 4.8,
      "4": 6.4,
      "5": 7.8,
      "1": 4.8,
      "2": 8.8,
      "6": 10.0
    },
    "35": {
      "1": 1.8,
      "2": 2.0,
      "3": 2.2,
      "5": 6.8,
      "7": 7.8,
      "4": 6.2,
      "6": 4.8,
      "8": 6.0,
      "9": 7.8,
      "0": 9.6
    },
    "36": {
      "2": 1.0,
      "4": 2.2,
      "1": 2.8,
      "6": 5.0,
      "3": 5.6,
      "0": 5.2,
      "7": 6.4,
      "8": 8.4,
      "5": 8.6,
      "9": 9.8
    },
    "37": {
      "7": 2.6,
      "9": 3.2,
      "8": 1.6,