{
  "content_diversity": 0.3348633348941803,
  "classifier_auc": 0.725968981468606,
  "ranking_stability": 0.622850494473531,
  "feature_coefficients": {
    "word_count": 0.4859079741576104,
    "sentence_count": -0.26505427668322,
    "avg_sentence_length": -0.1407955677019377,
    "paragraph_count": -0.09398422037672349,
    "heading_density": -0.8292304817426808,
    "list_frequency": 0.361050662055127,
    "readability": 0.0407038297712532,
    "bold_emphasis_density": -0.4243067814314292,
    "citation_density": -0.19324481972485533,
    "statistic_density": 0.286674403637708,
    "quote_density": -0.6964823388363983,
    "named_source_mentions": -0.13227053991675905,
    "year_mentions": 0.003517144527021579,
    "claim_density": -0.12594096973009286,
    "external_reference_density": -0.0980317818396445,
    "question_density": 0.030324089208585137,
    "query_similarity": 0.5180444184075745,
    "corpus_centroid_similarity": 0.01362158918504918,
    "type_token_ratio": -0.0610395092096892,
    "vocabulary_sophistication": 0.02260989762736954,
    "sentiment_polarity": -0.03295928588804671,
    "avg_word_length": 0.062062651138351514,
    "semantic_uniqueness": 0.07334080010369186,
    "information_density": -0.0033240453469685505,
    "specificity_score": -0.2129375785296328
  },
  "avg_ranks": {
    "0": {
      "7": 1.6,
      "2": 2.2,
      "6": 2.4,
      "9": 3.8,
      "1": 5.4,
      "8": 6.6,
      "0": 7.8,
      "3": 7.4,
      "4": 7.8,
      "5": 10.0
    },
    "1": {
      "4": 1.0,
      "3": 3.8,
      "7": 2.8,
      "9": 3.0,
      "2": 4.4,
      "5": 6.8,
      "6": 7.0,
      "0": 8.2,
      "1": 8.0,
      "8": 10.0
    },
    "2": {
      "7": 1.0,
      "1": 2.0,
      "6": 3.0,
      "0": 5.25,
      "9": 5.25,
      "3": 8.5,
      "5": 6.0,
      "8": 6.5,
      "2": 7.75,
      "4": 9.75
    },
    "3": {
      "1": 1.0,
      "4": 2.0,
      "3": 3.8,
      "6": 4.2,
      "7": 4.6,
      "5": 7.6,
      "8": 7.2,
      "0": 7.4,
      "9": 8.6,
      "2": 8.6
    },
    "4": {
      "0": 1.0,
      "8": 2.0,
      "3": 4.2,
      "6": 3.2,
      "9": 6.0,
      "2": 7.4,
      "7": 6.0,
      "1": 7.0,
      "5": 9.0,
      "4": 9.2
    },
    "5": {
      "3": 2.4,
      "9": 2.8,
      "7": 4.0,
      "1": 3.6,
      "0": 4.6,
      "6": 4.8,
      "8": 7.8,
      "2": 6.8,
      "4": 9.2,
      "5": 9.0
    },
    "6": {
      "1": 3.0,
      "3": 2.3333333333333335,
      "0": 2.6666666666666665,
      "6": 4.0,
      "7": 4.333333333333333,
      "5": 5.0,
      "8": 7.333333333333333,
      "9": 7.666666666666667,
      "2": 9.666666666666666,
      "4": 9.0
    },
    "7": {
      "9": 1.6,
      "1": 1.4,
      "4": 3.4,
      "2": 4.6,
      "7": 6.2,
      "6": 5.2,
      "8": 8.6,
      "3": 7.8,
      "0": 6.4,
      "5": 9.8
    },
    "8": {
      "6": 1.2,
      "5": 1.8,
      "8": 3.4,
      "9": 3.6,
      "7": 5.6,
      "1": 7.4,
      "0": 8.4,
      "2": 8.0,
      "3": 8.2,
      "4": 7.4
    },
    "9": {
      "4": 2.8,
      "6": 3.0,
      "7": 3.2,
      "5": 3.0,
      "1": 4.8,
      "9": 4.4,
      "2": 7.2,
      "8": 8.4,
      "0": 8.6,
      "3": 9.6
    },
    "10": {
      "5": 4.2,
      "8": 5.6,
      "7": 5.8,
      "0": 4.0,
      "1": 3.4,
      "2": 4.4,
      "3": 5.6,
      "9": 5.2,
      "4": 8.0,
      "6": 8.8
    },
    "11": {
      "7": 1.0,
      "8": 2.0,
      "3": 5.8,
      "2": 4.0,
      "6": 6.0,
      "4": 4.6,
      "5": 5.0,
      "0": 8.4,
      "1": 8.2,
      "9": 10.0
    },
    "12": {
      "0": 1.0,
      "1": 2.4,
      "2": 4.2,
      "3": 3.4,
      "7": 5.2,
      "5": 5.6,
      "8": 6.6,
      "6": 7.6,
      "9": 9.2,
      "4": 9.8
    },
    "13": {
      "4": 3.4,
      "2": 2.2,
      "9": 2.0,
      "5": 3.4,
      "3": 4.8,
      "1": 5.8,
      "8": 8.8,
      "7": 8.4,
      "0": 6.8,
      "6": 9.4
    },
    "14": {
      "2": 1.2,
      "0": 1.8,
      "4": 4.4,
      "6": 4.0,
      "3": 3.8,
      "9": 5.8,
      "5": 7.6,
      "7": 8.2,
      "8": 9.6,
      "1": 8.6
    },
    "15": {
      "3": 1.0,
      "2": 2.8,
      "1": 2.8,
      "9": 3.4,
      "0": 5.0,
      "8": 7.4,
      "4": 6.6,
      "7": 7.2,
      "5": 8.8,
      "6": 10.0
    },
    "16": {
      "5": 2.0,
      "7": 3.0,
      "4": 4.0,
      "6": 3.6,
      "8": 7.0,
      "2": 6.4,
      "1": 5.8,
      "9": 5.4,
      "0": 7.8,
      "3": 10.0
    },
    "17": {
      "2": 1.0,
      "3": 2.0,
      "9": 4.333333333333333,
      "5": 5.0,
      "0": 6.0,
      "7": 4.666666666666667,
      "4": 5.333333333333333,
      "1": 8.0,
      "6": 8.666666666666666,
      "8": 10.0
    },
    "18": {
      "3": 1.4,
      "6": 2.0,
      "1": 6.0,
      "5": 4.0,
      "4": 5.6,
      "8": 5.8,
      "2": 4.8,
      "9": 7.6,
      "7": 7.8,
      "0": 10.0
    },
    "19": {
      "3": 1.6,
      "0": 1.4,
      "5": 3.8,
      "4": 3.2,
      "7": 5.8,
      "9": 7.6,
      "1": 7.8,
      "2": 7.6,
      "6": 7.4,
      "8": 8.8
    },
    "20": {
      "3": 4.2,
      "4": 2.2,
      "8": 4.0,
      "0": 3.8,
      "2": 5.0,
      "1": 5.0,
      "5": 6.8,
      "6": 9.0,
      "7": 9.2,
      "9": 5.8
    },
    "21": {
      "8": 1.2,
      "1": 1.8,
      "2": 4.2,
      "9": 6.4,
      "4": 5.6,
      "6": 8.4,
      "5": 8.0,
      "7": 5.2,
      "3": 5.4,
      "0": 8.8
    },
    "23": {
      "8": 1.0,
      "7": 2.2,
      "5": 4.2,
      "3": 4.6,
      "1": 5.4,
      "0": 7.0,
      "9": 4.0,
      "4": 8.6,
      "6": 9.2,
      "2": 8.8
    },
    "22": {
      "1": 1.0,
      "3": 2.0,
      "5": 3.3333333333333335,
      "8": 3.6666666666666665,
      "4": 5.666666666666667,
      "9": 8.666666666666666,
      "6": 5.666666666666667,
      "2": 8.333333333333334,
      "0": 8.0,
      "7": 8.666666666666666
    },
    "24": {
      "7": 2.25,
      "8": 2.75,
      "3": 6.25,
      "1": 5.75,
      "6": 6.0,
      "9": 2.75,
      "5": 7.75,
      "4": 5.75,
      "2": 5.75,
      "0": 10.0
    },
    "25": {
      "8": 5.0,
      "4": 1.2,
      "9": 2.2,
      "2": 4.4,
      "1": 4.2,
      "7": 4.0,
      "0": 9.0,
      "6": 7.2,
      "3": 8.4,
      "5": 9.4
    },
    "26": {
      "6": 1.8,
      "5": 2.8,
      "3": 5.4,
      "1": 6.0,
      "9": 4.4,
      "0": 5.0,
      "2": 4.0,
      "4": 8.2,
      "8": 7.8,
      "7": 9.6
    },
    "27": {
      "6": 1.6,
      "1": 5.2,
      "9": 4.4,
      "0": 3.2,
      "7": 5.2,
      "2": 5.0,
      "4": 5.4,
      "5": 6.4,
      "8": 9.4,
      "3": 9.2
    },
    "28": {
      "4": 1.2,
      "6": 1.8,
      "1": 3.6,
      "9": 4.0,
      "7": 5.6,
      "5": 5.4,
      "3": 7.8,
      "2": 6.6,
      "8": 9.4,
      "0": 9.6
    },
    "29": {
      "1": 1.0,
      "3": 2.4,
      "6": 2.6,
      "0": 5.8,
      "5": 5.0,
      "2": 7.4,
      "7": 6.8,
      "9": 8.2,
      "8": 8.2,
      "4": 7.6
    },
    "30": {
      "6": 1.6,
      "0": 2.2,
      "2": 3.2,
      "1": 3.2,
      "3": 5.8,
      "7": 5.6,
      "5": 6.4,
      "8": 8.0,
      "9": 9.2,
      "4": 9.8
    },
    "31": {
      "6": 2.0,
      "5": 2.2,
      "4": 2.2,
      "9": 5.2,
      "1": 4.2,
      "2": 5.2,
      "7": 7.0,
      "0": 8.4,
      "3": 9.0,
      "8": 9.6
    },
    "32": {
      "9": 1.0,
      "5": 4.0,
      "1": 3.2,
      "2": 5.4,
      "8": 5.0,
      "4": 4.6,
      "0": 6.2,
      "6": 8.4,
      "3": 9.8,
      "7": 7.4
    },
    "33": {
      "0": 1.4,
      "9": 1.6,
      "2": 3.6,
      "1": 4.4,
      "4": 5.0,
      "8": 5.2,
      "7": 7.0,
      "6": 8.2,
      "3": 8.8,
      "5": 9.8
    },
    "34": {
      "0": 3.6,
      "8": 4.6,
      "7": 2.0,
      "9": 4.4,
      "3": 2.8,
      "1": 3.8,
      "4": 6.8,
      "5": 8.2,
      "2": 8.8,
      "6": 10.0
    },
    "35": {
      "3": 3.0,
      "2": 1.6,
      "1": 2.2,
      "4": 5.6,
      "6": 4.4,
      "7": 7.8,
      "5": 8.0,
      "8": 5.8,
      "0": 9.6,
      "9": 7.0
    },