{
  "content_diversity": 0.3405301570892334,
  "classifier_auc": 0.7564810723228752,
  "ranking_stability": 0.5946953405017921,
  "feature_coefficients": {
    "word_count": 0.9587160561548183,
    "sentence_count": -0.30468647697479206,
    "avg_sentence_length": -0.0534419688212759,
    "paragraph_count": -0.5851159318466714,
    "heading_density": -0.36550222470138577,
    "list_frequency": -0.2597967501895362,
    "readability": 0.03031581350030299,
    "bold_emphasis_density": 0.04109561008259823,
    "citation_density": -0.48308813581321325,
    "statistic_density": 0.1657152736884227,
    "quote_density": -0.0006976756771491181,
    "named_source_mentions": -0.10284866815916854,
    "year_mentions": 0.07429386988312286,
    "claim_density": -0.11453524305697989,
    "external_reference_density": -0.10499286881919274,
    "question_density": 0.08256401256933392,
    "query_similarity": 0.5474738906352322,
    "corpus_centroid_similarity": 0.02009829573936988,
    "type_token_ratio": -0.0742818262234756,
    "vocabulary_sophistication": 0.05142055900559879,
    "sentiment_polarity": -0.0846043109139075,
    "avg_word_length": -0.45080593514118156,
    "semantic_uniqueness": 0.08524984193525104,
    "information_density": 0.06899114342118233,
    "specificity_score": -0.03679856605140389
  },
  "avg_ranks": {
    "0": {
      "9": 1.75,
      "2": 3.0,
      "7": 3.0,
      "6": 3.75,
      "8": 4.75,
      "1": 4.75,
      "4": 8.25,
      "3": 7.5,
      "0": 8.25,
      "5": 10.0
    },
    "1": {
      "4": 1.0,
      "3": 6.2,
      "5": 5.2,
      "6": 5.4,
      "1": 7.6,
      "2": 4.6,
      "9": 3.2,
      "7": 4.2,
      "8": 9.8,
      "0": 7.8
    },
    "2": {
      "7": 1.0,
      "1": 2.0,
      "6": 3.0,
      "5": 7.25,
      "0": 5.25,
      "8": 4.75,
      "9": 5.75,
      "2": 7.25,
      "4": 9.5,
      "3": 9.25
    },
    "3": {
      "1": 1.0,
      "3": 2.8,
      "4": 2.4,
      "7": 3.8,
      "6": 6.6,
      "0": 6.0,
      "9": 7.6,
      "2": 6.8,
      "5": 8.8,
      "8": 9.2
    },
    "4": {
      "0": 1.6,
      "8": 1.4,
      "6": 3.2,
      "3": 4.4,
      "7": 6.4,
      "1": 6.8,
      "5": 7.8,
      "9": 6.4,
      "2": 7.8,
      "4": 9.2
    },
    "5": {
      "3": 1.0,
      "9": 2.25,
      "0": 2.75,
      "6": 6.0,
      "7": 5.25,
      "1": 4.75,
      "2": 6.25,
      "8": 7.75,
      "4": 9.5,
      "5": 9.5
    },
    "6": {
      "1": 2.5,
      "3": 1.5,
      "8": 5.0,
      "5": 4.25,
      "9": 5.5,
      "2": 6.75,
      "0": 7.25,
      "6": 7.0,
      "7": 8.25,
      "4": 7.0
    },
    "7": {
      "1": 1.4,
      "9": 1.6,
      "7": 6.8,
      "6": 6.0,
      "4": 4.2,
      "3": 6.0,
      "0": 5.6,
      "8": 8.8,
      "5": 9.4,
      "2": 5.2
    },
    "8": {
      "6": 2.2,
      "9": 2.8,
      "5": 2.0,
      "8": 3.0,
      "7": 7.4,
      "2": 6.4,
      "0": 7.4,
      "3": 6.6,
      "1": 7.4,
      "4": 9.8
    },
    "9": {
      "1": 3.25,
      "7": 2.25,
      "5": 3.25,
      "4": 4.5,
      "6": 2.0,
      "2": 8.25,
      "9": 6.0,
      "3": 8.0,
      "0": 8.75,
      "8": 8.75
    },
    "10": {
      "5": 4.0,
      "7": 5.333333333333333,
      "8": 5.666666666666667,
      "1": 5.0,
      "0": 5.333333333333333,
      "9": 4.0,
      "2": 3.3333333333333335,
      "3": 4.333333333333333,
      "4": 8.0,
      "6": 10.0
    },
    "11": {
      "7": 1.0,
      "8": 3.8,
      "5": 5.0,
      "2": 5.0,
      "4": 3.8,
      "6": 6.4,
      "3": 5.2,
      "1": 7.4,
      "0": 7.6,
      "9": 9.8
    },
    "12": {
      "0": 1.0,
      "1": 3.2,
      "2": 5.2,
      "3": 3.4,
      "7": 4.8,
      "5": 5.4,
      "8": 6.8,
      "6": 8.2,
      "4": 8.8,
      "9": 8.2
    },
    "13": {
      "9": 2.6,
      "2": 3.0,
      "4": 3.0,
      "5": 3.6,
      "0": 6.0,
      "3": 4.0,
      "1": 6.0,
      "7": 9.0,
      "6": 8.0,
      "8": 9.8
    },
    "14": {
      "2": 1.0,
      "0": 2.0,
      "6": 4.0,
      "3": 4.2,
      "9": 5.2,
      "4": 5.0,
      "1": 8.8,
      "5": 7.0,
      "8": 8.4,
      "7": 9.4
    },
    "15": {
      "3": 1.6,
      "1": 2.6,
      "2": 2.8,
      "9": 3.0,
      "0": 5.0,
      "5": 8.2,
      "4": 7.4,
      "8": 7.2,
      "7": 7.4,
      "6": 9.8
    },
    "16": {
      "7": 2.8,
      "9": 5.0,
      "1": 4.8,
      "2": 5.8,
      "6": 4.8,
      "5": 2.8,
      "4": 5.8,
      "8": 8.2,
      "0": 8.6,
      "3": 6.4
    },
    "17": {
      "2": 1.0,
      "3": 2.6,
      "4": 4.8,
      "5": 2.6,
      "9": 5.8,
      "0": 6.4,
      "7": 5.8,
      "1": 7.0,
      "8": 9.8,
      "6": 9.2
    },
    "18": {
      "2": 5.2,
      "5": 3.0,
      "1": 5.6,
      "4": 4.2,
      "6": 2.8,
      "3": 2.2,
      "8": 6.2,
      "9": 8.2,
      "7": 8.2,
      "0": 9.4
    },
    "19": {
      "3": 1.6,
      "0": 1.6,
      "4": 3.4,
      "5": 3.4,
      "7": 5.2,
      "9": 6.6,
      "2": 7.4,
      "1": 8.2,
      "6": 7.8,
      "8": 9.8
    },
    "20": {
      "0": 2.0,
      "5": 3.4,
      "1": 4.0,
      "3": 4.4,
      "4": 4.2,
      "2": 4.2,
      "9": 6.8,
      "8": 7.0,
      "7": 9.2,
      "6": 9.8
    },
    "21": {
      "8": 1.5,
      "1": 2.5,
      "2": 4.0,
      "7": 5.0,
      "3": 5.5,
      "9": 6.25,
      "4": 6.25,
      "0": 7.5,
      "6": 8.75,
      "5": 7.75
    },
    "22": {
      "1": 1.25,
      "3": 1.75,
      "0": 5.75,
      "5": 3.5,
      "8": 5.0,
      "6": 4.25,
      "4": 7.0,
      "9": 8.25,
      "2": 8.75,
      "7": 9.5
    },
    "23": {
      "8": 1.0,
      "7": 2.6,
      "9": 5.0,
      "1": 4.8,
      "5": 5.0,
      "0": 6.4,
      "3": 3.6,
      "4": 8.2,
      "6": 9.6,
      "2": 8.8
    },
    "24": {
      "8": 2.6,
      "7": 2.4,
      "1": 4.6,
      "3": 5.6,
      "9": 3.0,
      "6": 5.2,
      "2": 7.0,
      "4": 6.4,
      "5": 8.2,
      "0": 10.0
    },
    "25": {
      "4": 1.4,
      "9": 1.6,
      "7": 4.0,
      "2": 3.8,
      "1": 4.4,
      "8": 5.8,
      "6": 7.2,
      "0": 8.2,
      "5": 9.2,
      "3": 9.4
    },
    "26": {
      "2": 5.2,
      "6": 1.8,
      "5": 2.8,
      "9": 3.6,
      "0": 4.6,
      "1": 7.0,
      "3": 6.8,
      "8": 9.2,
      "4": 6.2,
      "7": 7.8
    },
    "27": {
      "6": 1.8,
      "0": 2.4,
      "9": 3.8,
      "4": 4.6,
      "5": 7.0,
      "1": 2.6,
      "7": 6.6,
      "2": 7.2,
      "3": 9.4,
      "8": 9.6
    },
    "28": {
      "6": 1.2,
      "4": 1.8,
      "9": 3.0,
      "3": 6.6,
      "1": 4.6,
      "5": 6.0,
      "7": 6.2,
      "8": 9.0,
      "2": 7.4,
      "0": 9.2
    },
    "29": {
      "1": 1.0,
      "5": 4.0,
      "6": 2.2,
      "3": 3.2,
      "9": 7.0,
      "0": 6.6,
      "7": 5.8,
      "2": 7.4,
      "8": 9.0,
      "4": 8.8
    },
    "30": {
      "1": 1.0,
      "0": 2.75,
      "6": 2.5,
      "2": 4.25,
      "7": 5.25,
      "5": 6.0,
      "9": 9.0,
      "3": 6.75,
      "8": 8.0,
      "4": 9.5
    },
    "31": {
      "5": 1.6,
      "6": 2.6,
      "4": 2.4,
      "9": 4.4,
      "2": 5.8,
      "1": 6.0,
      "8": 9.4,
      "7": 5.6,
      "0": 8.2,
      "3": 9.0
    },
    "32": {
      "5": 1.8,
      "1": 2.8,
      "9": 2.0,
      "7": 3.8,
      "8": 6.4,
      "2": 8.0,
      "0": 6.4,
      "4": 5.8,
      "3": 8.6,
      "6": 9.4
    },
    "33": {
      "9": 1.25,
      "0": 1.75,
      "2": 5.0,
      "1": 4.5,
      "8": 5.5,
      "4": 6.0,
      "3": 7.0,
      "7": 7.0,
      "6": 9.0,
      "5": 8.0
    },
    "34": {
      "3": 2.0,
      "0": 3.2,
      "1": 4.2,
      "9": 4.6,
      "7": 3.4,
      "8": 4.4,
      "4": 6.8,
      "5": 7.8,
      "2": 8.6,
      "6": 10.0
    },
    "35": {
      "9": 5.8,
      "6": 4.2,
      "4": 5.8,
      "8": 4.4,
      "3": 2.6,
      "1": 3.2,
      "2": 2.6,
      "5": 8.4,
      "7": 8.6,
      "0": 9.4
    },
    "36": {
      "2": 1.75,
      "4": 2.25,
      "6": 4.25,
      "0": 3.75,
      "7": 6.25,
      "1": 4.0,
      "3": 5.75,
      "5": 8.75,