{
  "content_diversity": 0.33573219180107117,
  "classifier_auc": 0.7367964211791412,
  "ranking_stability": 0.5946875370568007,
  "feature_coefficients": {
    "word_count": 0.45038882175103423,
    "sentence_count": -0.32754235865066866,
    "avg_sentence_length": -0.35361522191954303,
    "paragraph_count": -0.1615598737179254,
    "heading_density": -0.35117182180594764,
    "list_frequency": -0.43166616689024206,
    "readability": 0.31555916895962577,
    "bold_emphasis_density": 0.08741840782437561,
    "citation_density": -0.3784054222812374,
    "statistic_density": 0.2814978645822058,
    "quote_density": -0.0649406041463118,
    "named_source_mentions": 0.05248589489516983,
    "year_mentions": 0.08614037170967415,
    "claim_density": -0.21250808834976082,
    "external_reference_density": -0.10025682903167098,
    "question_density": 0.0985582876355489,
    "query_similarity": 0.5276050905398959,
    "corpus_centroid_similarity": 0.047671503933218964,
    "type_token_ratio": -0.29570588078117677,
    "vocabulary_sophistication": -0.042639895447444995,
    "sentiment_polarity": -0.08492378802170496,
    "avg_word_length": -0.16156838495998893,
    "semantic_uniqueness": 0.04603581450439864,
    "information_density": 0.04257818946895956,
    "specificity_score": -0.17762911887082872
  },
  "avg_ranks": {
    "0": {
      "6": 2.6,
      "7": 2.0,
      "2": 2.6,
      "9": 2.8,
      "8": 5.4,
      "1": 6.2,
      "4": 7.6,
      "0": 8.2,
      "3": 7.6,
      "5": 10.0
    },
    "1": {
      "4": 1.0,
      "3": 4.2,
      "9": 3.6,
      "7": 4.2,
      "2": 5.4,
      "6": 5.6,
      "5": 5.8,
      "1": 7.8,
      "0": 8.0,
      "8": 9.4
    },
    "2": {
      "7": 1.0,
      "1": 2.0,
      "6": 5.0,
      "0": 5.0,
      "9": 5.6,
      "8": 4.4,
      "2": 6.6,
      "5": 7.2,
      "3": 8.6,
      "4": 9.6
    },
    "3": {
      "1": 1.0,
      "6": 4.4,
      "3": 4.0,
      "7": 4.8,
      "4": 2.6,
      "8": 7.4,
      "5": 8.6,
      "0": 6.4,
      "9": 7.8,
      "2": 8.0
    },
    "4": {
      "0": 1.2,
      "8": 1.8,
      "6": 3.2,
      "4": 7.8,
      "2": 7.6,
      "1": 6.4,
      "7": 6.2,
      "3": 5.4,
      "5": 8.6,
      "9": 6.8
    },
    "5": {
      "3": 1.0,
      "0": 3.2,
      "9": 2.6,
      "7": 4.2,
      "6": 5.6,
      "1": 4.4,
      "2": 7.2,
      "8": 7.8,
      "4": 9.6,
      "5": 9.4
    },
    "6": {
      "7": 5.2,
      "6": 4.6,
      "0": 4.0,
      "3": 4.2,
      "1": 4.6,
      "2": 7.8,
      "5": 4.4,
      "4": 8.4,
      "9": 6.0,
      "8": 5.8
    },
    "7": {
      "1": 1.0,
      "9": 2.0,
      "0": 6.6,
      "4": 3.6,
      "2": 3.8,
      "6": 6.6,
      "7": 5.8,
      "8": 8.6,
      "3": 8.0,
      "5": 9.0
    },
    "8": {
      "6": 2.2,
      "9": 2.8,
      "5": 2.0,
      "8": 3.0,
      "3": 7.0,
      "0": 8.2,
      "2": 7.6,
      "7": 6.4,
      "1": 7.0,
      "4": 8.8
    },
    "9": {
      "7": 2.2,
      "5": 3.4,
      "1": 4.0,
      "6": 4.4,
      "4": 2.6,
      "2": 7.2,
      "9": 4.6,
      "8": 8.0,
      "0": 8.8,
      "3": 9.8
    },
    "10": {
      "2": 4.6,
      "3": 6.4,
      "0": 4.6,
      "1": 4.8,
      "9": 5.6,
      "4": 7.2,
      "8": 4.0,
      "7": 4.0,
      "5": 4.6,
      "6": 9.2
    },
    "11": {
      "7": 1.0,
      "8": 3.4,
      "3": 5.2,
      "9": 8.8,
      "2": 4.6,
      "5": 5.6,
      "4": 4.8,
      "6": 6.2,
      "1": 7.6,
      "0": 7.8
    },
    "12": {
      "0": 1.0,
      "1": 2.8,
      "2": 3.8,
      "3": 3.4,
      "7": 6.2,
      "8": 5.4,
      "5": 6.0,
      "6": 7.6,
      "9": 9.6,
      "4": 9.2
    },
    "13": {
      "4": 1.6,
      "2": 2.4,
      "9": 4.4,
      "5": 3.0,
      "3": 4.8,
      "1": 5.2,
      "0": 7.6,
      "6": 8.8,
      "7": 8.4,
      "8": 8.8
    },
    "14": {
      "2": 1.0,
      "0": 2.6,
      "4": 4.6,
      "9": 4.4,
      "3": 4.4,
      "6": 4.6,
      "1": 8.0,
      "5": 7.8,
      "8": 9.0,
      "7": 8.6
    },
    "15": {
      "3": 2.0,
      "1": 2.2,
      "2": 2.6,
      "9": 3.2,
      "5": 8.2,
      "0": 5.2,
      "7": 7.0,
      "4": 7.0,
      "8": 7.6,
      "6": 10.0
    },
    "16": {
      "7": 3.6,
      "9": 4.2,
      "5": 1.8,
      "1": 4.2,
      "2": 5.4,
      "6": 5.4,
      "0": 6.6,
      "4": 7.0,
      "8": 7.2,
      "3": 9.6
    },
    "17": {
      "2": 1.0,
      "3": 2.25,
      "7": 4.25,
      "5": 3.25,
      "9": 5.25,
      "1": 7.25,
      "0": 6.0,
      "4": 6.75,
      "6": 9.0,
      "8": 10.0
    },
    "18": {
      "3": 1.0,
      "6": 2.0,
      "5": 3.8,
      "4": 5.2,
      "8": 5.6,
      "1": 5.8,
      "2": 5.6,
      "7": 8.4,
      "9": 7.6,
      "0": 10.0
    },
    "19": {
      "5": 3.2,
      "0": 2.6,
      "4": 4.2,
      "3": 3.2,
      "9": 3.8,
      "7": 4.0,
      "1": 8.2,
      "6": 8.8,
      "2": 7.8,
      "8": 9.2
    },
    "20": {
      "0": 3.2,
      "5": 6.0,
      "2": 4.2,
      "4": 3.0,
      "8": 4.2,
      "1": 5.0,
      "3": 4.6,
      "7": 8.8,
      "6": 9.2,
      "9": 6.8
    },
    "21": {
      "1": 1.8,
      "8": 1.2,
      "3": 4.2,
      "7": 4.0,
      "9": 5.2,
      "4": 6.8,
      "2": 6.2,
      "0": 8.8,
      "6": 9.4,
      "5": 7.4
    },
    "22": {
      "1": 1.0,
      "3": 2.0,
      "8": 3.8,
      "5": 3.8,
      "6": 4.4,
      "4": 6.0,
      "9": 9.2,
      "0": 7.6,
      "2": 7.8,
      "7": 9.4
    },
    "23": {
      "8": 1.0,
      "3": 3.6,
      "7": 2.6,
      "5": 5.8,
      "0": 5.6,
      "9": 5.6,
      "1": 5.8,
      "4": 8.0,
      "2": 7.6,
      "6": 9.4
    },
    "24": {
      "4": 5.666666666666667,
      "2": 6.0,
      "9": 4.0,
      "8": 2.6666666666666665,
      "7": 2.3333333333333335,
      "6": 5.0,
      "0": 9.0,
      "1": 6.333333333333333,
      "3": 6.0,
      "5": 8.0
    },
    "25": {
      "4": 1.4,
      "9": 2.0,
      "8": 4.0,
      "7": 3.8,
      "1": 5.0,
      "2": 4.8,
      "0": 7.8,
      "3": 8.8,
      "6": 7.8,
      "5": 9.6
    },
    "26": {
      "6": 1.0,
      "4": 7.4,
      "5": 4.0,
      "9": 3.8,
      "2": 4.8,
      "0": 5.2,
      "1": 6.6,
      "3": 5.8,
      "7": 7.6,
      "8": 8.8
    },
    "27": {
      "1": 4.6,
      "0": 3.6,
      "5": 5.8,
      "6": 2.2,
      "9": 4.6,
      "4": 4.2,
      "7": 5.4,
      "2": 6.0,
      "3": 9.0,
      "8": 9.6
    },
    "28": {
      "4": 1.6,
      "6": 1.4,
      "3": 5.4,
      "1": 4.8,
      "7": 6.4,
      "5": 6.4,
      "9": 3.8,
      "2": 6.8,
      "0": 9.4,
      "8": 9.0
    },
    "29": {
      "1": 1.0,
      "3": 2.6,
      "6": 2.4,
      "9": 7.6,
      "5": 5.2,
      "0": 5.8,
      "7": 6.6,
      "8": 9.0,
      "4": 7.6,
      "2": 7.2
    },
    "30": {
      "1": 1.8,
      "0": 1.8,
      "2": 3.6,
      "6": 2.8,
      "7": 5.4,
      "3": 7.0,
      "8": 7.2,
      "5": 6.4,
      "9": 9.0,
      "4": 10.0
    },
    "31": {
      "6": 1.8,
      "5": 2.0,
      "4": 2.2,
      "0": 6.6,
      "2": 5.0,
      "1": 5.6,
      "9": 6.2,
      "7": 7.0,
      "3": 8.8,
      "8": 9.8
    },
    "32": {
      "9": 1.0,
      "1": 2.0,
      "5": 6.2,
      "4": 3.2,
      "7": 4.4,
      "0": 6.8,
      "8": 5.8,
      "2": 6.8,
      "3": 9.6,
      "6": 9.2
    },
    "33": {
      "9": 1.4,
      "0": 1.6,
      "7": 3.4,
      "6": 6.8,
      "8": 6.4,
      "2": 5.4,
      "1": 5.4,
      "4": 6.6,
      "3": 8.2,
      "5": 9.8
    },
    "34": {
      "3": 1.8,
      "7": 3.0,
      "1": 3.6,
      "9": 3.2,
      "4": 6.8,
      "8": 4.8,
      "0": 5.0,
      "5": 7.8,
      "2": 9.0,
      "6": 10.0
    },
    "35": {
      "1": 2.0,
      "2": 2.6,
      "3": 1.4,
      "6": 4.6,
      "5": 7.8,
      "7": 7.6,
      "8": 5.6,
      "4": 6.0,
      "9": 7.8,
      "0": 9.6
    },
    "36": {
      "2": 1.6,
      "1": 3.0,
      "4": 2.6,
      "6": 4.8,
      "0": 4.6,
      "3": 4.8,
      "7": 7.4,
      "8": 8.0,
      "5": 8.2,
      "9": 10.0
    },