{
  "content_diversity": 0.3405376374721527,
  "classifier_auc": 0.788395019024559,
  "ranking_stability": 0.6022034692920769,
  "feature_coefficients": {
    "word_count": 1.2263113207191276,
    "sentence_count": -0.3653376892972482,
    "avg_sentence_length": -0.04851216207424308,
    "paragraph_count": -0.4514497777410206,
    "heading_density": -0.28271487846759025,
    "list_frequency": -0.5845128972068185,
    "readability": 0.04608368570049911,
    "bold_emphasis_density": 0.221552544510902,
    "citation_density": -0.7243039753949375,
    "statistic_density": 0.3070555704712859,
    "quote_density": -0.18429829326790334,
    "named_source_mentions": -0.09714325398751346,
    "year_mentions": 0.033019577862089936,
    "claim_density": -0.2832589434599882,
    "external_reference_density": -0.08829560001949345,
    "question_density": 0.13655863287027345,
    "query_similarity": 0.517003463276387,
    "corpus_centroid_similarity": 0.026052214836051187,
    "type_token_ratio": -0.01748722657277384,
    "vocabulary_sophistication": -0.04838871393115204,
    "sentiment_polarity": -0.01017202432922133,
    "avg_word_length": -0.7142020554804079,
    "semantic_uniqueness": -0.020194495868943278,
    "information_density": -0.03405542718668486,
    "specificity_score": -0.217699465467055
  },
  "avg_ranks": {
    "0": {
      "6": 2.8,
      "7": 2.0,
      "2": 2.8,
      "9": 2.4,
      "8": 6.0,
      "0": 7.6,
      "1": 5.8,
      "3": 7.6,
      "4": 8.4,
      "5": 9.6
    },
    "1": {
      "4": 1.0,
      "9": 4.2,
      "7": 4.4,
      "2": 5.4,
      "5": 5.8,
      "0": 7.4,
      "1": 7.6,
      "6": 5.6,
      "8": 9.4,
      "3": 4.2
    },
    "2": {
      "7": 1.0,
      "1": 2.4,
      "8": 3.6,
      "6": 4.6,
      "0": 5.0,
      "4": 7.8,
      "9": 6.4,
      "2": 6.8,
      "5": 7.6,
      "3": 9.8
    },
    "3": {
      "1": 1.0,
      "4": 2.6,
      "3": 2.8,
      "8": 8.0,
      "7": 4.2,
      "6": 4.8,
      "5": 8.0,
      "9": 8.0,
      "2": 8.2,
      "0": 7.4
    },
    "4": {
      "0": 1.0,
      "8": 2.0,
      "6": 3.0,
      "3": 5.2,
      "5": 6.0,
      "1": 6.8,
      "7": 7.0,
      "9": 6.6,
      "2": 7.8,
      "4": 9.6
    },
    "5": {
      "3": 2.2,
      "0": 2.4,
      "9": 3.4,
      "1": 3.6,
      "7": 4.4,
      "6": 6.8,
      "8": 7.8,
      "2": 6.2,
      "5": 9.0,
      "4": 9.2
    },
    "6": {
      "1": 1.25,
      "5": 3.25,
      "8": 4.5,
      "9": 6.5,
      "3": 3.0,
      "4": 6.75,
      "2": 8.0,
      "0": 6.75,
      "6": 6.75,
      "7": 8.25
    },
    "7": {
      "1": 1.0,
      "9": 2.0,
      "4": 3.8,
      "2": 3.4,
      "0": 5.2,
      "6": 7.4,
      "7": 6.4,
      "3": 8.2,
      "8": 8.8,
      "5": 8.8
    },
    "8": {
      "6": 1.6,
      "9": 3.0,
      "8": 3.2,
      "5": 2.2,
      "1": 6.2,
      "7": 5.8,
      "4": 6.0,
      "3": 8.4,
      "0": 9.4,
      "2": 9.2
    },
    "9": {
      "9": 1.8,
      "4": 2.4,
      "7": 3.4,
      "5": 4.4,
      "1": 5.6,
      "6": 3.4,
      "8": 8.0,
      "0": 8.6,
      "2": 9.0,
      "3": 8.4
    },
    "10": {
      "9": 6.2,
      "2": 5.0,
      "3": 5.8,
      "5": 2.8,
      "8": 4.2,
      "7": 4.4,
      "0": 5.2,
      "1": 5.4,
      "4": 7.2,
      "6": 8.8
    },
    "11": {
      "7": 1.2,
      "3": 4.4,
      "8": 2.4,
      "2": 5.2,
      "5": 6.0,
      "4": 5.0,
      "6": 5.8,
      "9": 9.6,
      "0": 7.2,
      "1": 8.2
    },
    "12": {
      "0": 1.0,
      "1": 2.0,
      "2": 3.2,
      "5": 5.6,
      "3": 4.4,
      "7": 5.6,
      "8": 6.4,
      "4": 8.6,
      "9": 9.0,
      "6": 9.2
    },
    "13": {
      "9": 2.6,
      "5": 3.0,
      "3": 4.2,
      "4": 3.0,
      "2": 2.6,
      "6": 7.6,
      "1": 5.8,
      "8": 9.6,
      "0": 7.6,
      "7": 9.0
    },
    "14": {
      "2": 1.2,
      "0": 2.2,
      "6": 4.6,
      "3": 4.4,
      "9": 3.8,
      "8": 7.8,
      "4": 5.0,
      "1": 9.0,
      "5": 7.6,
      "7": 9.4
    },
    "15": {
      "3": 2.6,
      "2": 2.8,
      "1": 3.0,
      "9": 3.2,
      "0": 3.6,
      "8": 7.4,
      "4": 6.8,
      "7": 7.0,
      "5": 8.6,
      "6": 10.0
    },
    "16": {
      "5": 1.2,
      "6": 4.8,
      "1": 4.4,
      "2": 6.6,
      "0": 7.8,
      "9": 4.6,
      "4": 5.6,
      "3": 6.2,
      "7": 5.6,
      "8": 8.2
    },
    "17": {
      "2": 1.0,
      "3": 2.0,
      "5": 4.5,
      "4": 4.0,
      "9": 4.0,
      "7": 5.5,
      "0": 7.0,
      "1": 8.0,
      "6": 9.0,
      "8": 10.0
    },
    "18": {
      "3": 1.0,
      "6": 2.0,
      "5": 3.6,
      "2": 5.8,
      "4": 4.2,
      "8": 5.6,
      "1": 6.0,
      "9": 9.0,
      "7": 8.0,
      "0": 9.8
    },
    "19": {
      "3": 1.4,
      "0": 1.8,
      "5": 3.2,
      "4": 3.6,
      "9": 6.4,
      "7": 5.4,
      "8": 7.8,
      "1": 8.2,
      "6": 8.8,
      "2": 8.4
    },
    "20": {
      "2": 4.4,
      "0": 3.0,
      "5": 4.8,
      "1": 5.0,
      "3": 5.4,
      "4": 5.6,
      "8": 5.0,
      "9": 5.6,
      "7": 8.0,
      "6": 8.2
    },
    "21": {
      "8": 1.4,
      "1": 3.2,
      "2": 3.0,
      "5": 5.4,
      "4": 5.0,
      "9": 5.8,
      "7": 6.6,
      "3": 7.4,
      "0": 9.0,
      "6": 8.2
    },
    "22": {
      "1": 1.2,
      "3": 1.8,
      "8": 5.0,
      "5": 3.8,
      "6": 4.8,
      "0": 6.4,
      "7": 9.0,
      "4": 6.4,
      "2": 8.0,
      "9": 8.6
    },
    "23": {
      "8": 1.0,
      "9": 3.4,
      "5": 3.4,
      "7": 2.8,
      "3": 6.0,
      "1": 5.4,
      "0": 6.2,
      "4": 8.4,
      "6": 9.8,
      "2": 8.6
    },
    "24": {
      "9": 2.0,
      "8": 2.2,
      "7": 2.8,
      "3": 6.6,
      "1": 6.8,
      "5": 7.2,
      "6": 6.4,
      "4": 4.8,
      "2": 6.2,
      "0": 10.0
    },
    "25": {
      "9": 1.8,
      "4": 1.2,
      "7": 3.0,
      "1": 4.2,
      "2": 4.8,
      "8": 6.0,
      "6": 7.8,
      "3": 8.6,
      "5": 9.4,
      "0": 8.2
    },
    "26": {
      "6": 1.2,
      "8": 8.2,
      "5": 2.0,
      "2": 4.2,
      "9": 3.8,
      "4": 6.6,
      "0": 6.2,
      "1": 6.2,
      "3": 7.8,
      "7": 8.8
    },
    "27": {
      "1": 3.6,
      "6": 1.4,
      "0": 4.0,
      "9": 2.2,
      "5": 5.8,
      "4": 5.6,
      "2": 6.6,
      "7": 6.8,
      "3": 9.0,
      "8": 10.0
    },
    "28": {
      "6": 2.4,
      "4": 2.6,
      "9": 5.6,
      "1": 2.8,
      "7": 4.4,
      "5": 5.2,
      "3": 6.4,
      "8": 8.8,
      "2": 7.6,
      "0": 9.2
    },
    "29": {
      "1": 1.0,
      "3": 2.6,
      "6": 3.4,
      "5": 4.6,
      "7": 4.4,
      "0": 5.6,
      "4": 7.8,
      "8": 8.8,
      "9": 8.2,
      "2": 8.6
    },
    "30": {
      "1": 1.4,
      "0": 2.4,
      "2": 3.2,
      "6": 3.0,
      "3": 6.0,
      "7": 6.0,
      "5": 7.0,
      "8": 7.8,
      "9": 8.2,
      "4": 10.0
    },
    "31": {
      "4": 1.8,
      "5": 1.8,
      "6": 2.4,
      "9": 5.0,
      "1": 5.0,
      "2": 6.0,
      "7": 6.4,
      "0": 8.8,
      "3": 9.0,
      "8": 8.8
    },
    "32": {
      "5": 1.2,
      "9": 2.2,
      "1": 2.6,
      "4": 4.4,
      "8": 6.4,
      "7": 4.8,
      "0": 6.8,
      "2": 7.6,
      "3": 9.6,
      "6": 9.4
    },
    "33": {
      "0": 1.6,
      "9": 1.4,
      "7": 5.0,
      "2": 4.0,
      "1": 4.6,
      "8": 5.8,
      "4": 6.2,
      "6": 8.2,
      "5": 9.6,
      "3": 8.6
    },
    "34": {
      "3": 1.2,
      "9": 4.0,
      "1": 3.4,
      "8": 5.6,
      "0": 4.6,
      "7": 3.0,
      "4": 6.4,
      "5": 7.8,
      "2": 9.0,
      "6": 10.0
    },
    "35": {
      "3": 2.6,
      "1": 1.4,
      "2": 2.0,
      "8": 5.4,
      "6": 4.6,
      "9": 7.8,
      "4": 5.8,
      "5": 8.2,
      "7": 8.4,
      "0": 8.8
    },
    "36": {
      "2": 1.4,
      "4": 2.0,
      "0": 4.2,
      "1": 4.0,
      "7": 6.8,
      "6": 4.4,
      "3": 5.4,
      "8": 8.6,
      "5": 8.8,
      "9": 9.4
    },
    "37": {
      "8": 1.0,
      "6": 4.0,
      "9": 3.0,
      "7": 2.8,