{
  "content_diversity": 0.3423137366771698,
  "classifier_auc": 0.8211048579830174,
  "ranking_stability": 0.6095238095238095,
  "feature_coefficients": {
    "word_count": 1.1980372678683076,
    "sentence_count": -0.29120465376266036,
    "avg_sentence_length": 0.21921822114046038,
    "paragraph_count": -0.49320370991561,
    "heading_density": -0.11581484141693515,
    "list_frequency": 0.12412076955153643,
    "readability": -0.18290275046060997,
    "bold_emphasis_density": -0.04667152875583057,
    "citation_density": -1.1064481507649828,
    "statistic_density": 0.32852834337485287,
    "quote_density": -0.09585838174752556,
    "named_source_mentions": -0.13666338206125647,
    "year_mentions": 0.0962007819367077,
    "claim_density": -0.3101731431133495,
    "external_reference_density": -0.09474065448845449,
    "question_density": 0.1151494878193052,
    "query_similarity": 0.5733104173742293,
    "corpus_centroid_similarity": 0.10648151804854837,
    "type_token_ratio": -0.15700962628980966,
    "vocabulary_sophistication": -0.05629597102509112,
    "sentiment_polarity": -0.025121378598715154,
    "avg_word_length": -0.7307071529794719,
    "semantic_uniqueness": 0.08175975882713195,
    "information_density": -0.086801974496376,
    "specificity_score": -0.13310669151178822
  },
  "avg_ranks": {
    "0": {
      "9": 1.8,
      "7": 2.0,
      "2": 2.8,
      "6": 3.4,
      "8": 5.4,
      "1": 5.6,
      "3": 7.0,
      "0": 8.6,
      "4": 8.8,
      "5": 9.6
    },
    "1": {
      "4": 1.0,
      "3": 3.4,
      "5": 3.6,
      "6": 4.2,
      "9": 5.0,
      "7": 5.2,
      "2": 7.2,
      "0": 7.2,
      "1": 8.2,
      "8": 10.0
    },
    "2": {
      "7": 1.0,
      "1": 2.2,
      "8": 3.6,
      "6": 3.2,
      "0": 6.0,
      "2": 6.6,
      "9": 6.2,
      "5": 7.2,
      "3": 9.8,
      "4": 9.2
    },
    "3": {
      "1": 1.0,
      "4": 2.2,
      "3": 2.8,
      "7": 4.8,
      "6": 5.8,
      "0": 6.2,
      "9": 7.4,
      "2": 7.4,
      "8": 8.4,
      "5": 9.0
    },
    "4": {
      "3": 3.4,
      "0": 1.4,
      "8": 2.0,
      "6": 3.2,
      "7": 6.8,
      "1": 7.6,
      "5": 7.2,
      "9": 6.4,
      "2": 7.6,
      "4": 9.4
    },
    "5": {
      "3": 1.0,
      "6": 4.2,
      "8": 7.4,
      "9": 3.6,
      "0": 3.8,
      "7": 4.2,
      "1": 5.0,
      "2": 7.6,
      "5": 9.2,
      "4": 9.0
    },
    "6": {
      "3": 2.0,
      "1": 1.6,
      "9": 3.6,
      "5": 3.8,
      "8": 5.6,
      "4": 6.6,
      "6": 6.4,
      "0": 7.4,
      "2": 8.2,
      "7": 9.8
    },
    "7": {
      "1": 1.0,
      "9": 2.0,
      "0": 4.8,
      "7": 5.6,
      "4": 4.2,
      "2": 4.4,
      "5": 8.4,
      "6": 7.2,
      "3": 8.8,
      "8": 8.6
    },
    "8": {
      "5": 1.6,
      "6": 1.4,
      "9": 3.2,
      "8": 4.0,
      "7": 5.4,
      "4": 7.8,
      "1": 7.6,
      "3": 7.8,
      "2": 8.2,
      "0": 8.0
    },
    "9": {
      "7": 1.4,
      "5": 2.8,
      "1": 4.0,
      "6": 4.4,
      "4": 3.4,
      "9": 5.0,
      "3": 8.8,
      "2": 8.2,
      "0": 8.6,
      "8": 8.4
    },
    "10": {
      "2": 3.6,
      "3": 3.8,
      "0": 2.8,
      "1": 3.4,
      "9": 4.8,
      "8": 6.0,
      "7": 6.2,
      "5": 6.4,
      "4": 8.0,
      "6": 10.0
    },
    "11": {
      "7": 1.0,
      "8": 3.4,
      "2": 3.6,
      "5": 4.6,
      "4": 4.4,
      "6": 6.2,
      "3": 5.2,
      "0": 8.4,
      "1": 8.2,
      "9": 10.0
    },
    "12": {
      "0": 1.0,
      "1": 2.0,
      "2": 3.2,
      "7": 5.4,
      "3": 4.2,
      "5": 5.8,
      "4": 8.2,
      "8": 7.4,
      "9": 9.2,
      "6": 8.6
    },
    "13": {
      "2": 2.8,
      "9": 2.4,
      "5": 3.6,
      "3": 3.2,
      "4": 4.6,
      "0": 6.8,
      "1": 4.8,
      "7": 8.8,
      "8": 9.2,
      "6": 8.8
    },
    "14": {
      "0": 2.8,
      "4": 4.0,
      "9": 4.2,
      "3": 4.0,
      "6": 4.2,
      "2": 2.0,
      "1": 8.4,
      "5": 7.4,
      "7": 9.6,
      "8": 8.4
    },
    "15": {
      "9": 2.4,
      "2": 3.2,
      "1": 2.8,
      "3": 2.2,
      "0": 4.6,
      "4": 7.0,
      "5": 8.4,
      "8": 6.6,
      "7": 8.0,
      "6": 9.8
    },
    "16": {
      "7": 3.4,
      "1": 4.0,
      "2": 7.2,
      "6": 4.4,
      "5": 2.6,
      "0": 8.8,
      "8": 7.8,
      "4": 6.2,
      "3": 5.8,
      "9": 4.8
    },
    "17": {
      "2": 1.0,
      "3": 2.5,
      "7": 4.0,
      "9": 5.25,
      "4": 6.25,
      "5": 3.5,
      "0": 7.0,
      "1": 6.5,
      "8": 9.5,
      "6": 9.5
    },
    "18": {
      "6": 1.8,
      "3": 1.2,
      "5": 4.0,
      "8": 5.2,
      "4": 4.0,
      "1": 5.2,
      "2": 7.6,
      "0": 9.6,
      "7": 8.4,
      "9": 8.0
    },
    "19": {
      "9": 3.8,
      "3": 2.6,
      "5": 3.4,
      "0": 2.6,
      "4": 4.6,
      "7": 4.8,
      "2": 7.8,
      "8": 7.6,
      "6": 9.0,
      "1": 8.8
    },
    "20": {
      "3": 6.6,
      "4": 4.0,
      "2": 4.8,
      "0": 2.4,
      "1": 5.4,
      "9": 4.6,
      "8": 3.2,
      "5": 6.0,
      "7": 9.2,
      "6": 8.8
    },
    "21": {
      "8": 1.2,
      "1": 2.2,
      "2": 4.6,
      "5": 6.8,
      "6": 7.6,
      "9": 5.4,
      "4": 7.0,
      "7": 5.4,
      "3": 5.6,
      "0": 9.2
    },
    "22": {
      "1": 1.4,
      "3": 1.6,
      "8": 3.6,
      "5": 3.4,
      "6": 5.6,
      "7": 8.0,
      "0": 6.8,
      "2": 7.8,
      "4": 7.6,
      "9": 9.2
    },
    "23": {
      "8": 1.0,
      "7": 3.2,
      "9": 3.6,
      "5": 3.6,
      "3": 4.4,
      "0": 6.0,
      "1": 6.2,
      "6": 9.4,
      "2": 8.6,
      "4": 9.0
    },
    "24": {
      "4": 5.0,
      "2": 5.8,
      "9": 3.4,
      "0": 8.8,
      "7": 2.8,
      "8": 3.0,
      "1": 6.4,
      "3": 6.6,
      "6": 5.2,
      "5": 8.0
    },
    "25": {
      "4": 1.4,
      "9": 1.6,
      "7": 3.0,
      "2": 4.0,
      "1": 5.0,
      "8": 6.0,
      "0": 8.2,
      "6": 7.6,
      "5": 9.0,
      "3": 9.2
    },
    "26": {
      "6": 1.4,
      "2": 5.0,
      "4": 4.6,
      "7": 7.0,
      "9": 4.0,
      "0": 5.2,
      "1": 6.8,
      "3": 7.4,
      "5": 5.4,
      "8": 8.2
    },
    "27": {
      "1": 3.2,
      "9": 3.4,
      "4": 4.6,
      "6": 1.6,
      "0": 4.2,
      "5": 6.4,
      "7": 6.6,
      "2": 6.4,
      "8": 9.6,
      "3": 9.0
    },
    "28": {
      "6": 1.2,
      "4": 1.8,
      "7": 5.4,
      "1": 4.6,
      "5": 5.2,
      "3": 6.0,
      "2": 8.0,
      "9": 4.2,
      "0": 9.6,
      "8": 9.0
    },
    "29": {
      "1": 1.0,
      "6": 2.0,
      "3": 3.25,
      "4": 5.25,
      "5": 6.0,
      "0": 6.0,
      "7": 7.25,
      "2": 8.5,
      "8": 8.25,
      "9": 7.5
    },
    "30": {
      "1": 2.4,
      "6": 2.4,
      "2": 3.2,
      "0": 2.4,
      "3": 6.8,
      "7": 5.4,
      "5": 5.6,
      "8": 8.0,
      "9": 9.0,
      "4": 9.8
    },
    "31": {
      "5": 2.0,
      "6": 2.2,
      "4": 1.8,
      "9": 5.0,
      "0": 8.4,
      "3": 8.0,
      "2": 6.0,
      "1": 5.8,
      "7": 6.4,
      "8": 9.4
    },
    "32": {
      "5": 1.4,
      "9": 2.0,
      "1": 2.6,
      "7": 4.2,
      "4": 4.8,
      "2": 6.8,
      "0": 7.2,
      "8": 7.0,
      "6": 9.4,
      "3": 9.6
    },
    "33": {
      "9": 1.6,
      "0": 1.4,
      "4": 4.8,
      "1": 4.0,
      "8": 5.4,
      "7": 5.6,
      "6": 8.2,
      "3": 8.4,
      "5": 9.2,
      "2": 6.4
    },
    "34": {
      "0": 2.8,
      "7": 3.6,
      "3": 2.2,
      "9": 4.8,
      "1": 3.0,
      "8": 4.6,
      "4": 7.2,
      "5": 8.0,
      "2": 8.8,
      "6": 10.0
    },
    "35": {
      "3": 1.5,
      "2": 2.5,
      "1": 2.5,
      "6": 4.25,
      "8": 4.5,
      "4": 6.0,
      "9": 6.75,
      "7": 8.25,
      "5": 8.75,
      "0": 10.0
    },
    "36": {
      "2": 1.2,
      "4": 2.4,
      "1": 3.4,
      "7": 6.2,
      "0": 4.0,
      "3": 6.2,
      "6": 4.6,
      "8": 8.4,
      "5": 8.6,
      "9": 10.0
    },
    "37": {
      "8": 1.8,
      "9": 2.0,
      "7": 3.2,
      "1": 5.8,