{
  "content_diversity": 0.34355542063713074,
  "classifier_auc": 0.7947221261385911,
  "ranking_stability": 0.5952171460800901,
  "feature_coefficients": {
    "word_count": 1.3278266178843874,
    "sentence_count": -0.5400378790767048,
    "avg_sentence_length": 0.04518659358090322,
    "paragraph_count": -0.18611965904938288,
    "heading_density": 0.13810779179532093,
    "list_frequency": 0.10078148777295977,
    "readability": 0.0006941788181581443,
    "bold_emphasis_density": -0.1337366574593342,
    "citation_density": -0.9399053004291775,
    "statistic_density": 0.17104170274111374,
    "quote_density": -0.23712636553053631,
    "named_source_mentions": -0.022919830981661823,
    "year_mentions": 0.10963196009413856,
    "claim_density": -0.20953040847185858,
    "external_reference_density": -0.10198660910417609,
    "question_density": 0.20605843297177223,
    "query_similarity": 0.5011715143020259,
    "corpus_centroid_similarity": 0.28134132995864014,
    "type_token_ratio": -0.13916517888114968,
    "vocabulary_sophistication": -0.26692474823739853,
    "sentiment_polarity": -0.012815193874222624,
    "avg_word_length": -0.9799675529081818,
    "semantic_uniqueness": 0.0340814252449672,
    "information_density": -0.01620471791411684,
    "specificity_score": -0.1623485564041735
  },
  "avg_ranks": {
    "0": {
      "6": 2.2,
      "7": 2.0,
      "2": 2.6,
      "9": 3.2,
      "1": 5.6,
      "4": 7.8,
      "8": 6.0,
      "3": 7.4,
      "0": 8.2,
      "5": 10.0
    },
    "1": {
      "4": 1.0,
      "3": 3.2,
      "6": 4.2,
      "5": 4.4,
      "1": 7.8,
      "0": 7.6,
      "7": 4.4,
      "9": 5.0,
      "2": 7.4,
      "8": 10.0
    },
    "2": {
      "7": 1.0,
      "1": 2.0,
      "6": 3.2,
      "5": 4.8,
      "0": 6.4,
      "8": 4.8,
      "9": 6.8,
      "2": 7.0,
      "4": 9.2,
      "3": 9.8
    },
    "3": {
      "1": 1.0,
      "4": 2.0,
      "7": 4.4,
      "6": 5.0,
      "0": 6.6,
      "9": 7.0,
      "2": 7.4,
      "3": 5.2,
      "8": 8.0,
      "5": 8.4
    },
    "4": {
      "0": 1.0,
      "8": 2.0,
      "6": 3.2,
      "3": 4.6,
      "5": 7.8,
      "1": 7.6,
      "7": 7.6,
      "4": 7.2,
      "2": 8.6,
      "9": 5.4
    },
    "5": {
      "3": 2.4,
      "7": 3.0,
      "0": 2.8,
      "9": 2.6,
      "6": 6.0,
      "1": 5.4,
      "8": 7.6,
      "2": 6.6,
      "5": 9.2,
      "4": 9.4
    },
    "6": {
      "5": 4.8,
      "0": 3.8,
      "3": 3.6,
      "7": 3.4,
      "1": 4.0,
      "6": 3.0,
      "9": 7.4,
      "8": 7.2,
      "4": 9.2,
      "2": 8.6
    },
    "7": {
      "9": 1.6,
      "1": 1.4,
      "2": 5.0,
      "4": 4.0,
      "3": 8.0,
      "6": 6.8,
      "0": 4.8,
      "5": 8.2,
      "8": 9.4,
      "7": 5.8
    },
    "8": {
      "5": 1.2,
      "6": 3.4,
      "9": 2.4,
      "8": 3.0,
      "7": 5.4,
      "4": 8.4,
      "1": 7.2,
      "3": 8.2,
      "2": 8.0,
      "0": 7.8
    },
    "9": {
      "5": 3.0,
      "7": 2.0,
      "1": 4.6,
      "6": 3.2,
      "4": 3.4,
      "9": 5.2,
      "2": 7.4,
      "8": 8.4,
      "0": 8.6,
      "3": 9.2
    },
    "10": {
      "2": 4.2,
      "9": 5.8,
      "1": 3.4,
      "0": 4.0,
      "3": 5.4,
      "5": 4.4,
      "7": 5.2,
      "8": 5.4,
      "4": 7.2,
      "6": 10.0
    },
    "11": {
      "3": 5.2,
      "7": 1.2,
      "8": 3.6,
      "4": 3.4,
      "2": 4.6,
      "5": 5.0,
      "6": 5.8,
      "1": 8.2,
      "0": 8.4,
      "9": 9.6
    },
    "12": {
      "0": 1.0,
      "1": 2.4,
      "2": 3.4,
      "3": 3.8,
      "7": 5.6,
      "5": 5.8,
      "6": 8.8,
      "8": 6.2,
      "4": 8.4,
      "9": 9.6
    },
    "13": {
      "9": 3.0,
      "2": 1.8,
      "4": 3.2,
      "5": 3.0,
      "3": 4.4,
      "1": 5.6,
      "0": 7.4,
      "6": 8.2,
      "8": 8.8,
      "7": 9.6
    },
    "14": {
      "2": 1.0,
      "0": 2.0,
      "6": 3.2,
      "3": 4.2,
      "4": 6.0,
      "9": 5.0,
      "5": 7.6,
      "8": 8.4,
      "7": 9.6,
      "1": 8.0
    },
    "15": {
      "3": 1.0,
      "9": 2.6,
      "2": 3.4,
      "1": 3.0,
      "0": 5.2,
      "4": 6.6,
      "7": 7.2,
      "8": 7.0,
      "6": 9.6,
      "5": 9.4
    },
    "16": {
      "5": 1.0,
      "3": 6.8,
      "8": 7.2,
      "1": 5.2,
      "0": 7.6,
      "2": 6.0,
      "4": 6.4,
      "6": 5.0,
      "7": 5.0,
      "9": 4.8
    },
    "17": {
      "2": 1.25,
      "5": 2.0,
      "3": 2.75,
      "7": 4.25,
      "4": 6.0,
      "9": 5.5,
      "1": 7.5,
      "0": 7.0,
      "6": 9.25,
      "8": 9.5
    },
    "18": {
      "2": 3.4,
      "3": 3.0,
      "6": 3.2,
      "5": 3.0,
      "8": 5.6,
      "4": 5.0,
      "1": 4.8,
      "0": 9.6,
      "7": 8.8,
      "9": 8.6
    },
    "19": {
      "3": 1.8,
      "0": 1.4,
      "4": 3.8,
      "5": 3.0,
      "7": 5.2,
      "9": 6.6,
      "1": 7.0,
      "8": 9.0,
      "6": 8.8,
      "2": 8.4
    },
    "20": {
      "4": 4.8,
      "3": 4.0,
      "2": 6.0,
      "1": 4.6,
      "0": 3.8,
      "5": 7.4,
      "8": 4.0,
      "9": 5.0,
      "6": 7.8,
      "7": 7.6
    },
    "21": {
      "8": 1.2,
      "1": 1.8,
      "5": 7.0,
      "2": 4.2,
      "6": 8.0,
      "3": 5.0,
      "7": 5.2,
      "9": 5.8,
      "4": 7.6,
      "0": 9.2
    },
    "22": {
      "1": 1.0,
      "3": 2.0,
      "5": 3.4,
      "8": 4.6,
      "6": 4.6,
      "2": 8.0,
      "0": 6.4,
      "9": 8.4,
      "4": 8.2,
      "7": 8.4
    },
    "23": {
      "8": 1.0,
      "7": 3.2,
      "3": 3.8,
      "5": 4.6,
      "9": 4.2,
      "1": 5.2,
      "0": 6.0,
      "4": 9.0,
      "2": 8.6,
      "6": 9.4
    },
    "24": {
      "7": 2.4,
      "8": 2.2,
      "3": 4.6,
      "1": 4.4,
      "9": 4.2,
      "6": 6.4,
      "5": 8.6,
      "2": 6.4,
      "4": 5.8,
      "0": 10.0
    },
    "25": {
      "4": 1.2,
      "9": 1.8,
      "1": 4.0,
      "2": 3.8,
      "7": 4.4,
      "8": 5.8,
      "0": 7.6,
      "6": 7.4,
      "3": 9.4,
      "5": 9.6
    },
    "26": {
      "9": 3.0,
      "6": 1.2,
      "0": 4.0,
      "1": 4.2,
      "3": 7.0,
      "4": 6.0,
      "2": 5.4,
      "5": 7.6,
      "7": 6.8,
      "8": 9.8
    },
    "27": {
      "7": 5.6,
      "2": 6.2,
      "6": 2.0,
      "1": 3.0,
      "9": 3.8,
      "4": 4.6,
      "5": 5.4,
      "0": 5.4,
      "8": 9.4,
      "3": 9.6
    },
    "28": {
      "4": 2.0,
      "6": 1.8,
      "1": 3.0,
      "5": 3.6,
      "2": 6.8,
      "3": 6.6,
      "8": 9.4,
      "9": 6.4,
      "7": 6.2,
      "0": 9.2
    },
    "29": {
      "1": 1.0,
      "6": 2.4,
      "3": 2.6,
      "4": 5.0,
      "5": 5.8,
      "9": 9.0,
      "0": 5.6,
      "7": 6.6,
      "8": 8.4,
      "2": 8.6
    },
    "30": {
      "0": 2.0,
      "6": 2.8,
      "2": 3.0,
      "1": 2.6,
      "7": 5.4,
      "3": 6.2,
      "5": 6.0,
      "4": 9.4,
      "8": 8.2,
      "9": 9.4
    },
    "31": {
      "5": 1.8,
      "6": 2.0,
      "4": 2.2,
      "9": 4.4,
      "2": 5.4,
      "1": 5.2,
      "7": 7.4,
      "3": 8.6,
      "0": 8.4,
      "8": 9.6
    },
    "32": {
      "5": 1.8,
      "1": 3.2,
      "9": 2.0,
      "4": 4.8,
      "7": 5.0,
      "8": 7.0,
      "2": 8.0,
      "0": 5.0,
      "6": 8.8,
      "3": 9.4
    },
    "33": {
      "9": 1.4,
      "0": 1.6,
      "7": 4.8,
      "5": 8.6,
      "1": 4.2,
      "8": 5.2,
      "4": 7.0,
      "2": 5.2,
      "3": 8.2,
      "6": 8.8
    },
    "34": {
      "7": 3.0,
      "3": 1.8,
      "9": 3.4,
      "4": 6.6,
      "1": 4.5,
      "0": 4.8,
      "8": 5.2,
      "5": 7.8,
      "2": 8.75,
      "6": 10.0
    },
    "35": {
      "3": 2.2,
      "1": 1.6,
      "2": 2.2,
      "6": 4.6,
      "5": 7.2,
      "7": 7.4,
      "8": 5.2,
      "4": 6.4,
      "0": 9.8,
      "9": 8.4
    },
    "36": {
      "4": 2.6,
      "2": 2.6,
      "3": 4.6,
      "6": 4.2,
      "0": 3.6,
      "1": 4.6,
      "7": 5.8,
      "8": 8.4,
      "5": 8.6,
      "9": 10.0
    },
    "37": {
      "8": 2.6,
      "7": 3.0,
      "3": 5.0,
      "9": 2.4,