{
  "content_diversity": 0.3408676087856293,
  "classifier_auc": 0.754873567513702,
  "ranking_stability": 0.6017975508369845,
  "feature_coefficients": {
    "word_count": 0.536213055726441,
    "sentence_count": -0.12602691529794566,
    "avg_sentence_length": 0.01440396561167283,
    "paragraph_count": -0.348666787602105,
    "heading_density": -0.02347780181438505,
    "list_frequency": 0.0029840911102974833,
    "readability": 0.11243671327999545,
    "bold_emphasis_density": -0.10135055459937209,
    "citation_density": -0.37710236521840773,
    "statistic_density": 0.29175076615169143,
    "quote_density": -0.21287186934408614,
    "named_source_mentions": -0.04539953638740383,
    "year_mentions": 0.09292783162490922,
    "claim_density": -0.309567730733917,
    "external_reference_density": -0.1069391015438152,
    "question_density": 0.0443063622637019,
    "query_similarity": 0.5986653649610312,
    "corpus_centroid_similarity": 0.15856928874369264,
    "type_token_ratio": -0.3228109372650134,
    "vocabulary_sophistication": -0.2271169158708415,
    "sentiment_polarity": -0.015220210710117648,
    "avg_word_length": -0.4573282711120805,
    "semantic_uniqueness": 0.1992698517868432,
    "information_density": 0.02222510816430228,
    "specificity_score": -0.04526165316163265
  },
  "avg_ranks": {
    "0": {
      "7": 1.0,
      "2": 2.4,
      "6": 3.4,
      "9": 3.6,
      "8": 4.6,
      "3": 6.8,
      "4": 7.8,
      "1": 6.8,
      "0": 8.6,
      "5": 10.0
    },
    "1": {
      "4": 1.0,
      "3": 2.6,
      "7": 4.0,
      "9": 4.2,
      "2": 5.6,
      "5": 6.2,
      "6": 6.4,
      "1": 7.4,
      "0": 7.6,
      "8": 10.0
    },
    "2": {
      "7": 1.2,
      "6": 2.8,
      "1": 2.2,
      "0": 5.4,
      "8": 4.2,
      "5": 7.2,
      "4": 8.6,
      "2": 7.0,
      "9": 6.6,
      "3": 9.8
    },
    "3": {
      "1": 1.0,
      "4": 2.0,
      "3": 3.2,
      "7": 4.2,
      "6": 5.6,
      "0": 6.6,
      "2": 7.4,
      "9": 7.6,
      "8": 7.8,
      "5": 9.6
    },
    "4": {
      "8": 1.4,
      "0": 1.6,
      "6": 3.4,
      "3": 4.0,
      "9": 8.0,
      "1": 5.4,
      "7": 6.2,
      "5": 6.6,
      "2": 8.8,
      "4": 9.6
    },
    "5": {
      "3": 1.0,
      "0": 4.0,
      "9": 2.4,
      "7": 4.0,
      "2": 5.6,
      "1": 4.4,
      "6": 7.0,
      "8": 7.6,
      "4": 9.8,
      "5": 9.2
    },
    "6": {
      "1": 2.0,
      "5": 3.4,
      "8": 4.0,
      "3": 2.8,
      "9": 5.8,
      "4": 6.0,
      "0": 6.4,
      "2": 8.4,
      "6": 7.6,
      "7": 8.6
    },
    "7": {
      "1": 1.0,
      "9": 2.0,
      "7": 4.2,
      "4": 4.2,
      "2": 4.2,
      "0": 5.6,
      "6": 7.2,
      "3": 8.4,
      "5": 9.4,
      "8": 8.8
    },
    "8": {
      "5": 2.0,
      "6": 1.2,
      "9": 3.0,
      "8": 3.8,
      "7": 5.0,
      "1": 6.6,
      "3": 8.2,
      "0": 8.2,
      "2": 8.8,
      "4": 8.2
    },
    "9": {
      "5": 2.6,
      "7": 2.6,
      "1": 4.2,
      "6": 3.0,
      "9": 5.0,
      "4": 3.6,
      "2": 7.6,
      "3": 9.0,
      "8": 8.4,
      "0": 9.0
    },
    "10": {
      "8": 3.2,
      "7": 3.8,
      "5": 4.4,
      "1": 4.8,
      "0": 5.4,
      "2": 4.0,
      "9": 5.4,
      "3": 5.2,
      "4": 8.8,
      "6": 10.0
    },
    "11": {
      "7": 1.0,
      "8": 2.8,
      "5": 6.0,
      "4": 5.2,
      "2": 5.4,
      "6": 7.0,
      "3": 4.2,
      "1": 6.4,
      "0": 7.0,
      "9": 10.0
    },
    "12": {
      "0": 1.0,
      "1": 2.0,
      "2": 3.0,
      "3": 5.0,
      "7": 5.8,
      "5": 5.6,
      "8": 7.2,
      "6": 6.8,
      "9": 9.8,
      "4": 8.8
    },
    "13": {
      "4": 3.2,
      "5": 2.2,
      "2": 3.6,
      "3": 3.6,
      "9": 4.0,
      "1": 4.4,
      "0": 7.0,
      "7": 8.6,
      "6": 9.0,
      "8": 9.4
    },
    "14": {
      "2": 1.0,
      "0": 2.0,
      "4": 3.4,
      "9": 5.2,
      "6": 4.8,
      "3": 4.6,
      "1": 8.8,
      "8": 8.4,
      "5": 7.6,
      "7": 9.2
    },
    "15": {
      "3": 1.0,
      "1": 2.4,
      "2": 3.0,
      "9": 3.6,
      "0": 5.2,
      "8": 6.6,
      "4": 6.6,
      "5": 7.8,
      "6": 9.6,
      "7": 9.2
    },
    "16": {
      "5": 1.8,
      "3": 5.0,
      "9": 4.4,
      "7": 4.6,
      "1": 5.2,
      "6": 5.0,
      "8": 7.6,
      "4": 7.0,
      "0": 8.0,
      "2": 6.4
    },
    "17": {
      "2": 1.0,
      "3": 2.0,
      "7": 3.3333333333333335,
      "9": 5.0,
      "4": 5.333333333333333,
      "5": 4.333333333333333,
      "0": 7.333333333333333,
      "1": 8.0,
      "6": 8.666666666666666,
      "8": 10.0
    },
    "18": {
      "2": 4.6,
      "5": 3.4,
      "3": 1.6,
      "6": 2.6,
      "4": 5.0,
      "8": 4.8,
      "1": 6.0,
      "9": 8.6,
      "7": 8.4,
      "0": 10.0
    },
    "19": {
      "9": 4.6,
      "3": 2.4,
      "0": 2.6,
      "5": 4.4,
      "4": 4.6,
      "7": 4.6,
      "2": 7.2,
      "6": 8.4,
      "1": 8.0,
      "8": 8.2
    },
    "20": {
      "0": 2.2,
      "5": 3.4,
      "2": 3.2,
      "1": 5.2,
      "4": 4.8,
      "3": 4.6,
      "6": 8.2,
      "7": 9.2,
      "8": 6.6,
      "9": 7.6
    },
    "21": {
      "8": 1.0,
      "1": 2.0,
      "2": 4.6,
      "3": 5.0,
      "7": 4.8,
      "9": 4.4,
      "4": 6.4,
      "5": 9.4,
      "6": 8.8,
      "0": 8.6
    },
    "22": {
      "1": 1.0,
      "3": 2.0,
      "5": 3.4,
      "6": 4.8,
      "8": 4.6,
      "2": 7.4,
      "0": 7.0,
      "7": 7.4,
      "4": 8.4,
      "9": 9.0
    },
    "23": {
      "8": 1.2,
      "9": 3.0,
      "7": 3.2,
      "3": 5.2,
      "5": 4.6,
      "1": 4.8,
      "0": 6.6,
      "2": 8.2,
      "4": 8.8,
      "6": 9.4
    },
    "24": {
      "9": 2.4,
      "8": 3.0,
      "7": 3.6,
      "2": 4.0,
      "4": 4.2,
      "6": 5.8,
      "1": 6.6,
      "3": 6.8,
      "5": 8.6,
      "0": 10.0
    },
    "25": {
      "4": 1.0,
      "9": 2.0,
      "7": 4.0,
      "2": 4.4,
      "1": 4.2,
      "8": 5.4,
      "6": 7.6,
      "0": 8.2,
      "5": 9.6,
      "3": 8.6
    },
    "26": {
      "6": 1.0,
      "5": 3.0,
      "9": 4.6,
      "2": 2.6,
      "0": 6.8,
      "1": 6.0,
      "8": 8.2,
      "4": 7.6,
      "3": 6.6,
      "7": 8.6
    },
    "27": {
      "6": 1.4,
      "0": 3.2,
      "4": 3.8,
      "5": 5.8,
      "9": 4.4,
      "1": 5.2,
      "7": 5.8,
      "2": 6.4,
      "3": 9.4,
      "8": 9.6
    },
    "28": {
      "6": 1.2,
      "4": 1.8,
      "9": 3.0,
      "5": 5.4,
      "1": 4.6,
      "7": 6.6,
      "3": 6.2,
      "2": 7.4,
      "8": 9.2,
      "0": 9.6
    },
    "29": {
      "1": 1.0,
      "8": 6.6,
      "0": 5.4,
      "7": 5.8,
      "5": 4.6,
      "2": 7.2,
      "3": 3.6,
      "4": 5.4,
      "9": 8.6,
      "6": 6.8
    },
    "30": {
      "6": 2.2,
      "2": 3.0,
      "0": 2.6,
      "1": 2.4,
      "8": 6.8,
      "3": 6.6,
      "7": 5.4,
      "5": 7.0,
      "9": 9.0,
      "4": 10.0
    },
    "31": {
      "5": 1.8,
      "6": 2.8,
      "4": 2.0,
      "2": 5.2,
      "1": 5.8,
      "9": 5.6,
      "7": 6.6,
      "0": 7.0,
      "3": 8.2,
      "8": 10.0
    },
    "32": {
      "9": 1.2,
      "1": 3.0,
      "5": 2.4,
      "7": 7.6,
      "4": 6.4,
      "8": 3.8,
      "0": 6.8,
      "6": 8.2,
      "3": 9.2,
      "2": 6.4
    },
    "33": {
      "0": 1.4,
      "9": 1.6,
      "1": 4.2,
      "2": 5.0,
      "8": 6.0,
      "3": 6.8,
      "7": 5.0,
      "6": 7.8,
      "4": 7.2,
      "5": 10.0
    },
    "34": {
      "7": 3.2,
      "3": 1.6,
      "1": 2.8,
      "9": 4.8,
      "0": 4.2,
      "4": 6.2,
      "8": 5.6,
      "5": 7.6,
      "2": 9.0,
      "6": 10.0
    },
    "35": {
      "9": 6.2,
      "1": 2.0,
      "2": 1.8,
      "6": 4.6,
      "4": 5.8,
      "8": 5.4,
      "3": 3.4,
      "0": 9.6,
      "5": 7.8,
      "7": 8.4
    },
    "36": {
      "4": 2.2,
      "0": 3.4,
      "1": 3.2,
      "6": 4.6,
      "2": 1.8,
      "3": 6.4,
      "7": 6.4,
      "8": 8.2,
      "5": 8.8,
      "9": 10.0
    },