{
  "content_diversity": 0.3427942395210266,
  "classifier_auc": 0.8186495145725043,
  "ranking_stability": 0.6017025089605734,
  "feature_coefficients": {
    "word_count": 1.288428889652803,
    "sentence_count": -0.2987771519616105,
    "avg_sentence_length": 0.14842163566048946,
    "paragraph_count": -0.28244492765702683,
    "heading_density": -0.011977967099821605,
    "list_frequency": 0.013069783501682395,
    "readability": -0.00923283760546315,
    "bold_emphasis_density": 0.020083197509204183,
    "citation_density": -1.1569884402745614,
    "statistic_density": 0.28650889881881764,
    "quote_density": -0.2270856846922905,
    "named_source_mentions": -0.23090130790791427,
    "year_mentions": 0.13762662761408997,
    "claim_density": -0.2766931658292259,
    "external_reference_density": -0.10832086897607761,
    "question_density": 0.1171278930495182,
    "query_similarity": 0.5915930462392902,
    "corpus_centroid_similarity": 0.039844309503784175,
    "type_token_ratio": -0.2513445888806358,
    "vocabulary_sophistication": -0.1775322631212812,
    "sentiment_polarity": -0.08070148428939802,
    "avg_word_length": -0.7465022371672825,
    "semantic_uniqueness": 0.06533584094434483,
    "information_density": 0.07163444505582453,
    "specificity_score": 0.02050270384402083
  },
  "avg_ranks": {
    "0": {
      "6": 1.8,
      "7": 2.4,
      "2": 3.6,
      "4": 6.8,
      "9": 2.4,
      "8": 5.6,
      "1": 6.4,
      "3": 8.2,
      "0": 7.8,
      "5": 10.0
    },
    "1": {
      "4": 1.0,
      "9": 3.2,
      "6": 5.6,
      "5": 5.8,
      "8": 9.0,
      "1": 8.0,
      "0": 8.2,
      "2": 5.6,
      "7": 4.4,
      "3": 4.2
    },
    "2": {
      "7": 1.0,
      "1": 2.0,
      "6": 4.2,
      "8": 4.2,
      "9": 6.4,
      "2": 7.0,
      "0": 5.2,
      "5": 6.8,
      "3": 9.6,
      "4": 8.6
    },
    "3": {
      "1": 1.0,
      "4": 2.2,
      "7": 4.4,
      "3": 3.8,
      "6": 5.6,
      "0": 6.4,
      "9": 6.4,
      "2": 7.0,
      "8": 8.2,
      "5": 10.0
    },
    "4": {
      "0": 1.2,
      "8": 1.8,
      "6": 3.0,
      "3": 4.0,
      "4": 8.2,
      "9": 6.4,
      "2": 8.2,
      "7": 6.2,
      "1": 7.2,
      "5": 8.8
    },
    "5": {
      "3": 1.8,
      "7": 3.6,
      "1": 4.0,
      "2": 5.6,
      "9": 2.8,
      "0": 3.8,
      "8": 8.2,
      "6": 6.6,
      "5": 9.6,
      "4": 9.0
    },
    "6": {
      "3": 2.8,
      "1": 2.8,
      "9": 4.0,
      "5": 3.8,
      "8": 5.0,
      "2": 7.6,
      "4": 7.6,
      "6": 6.6,
      "0": 6.8,
      "7": 8.0
    },
    "7": {
      "9": 1.8,
      "1": 1.2,
      "4": 5.0,
      "2": 4.6,
      "6": 5.8,
      "7": 4.8,
      "0": 5.2,
      "3": 8.4,
      "8": 9.6,
      "5": 8.6
    },
    "8": {
      "6": 2.4,
      "5": 1.6,
      "9": 2.8,
      "8": 3.8,
      "1": 7.8,
      "7": 6.4,
      "2": 6.8,
      "0": 6.6,
      "3": 7.0,
      "4": 9.8
    },
    "9": {
      "7": 2.6,
      "5": 3.2,
      "1": 4.0,
      "6": 3.2,
      "9": 3.8,
      "4": 4.2,
      "3": 8.8,
      "2": 8.2,
      "8": 8.0,
      "0": 9.0
    },
    "10": {
      "5": 4.0,
      "8": 3.6,
      "7": 3.8,
      "4": 7.0,
      "6": 9.0,
      "1": 4.6,
      "0": 4.8,
      "3": 7.6,
      "9": 5.2,
      "2": 5.4
    },
    "11": {
      "7": 1.2,
      "2": 4.4,
      "4": 4.6,
      "5": 4.8,
      "6": 6.6,
      "3": 4.8,
      "1": 7.0,
      "0": 8.0,
      "8": 3.6,
      "9": 10.0
    },
    "12": {
      "0": 1.0,
      "1": 2.0,
      "2": 3.0,
      "3": 4.2,
      "5": 5.4,
      "6": 7.2,
      "9": 8.6,
      "8": 7.2,
      "7": 7.2,
      "4": 9.2
    },
    "13": {
      "4": 2.8,
      "2": 2.2,
      "9": 3.8,
      "5": 3.0,
      "3": 4.2,
      "1": 6.4,
      "0": 7.2,
      "6": 8.8,
      "7": 7.8,
      "8": 8.8
    },
    "14": {
      "2": 1.2,
      "0": 1.8,
      "4": 3.8,
      "1": 7.4,
      "3": 4.2,
      "6": 4.8,
      "9": 6.4,
      "7": 9.0,
      "8": 8.4,
      "5": 8.0
    },
    "15": {
      "3": 1.6,
      "9": 2.6,
      "1": 2.8,
      "2": 3.0,
      "4": 6.4,
      "0": 5.4,
      "7": 8.0,
      "5": 8.2,
      "8": 7.2,
      "6": 9.8
    },
    "16": {
      "5": 1.4,
      "3": 4.2,
      "4": 5.4,
      "1": 4.4,
      "6": 5.4,
      "2": 6.6,
      "0": 6.4,
      "8": 8.2,
      "9": 6.4,
      "7": 6.6
    },
    "17": {
      "2": 1.0,
      "5": 3.0,
      "3": 2.5,
      "9": 4.25,
      "4": 5.5,
      "7": 5.25,
      "0": 7.25,
      "1": 7.25,
      "8": 9.5,
      "6": 9.5
    },
    "18": {
      "3": 2.6,
      "6": 2.0,
      "8": 5.4,
      "5": 3.6,
      "4": 4.6,
      "1": 6.4,
      "2": 3.4,
      "9": 8.2,
      "7": 8.8,
      "0": 10.0
    },
    "19": {
      "5": 2.6,
      "3": 1.8,
      "0": 2.2,
      "4": 3.4,
      "7": 5.2,
      "6": 9.0,
      "2": 7.2,
      "8": 8.2,
      "1": 8.0,
      "9": 7.4
    },
    "20": {
      "0": 2.4,
      "9": 7.0,
      "8": 6.4,
      "5": 4.6,
      "2": 3.8,
      "4": 3.0,
      "3": 3.6,
      "1": 6.4,
      "7": 8.8,
      "6": 9.0
    },
    "21": {
      "8": 1.0,
      "1": 2.0,
      "5": 5.8,
      "2": 4.4,
      "7": 4.2,
      "3": 5.2,
      "4": 6.8,
      "9": 6.6,
      "0": 9.0,
      "6": 10.0
    },
    "22": {
      "1": 1.0,
      "3": 2.0,
      "5": 3.0,
      "8": 4.2,
      "6": 5.0,
      "4": 7.2,
      "0": 6.8,
      "2": 7.6,
      "7": 8.4,
      "9": 9.8
    },
    "23": {
      "8": 1.0,
      "7": 3.8,
      "3": 4.0,
      "5": 3.8,
      "9": 5.4,
      "1": 5.8,
      "0": 6.8,
      "2": 8.4,
      "4": 7.8,
      "6": 8.2
    },
    "24": {
      "9": 3.8,
      "2": 4.2,
      "4": 3.6,
      "7": 3.0,
      "8": 2.4,
      "6": 6.4,
      "0": 9.2,
      "5": 8.6,
      "3": 6.6,
      "1": 7.2
    },
    "25": {
      "4": 1.4,
      "9": 1.6,
      "7": 3.8,
      "2": 4.0,
      "1": 5.0,
      "8": 5.2,
      "5": 9.2,
      "6": 7.8,
      "0": 7.8,
      "3": 9.2
    },
    "26": {
      "6": 1.0,
      "2": 4.4,
      "9": 3.8,
      "1": 4.6,
      "0": 5.6,
      "3": 6.4,
      "4": 6.2,
      "5": 7.0,
      "7": 7.0,
      "8": 9.0
    },
    "27": {
      "0": 2.8,
      "9": 4.8,
      "6": 2.4,
      "5": 5.0,
      "4": 4.6,
      "1": 4.6,
      "7": 5.6,
      "2": 6.2,
      "3": 9.2,
      "8": 9.8
    },
    "28": {
      "6": 1.2,
      "4": 1.8,
      "9": 4.0,
      "2": 5.4,
      "1": 4.6,
      "7": 7.0,
      "5": 6.0,
      "3": 6.0,
      "0": 9.4,
      "8": 9.6
    },
    "29": {
      "1": 1.0,
      "6": 2.2,
      "3": 2.8,
      "8": 7.6,
      "5": 5.0,
      "0": 5.6,
      "7": 6.0,
      "2": 7.6,
      "9": 7.8,
      "4": 9.4
    },
    "30": {
      "6": 2.0,
      "0": 1.8,
      "2": 3.2,
      "3": 5.4,
      "7": 6.2,
      "1": 3.6,
      "5": 6.6,
      "8": 7.4,
      "9": 8.8,
      "4": 10.0
    },
    "31": {
      "5": 1.4,
      "6": 2.0,
      "4": 2.6,
      "9": 4.0,
      "7": 6.2,
      "0": 8.6,
      "3": 7.8,
      "1": 6.6,
      "2": 6.0,
      "8": 9.8
    },
    "32": {
      "9": 1.4,
      "5": 2.2,
      "1": 3.4,
      "4": 4.2,
      "7": 4.4,
      "2": 8.0,
      "0": 6.4,
      "8": 7.0,
      "6": 8.0,
      "3": 10.0
    },
    "33": {
      "0": 1.2,
      "9": 1.8,
      "7": 4.8,
      "4": 6.0,
      "1": 4.6,
      "8": 5.0,
      "2": 5.6,
      "5": 9.4,
      "3": 9.0,
      "6": 7.6
    },
    "34": {
      "3": 1.2,
      "1": 3.6,
      "7": 3.8,
      "8": 3.8,
      "9": 5.4,
      "4": 5.8,
      "2": 8.4,
      "0": 4.8,
      "5": 8.2,
      "6": 10.0
    },
    "35": {
      "2": 1.4,
      "1": 1.6,
      "3": 3.6,
      "5": 7.4,
      "7": 6.8,
      "4": 5.4,
      "6": 4.8,
      "8": 6.2,
      "0": 9.4,
      "9": 8.4
    },
    "36": {
      "7": 5.4,
      "1": 3.2,
      "4": 2.4,
      "6": 5.2,
      "2": 1.8,
      "3": 5.4,
      "0": 4.6,
      "5": 8.4,
      "8": 8.6,
      "9": 10.0
    },
    "37": {
      "9": 1.6,
      "8": 2.8,
      "7": 2.6,
      "1": 6.6,