{
  "content_diversity": 0.3443359136581421,
  "classifier_auc": 0.7735905508911475,
  "ranking_stability": 0.610657596371882,
  "feature_coefficients": {
    "word_count": 0.9758799868745367,
    "sentence_count": -0.43408282176976887,
    "avg_sentence_length": 0.12284650474146608,
    "paragraph_count": -0.3612086876137577,
    "heading_density": -0.014537096656234086,
    "list_frequency": 0.537470776081086,
    "readability": -0.0649167601804252,
    "bold_emphasis_density": -0.09588151593755417,
    "citation_density": -0.7662923941329157,
    "statistic_density": 0.22949524779597516,
    "quote_density": -0.14757018264382757,
    "named_source_mentions": -0.03382336378690296,
    "year_mentions": 0.11841806817324411,
    "claim_density": -0.3802482845020118,
    "external_reference_density": -0.10664654913999433,
    "question_density": 0.2531219560531695,
    "query_similarity": 0.5142598493648403,
    "corpus_centroid_similarity": 0.11245176329006963,
    "type_token_ratio": -0.3452459506614859,
    "vocabulary_sophistication": -0.12780075245345948,
    "sentiment_polarity": -0.08891838665559654,
    "avg_word_length": -0.6822224415477324,
    "semantic_uniqueness": -0.07204070861253434,
    "information_density": 0.18280937969081693,
    "specificity_score": -0.05740443304080165
  },
  "avg_ranks": {
    "0": {
      "7": 1.0,
      "2": 2.2,
      "6": 3.6,
      "9": 3.4,
      "8": 5.0,
      "3": 7.6,
      "1": 6.4,
      "4": 7.6,
      "0": 8.2,
      "5": 10.0
    },
    "1": {
      "4": 1.0,
      "9": 4.4,
      "3": 3.0,
      "5": 4.2,
      "6": 4.0,
      "0": 8.0,
      "1": 8.6,
      "2": 6.4,
      "7": 5.8,
      "8": 9.6
    },
    "2": {
      "7": 1.0,
      "1": 2.0,
      "0": 6.2,
      "8": 4.2,
      "9": 5.8,
      "6": 4.2,
      "5": 6.4,
      "2": 7.2,
      "4": 8.2,
      "3": 9.8
    },
    "3": {
      "1": 1.0,
      "4": 2.0,
      "3": 3.8,
      "0": 6.0,
      "9": 7.6,
      "2": 6.8,
      "7": 4.6,
      "6": 5.6,
      "5": 9.0,
      "8": 8.6
    },
    "4": {
      "0": 1.4,
      "8": 1.6,
      "6": 3.6,
      "9": 6.6,
      "3": 4.4,
      "5": 5.6,
      "2": 7.8,
      "4": 9.4,
      "7": 7.2,
      "1": 7.4
    },
    "5": {
      "3": 1.6,
      "7": 2.4,
      "0": 4.2,
      "9": 2.8,
      "1": 5.4,
      "2": 7.2,
      "6": 5.0,
      "8": 8.2,
      "5": 9.0,
      "4": 9.2
    },
    "6": {
      "1": 3.0,
      "3": 3.6,
      "5": 5.0,
      "8": 5.6,
      "9": 7.2,
      "4": 8.0,
      "6": 3.8,
      "0": 5.0,
      "7": 5.0,
      "2": 8.8
    },
    "7": {
      "1": 1.0,
      "9": 2.0,
      "0": 4.6,
      "4": 3.8,
      "2": 4.0,
      "7": 6.2,
      "5": 9.2,
      "3": 7.4,
      "6": 7.8,
      "8": 9.0
    },
    "8": {
      "5": 1.2,
      "9": 1.8,
      "8": 3.0,
      "6": 4.0,
      "7": 5.4,
      "1": 6.4,
      "4": 7.4,
      "0": 8.4,
      "2": 8.6,
      "3": 8.8
    },
    "9": {
      "7": 2.6,
      "5": 2.8,
      "1": 3.8,
      "6": 4.2,
      "4": 3.6,
      "9": 4.0,
      "2": 8.8,
      "8": 8.4,
      "0": 8.2,
      "3": 8.6
    },
    "10": {
      "4": 6.8,
      "3": 4.0,
      "1": 3.6,
      "0": 3.8,
      "2": 3.8,
      "9": 4.8,
      "5": 6.4,
      "7": 6.0,
      "8": 5.8,
      "6": 10.0
    },
    "11": {
      "7": 1.0,
      "8": 2.0,
      "2": 3.8,
      "4": 4.2,
      "5": 5.0,
      "6": 5.6,
      "3": 6.4,
      "1": 8.2,
      "0": 8.8,
      "9": 10.0
    },
    "12": {
      "0": 1.0,
      "1": 2.2,
      "2": 3.2,
      "3": 4.2,
      "8": 6.4,
      "5": 5.4,
      "9": 8.8,
      "4": 8.8,
      "7": 7.4,
      "6": 7.6
    },
    "13": {
      "5": 3.2,
      "2": 1.4,
      "9": 3.0,
      "1": 5.2,
      "3": 4.4,
      "4": 3.8,
      "0": 7.2,
      "7": 9.0,
      "6": 8.6,
      "8": 9.2
    },
    "14": {
      "2": 1.0,
      "0": 2.2,
      "6": 4.2,
      "3": 3.6,
      "4": 4.4,
      "5": 6.8,
      "9": 6.0,
      "8": 8.0,
      "7": 9.0,
      "1": 9.8
    },
    "15": {
      "3": 2.2,
      "0": 4.4,
      "2": 2.8,
      "1": 3.0,
      "9": 2.6,
      "4": 6.4,
      "8": 6.8,
      "7": 8.0,
      "5": 9.2,
      "6": 9.6
    },
    "16": {
      "5": 1.6,
      "9": 4.0,
      "7": 3.4,
      "1": 3.8,
      "6": 5.6,
      "4": 6.0,
      "3": 6.8,
      "0": 8.4,
      "2": 6.4,
      "8": 9.0
    },
    "17": {
      "2": 1.0,
      "5": 2.0,
      "3": 3.0,
      "7": 5.0,
      "9": 4.5,
      "4": 5.5,
      "0": 7.5,
      "1": 7.5,
      "8": 9.5,
      "6": 9.5
    },
    "18": {
      "3": 1.6,
      "6": 2.6,
      "2": 5.8,
      "5": 3.2,
      "8": 5.4,
      "4": 4.2,
      "1": 5.6,
      "9": 7.8,
      "7": 8.8,
      "0": 10.0
    },
    "19": {
      "9": 6.6,
      "0": 1.6,
      "3": 2.6,
      "4": 3.4,
      "5": 3.2,
      "7": 6.0,
      "2": 7.2,
      "8": 8.0,
      "6": 8.8,
      "1": 7.6
    },
    "20": {
      "5": 4.8,
      "0": 3.2,
      "3": 3.6,
      "2": 3.6,
      "4": 5.0,
      "1": 6.0,
      "9": 6.4,
      "8": 4.8,
      "7": 9.8,
      "6": 7.8
    },
    "21": {
      "2": 4.6,
      "8": 1.8,
      "1": 2.0,
      "5": 7.6,
      "9": 5.4,
      "4": 5.0,
      "7": 6.0,
      "3": 6.2,
      "0": 8.2,
      "6": 8.2
    },
    "22": {
      "1": 1.2,
      "3": 1.8,
      "8": 4.0,
      "5": 3.8,
      "6": 5.2,
      "2": 7.8,
      "0": 6.4,
      "4": 7.2,
      "9": 9.0,
      "7": 8.6
    },
    "23": {
      "8": 1.0,
      "7": 2.6,
      "9": 4.6,
      "3": 4.0,
      "5": 4.8,
      "1": 5.2,
      "0": 5.8,
      "2": 8.4,
      "4": 9.4,
      "6": 9.2
    },
    "24": {
      "9": 4.0,
      "8": 1.6,
      "7": 1.8,
      "1": 3.8,
      "3": 4.0,
      "6": 6.2,
      "5": 7.4,
      "4": 8.2,
      "2": 8.0,
      "0": 10.0
    },
    "25": {
      "4": 1.0,
      "9": 2.0,
      "7": 3.6,
      "2": 4.2,
      "1": 4.2,
      "8": 6.0,
      "6": 7.2,
      "0": 8.6,
      "5": 9.2,
      "3": 9.0
    },
    "26": {
      "2": 3.4,
      "6": 1.4,
      "9": 3.2,
      "1": 4.4,
      "0": 5.6,
      "4": 5.0,
      "3": 7.2,
      "5": 7.4,
      "8": 9.6,
      "7": 7.8
    },
    "27": {
      "1": 3.4,
      "9": 3.4,
      "6": 2.6,
      "7": 6.0,
      "2": 6.6,
      "0": 2.6,
      "4": 5.6,
      "3": 9.0,
      "5": 6.0,
      "8": 9.8
    },
    "28": {
      "1": 3.0,
      "5": 5.0,
      "4": 2.4,
      "6": 1.8,
      "7": 6.0,
      "2": 6.2,
      "3": 6.6,
      "8": 9.4,
      "9": 5.2,
      "0": 9.4
    },
    "29": {
      "1": 1.0,
      "6": 2.6,
      "3": 3.4,
      "5": 4.4,
      "7": 7.0,
      "0": 6.4,
      "9": 6.4,
      "8": 8.6,
      "4": 9.6,
      "2": 5.6
    },
    "30": {
      "6": 2.0,
      "0": 1.8,
      "7": 4.6,
      "2": 3.0,
      "1": 4.0,
      "5": 7.0,
      "3": 6.4,
      "8": 7.8,
      "9": 8.6,
      "4": 9.8
    },
    "31": {
      "6": 1.8,
      "5": 2.4,
      "4": 1.8,
      "9": 4.8,
      "2": 5.8,
      "1": 6.8,
      "7": 6.2,
      "3": 8.6,
      "0": 7.6,
      "8": 9.2
    },
    "32": {
      "5": 1.6,
      "9": 1.6,
      "1": 3.0,
      "4": 5.0,
      "7": 4.4,
      "0": 6.2,
      "8": 6.8,
      "2": 7.6,
      "6": 9.0,
      "3": 9.8
    },
    "33": {
      "0": 1.25,
      "9": 1.75,
      "1": 3.5,
      "2": 4.25,
      "8": 5.25,
      "4": 6.25,
      "6": 6.75,
      "7": 7.25,
      "3": 9.75,
      "5": 9.0
    },
    "34": {
      "0": 2.6,
      "8": 3.2,
      "3": 2.8,
      "1": 4.4,
      "7": 4.6,
      "4": 6.8,
      "9": 4.2,
      "5": 7.4,
      "2": 9.2,
      "6": 9.8
    },
    "35": {
      "9": 5.6,
      "3": 3.8,
      "8": 5.0,
      "1": 2.0,
      "2": 2.2,
      "6": 4.6,
      "4": 7.2,
      "7": 7.6,
      "5": 8.2,
      "0": 8.8
    },
    "36": {
      "2": 1.6,
      "6": 4.2,
      "1": 3.0,
      "0": 4.4,
      "4": 2.6,
      "7": 6.6,
      "3": 5.6,
      "5": 8.6,
      "8": 8.4,
      "9": 10.0
    },
    "37": {
      "8": 2.8,
      "9": 2.0,
      "7": 3.6,
      "3": 4.0,