{
  "content_diversity": 0.3424697816371918,
  "classifier_auc": 0.7857563705994992,
  "ranking_stability": 0.5908045977011493,
  "feature_coefficients": {
    "word_count": 1.1625288996830394,
    "sentence_count": -0.128138398027771,
    "avg_sentence_length": 0.14910303384335422,
    "paragraph_count": -0.41573966863547757,
    "heading_density": 0.008684996444627623,
    "list_frequency": -0.1616730923521507,
    "readability": -0.10629392026042365,
    "bold_emphasis_density": 0.021464209510094617,
    "citation_density": -0.9835432584944604,
    "statistic_density": 0.30972531527623515,
    "quote_density": -0.05532552363420637,
    "named_source_mentions": -0.3047105752642566,
    "year_mentions": 0.16114454583167911,
    "claim_density": -0.27955359205888036,
    "external_reference_density": -0.10834974267581986,
    "question_density": 0.1635116506275226,
    "query_similarity": 0.5202201804126737,
    "corpus_centroid_similarity": 0.06269163407735001,
    "type_token_ratio": -0.20937749950076248,
    "vocabulary_sophistication": -0.028409970249484894,
    "sentiment_polarity": -0.1289391192248177,
    "avg_word_length": -0.6244133260827522,
    "semantic_uniqueness": -0.026233395821493054,
    "information_density": -0.08568901285624524,
    "specificity_score": 0.03351179290876698
  },
  "avg_ranks": {
    "0": {
      "7": 1.8,
      "2": 2.4,
      "6": 1.8,
      "9": 4.2,
      "1": 6.6,
      "8": 5.8,
      "3": 6.8,
      "4": 7.8,
      "0": 8.0,
      "5": 9.8
    },
    "1": {
      "4": 1.0,
      "3": 2.0,
      "2": 5.8,
      "9": 4.2,
      "7": 4.8,
      "5": 5.6,
      "6": 5.4,
      "0": 7.8,
      "1": 8.4,
      "8": 10.0
    },
    "2": {
      "7": 1.0,
      "1": 2.8,
      "6": 2.6,
      "8": 4.4,
      "0": 5.4,
      "2": 7.0,
      "9": 6.8,
      "5": 6.0,
      "4": 9.0,
      "3": 10.0
    },
    "3": {
      "1": 1.0,
      "4": 2.0,
      "3": 4.0,
      "0": 5.4,
      "7": 5.6,
      "6": 6.8,
      "9": 7.0,
      "2": 6.8,
      "5": 8.6,
      "8": 7.8
    },
    "4": {
      "0": 1.0,
      "8": 2.0,
      "6": 3.2,
      "2": 7.6,
      "9": 7.2,
      "3": 5.4,
      "4": 9.4,
      "1": 6.2,
      "7": 6.0,
      "5": 7.0
    },
    "5": {
      "3": 1.0,
      "7": 3.2,
      "9": 2.8,
      "0": 3.4,
      "1": 5.0,
      "2": 6.0,
      "6": 6.6,
      "8": 8.0,
      "4": 9.6,
      "5": 9.4
    },
    "6": {
      "0": 5.4,
      "7": 6.6,
      "6": 6.2,
      "5": 4.4,
      "8": 5.0,
      "1": 4.4,
      "3": 3.4,
      "4": 7.2,
      "9": 4.6,
      "2": 7.8
    },
    "7": {
      "1": 1.0,
      "9": 2.4,
      "0": 4.8,
      "7": 5.0,
      "6": 6.6,
      "4": 4.8,
      "2": 4.4,
      "3": 7.4,
      "5": 8.8,
      "8": 9.8
    },
    "8": {
      "6": 1.0,
      "5": 2.0,
      "8": 4.2,
      "9": 3.4,
      "4": 8.2,
      "7": 5.8,
      "1": 7.6,
      "2": 7.8,
      "0": 7.6,
      "3": 7.4
    },
    "9": {
      "5": 2.6,
      "1": 3.4,
      "7": 2.4,
      "4": 3.0,
      "9": 4.8,
      "6": 4.8,
      "3": 8.2,
      "2": 8.0,
      "8": 8.4,
      "0": 9.4
    },
    "10": {
      "8": 5.2,
      "7": 5.4,
      "5": 5.0,
      "1": 3.8,
      "0": 4.4,
      "9": 4.2,
      "2": 3.8,
      "3": 4.8,
      "4": 8.4,
      "6": 10.0
    },
    "11": {
      "7": 1.0,
      "8": 2.0,
      "3": 3.8,
      "1": 7.4,
      "0": 8.0,
      "5": 5.8,
      "4": 4.8,
      "2": 5.2,
      "6": 7.0,
      "9": 10.0
    },
    "12": {
      "0": 1.2,
      "1": 1.8,
      "2": 3.0,
      "3": 4.2,
      "5": 6.6,
      "7": 5.4,
      "8": 7.4,
      "6": 7.0,
      "4": 8.6,
      "9": 9.8
    },
    "13": {
      "5": 3.0,
      "9": 2.4,
      "4": 2.6,
      "2": 2.2,
      "3": 5.0,
      "1": 6.2,
      "0": 6.6,
      "7": 9.2,
      "6": 8.6,
      "8": 9.2
    },
    "14": {
      "2": 1.0,
      "0": 2.0,
      "4": 4.6,
      "6": 3.6,
      "3": 4.6,
      "9": 5.2,
      "8": 8.0,
      "5": 8.0,
      "1": 8.4,
      "7": 9.6
    },
    "15": {
      "3": 1.0,
      "0": 4.6,
      "9": 3.8,
      "2": 2.4,
      "1": 3.4,
      "8": 6.8,
      "5": 8.8,
      "4": 7.0,
      "6": 9.2,
      "7": 8.0
    },
    "16": {
      "5": 2.2,
      "3": 2.2,
      "6": 5.2,
      "2": 6.6,
      "1": 5.2,
      "4": 5.6,
      "0": 8.4,
      "7": 6.6,
      "9": 6.2,
      "8": 6.8
    },
    "17": {
      "2": 1.0,
      "3": 2.0,
      "4": 4.0,
      "7": 4.0,
      "1": 6.666666666666667,
      "5": 5.666666666666667,
      "9": 5.0,
      "0": 7.666666666666667,
      "6": 9.0,
      "8": 10.0
    },
    "18": {
      "6": 1.8,
      "3": 2.0,
      "4": 4.2,
      "5": 4.2,
      "7": 7.8,
      "8": 5.2,
      "1": 6.4,
      "2": 4.8,
      "9": 8.6,
      "0": 10.0
    },
    "19": {
      "3": 1.4,
      "0": 1.6,
      "5": 3.8,
      "4": 3.4,
      "2": 6.6,
      "1": 7.2,
      "8": 7.8,
      "6": 8.4,
      "7": 5.8,
      "9": 9.0
    },
    "20": {
      "8": 5.6,
      "9": 6.6,
      "0": 2.8,
      "2": 3.2,
      "4": 4.6,
      "3": 6.2,
      "5": 3.4,
      "6": 8.0,
      "1": 6.0,
      "7": 8.6
    },
    "21": {
      "1": 1.8,
      "8": 1.2,
      "2": 3.8,
      "9": 4.0,
      "7": 5.6,
      "3": 6.2,
      "5": 9.2,
      "6": 8.0,
      "4": 6.4,
      "0": 8.8
    },
    "22": {
      "3": 1.8,
      "1": 1.2,
      "5": 3.6,
      "7": 7.8,
      "8": 5.0,
      "2": 7.6,
      "0": 5.0,
      "4": 7.8,
      "6": 5.8,
      "9": 9.4
    },
    "23": {
      "8": 1.0,
      "7": 3.8,
      "5": 3.6,
      "9": 3.0,
      "0": 5.6,
      "1": 4.4,
      "3": 6.8,
      "2": 8.2,
      "4": 9.4,
      "6": 9.2
    },
    "24": {
      "9": 3.2,
      "7": 2.0,
      "8": 1.8,
      "2": 6.4,
      "4": 7.0,
      "5": 8.0,
      "6": 6.0,
      "1": 5.2,
      "3": 5.4,
      "0": 10.0
    },
    "25": {
      "4": 1.4,
      "9": 2.0,
      "2": 3.8,
      "1": 3.4,
      "7": 4.6,
      "8": 5.8,
      "6": 7.6,
      "5": 8.8,
      "3": 9.0,
      "0": 8.6
    },
    "26": {
      "6": 1.0,
      "2": 4.6,
      "5": 4.8,
      "9": 3.8,
      "8": 9.0,
      "4": 6.0,
      "1": 5.8,
      "0": 5.2,
      "7": 7.8,
      "3": 7.0
    },
    "27": {
      "6": 1.2,
      "9": 5.6,
      "1": 4.8,
      "0": 4.2,
      "4": 5.0,
      "5": 6.8,
      "7": 3.8,
      "2": 4.8,
      "3": 8.8,
      "8": 10.0
    },
    "28": {
      "6": 1.0,
      "4": 2.0,
      "9": 3.2,
      "3": 4.6,
      "5": 6.2,
      "1": 5.4,
      "7": 7.0,
      "2": 7.4,
      "8": 8.6,
      "0": 9.6
    },
    "29": {
      "1": 1.0,
      "6": 2.2,
      "3": 2.8,
      "2": 7.6,
      "0": 6.2,
      "5": 5.2,
      "8": 7.6,
      "4": 7.2,
      "7": 6.8,
      "9": 8.4
    },
    "30": {
      "1": 2.8,
      "2": 3.2,
      "0": 1.6,
      "6": 2.6,
      "7": 4.8,
      "3": 6.6,
      "5": 7.4,
      "8": 7.4,
      "9": 8.6,
      "4": 10.0
    },
    "31": {
      "6": 1.5,
      "5": 2.0,
      "4": 2.5,
      "9": 4.5,
      "1": 6.0,
      "2": 6.0,
      "7": 6.5,
      "0": 7.5,
      "3": 8.5,
      "8": 10.0
    },
    "32": {
      "5": 1.8,
      "9": 1.4,
      "4": 4.2,
      "1": 3.2,
      "7": 4.4,
      "0": 6.4,
      "8": 7.8,
      "2": 7.0,
      "6": 9.0,
      "3": 9.8
    },
    "33": {
      "0": 1.6,
      "9": 1.4,
      "4": 6.8,
      "1": 4.2,
      "8": 4.6,
      "2": 6.2,
      "7": 6.2,
      "3": 7.0,
      "6": 7.2,
      "5": 9.8
    },
    "34": {
      "3": 1.75,
      "1": 2.25,
      "8": 5.25,
      "7": 2.25,
      "9": 5.0,
      "0": 5.0,
      "4": 6.5,
      "5": 8.25,
      "2": 8.75,
      "6": 10.0
    },
    "35": {
      "2": 2.0,
      "1": 2.0,
      "6": 4.0,
      "8": 6.0,
      "3": 2.5,
      "4": 7.25,
      "9": 6.25,
      "5": 7.25,
      "7": 7.75,
      "0": 10.0
    },
    "36": {
      "2": 1.4,
      "4": 2.4,
      "0": 4.2,
      "1": 2.6,
      "3": 6.0,
      "7": 6.2,
      "6": 5.4,
      "8": 7.8,
      "5": 9.2,
      "9": 9.8
    },