{
  "content_diversity": 0.3396194577217102,
  "classifier_auc": 0.7747127099427343,
  "ranking_stability": 0.5920142602495543,
  "feature_coefficients": {
    "word_count": 1.4408658623470234,
    "sentence_count": -0.6177666860081757,
    "avg_sentence_length": -0.1074823032128976,
    "paragraph_count": -0.5320193937269933,
    "heading_density": -0.43170382522720485,
    "list_frequency": -0.5126446934138384,
    "readability": -0.09616133367509447,
    "bold_emphasis_density": 0.1331616441022157,
    "citation_density": -0.23512035870717413,
    "statistic_density": 0.1949400380765126,
    "quote_density": -0.0122285479011039,
    "named_source_mentions": -0.23166086283928566,
    "year_mentions": 0.0833852176852282,
    "claim_density": -0.2323729357687978,
    "external_reference_density": 0.2378181112394397,
    "question_density": 0.15461115932522698,
    "query_similarity": 0.4570831898368489,
    "corpus_centroid_similarity": -0.020875227208014838,
    "type_token_ratio": 0.004176246859599017,
    "vocabulary_sophistication": 0.13402684110001312,
    "sentiment_polarity": -0.05224480465313429,
    "avg_word_length": -0.33070504762971087,
    "semantic_uniqueness": -0.029258062378131635,
    "information_density": -0.02406501836658556,
    "specificity_score": -0.12192570101806154
  },
  "avg_ranks": {
    "0": {
      "7": 2.5,
      "6": 1.5,
      "9": 3.0,
      "8": 5.0,
      "2": 3.25,
      "0": 7.25,
      "1": 6.25,
      "3": 7.75,
      "4": 8.5,
      "5": 10.0
    },
    "1": {
      "4": 1.0,
      "3": 2.6,
      "7": 3.4,
      "9": 3.4,
      "2": 5.4,
      "5": 6.4,
      "6": 7.0,
      "1": 7.6,
      "0": 8.2,
      "8": 10.0
    },
    "2": {
      "7": 1.0,
      "1": 2.8,
      "6": 2.6,
      "4": 7.4,
      "8": 4.2,
      "9": 6.2,
      "0": 6.2,
      "2": 7.6,
      "5": 7.0,
      "3": 10.0
    },
    "3": {
      "1": 1.0,
      "4": 2.0,
      "3": 3.2,
      "9": 7.0,
      "0": 6.6,
      "6": 6.2,
      "7": 5.6,
      "2": 8.4,
      "8": 5.8,
      "5": 9.2
    },
    "4": {
      "0": 1.4,
      "8": 2.4,
      "6": 4.2,
      "3": 6.2,
      "7": 4.2,
      "1": 4.0,
      "5": 5.6,
      "9": 8.8,
      "2": 8.4,
      "4": 9.8
    },
    "5": {
      "3": 1.0,
      "9": 2.2,
      "1": 3.8,
      "6": 5.4,
      "7": 4.4,
      "0": 4.8,
      "8": 8.2,
      "4": 9.2,
      "5": 9.0,
      "2": 7.0
    },
    "6": {
      "3": 4.2,
      "9": 5.0,
      "8": 5.4,
      "5": 4.2,
      "1": 3.0,
      "4": 7.4,
      "0": 5.2,
      "2": 8.0,
      "7": 6.6,
      "6": 6.0
    },
    "7": {
      "1": 1.0,
      "9": 2.0,
      "4": 3.2,
      "2": 4.2,
      "7": 6.2,
      "0": 5.6,
      "3": 8.4,
      "6": 6.4,
      "5": 8.8,
      "8": 9.2
    },
    "8": {
      "6": 1.25,
      "9": 2.5,
      "5": 2.25,
      "8": 4.0,
      "7": 5.25,
      "1": 6.5,
      "2": 7.5,
      "0": 7.5,
      "3": 8.25,
      "4": 10.0
    },
    "9": {
      "4": 2.4,
      "9": 4.0,
      "6": 2.2,
      "7": 3.2,
      "5": 4.2,
      "1": 5.2,
      "8": 8.2,
      "0": 8.8,
      "3": 8.2,
      "2": 8.6
    },
    "10": {
      "5": 4.6,
      "8": 4.6,
      "7": 5.2,
      "9": 5.4,
      "1": 4.4,
      "0": 5.0,
      "2": 4.8,
      "3": 5.4,
      "6": 9.2,
      "4": 6.4
    },
    "11": {
      "7": 1.2,
      "8": 3.6,
      "3": 2.8,
      "5": 7.0,
      "4": 6.0,
      "2": 6.0,
      "6": 7.0,
      "1": 5.8,
      "0": 5.6,
      "9": 10.0
    },
    "12": {
      "0": 1.0,
      "1": 2.0,
      "2": 3.0,
      "3": 4.0,
      "8": 6.5,
      "5": 5.5,
      "7": 6.5,
      "6": 8.5,
      "4": 8.5,
      "9": 9.5
    },
    "13": {
      "4": 2.6,
      "2": 3.2,
      "9": 2.6,
      "0": 6.2,
      "5": 3.2,
      "3": 4.2,
      "1": 6.0,
      "6": 8.6,
      "8": 9.2,
      "7": 9.2
    },
    "14": {
      "2": 1.0,
      "0": 2.0,
      "4": 4.2,
      "6": 4.4,
      "3": 4.6,
      "1": 8.6,
      "9": 5.6,
      "5": 7.8,
      "7": 9.0,
      "8": 7.8
    },
    "15": {
      "1": 3.0,
      "2": 2.4,
      "9": 3.0,
      "3": 2.4,
      "0": 4.2,
      "4": 6.4,
      "8": 7.6,
      "7": 8.0,
      "5": 8.8,
      "6": 9.2
    },
    "16": {
      "7": 5.6,
      "9": 5.8,
      "5": 1.4,
      "1": 5.2,
      "2": 6.4,
      "0": 7.6,
      "6": 4.4,
      "4": 4.0,
      "3": 7.0,
      "8": 7.6
    },
    "17": {
      "2": 1.0,
      "3": 2.0,
      "4": 6.0,
      "9": 4.666666666666667,
      "7": 4.666666666666667,
      "5": 4.333333333333333,
      "0": 6.0,
      "1": 7.333333333333333,
      "6": 9.0,
      "8": 10.0
    },
    "18": {
      "2": 4.2,
      "6": 1.6,
      "3": 2.2,
      "5": 3.8,
      "1": 5.6,
      "4": 5.4,
      "8": 5.6,
      "0": 8.8,
      "7": 8.2,
      "9": 9.6
    },
    "19": {
      "7": 3.4,
      "3": 2.4,
      "0": 2.0,
      "5": 3.2,
      "4": 4.0,
      "9": 6.8,
      "8": 8.0,
      "6": 8.4,
      "2": 8.2,
      "1": 8.6
    },
    "20": {
      "4": 4.0,
      "2": 2.8,
      "3": 4.4,
      "5": 3.0,
      "0": 3.4,
      "1": 4.4,
      "8": 7.4,
      "9": 8.4,
      "6": 7.8,
      "7": 9.4
    },
    "21": {
      "8": 1.0,
      "1": 2.0,
      "4": 5.6,
      "3": 4.2,
      "7": 4.4,
      "9": 6.6,
      "2": 5.0,
      "0": 9.0,
      "6": 8.8,
      "5": 8.4
    },
    "22": {
      "1": 1.4,
      "3": 1.6,
      "5": 3.2,
      "8": 4.0,
      "6": 5.4,
      "0": 5.8,
      "2": 7.2,
      "7": 8.8,
      "9": 9.0,
      "4": 8.6
    },
    "23": {
      "8": 1.0,
      "7": 3.2,
      "9": 3.2,
      "5": 4.0,
      "1": 6.2,
      "0": 6.4,
      "3": 4.0,
      "2": 8.6,
      "6": 8.8,
      "4": 9.6
    },
    "24": {
      "7": 1.8,
      "8": 2.0,
      "1": 5.2,
      "3": 5.8,
      "9": 4.4,
      "6": 5.2,
      "5": 6.8,
      "2": 7.0,
      "4": 6.8,
      "0": 10.0
    },
    "25": {
      "4": 1.4,
      "9": 1.6,
      "1": 4.4,
      "2": 4.2,
      "8": 5.8,
      "7": 3.6,
      "6": 7.6,
      "3": 9.2,
      "5": 9.4,
      "0": 7.8
    },
    "26": {
      "5": 2.2,
      "6": 1.4,
      "2": 3.6,
      "9": 4.8,
      "4": 5.6,
      "7": 8.0,
      "0": 6.8,
      "3": 7.4,
      "1": 6.6,
      "8": 8.6
    },
    "27": {
      "6": 1.4,
      "9": 3.4,
      "0": 3.2,
      "5": 5.4,
      "4": 4.4,
      "1": 5.2,
      "2": 6.4,
      "7": 6.6,
      "3": 9.4,
      "8": 9.6
    },
    "28": {
      "6": 2.0,
      "4": 2.6,
      "9": 3.8,
      "3": 5.8,
      "8": 8.8,
      "1": 4.2,
      "7": 5.2,
      "5": 6.4,
      "2": 7.6,
      "0": 8.6
    },
    "29": {
      "1": 1.0,
      "3": 2.4,
      "6": 5.0,
      "4": 6.4,
      "9": 6.8,
      "0": 5.6,
      "5": 4.6,
      "7": 7.4,
      "8": 7.4,
      "2": 8.4
    },
    "30": {
      "1": 2.4,
      "6": 2.4,
      "2": 3.2,
      "0": 2.0,
      "7": 5.6,
      "3": 6.0,
      "5": 6.6,
      "8": 8.0,
      "9": 9.0,
      "4": 9.8
    },
    "31": {
      "5": 2.0,
      "6": 2.0,
      "4": 2.0,
      "9": 5.2,
      "7": 5.8,
      "2": 6.4,
      "1": 6.2,
      "0": 7.6,
      "3": 8.2,
      "8": 9.6
    },
    "32": {
      "5": 2.0,
      "9": 1.8,
      "4": 4.4,
      "1": 2.8,
      "7": 5.2,
      "0": 7.4,
      "8": 6.0,
      "2": 7.6,
      "6": 7.8,
      "3": 10.0
    },
    "33": {
      "0": 1.4,
      "9": 1.6,
      "2": 5.4,
      "1": 4.4,
      "8": 5.0,
      "4": 7.2,
      "7": 3.8,
      "3": 8.6,
      "6": 8.0,
      "5": 9.6
    },
    "34": {
      "3": 1.8,
      "7": 3.0,
      "9": 3.8,
      "1": 4.0,
      "0": 4.2,
      "8": 4.8,
      "4": 7.0,
      "5": 7.8,
      "2": 8.8,
      "6": 9.8
    },
    "35": {
      "2": 1.8,
      "1": 2.0,
      "3": 3.4,
      "7": 7.2,
      "5": 7.0,
      "8": 6.4,
      "4": 6.6,
      "6": 4.2,
      "9": 7.2,
      "0": 9.2
    },
    "36": {
      "2": 1.2,
      "4": 2.2,
      "1": 3.6,
      "0": 3.6,
      "3": 5.0,
      "6": 5.4,
      "7": 7.0,
      "5": 8.6,
      "8": 8.6,
      "9": 9.8
    },