{
  "content_diversity": 0.33812838792800903,
  "classifier_auc": 0.7557133315910213,
  "ranking_stability": 0.6032748538011695,
  "feature_coefficients": {
    "word_count": 0.9939855606329014,
    "sentence_count": -0.3053996478206334,
    "avg_sentence_length": 0.016330300582270335,
    "paragraph_count": -0.37885301782998193,
    "heading_density": -0.7015808716502214,
    "list_frequency": -0.44692919939258163,
    "readability": -0.07789281734768227,
    "bold_emphasis_density": 0.0650191641974547,
    "citation_density": -0.5121106945178897,
    "statistic_density": 0.04718568463790383,
    "quote_density": 0.10853437844706366,
    "named_source_mentions": -0.23715044831842416,
    "year_mentions": 0.0459322795731268,
    "claim_density": 0.050923596119192074,
    "external_reference_density": -0.10867494193392373,
    "question_density": 0.020017064493023207,
    "query_similarity": 0.6197498682610395,
    "corpus_centroid_similarity": -0.048947161503483265,
    "type_token_ratio": 0.13735597299092075,
    "vocabulary_sophistication": -0.1419838681459314,
    "sentiment_polarity": 0.06664309478264006,
    "avg_word_length": -0.25670086735514364,
    "semantic_uniqueness": 0.17138016605564996,
    "information_density": 0.1228496828335535,
    "specificity_score": 0.011515013581179753
  },
  "avg_ranks": {
    "0": {
      "9": 3.0,
      "7": 1.8,
      "2": 2.4,
      "8": 4.8,
      "6": 3.0,
      "1": 6.2,
      "3": 8.0,
      "0": 7.6,
      "4": 8.2,
      "5": 10.0
    },
    "1": {
      "4": 1.0,
      "3": 5.2,
      "7": 3.6,
      "9": 4.2,
      "2": 5.8,
      "5": 5.2,
      "6": 5.4,
      "0": 7.6,
      "1": 7.0,
      "8": 10.0
    },
    "2": {
      "7": 1.0,
      "1": 2.0,
      "6": 3.8,
      "5": 7.2,
      "0": 5.4,
      "9": 6.8,
      "2": 6.6,
      "8": 4.4,
      "4": 8.4,
      "3": 9.4
    },
    "3": {
      "1": 2.8,
      "3": 3.2,
      "4": 3.8,
      "7": 4.4,
      "6": 5.0,
      "0": 5.8,
      "2": 6.8,
      "9": 7.4,
      "8": 6.8,
      "5": 9.0
    },
    "4": {
      "0": 1.2,
      "8": 2.2,
      "6": 3.6,
      "3": 4.4,
      "1": 6.2,
      "5": 7.4,
      "7": 6.8,
      "2": 7.4,
      "9": 6.8,
      "4": 9.0
    },
    "5": {
      "3": 2.0,
      "1": 3.6,
      "9": 2.2,
      "0": 3.2,
      "7": 4.4,
      "6": 6.2,
      "2": 7.0,
      "4": 9.0,
      "5": 8.4,
      "8": 9.0
    },
    "6": {
      "3": 2.4,
      "1": 2.0,
      "5": 4.2,
      "9": 5.6,
      "4": 7.0,
      "2": 8.4,
      "8": 6.2,
      "0": 6.0,
      "6": 6.2,
      "7": 7.0
    },
    "7": {
      "4": 3.0,
      "2": 3.6,
      "1": 1.4,
      "9": 2.4,
      "0": 6.6,
      "7": 6.2,
      "6": 6.6,
      "8": 8.4,
      "3": 7.6,
      "5": 9.2
    },
    "8": {
      "5": 1.2,
      "6": 2.6,
      "9": 3.4,
      "8": 2.8,
      "7": 5.6,
      "1": 6.0,
      "4": 8.8,
      "2": 8.2,
      "0": 8.8,
      "3": 7.6
    },
    "9": {
      "7": 2.4,
      "5": 3.2,
      "1": 5.2,
      "6": 2.4,
      "9": 3.8,
      "4": 4.0,
      "2": 7.8,
      "8": 7.8,
      "0": 9.2,
      "3": 9.2
    },
    "10": {
      "2": 3.6,
      "9": 4.4,
      "3": 4.6,
      "0": 4.4,
      "1": 4.6,
      "8": 4.8,
      "7": 5.0,
      "5": 5.2,
      "4": 8.4,
      "6": 10.0
    },
    "11": {
      "7": 1.0,
      "8": 3.0,
      "4": 5.0,
      "2": 3.8,
      "5": 5.8,
      "6": 7.0,
      "3": 5.2,
      "0": 7.6,
      "1": 8.2,
      "9": 8.4
    },
    "12": {
      "0": 1.0,
      "1": 2.0,
      "2": 3.0,
      "3": 4.6,
      "5": 5.6,
      "7": 6.4,
      "8": 6.4,
      "6": 7.4,
      "9": 9.8,
      "4": 8.8
    },
    "13": {
      "4": 1.0,
      "2": 2.0,
      "3": 4.2,
      "9": 4.6,
      "5": 3.8,
      "1": 5.8,
      "0": 7.2,
      "7": 8.4,
      "6": 8.2,
      "8": 9.8
    },
    "14": {
      "2": 1.0,
      "0": 2.0,
      "3": 4.2,
      "6": 4.4,
      "9": 5.6,
      "1": 8.4,
      "7": 9.0,
      "4": 4.8,
      "5": 7.2,
      "8": 8.4
    },
    "15": {
      "2": 1.6,
      "1": 1.8,
      "9": 3.4,
      "3": 3.4,
      "0": 5.0,
      "8": 7.2,
      "4": 6.0,
      "7": 8.0,
      "5": 9.0,
      "6": 9.6
    },
    "16": {
      "7": 4.2,
      "9": 5.4,
      "5": 2.2,
      "1": 6.0,
      "6": 4.0,
      "4": 4.8,
      "2": 7.4,
      "0": 8.2,
      "3": 5.2,
      "8": 7.6
    },
    "17": {
      "2": 1.0,
      "3": 2.3333333333333335,
      "5": 4.666666666666667,
      "4": 5.0,
      "7": 4.0,
      "9": 4.0,
      "0": 7.0,
      "1": 8.0,
      "6": 9.0,
      "8": 10.0
    },
    "18": {
      "2": 5.0,
      "3": 1.4,
      "6": 2.0,
      "5": 3.8,
      "1": 6.0,
      "4": 4.2,
      "8": 5.6,
      "9": 8.4,
      "7": 8.6,
      "0": 10.0
    },
    "19": {
      "0": 2.0,
      "5": 2.6,
      "3": 1.6,
      "4": 3.8,
      "8": 8.0,
      "1": 8.2,
      "2": 7.2,
      "6": 8.2,
      "7": 5.8,
      "9": 7.6
    },
    "20": {
      "4": 4.8,
      "3": 6.2,
      "8": 2.4,
      "9": 3.4,
      "0": 2.8,
      "2": 5.0,
      "5": 5.0,
      "1": 8.8,
      "6": 7.8,
      "7": 8.8
    },
    "21": {
      "8": 1.6,
      "1": 2.2,
      "2": 2.8,
      "4": 4.6,
      "9": 6.6,
      "7": 7.0,
      "3": 7.6,
      "6": 7.0,
      "5": 6.6,
      "0": 9.0
    },
    "22": {
      "3": 1.6,
      "1": 1.4,
      "5": 3.2,
      "8": 4.4,
      "4": 5.2,
      "6": 5.4,
      "7": 9.2,
      "0": 8.0,
      "2": 9.0,
      "9": 7.6
    },
    "23": {
      "8": 1.0,
      "9": 3.8,
      "7": 2.4,
      "1": 5.2,
      "0": 5.8,
      "3": 4.4,
      "4": 9.0,
      "2": 7.8,
      "5": 6.2,
      "6": 9.4
    },
    "24": {
      "8": 2.4,
      "7": 3.0,
      "3": 5.2,
      "1": 4.6,
      "6": 7.2,
      "9": 4.4,
      "2": 4.8,
      "4": 4.6,
      "5": 8.8,
      "0": 10.0
    },
    "25": {
      "4": 1.0,
      "9": 2.0,
      "7": 3.0,
      "1": 4.75,
      "2": 4.25,
      "8": 6.0,
      "0": 8.25,
      "6": 7.25,
      "3": 8.75,
      "5": 9.75
    },
    "26": {
      "6": 1.0,
      "9": 4.4,
      "2": 2.8,
      "5": 2.8,
      "0": 7.0,
      "1": 7.0,
      "3": 7.0,
      "7": 6.8,
      "4": 7.0,
      "8": 9.2
    },
    "27": {
      "6": 1.0,
      "9": 3.4,
      "1": 4.8,
      "0": 3.0,
      "4": 4.6,
      "5": 6.8,
      "2": 6.2,
      "7": 6.8,
      "3": 8.4,
      "8": 10.0
    },
    "28": {
      "4": 1.4,
      "6": 1.6,
      "9": 3.0,
      "3": 5.8,
      "2": 5.2,
      "7": 6.2,
      "1": 5.2,
      "5": 7.6,
      "0": 9.4,
      "8": 9.6
    },
    "29": {
      "1": 1.0,
      "6": 2.2,
      "3": 3.0,
      "8": 4.8,
      "0": 5.6,
      "7": 6.6,
      "5": 5.8,
      "4": 8.2,
      "9": 9.0,
      "2": 8.8
    },
    "30": {
      "1": 2.2,
      "0": 1.8,
      "6": 2.8,
      "7": 4.8,
      "2": 3.6,
      "3": 6.6,
      "5": 6.2,
      "9": 8.8,
      "8": 8.4,
      "4": 9.8
    },
    "31": {
      "5": 2.6,
      "6": 2.8,
      "4": 1.6,
      "1": 5.6,
      "2": 6.2,
      "9": 5.4,
      "7": 5.2,
      "8": 9.4,
      "3": 9.0,
      "0": 7.2
    },
    "32": {
      "9": 1.6,
      "1": 3.0,
      "5": 1.6,
      "4": 4.6,
      "7": 6.2,
      "8": 6.0,
      "2": 7.0,
      "0": 6.0,
      "6": 9.2,
      "3": 9.8
    },
    "33": {
      "0": 1.6,
      "9": 1.4,
      "1": 4.0,
      "2": 4.6,
      "8": 5.8,
      "4": 5.2,
      "7": 6.2,
      "3": 8.6,
      "6": 7.8,
      "5": 9.8
    },
    "34": {
      "3": 1.4,
      "1": 4.4,
      "8": 3.8,
      "9": 3.4,
      "7": 3.8,
      "0": 4.2,
      "4": 7.2,
      "5": 7.8,
      "2": 9.0,
      "6": 10.0
    },
    "35": {
      "2": 2.2,
      "1": 2.4,
      "4": 4.8,
      "3": 1.6,
      "8": 5.6,
      "6": 4.4,
      "9": 7.0,
      "0": 9.6,
      "5": 9.0,
      "7": 8.4
    },
    "36": {
      "2": 1.4,
      "4": 1.6,
      "7": 5.8,
      "6": 4.4,
      "1": 4.6,
      "0": 4.2,
      "3": 6.4,
      "5": 8.2,
      "8": 8.6,
      "9": 9.8
    },
    "37": {
      "9": 2.2,
      "6": 4.2,