{
  "content_diversity": 0.5366893410682678,
  "classifier_auc": 0.7541377352722827,
  "ranking_stability": 0.6777777777777777,
  "feature_coefficients": {
    "word_count": -0.010104320336170727,
    "sentence_count": -0.015767105502241145,
    "avg_sentence_length": -0.4371032731460129,
    "paragraph_count": 0.118722003501571,
    "heading_density": -0.2586626001697504,
    "list_frequency": -0.21396136708062505,
    "readability": 0.5132004189934827,
    "bold_emphasis_density": -0.17858750830732256,
    "citation_density": 0.06710080652226637,
    "statistic_density": -0.8380422519004598,
    "quote_density": 0.00599612705105673,
    "named_source_mentions": -0.7106167217326961,
    "year_mentions": -0.19912041540348652,
    "claim_density": 0.2953299932746738,
    "external_reference_density": -0.27720254803343536,
    "question_density": 0.1567504479980679,
    "query_similarity": 0.6393585613008914,
    "corpus_centroid_similarity": 0.010699035682178738,
    "type_token_ratio": -0.5970941139905247,
    "vocabulary_sophistication": 0.03311112838472811,
    "sentiment_polarity": -0.087294845716242,
    "avg_word_length": -0.5722960371635386,
    "semantic_uniqueness": 0.29513208966487087,
    "information_density": -0.5365573737934592,
    "specificity_score": -0.17521933711258678
  },
  "avg_ranks": {
    "0": {
      "0": 1.0,
      "3": 3.2,
      "1": 2.8,
      "2": 3.0,
      "4": 5.0
    },
    "1": {
      "4": 1.6,
      "1": 1.8,
      "0": 2.6,
      "3": 4.0,
      "2": 5.0
    },
    "2": {
      "2": 1.4,
      "1": 1.6,
      "3": 3.0,
      "0": 4.2,
      "4": 4.8
    },
    "3": {
      "4": 1.0,
      "0": 2.4,
      "3": 2.6,
      "2": 4.0,
      "1": 5.0
    },
    "4": {
      "0": 1.2,
      "2": 2.0,
      "4": 2.8,
      "3": 4.2,
      "1": 4.8
    },
    "5": {
      "0": 1.6,
      "4": 2.0,
      "3": 2.4,
      "2": 4.0,
      "1": 5.0
    },
    "6": {
      "2": 1.0,
      "0": 2.0,
      "4": 3.4,
      "1": 3.6,
      "3": 5.0
    },
    "7": {
      "0": 1.4,
      "4": 2.6,
      "3": 2.4,
      "1": 3.6,
      "2": 5.0
    },
    "8": {
      "1": 2.4,
      "0": 1.2,
      "3": 2.4,
      "2": 4.0,
      "4": 5.0
    },
    "9": {
      "1": 1.0,
      "0": 2.6,
      "4": 4.6,
      "3": 2.6,
      "2": 4.2
    },
    "10": {
      "1": 1.2,
      "0": 2.2,
      "3": 3.2,
      "4": 3.8,
      "2": 4.6
    },
    "11": {
      "4": 2.0,
      "2": 1.8,
      "1": 2.8,
      "0": 4.4,
      "3": 4.0
    },
    "12": {
      "2": 1.0,
      "1": 2.2,
      "4": 2.8,
      "3": 4.0,
      "0": 5.0
    },
    "13": {
      "3": 1.0,
      "0": 2.0,
      "4": 3.0,
      "2": 4.2,
      "1": 4.8
    },
    "14": {
      "4": 1.0,
      "3": 2.6,
      "1": 2.4,
      "0": 4.8,
      "2": 4.2
    },
    "15": {
      "1": 1.0,
      "4": 2.6,
      "0": 2.4,
      "3": 4.8,
      "2": 4.2
    },
    "16": {
      "0": 1.4,
      "2": 2.8,
      "1": 2.6,
      "3": 4.8,
      "4": 3.4
    },
    "17": {
      "3": 2.6,
      "0": 2.4,
      "4": 3.0,
      "1": 2.2,
      "2": 4.8
    },
    "18": {
      "0": 1.5,
      "4": 2.25,
      "2": 2.25,
      "3": 4.25,
      "1": 4.75
    },
    "19": {
      "0": 2.2,
      "4": 1.6,
      "2": 3.4,
      "1": 3.6,
      "3": 4.2
    },
    "20": {
      "1": 1.4,
      "0": 2.2,
      "4": 2.4,
      "2": 4.0,
      "3": 5.0
    },
    "21": {
      "0": 1.5,
      "4": 2.25,
      "2": 3.25,
      "1": 3.0,
      "3": 5.0
    },
    "22": {
      "4": 1.0,
      "1": 2.0,
      "3": 3.6,
      "2": 3.8,
      "0": 4.6
    },
    "23": {
      "1": 1.8,
      "3": 1.8,
      "2": 2.6,
      "0": 4.6,
      "4": 4.2
    },
    "24": {
      "4": 2.0,
      "0": 2.0,
      "3": 4.0,
      "2": 3.0,
      "1": 4.0
    },
    "25": {
      "4": 1.2,
      "0": 1.8,
      "3": 3.2,
      "2": 3.8,
      "1": 5.0
    },
    "26": {
      "4": 2.8,
      "0": 1.4,
      "2": 3.2,
      "1": 2.8,
      "3": 4.8
    },
    "27": {
      "3": 1.0,
      "0": 2.6,
      "2": 2.6,
      "4": 4.0,
      "1": 4.8
    },
    "28": {
      "0": 1.0,
      "1": 2.2,
      "2": 2.8,
      "3": 4.4,
      "4": 4.6
    },
    "29": {
      "1": 1.6,
      "2": 2.2,
      "3": 2.4,
      "0": 4.6,
      "4": 4.2
    },
    "30": {
      "2": 1.0,
      "1": 2.8,
      "3": 2.2,
      "4": 4.0,
      "0": 5.0
    },
    "31": {
      "1": 1.0,
      "3": 2.4,
      "0": 3.2,
      "2": 4.6,
      "4": 3.8
    },
    "32": {
      "1": 1.0,
      "4": 2.0,
      "0": 3.25,
      "3": 3.75,
      "2": 5.0
    },
    "33": {
      "2": 1.2,
      "1": 1.8,
      "3": 4.0,
      "4": 3.6,
      "0": 4.4
    },
    "34": {
      "3": 1.0,
      "0": 2.4,
      "4": 2.6,
      "2": 4.2,
      "1": 4.8
    },
    "35": {
      "1": 1.6,
      "4": 2.2,
      "2": 2.8,
      "0": 3.4,
      "3": 5.0
    },
    "36": {
      "0": 1.2,
      "1": 2.0,
      "2": 2.8,
      "4": 4.0,
      "3": 5.0
    },
    "37": {
      "1": 1.0,
      "2": 2.6,
      "0": 2.4,
      "3": 4.2,
      "4": 4.8
    },
    "38": {
      "3": 1.2,
      "1": 4.4,
      "0": 2.4,
      "2": 3.4,
      "4": 3.6
    },
    "39": {
      "4": 1.25,
      "2": 2.5,
      "1": 3.25,
      "3": 3.25,
      "0": 4.75
    },
    "40": {
      "1": 1.2,
      "3": 2.6,
      "0": 2.2,
      "2": 4.0,
      "4": 5.0
    },
    "41": {
      "0": 1.6,
      "4": 2.8,
      "2": 4.2,
      "1": 3.4,
      "3": 3.0
    },
    "42": {
      "2": 1.0,
      "4": 2.2,
      "3": 3.0,
      "1": 4.0,
      "0": 4.8
    },
    "43": {
      "1": 1.4,
      "0": 1.6,
      "2": 3.4,
      "4": 4.4,
      "3": 4.2
    },
    "44": {
      "0": 1.2,
      "4": 2.2,
      "3": 3.2,
      "2": 3.6,
      "1": 4.8
    },
    "45": {
      "3": 1.2,
      "2": 3.6,
      "4": 2.8,
      "1": 2.4,
      "0": 5.0
    },
    "46": {
      "1": 1.2,
      "2": 3.8,
      "4": 2.8,
      "3": 4.2,
      "0": 3.0
    },
    "47": {
      "0": 1.4,
      "1": 2.0,
      "2": 2.8,
      "4": 3.8,
      "3": 5.0
    },
    "48": {
      "2": 1.2,
      "3": 1.8,
      "0": 3.0,
      "4": 4.2,
      "1": 4.8
    },
    "49": {
      "0": 1.0,
      "4": 2.0,
      "1": 3.0,
      "3": 4.2,
      "2": 4.8
    },
    "50": {
      "2": 1.6,
      "0": 1.4,
      "4": 3.8,
      "3": 3.2,
      "1": 5.0
    },
    "51": {
      "1": 1.0,
      "2": 2.0,
      "4": 3.0,
      "0": 4.0,
      "3": 5.0
    },
    "52": {
      "1": 1.0,
      "2": 2.0,
      "4": 3.0,
      "0": 4.2,
      "3": 4.8
    },
    "53": {
      "0": 1.2,
      "3": 1.8,
      "2": 3.6,
      "4": 3.4,
      "1": 5.0
    },
    "54": {
      "3": 2.0,
      "4": 1.2,
      "1": 2.8,
      "2": 4.0,
      "0": 5.0
    },
    "55": {
      "2": 1.6,
      "0": 1.4,
      "3": 3.6,
      "4": 3.6,
      "1": 4.8
    },
    "56": {
      "0": 1.0,
      "4": 2.0,
      "1": 3.0,
      "3": 4.0,
      "2": 5.0
    },
    "57": {
      "4": 1.0,
      "2": 2.0,
      "1": 3.0,
      "0": 4.0,
      "3": 5.0
    },
    "58": {
      "3": 1.6,
      "0": 1.4,
      "1": 3.0,
      "4": 4.2,
      "2": 4.8
    },
    "59": {
      "0": 3.4,
      "3": 3.6,
      "1": 3.4,
      "2": 1.8,
      "4": 2.8
    },
    "60": {
      "2": 1.0,
      "3": 3.0,
      "0": 2.4,
      "4": 3.8,
      "1": 4.8
    },
    "61": {
      "4": 1.8,
      "0": 1.2,
      "2": 3.0,
      "1": 4.0,
      "3": 5.0
    },
    "62": {
      "0": 1.0,
      "2": 2.0,
      "4": 3.0,
      "3": 4.4,
      "1": 4.6
    },
    "63": {
      "0": 1.0,
      "1": 2.0,
      "3": 3.0,
      "4": 4.0,
      "2": 5.0
    },
    "64": {
      "4": 1.0,
      "1": 2.4,
      "0": 2.6,
      "3": 4.0,
      "2": 5.0
    },
    "65": {
      "0": 1.0,
      "4": 2.4,
      "3": 3.4,
      "2": 3.4,
      "1": 4.8
    },
    "66": {
      "3": 1.8,
      "0": 1.6,
      "4": 4.0,
      "1": 3.8,
      "2": 3.8
    },
    "67": {
      "0": 1.5,
      "1": 2.75,
      "2": 1.75,
      "4": 4.25,
      "3": 4.75
    },