{
  "content_diversity": 0.5437674522399902,
  "classifier_auc": 0.7613762486126525,
  "ranking_stability": 0.6656620021528525,
  "feature_coefficients": {
    "word_count": -0.16355413496160606,
    "sentence_count": -0.23956826149908034,
    "avg_sentence_length": -0.3946026930734024,
    "paragraph_count": 0.22834656412293833,
    "heading_density": 0.17480217835818043,
    "list_frequency": -0.2817626956798082,
    "readability": 0.5681081889426176,
    "bold_emphasis_density": 0.08476914812400757,
    "citation_density": 0.11815959459139015,
    "statistic_density": -0.22615848633825064,
    "quote_density": 0.18542458113588725,
    "named_source_mentions": -0.5334121230257205,
    "year_mentions": -0.1147015766322952,
    "claim_density": 0.05487621959139893,
    "external_reference_density": -0.3774075597975131,
    "question_density": 0.3478831304360158,
    "query_similarity": 0.46144600253668283,
    "corpus_centroid_similarity": -0.07677594141530139,
    "type_token_ratio": -0.9525336717777335,
    "vocabulary_sophistication": -0.15001284820152438,
    "sentiment_polarity": 0.24598322983722318,
    "avg_word_length": -0.25263710037292497,
    "semantic_uniqueness": 0.11718819558450064,
    "information_density": -0.42226521741544326,
    "specificity_score": 0.13490303734534298
  },
  "avg_ranks": {
    "0": {
      "0": 1.0,
      "2": 2.6,
      "3": 3.2,
      "1": 3.2,
      "4": 5.0
    },
    "1": {
      "1": 1.0,
      "4": 2.0,
      "3": 3.0,
      "0": 4.0,
      "2": 5.0
    },
    "2": {
      "1": 1.8,
      "2": 2.0,
      "3": 3.4,
      "0": 4.6,
      "4": 3.2
    },
    "3": {
      "4": 1.0,
      "0": 2.2,
      "3": 3.4,
      "2": 3.6,
      "1": 4.8
    },
    "4": {
      "2": 2.0,
      "0": 1.4,
      "4": 2.8,
      "3": 3.8,
      "1": 5.0
    },
    "5": {
      "4": 1.6,
      "3": 2.8,
      "0": 1.6,
      "2": 4.0,
      "1": 5.0
    },
    "6": {
      "2": 1.0,
      "0": 2.0,
      "4": 3.2,
      "1": 3.8,
      "3": 5.0
    },
    "7": {
      "0": 1.0,
      "4": 2.8,
      "1": 3.2,
      "3": 3.0,
      "2": 5.0
    },
    "8": {
      "1": 2.0,
      "3": 1.8,
      "0": 2.4,
      "2": 3.8,
      "4": 5.0
    },
    "9": {
      "1": 1.0,
      "0": 2.2,
      "2": 3.0,
      "4": 3.8,
      "3": 5.0
    },
    "10": {
      "3": 2.4,
      "1": 1.2,
      "0": 3.0,
      "2": 3.8,
      "4": 4.6
    },
    "11": {
      "2": 1.0,
      "4": 2.6,
      "1": 2.4,
      "3": 4.6,
      "0": 4.4
    },
    "12": {
      "2": 1.0,
      "1": 2.2,
      "4": 2.8,
      "3": 4.0,
      "0": 5.0
    },
    "13": {
      "3": 1.0,
      "0": 2.0,
      "4": 3.0,
      "2": 4.0,
      "1": 5.0
    },
    "14": {
      "4": 1.2,
      "3": 1.8,
      "1": 3.2,
      "2": 4.2,
      "0": 4.6
    },
    "15": {
      "0": 1.6,
      "1": 1.6,
      "4": 2.8,
      "2": 4.0,
      "3": 5.0
    },
    "16": {
      "2": 2.6,
      "0": 1.6,
      "1": 1.8,
      "4": 4.8,
      "3": 4.2
    },
    "17": {
      "3": 2.0,
      "2": 3.8,
      "1": 3.8,
      "0": 2.2,
      "4": 3.2
    },
    "18": {
      "2": 1.6,
      "4": 3.0,
      "0": 1.6,
      "3": 3.8,
      "1": 5.0
    },
    "19": {
      "0": 2.0,
      "4": 1.8,
      "2": 4.0,
      "1": 3.2,
      "3": 4.0
    },
    "20": {
      "1": 2.0,
      "0": 1.2,
      "4": 3.0,
      "2": 3.8,
      "3": 5.0
    },
    "21": {
      "4": 2.4,
      "0": 2.2,
      "1": 2.4,
      "2": 3.0,
      "3": 5.0
    },
    "22": {
      "4": 1.2,
      "1": 1.8,
      "0": 3.6,
      "2": 3.8,
      "3": 4.6
    },
    "23": {
      "3": 1.4,
      "1": 2.4,
      "2": 2.4,
      "4": 4.0,
      "0": 4.8
    },
    "24": {
      "0": 1.0,
      "4": 2.8,
      "2": 2.8,
      "3": 3.8,
      "1": 4.6
    },
    "25": {
      "0": 1.2,
      "4": 2.2,
      "3": 2.8,
      "2": 3.8,
      "1": 5.0
    },
    "26": {
      "0": 1.2,
      "2": 2.8,
      "4": 2.4,
      "1": 3.8,
      "3": 4.8
    },
    "27": {
      "3": 1.0,
      "0": 2.2,
      "2": 3.0,
      "4": 3.8,
      "1": 5.0
    },
    "28": {
      "0": 1.0,
      "2": 2.0,
      "1": 3.0,
      "3": 4.0,
      "4": 5.0
    },
    "29": {
      "2": 1.6,
      "3": 2.4,
      "1": 2.4,
      "0": 3.8,
      "4": 4.8
    },
    "30": {
      "2": 1.0,
      "3": 2.0,
      "1": 3.0,
      "4": 4.0,
      "0": 5.0
    },
    "31": {
      "1": 1.0,
      "3": 2.0,
      "0": 3.8,
      "4": 3.8,
      "2": 4.4
    },
    "32": {
      "1": 1.0,
      "4": 2.0,
      "0": 3.0,
      "3": 4.0,
      "2": 5.0
    },
    "33": {
      "1": 1.0,
      "2": 2.0,
      "3": 3.8,
      "4": 3.6,
      "0": 4.6
    },
    "34": {
      "3": 1.0,
      "0": 2.2,
      "4": 2.8,
      "2": 4.2,
      "1": 4.8
    },
    "35": {
      "1": 2.0,
      "4": 2.2,
      "0": 3.0,
      "2": 2.8,
      "3": 5.0
    },
    "36": {
      "0": 1.0,
      "1": 2.0,
      "4": 3.6,
      "2": 3.4,
      "3": 5.0
    },
    "37": {
      "1": 1.0,
      "2": 2.4,
      "0": 2.6,
      "3": 4.4,
      "4": 4.6
    },
    "38": {
      "3": 1.6,
      "0": 1.8,
      "2": 3.4,
      "4": 3.2,
      "1": 5.0
    },
    "39": {
      "4": 1.4,
      "2": 1.6,
      "3": 4.0,
      "1": 3.2,
      "0": 4.8
    },
    "40": {
      "1": 2.0,
      "0": 1.6,
      "3": 2.4,
      "2": 4.0,
      "4": 5.0
    },
    "41": {
      "0": 1.4,
      "4": 2.6,
      "2": 3.0,
      "3": 4.2,
      "1": 3.8
    },
    "42": {
      "4": 2.4,
      "2": 1.2,
      "1": 3.8,
      "3": 3.2,
      "0": 4.4
    },
    "43": {
      "2": 2.2,
      "3": 3.6,
      "4": 3.8,
      "1": 2.4,
      "0": 3.0
    },
    "44": {
      "4": 1.6,
      "0": 1.8,
      "3": 2.6,
      "2": 4.0,
      "1": 5.0
    },
    "45": {
      "3": 1.0,
      "4": 2.2,
      "1": 2.8,
      "2": 4.0,
      "0": 5.0
    },
    "46": {
      "1": 1.6,
      "2": 2.6,
      "4": 3.2,
      "0": 3.2,
      "3": 4.4
    },
    "47": {
      "0": 1.4,
      "1": 2.4,
      "2": 2.2,
      "4": 4.0,
      "3": 5.0
    },
    "48": {
      "3": 2.2,
      "2": 1.2,
      "0": 3.2,
      "4": 3.8,
      "1": 4.6
    },
    "49": {
      "0": 1.0,
      "4": 2.0,
      "1": 3.0,
      "2": 4.5,
      "3": 4.5
    },
    "50": {
      "2": 1.6,
      "0": 1.4,
      "3": 3.0,
      "4": 4.4,
      "1": 4.6
    },
    "51": {
      "1": 1.0,
      "2": 2.0,
      "4": 3.5,
      "0": 3.5,
      "3": 5.0
    },
    "52": {
      "1": 1.2,
      "2": 2.8,
      "4": 2.2,
      "0": 3.8,
      "3": 5.0
    },
    "53": {
      "0": 1.3333333333333333,
      "3": 1.6666666666666667,
      "2": 3.3333333333333335,
      "4": 3.6666666666666665,
      "1": 5.0
    },
    "54": {
      "3": 1.75,
      "4": 1.75,
      "1": 2.5,
      "2": 4.0,
      "0": 5.0
    },
    "55": {
      "0": 1.8,
      "2": 1.2,
      "4": 3.4,
      "3": 3.6,
      "1": 5.0
    },
    "56": {
      "0": 1.0,
      "4": 2.0,
      "1": 3.0,
      "3": 4.0,
      "2": 5.0
    },
    "57": {
      "4": 1.0,
      "2": 2.0,
      "1": 3.2,
      "0": 3.8,
      "3": 5.0
    },
    "58": {
      "0": 1.2,
      "1": 2.4,
      "2": 4.0,
      "3": 3.2,
      "4": 4.2
    },
    "59": {
      "0": 1.4,
      "3": 1.6,
      "2": 3.4,
      "4": 4.2,
      "1": 4.4
    },
    "60": {
      "2": 1.0,
      "3": 2.6,
      "4": 3.0,
      "0": 3.4,
      "1": 5.0
    },
    "61": {
      "0": 1.0,
      "4": 2.0,
      "2": 3.0,
      "1": 4.0,
      "3": 5.0
    },
    "62": {
      "0": 1.0,
      "2": 2.0,
      "4": 3.0,
      "3": 4.2,
      "1": 4.8
    },
    "63": {
      "0": 1.0,
      "1": 2.4,
      "3": 2.6,
      "4": 4.0,
      "2": 5.0
    },
    "64": {
      "4": 1.4,
      "1": 1.8,
      "3": 3.4,
      "0": 3.4,
      "2": 5.0
    },
    "65": {
      "0": 1.0,
      "4": 2.2,
      "2": 3.6,
      "3": 3.2,
      "1": 5.0
    },
    "66": {
      "3": 1.2,
      "0": 2.4,
      "2": 2.6,
      "1": 3.8,
      "4": 5.0
    },
    "67": {
      "0": 1.2,
      "2": 2.6,