{
  "content_diversity": 0.5441223382949829,
  "classifier_auc": 0.7523266405290879,
  "ranking_stability": 0.651009564293305,
  "feature_coefficients": {
    "word_count": -0.14058041501734622,
    "sentence_count": 0.06157405466183114,
    "avg_sentence_length": -0.07148582361494342,
    "paragraph_count": -0.1849138457165453,
    "heading_density": 0.04250565632823093,
    "list_frequency": -0.021519187721450804,
    "readability": 0.22269990073133925,
    "bold_emphasis_density": 0.18200644670858163,
    "citation_density": 0.2789992678633041,
    "statistic_density": -0.6041287364710531,
    "quote_density": 0.048630491022728685,
    "named_source_mentions": -0.8015100547755624,
    "year_mentions": -0.3191398287169636,
    "claim_density": 0.05890591197538365,
    "external_reference_density": -0.2167190720464719,
    "question_density": 0.11031313942329213,
    "query_similarity": 0.24565465257206792,
    "corpus_centroid_similarity": -0.16320542783444,
    "type_token_ratio": -0.7433484937814143,
    "vocabulary_sophistication": -0.22893465371115623,
    "sentiment_polarity": 0.15755038222651552,
    "avg_word_length": -0.260149330846675,
    "semantic_uniqueness": -0.1016192342289754,
    "information_density": -0.3445399338301465,
    "specificity_score": 0.22358969382717037
  },
  "avg_ranks": {
    "0": {
      "0": 1.0,
      "1": 3.0,
      "2": 3.0,
      "3": 3.0,
      "4": 5.0
    },
    "1": {
      "4": 1.0,
      "1": 2.0,
      "3": 3.0,
      "0": 4.0,
      "2": 5.0
    },
    "2": {
      "4": 4.0,
      "1": 1.4,
      "2": 2.0,
      "3": 3.2,
      "0": 4.4
    },
    "3": {
      "4": 1.0,
      "3": 2.6,
      "0": 2.4,
      "2": 4.0,
      "1": 5.0
    },
    "4": {
      "2": 1.4,
      "0": 2.2,
      "4": 2.6,
      "3": 4.0,
      "1": 4.8
    },
    "5": {
      "4": 1.0,
      "0": 2.2,
      "3": 3.4,
      "2": 3.6,
      "1": 4.8
    },
    "6": {
      "2": 1.0,
      "0": 2.0,
      "4": 3.2,
      "1": 3.8,
      "3": 5.0
    },
    "7": {
      "3": 1.8,
      "0": 1.4,
      "4": 3.4,
      "1": 3.4,
      "2": 5.0
    },
    "8": {
      "1": 1.8,
      "3": 2.4,
      "0": 1.8,
      "2": 4.0,
      "4": 5.0
    },
    "9": {
      "1": 1.0,
      "0": 2.0,
      "2": 3.4,
      "4": 4.0,
      "3": 4.6
    },
    "10": {
      "1": 1.2,
      "0": 2.4,
      "3": 2.6,
      "2": 4.4,
      "4": 4.4
    },
    "11": {
      "1": 1.8,
      "2": 1.8,
      "4": 2.4,
      "3": 4.4,
      "0": 4.6
    },
    "12": {
      "2": 1.0,
      "1": 2.4,
      "4": 2.6,
      "3": 4.0,
      "0": 5.0
    },
    "13": {
      "3": 1.0,
      "0": 2.0,
      "4": 3.0,
      "1": 4.8,
      "2": 4.2
    },
    "14": {
      "4": 1.2,
      "3": 1.8,
      "1": 3.0,
      "2": 4.4,
      "0": 4.6
    },
    "15": {
      "0": 2.2,
      "1": 1.6,
      "4": 2.2,
      "2": 4.0,
      "3": 5.0
    },
    "16": {
      "1": 1.8,
      "0": 1.2,
      "3": 3.6,
      "2": 3.6,
      "4": 4.8
    },
    "17": {
      "0": 1.6,
      "4": 2.2,
      "3": 2.8,
      "2": 4.2,
      "1": 4.2
    },
    "18": {
      "2": 1.2,
      "0": 2.0,
      "4": 2.8,
      "3": 4.0,
      "1": 5.0
    },
    "19": {
      "4": 1.6,
      "0": 1.4,
      "2": 3.0,
      "1": 4.0,
      "3": 5.0
    },
    "20": {
      "0": 2.4,
      "1": 2.2,
      "4": 1.4,
      "2": 4.0,
      "3": 5.0
    },
    "21": {
      "4": 2.6,
      "0": 2.4,
      "1": 2.0,
      "2": 3.0,
      "3": 5.0
    },
    "22": {
      "4": 1.2,
      "1": 1.8,
      "0": 3.8,
      "3": 4.2,
      "2": 4.0
    },
    "23": {
      "3": 2.4,
      "2": 1.2,
      "4": 4.2,
      "1": 2.8,
      "0": 4.4
    },
    "24": {
      "2": 1.8,
      "0": 1.6,
      "3": 4.2,
      "4": 3.2,
      "1": 4.2
    },
    "25": {
      "4": 1.6,
      "0": 1.8,
      "2": 3.6,
      "3": 3.0,
      "1": 5.0
    },
    "26": {
      "0": 1.0,
      "1": 2.6,
      "2": 3.2,
      "4": 3.2,
      "3": 5.0
    },
    "27": {
      "3": 1.0,
      "0": 2.2,
      "2": 3.0,
      "4": 3.8,
      "1": 5.0
    },
    "28": {
      "0": 1.4,
      "2": 1.6,
      "1": 3.0,
      "3": 4.2,
      "4": 4.8
    },
    "29": {
      "2": 2.0,
      "1": 1.6,
      "3": 3.4,
      "4": 3.8,
      "0": 4.2
    },
    "30": {
      "2": 1.0,
      "3": 2.0,
      "1": 3.0,
      "4": 4.0,
      "0": 5.0
    },
    "31": {
      "1": 1.0,
      "3": 2.2,
      "2": 3.8,
      "0": 3.4,
      "4": 4.6
    },
    "32": {
      "1": 1.0,
      "4": 2.0,
      "3": 3.75,
      "0": 3.25,
      "2": 5.0
    },
    "33": {
      "2": 1.4,
      "1": 1.6,
      "4": 3.0,
      "3": 4.0,
      "0": 5.0
    },
    "34": {
      "3": 1.0,
      "0": 2.4,
      "4": 2.6,
      "1": 4.4,
      "2": 4.6
    },
    "35": {
      "1": 2.0,
      "4": 1.4,
      "2": 3.0,
      "0": 3.6,
      "3": 5.0
    },
    "36": {
      "0": 1.2,
      "1": 1.8,
      "2": 3.0,
      "4": 4.4,
      "3": 4.6
    },
    "37": {
      "1": 1.4,
      "0": 2.8,
      "2": 1.8,
      "3": 4.6,
      "4": 4.4
    },
    "38": {
      "3": 1.8,
      "4": 3.2,
      "0": 2.0,
      "2": 3.0,
      "1": 5.0
    },
    "39": {
      "3": 2.8,
      "4": 2.0,
      "2": 1.8,
      "1": 3.4,
      "0": 5.0
    },
    "40": {
      "3": 1.8,
      "0": 2.0,
      "1": 2.2,
      "2": 4.0,
      "4": 5.0
    },
    "41": {
      "0": 1.0,
      "2": 2.6,
      "4": 2.4,
      "1": 4.4,
      "3": 4.6
    },
    "42": {
      "2": 1.0,
      "4": 2.0,
      "1": 4.4,
      "3": 3.4,
      "0": 4.2
    },
    "43": {
      "1": 2.8,
      "0": 3.8,
      "2": 2.2,
      "4": 2.8,
      "3": 3.4
    },
    "44": {
      "0": 1.2,
      "4": 1.8,
      "3": 3.0,
      "2": 4.0,
      "1": 5.0
    },
    "45": {
      "3": 1.0,
      "2": 3.6,
      "4": 2.2,
      "1": 3.2,
      "0": 5.0
    },
    "46": {
      "1": 1.6,
      "2": 3.6,
      "0": 3.0,
      "4": 3.4,
      "3": 3.4
    },
    "47": {
      "1": 1.8,
      "0": 1.2,
      "2": 3.0,
      "4": 4.0,
      "3": 5.0
    },
    "48": {
      "2": 1.0,
      "4": 3.0,
      "3": 2.6,
      "1": 4.6,
      "0": 3.8
    },
    "49": {
      "0": 1.0,
      "4": 2.0,
      "1": 3.0,
      "3": 4.0,
      "2": 5.0
    },
    "50": {
      "0": 1.6,
      "2": 1.4,
      "3": 3.0,
      "4": 4.2,
      "1": 4.8
    },
    "51": {
      "1": 2.3333333333333335,
      "2": 1.3333333333333333,
      "4": 3.3333333333333335,
      "0": 3.0,
      "3": 5.0
    },
    "52": {
      "1": 1.0,
      "2": 2.6,
      "4": 2.8,
      "0": 3.6,
      "3": 5.0
    },
    "53": {
      "0": 1.25,
      "3": 1.75,
      "4": 3.25,
      "2": 3.75,
      "1": 5.0
    },
    "54": {
      "4": 1.6,
      "1": 1.8,
      "3": 2.6,
      "2": 4.0,
      "0": 5.0
    },
    "55": {
      "0": 1.6,
      "2": 1.4,
      "4": 3.6,
      "3": 3.4,
      "1": 5.0
    },
    "56": {
      "0": 1.0,
      "4": 2.0,
      "1": 3.0,
      "3": 4.2,
      "2": 4.8
    },
    "57": {
      "4": 1.0,
      "1": 2.6,
      "2": 2.4,
      "0": 4.0,
      "3": 5.0
    },
    "58": {
      "0": 1.6,
      "3": 2.4,
      "1": 3.0,
      "4": 4.4,
      "2": 3.6
    },
    "59": {
      "0": 2.0,
      "3": 2.5,
      "2": 2.5,
      "1": 4.0,
      "4": 4.0
    },
    "60": {
      "2": 1.0,
      "4": 3.2,
      "3": 3.4,
      "0": 2.4,
      "1": 5.0
    },
    "61": {
      "4": 1.5,
      "0": 1.5,
      "2": 3.0,
      "1": 4.0,
      "3": 5.0
    },
    "62": {
      "0": 1.0,
      "2": 2.4,
      "4": 2.6,
      "1": 4.4,
      "3": 4.6
    },
    "63": {
      "0": 1.2,
      "1": 2.4,
      "3": 2.4,
      "4": 4.0,
      "2": 5.0
    },
    "64": {
      "4": 1.0,
      "1": 2.2,
      "0": 2.8,
      "3": 4.0,
      "2": 5.0
    },
    "65": {
      "0": 1.0,
      "4": 2.2,
      "3": 3.4,
      "2": 3.4,
      "1": 5.0
    },
    "66": {
      "3": 1.4,
      "0": 2.0,
      "2": 2.6,
      "1": 4.2,
      "4": 4.8
    },
    "67": {
      "1": 1.8,
      "0": 1.6,
      "2": 2.6,