{
  "content_diversity": 0.5371337532997131,
  "classifier_auc": 0.7787767506648094,
  "ranking_stability": 0.6923560209424084,
  "feature_coefficients": {
    "word_count": -0.4538813892813531,
    "sentence_count": 0.1564630391639941,
    "avg_sentence_length": 0.07678759631969005,
    "paragraph_count": 0.07736532801791171,
    "heading_density": 0.009518662453398396,
    "list_frequency": -0.2523789267170274,
    "readability": 0.2934378004966377,
    "bold_emphasis_density": 0.2859817939958278,
    "citation_density": 0.24136895911703332,
    "statistic_density": -0.5816315350935305,
    "quote_density": -0.04022607894302717,
    "named_source_mentions": -0.5468337782122428,
    "year_mentions": -0.13492005150789002,
    "claim_density": 0.2809393758989962,
    "external_reference_density": -0.2744887762011379,
    "question_density": 0.20803623359743398,
    "query_similarity": 0.5741085601560444,
    "corpus_centroid_similarity": -0.43287587755273627,
    "type_token_ratio": -0.6285237782010692,
    "vocabulary_sophistication": -0.19366107243274985,
    "sentiment_polarity": 0.18964786200205963,
    "avg_word_length": -0.32457333005467126,
    "semantic_uniqueness": 0.3680410574305183,
    "information_density": -0.2411084917271571,
    "specificity_score": 0.23457085704606062
  },
  "avg_ranks": {
    "0": {
      "0": 1.2,
      "2": 2.8,
      "1": 2.2,
      "3": 3.8,
      "4": 5.0
    },
    "1": {
      "1": 1.6666666666666667,
      "4": 1.3333333333333333,
      "0": 3.3333333333333335,
      "3": 3.6666666666666665,
      "2": 5.0
    },
    "2": {
      "2": 1.6,
      "1": 1.4,
      "3": 3.0,
      "0": 4.0,
      "4": 5.0
    },
    "3": {
      "4": 1.0,
      "0": 2.0,
      "3": 3.75,
      "2": 3.5,
      "1": 4.75
    },
    "4": {
      "0": 1.0,
      "2": 2.0,
      "4": 3.0,
      "3": 4.4,
      "1": 4.6
    },
    "5": {
      "0": 1.2,
      "4": 2.0,
      "3": 2.8,
      "2": 4.0,
      "1": 5.0
    },
    "6": {
      "2": 1.0,
      "0": 2.0,
      "4": 3.2,
      "1": 3.8,
      "3": 5.0
    },
    "7": {
      "0": 1.4,
      "3": 2.4,
      "1": 3.8,
      "4": 2.4,
      "2": 5.0
    },
    "8": {
      "1": 2.0,
      "3": 2.0,
      "0": 2.0,
      "2": 4.0,
      "4": 5.0
    },
    "9": {
      "1": 1.2,
      "4": 3.6,
      "0": 2.4,
      "2": 4.8,
      "3": 3.0
    },
    "10": {
      "1": 1.4,
      "0": 2.4,
      "2": 3.6,
      "3": 3.0,
      "4": 4.6
    },
    "11": {
      "2": 1.4,
      "1": 2.8,
      "4": 2.4,
      "0": 4.4,
      "3": 4.0
    },
    "12": {
      "2": 1.4,
      "1": 2.2,
      "4": 2.4,
      "3": 4.0,
      "0": 5.0
    },
    "13": {
      "3": 1.0,
      "0": 2.4,
      "4": 2.6,
      "2": 4.2,
      "1": 4.8
    },
    "14": {
      "4": 1.0,
      "1": 2.4,
      "3": 2.6,
      "2": 4.0,
      "0": 5.0
    },
    "15": {
      "1": 1.2,
      "4": 2.2,
      "0": 2.6,
      "3": 4.4,
      "2": 4.6
    },
    "16": {
      "0": 1.2,
      "2": 2.8,
      "1": 2.6,
      "4": 3.4,
      "3": 5.0
    },
    "17": {
      "1": 4.2,
      "3": 2.8,
      "0": 1.4,
      "4": 2.4,
      "2": 4.2
    },
    "18": {
      "2": 1.4,
      "4": 2.0,
      "0": 2.6,
      "3": 4.0,
      "1": 5.0
    },
    "19": {
      "4": 1.2,
      "0": 1.8,
      "2": 3.0,
      "1": 4.0,
      "3": 5.0
    },
    "20": {
      "1": 1.0,
      "0": 2.5,
      "4": 3.0,
      "2": 3.5,
      "3": 5.0
    },
    "21": {
      "1": 2.4,
      "4": 2.2,
      "2": 3.0,
      "0": 2.4,
      "3": 5.0
    },
    "22": {
      "4": 1.0,
      "1": 2.0,
      "3": 3.6,
      "2": 3.8,
      "0": 4.6
    },
    "23": {
      "1": 1.8,
      "2": 2.2,
      "4": 3.8,
      "3": 2.4,
      "0": 4.8
    },
    "24": {
      "1": 3.2,
      "0": 1.8,
      "3": 4.2,
      "4": 2.6,
      "2": 3.2
    },
    "25": {
      "4": 2.0,
      "0": 1.6,
      "3": 2.6,
      "2": 3.8,
      "1": 5.0
    },
    "26": {
      "0": 1.0,
      "1": 2.6,
      "2": 2.8,
      "4": 3.6,
      "3": 5.0
    },
    "27": {
      "3": 1.4,
      "0": 2.4,
      "4": 3.4,
      "2": 2.8,
      "1": 5.0
    },
    "28": {
      "0": 1.0,
      "1": 2.0,
      "2": 3.0,
      "3": 4.2,
      "4": 4.8
    },
    "29": {
      "4": 3.4,
      "2": 1.4,
      "1": 2.2,
      "3": 4.2,
      "0": 3.8
    },
    "30": {
      "2": 1.0,
      "1": 2.6,
      "3": 2.6,
      "4": 3.8,
      "0": 5.0
    },
    "31": {
      "1": 1.0,
      "3": 2.0,
      "4": 4.4,
      "2": 4.0,
      "0": 3.6
    },
    "32": {
      "1": 1.0,
      "4": 2.0,
      "3": 3.2,
      "0": 3.8,
      "2": 5.0
    },
    "33": {
      "1": 1.4,
      "2": 1.6,
      "4": 3.2,
      "3": 3.8,
      "0": 5.0
    },
    "34": {
      "3": 1.0,
      "0": 2.5,
      "4": 2.5,
      "2": 4.5,
      "1": 4.5
    },
    "35": {
      "1": 1.2,
      "4": 2.4,
      "2": 3.2,
      "0": 3.2,
      "3": 5.0
    },
    "36": {
      "0": 1.2,
      "1": 2.0,
      "2": 2.8,
      "4": 4.0,
      "3": 5.0
    },
    "37": {
      "1": 1.0,
      "2": 2.4,
      "0": 2.6,
      "4": 4.6,
      "3": 4.4
    },
    "38": {
      "3": 1.0,
      "0": 2.0,
      "2": 3.2,
      "4": 3.8,
      "1": 5.0
    },
    "39": {
      "4": 1.0,
      "2": 2.4,
      "1": 2.6,
      "3": 4.4,
      "0": 4.6
    },
    "40": {
      "0": 1.5,
      "1": 3.0,
      "3": 2.25,
      "2": 3.25,
      "4": 5.0
    },
    "41": {
      "0": 1.0,
      "4": 2.2,
      "1": 3.8,
      "2": 3.2,
      "3": 4.8
    },
    "42": {
      "2": 1.4,
      "4": 1.6,
      "3": 3.8,
      "1": 3.8,
      "0": 4.4
    },
    "43": {
      "3": 3.2,
      "4": 3.2,
      "2": 4.4,
      "1": 1.6,
      "0": 2.6
    },
    "44": {
      "0": 1.4,
      "4": 1.6,
      "3": 3.0,
      "2": 4.0,
      "1": 5.0
    },
    "45": {
      "3": 1.8,
      "2": 3.4,
      "1": 2.8,
      "4": 2.0,
      "0": 5.0
    },
    "46": {
      "3": 3.6,
      "1": 1.4,
      "2": 3.6,
      "4": 3.2,
      "0": 3.2
    },
    "47": {
      "0": 1.2,
      "1": 1.8,
      "2": 3.0,
      "4": 4.2,
      "3": 4.8
    },
    "48": {
      "2": 1.0,
      "3": 2.0,
      "4": 4.0,
      "0": 3.2,
      "1": 4.8
    },
    "49": {
      "0": 1.2,
      "4": 1.8,
      "1": 3.0,
      "3": 4.4,
      "2": 4.6
    },
    "50": {
      "2": 1.4,
      "0": 1.6,
      "3": 3.2,
      "4": 3.8,
      "1": 5.0
    },
    "51": {
      "1": 1.75,
      "2": 1.75,
      "0": 3.0,
      "4": 3.5,
      "3": 5.0
    },
    "52": {
      "1": 1.2,
      "2": 2.4,
      "4": 2.6,
      "3": 4.4,
      "0": 4.4
    },
    "53": {
      "0": 1.4,
      "3": 1.6,
      "2": 3.2,
      "4": 3.8,
      "1": 5.0
    },
    "54": {
      "3": 1.5,
      "4": 1.75,
      "1": 2.75,
      "2": 4.25,
      "0": 4.75
    },
    "55": {
      "2": 1.2,
      "0": 2.0,
      "4": 3.2,
      "3": 3.6,
      "1": 5.0
    },
    "56": {
      "0": 1.0,
      "4": 2.0,
      "3": 3.4,
      "1": 3.6,
      "2": 5.0
    },
    "57": {
      "4": 1.0,
      "2": 2.0,
      "1": 3.0,
      "0": 4.0,
      "3": 5.0
    },
    "58": {
      "0": 1.4,
      "1": 2.8,
      "4": 4.2,
      "2": 4.4,
      "3": 2.2
    },
    "59": {
      "2": 2.2,
      "3": 1.6,
      "0": 2.2,
      "1": 4.4,
      "4": 4.6
    },
    "60": {
      "2": 1.0,
      "0": 2.0,
      "3": 3.6,
      "4": 3.8,
      "1": 4.6
    },
    "61": {
      "0": 1.0,
      "4": 2.2,
      "2": 3.0,
      "1": 3.8,
      "3": 5.0
    },
    "62": {
      "2": 1.8,
      "0": 1.2,
      "4": 3.0,
      "3": 4.4,
      "1": 4.6
    },
    "63": {
      "0": 1.0,
      "1": 2.6,
      "3": 2.4,
      "4": 4.0,
      "2": 5.0
    },
    "64": {
      "4": 1.0,
      "0": 3.2,
      "1": 2.2,
      "3": 3.6,
      "2": 5.0
    },
    "65": {
      "0": 1.0,
      "4": 2.0,
      "3": 3.2,
      "2": 3.8,
      "1": 5.0
    },
    "66": {
      "0": 1.8,
      "3": 1.6,
      "2": 3.8,
      "1": 3.4,
      "4": 4.4
    },
    "67": {
      "1": 1.2,
      "0": 1.8,