{
  "content_diversity": 0.5375435948371887,
  "classifier_auc": 0.7507227436537166,
  "ranking_stability": 0.6621052631578948,
  "feature_coefficients": {
    "word_count": 0.08793439192130674,
    "sentence_count": 0.16271801070309827,
    "avg_sentence_length": -0.25820466957020194,
    "paragraph_count": 0.04097116850878239,
    "heading_density": 0.21319042754657305,
    "list_frequency": -0.04995203424283907,
    "readability": 0.12445006084132904,
    "bold_emphasis_density": -0.1425858466353675,
    "citation_density": -0.12679926098918168,
    "statistic_density": -0.3941326108933239,
    "quote_density": 0.22926794385228647,
    "named_source_mentions": -0.6635741098522775,
    "year_mentions": -0.1184776810304984,
    "claim_density": 0.09936449523642218,
    "external_reference_density": -0.3685338779475791,
    "question_density": 0.1921501833583407,
    "query_similarity": 0.7108872439175156,
    "corpus_centroid_similarity": -0.1284995453386856,
    "type_token_ratio": -0.7582838086106856,
    "vocabulary_sophistication": 0.05535532441694455,
    "sentiment_polarity": -0.0027581804591744604,
    "avg_word_length": -0.06904657347413808,
    "semantic_uniqueness": 0.14412576647668193,
    "information_density": -0.40082431122631007,
    "specificity_score": -0.18662349282919188
  },
  "avg_ranks": {
    "0": {
      "0": 1.2,
      "1": 2.6,
      "3": 2.6,
      "2": 3.6,
      "4": 5.0
    },
    "1": {
      "4": 1.4,
      "1": 1.6,
      "2": 4.6,
      "0": 3.8,
      "3": 3.6
    },
    "2": {
      "1": 1.6,
      "2": 1.4,
      "3": 3.0,
      "4": 4.4,
      "0": 4.6
    },
    "3": {
      "4": 1.0,
      "0": 2.0,
      "3": 3.5,
      "2": 4.5,
      "1": 4.0
    },
    "4": {
      "0": 1.2,
      "2": 1.8,
      "4": 3.2,
      "1": 4.4,
      "3": 4.4
    },
    "5": {
      "0": 1.4,
      "3": 2.4,
      "4": 2.2,
      "2": 4.0,
      "1": 5.0
    },
    "6": {
      "2": 1.0,
      "0": 2.0,
      "4": 3.2,
      "1": 3.8,
      "3": 5.0
    },
    "7": {
      "0": 1.4,
      "3": 2.0,
      "1": 3.4,
      "4": 3.2,
      "2": 5.0
    },
    "8": {
      "0": 2.0,
      "3": 2.0,
      "1": 2.0,
      "2": 4.0,
      "4": 5.0
    },
    "9": {
      "1": 1.2,
      "0": 2.2,
      "3": 3.0,
      "4": 4.2,
      "2": 4.4
    },
    "10": {
      "1": 1.0,
      "0": 2.0,
      "2": 3.6,
      "3": 4.2,
      "4": 4.2
    },
    "11": {
      "2": 1.2,
      "4": 2.2,
      "1": 2.6,
      "0": 4.4,
      "3": 4.6
    },
    "12": {
      "2": 1.0,
      "1": 2.4,
      "4": 2.6,
      "3": 4.0,
      "0": 5.0
    },
    "13": {
      "3": 1.0,
      "4": 2.2,
      "0": 2.8,
      "2": 4.2,
      "1": 4.8
    },
    "14": {
      "4": 1.2,
      "3": 2.2,
      "1": 2.6,
      "0": 4.4,
      "2": 4.6
    },
    "15": {
      "1": 1.2,
      "4": 2.6,
      "0": 2.2,
      "2": 4.4,
      "3": 4.6
    },
    "16": {
      "0": 1.2,
      "2": 2.6,
      "1": 2.6,
      "3": 4.4,
      "4": 4.2
    },
    "17": {
      "3": 3.6,
      "1": 2.8,
      "0": 1.6,
      "4": 2.6,
      "2": 4.4
    },
    "18": {
      "2": 1.4,
      "0": 2.2,
      "4": 2.6,
      "1": 4.4,
      "3": 4.4
    },
    "19": {
      "4": 1.0,
      "0": 2.0,
      "1": 3.75,
      "2": 3.25,
      "3": 5.0
    },
    "20": {
      "1": 1.4,
      "0": 2.0,
      "4": 2.6,
      "2": 4.0,
      "3": 5.0
    },
    "21": {
      "1": 3.4,
      "2": 2.0,
      "0": 3.0,
      "4": 1.6,
      "3": 5.0
    },
    "22": {
      "4": 1.0,
      "1": 2.0,
      "3": 4.0,
      "2": 4.0,
      "0": 4.0
    },
    "23": {
      "3": 1.2,
      "1": 2.0,
      "4": 3.2,
      "2": 4.4,
      "0": 4.2
    },
    "24": {
      "1": 4.2,
      "3": 3.0,
      "0": 1.6,
      "2": 3.4,
      "4": 2.8
    },
    "25": {
      "0": 1.4,
      "4": 1.6,
      "3": 3.0,
      "2": 4.0,
      "1": 5.0
    },
    "26": {
      "2": 2.4,
      "0": 1.2,
      "4": 3.6,
      "1": 2.8,
      "3": 5.0
    },
    "27": {
      "3": 1.0,
      "0": 2.0,
      "2": 3.0,
      "4": 4.0,
      "1": 5.0
    },
    "28": {
      "0": 1.5,
      "1": 2.0,
      "2": 2.5,
      "4": 4.5,
      "3": 4.5
    },
    "29": {
      "1": 1.4,
      "2": 2.2,
      "3": 2.4,
      "4": 4.8,
      "0": 4.2
    },
    "30": {
      "2": 1.0,
      "3": 2.4,
      "1": 2.6,
      "4": 4.0,
      "0": 5.0
    },
    "31": {
      "1": 1.0,
      "0": 3.4,
      "3": 2.2,
      "2": 4.2,
      "4": 4.2
    },
    "32": {
      "1": 1.0,
      "4": 2.0,
      "3": 3.25,
      "0": 3.75,
      "2": 5.0
    },
    "33": {
      "1": 1.2,
      "2": 2.0,
      "4": 3.2,
      "0": 4.2,
      "3": 4.4
    },
    "34": {
      "3": 1.4,
      "4": 2.8,
      "0": 1.8,
      "1": 4.8,
      "2": 4.2
    },
    "35": {
      "0": 2.2,
      "1": 2.6,
      "2": 3.4,
      "4": 1.8,
      "3": 5.0
    },
    "36": {
      "0": 1.0,
      "1": 2.0,
      "2": 3.0,
      "4": 4.0,
      "3": 5.0
    },
    "37": {
      "1": 1.4,
      "2": 2.4,
      "0": 2.2,
      "4": 4.4,
      "3": 4.6
    },
    "38": {
      "0": 1.2,
      "3": 1.8,
      "2": 3.2,
      "4": 3.8,
      "1": 5.0
    },
    "39": {
      "2": 2.0,
      "4": 1.2,
      "1": 2.8,
      "3": 4.2,
      "0": 4.8
    },
    "40": {
      "0": 1.6,
      "3": 2.8,
      "2": 3.2,
      "1": 2.4,
      "4": 5.0
    },
    "41": {
      "0": 1.4,
      "4": 1.6,
      "1": 4.2,
      "2": 3.4,
      "3": 4.4
    },
    "42": {
      "4": 1.4,
      "2": 1.6,
      "3": 3.4,
      "0": 4.0,
      "1": 4.6
    },
    "43": {
      "2": 3.0,
      "3": 2.6,
      "4": 2.8,
      "1": 2.8,
      "0": 3.8
    },
    "44": {
      "4": 1.4,
      "0": 1.6,
      "2": 3.6,
      "3": 3.4,
      "1": 5.0
    },
    "45": {
      "3": 1.2,
      "4": 2.8,
      "1": 2.0,
      "0": 4.8,
      "2": 4.2
    },
    "46": {
      "1": 1.6,
      "2": 3.0,
      "3": 4.6,
      "4": 3.4,
      "0": 2.4
    },
    "47": {
      "0": 1.0,
      "1": 2.0,
      "2": 3.0,
      "4": 4.0,
      "3": 5.0
    },
    "48": {
      "2": 1.0,
      "0": 3.0,
      "3": 2.4,
      "4": 3.6,
      "1": 5.0
    },
    "49": {
      "0": 1.0,
      "4": 2.0,
      "1": 3.0,
      "2": 4.25,
      "3": 4.75
    },
    "50": {
      "0": 1.8,
      "2": 1.2,
      "3": 3.4,
      "4": 3.6,
      "1": 5.0
    },
    "51": {
      "1": 1.6,
      "2": 1.8,
      "0": 3.4,
      "4": 3.2,
      "3": 5.0
    },
    "52": {
      "1": 1.0,
      "4": 2.6,
      "2": 2.4,
      "0": 4.6,
      "3": 4.4
    },
    "53": {
      "3": 1.0,
      "0": 2.0,
      "4": 3.6,
      "2": 3.4,
      "1": 5.0
    },
    "54": {
      "3": 1.8,
      "4": 1.4,
      "1": 2.8,
      "2": 4.0,
      "0": 5.0
    },
    "55": {
      "2": 1.0,
      "0": 2.2,
      "3": 3.6,
      "4": 3.2,
      "1": 5.0
    },
    "56": {
      "0": 1.0,
      "4": 2.2,
      "2": 4.6,
      "3": 4.0,
      "1": 3.2
    },
    "57": {
      "4": 1.0,
      "2": 2.0,
      "1": 3.0,
      "0": 4.0,
      "3": 5.0
    },
    "58": {
      "0": 1.4,
      "3": 1.6,
      "1": 3.0,
      "4": 4.4,
      "2": 4.6
    },
    "59": {
      "0": 1.6,
      "3": 1.8,
      "2": 2.6,
      "4": 4.8,
      "1": 4.2
    },
    "60": {
      "2": 1.8,
      "0": 3.0,
      "4": 2.6,
      "3": 2.6,
      "1": 5.0
    },
    "61": {
      "0": 1.0,
      "4": 2.0,
      "1": 3.6,
      "2": 3.4,
      "3": 5.0
    },
    "62": {
      "2": 1.6,
      "0": 1.4,
      "4": 3.0,
      "1": 4.6,
      "3": 4.4
    },
    "63": {
      "0": 1.2,
      "3": 2.0,
      "1": 2.8,
      "4": 4.0,
      "2": 5.0
    },
    "64": {
      "4": 1.4,
      "0": 2.6,
      "3": 3.2,
      "1": 2.8,
      "2": 5.0
    },
    "65": {
      "0": 1.4,
      "4": 2.6,
      "2": 2.6,
      "3": 3.4,
      "1": 5.0
    },
    "66": {
      "0": 1.4,
      "3": 2.0,
      "1": 4.0,
      "4": 3.2,
      "2": 4.4
    },
    "67": {
      "0": 1.2,
      "1": 2.2,
      "4": 3.8,
      "2": 2.8,
      "3": 5.0
    },