{
  "content_diversity": 0.5451391935348511,
  "classifier_auc": 0.7430019305019305,
  "ranking_stability": 0.6883720930232557,
  "feature_coefficients": {
    "word_count": -0.4428972598304785,
    "sentence_count": -0.25656885997120593,
    "avg_sentence_length": -0.506465565718418,
    "paragraph_count": 0.06224734256838081,
    "heading_density": 0.11270866079751399,
    "list_frequency": -0.1320083612158001,
    "readability": 0.31846589175349727,
    "bold_emphasis_density": 0.20601775728109067,
    "citation_density": 0.054132348277491776,
    "statistic_density": -0.5881769033112234,
    "quote_density": -0.016277619446158114,
    "named_source_mentions": -0.12683698485734654,
    "year_mentions": 0.02597667041014344,
    "claim_density": 0.0851923401440914,
    "external_reference_density": -0.12635757022172173,
    "question_density": 0.09764547554748769,
    "query_similarity": 0.6577548228383808,
    "corpus_centroid_similarity": -0.12505636182140945,
    "type_token_ratio": -0.8716265671919347,
    "vocabulary_sophistication": -0.07459163521065369,
    "sentiment_polarity": 0.11391160114183498,
    "avg_word_length": -0.33931498377513053,
    "semantic_uniqueness": 0.20141440901499835,
    "information_density": -0.3048683617067747,
    "specificity_score": -0.002313404245160129
  },
  "avg_ranks": {
    "0": {
      "0": 1.0,
      "1": 2.6,
      "2": 3.0,
      "3": 3.4,
      "4": 5.0
    },
    "1": {
      "1": 1.0,
      "4": 2.0,
      "3": 3.0,
      "0": 4.0,
      "2": 5.0
    },
    "2": {
      "1": 1.4,
      "2": 1.6,
      "3": 3.0,
      "0": 4.4,
      "4": 4.6
    },
    "3": {
      "4": 1.0,
      "1": 3.8,
      "3": 3.4,
      "0": 2.8,
      "2": 4.0
    },
    "4": {
      "0": 1.4,
      "2": 1.8,
      "3": 3.8,
      "1": 4.2,
      "4": 3.8
    },
    "5": {
      "0": 1.4,
      "4": 1.6,
      "3": 3.0,
      "2": 4.0,
      "1": 5.0
    },
    "6": {
      "2": 1.2,
      "0": 1.8,
      "4": 3.0,
      "1": 4.0,
      "3": 5.0
    },
    "7": {
      "3": 2.5,
      "0": 1.25,
      "1": 3.75,
      "4": 2.5,
      "2": 5.0
    },
    "8": {
      "0": 1.6,
      "3": 2.2,
      "1": 2.2,
      "2": 4.0,
      "4": 5.0
    },
    "9": {
      "1": 1.0,
      "0": 2.0,
      "2": 3.6,
      "4": 4.2,
      "3": 4.2
    },
    "10": {
      "1": 1.0,
      "0": 2.0,
      "3": 3.75,
      "2": 3.25,
      "4": 5.0
    },
    "11": {
      "3": 3.6,
      "2": 1.2,
      "1": 2.8,
      "4": 3.0,
      "0": 4.4
    },
    "12": {
      "2": 1.0,
      "4": 2.6,
      "1": 2.4,
      "3": 4.0,
      "0": 5.0
    },
    "13": {
      "3": 1.0,
      "0": 2.2,
      "4": 2.8,
      "2": 4.4,
      "1": 4.6
    },
    "14": {
      "4": 1.0,
      "3": 2.0,
      "0": 4.4,
      "1": 3.2,
      "2": 4.4
    },
    "15": {
      "0": 1.6,
      "1": 1.6,
      "4": 2.8,
      "2": 4.2,
      "3": 4.8
    },
    "16": {
      "1": 1.25,
      "0": 1.75,
      "2": 3.25,
      "3": 4.5,
      "4": 4.25
    },
    "17": {
      "3": 1.6,
      "4": 2.4,
      "0": 2.6,
      "2": 3.6,
      "1": 4.8
    },
    "18": {
      "0": 1.8,
      "4": 2.8,
      "2": 2.0,
      "3": 3.6,
      "1": 4.8
    },
    "19": {
      "0": 1.2,
      "4": 1.8,
      "2": 3.0,
      "1": 4.0,
      "3": 5.0
    },
    "20": {
      "1": 1.6,
      "0": 1.8,
      "4": 2.6,
      "2": 4.0,
      "3": 5.0
    },
    "21": {
      "1": 1.2,
      "4": 2.2,
      "0": 3.2,
      "2": 3.4,
      "3": 5.0
    },
    "22": {
      "4": 1.0,
      "1": 2.2,
      "0": 3.6,
      "2": 3.4,
      "3": 4.8
    },
    "23": {
      "1": 1.6,
      "3": 1.8,
      "2": 2.6,
      "0": 4.0,
      "4": 5.0
    },
    "24": {
      "0": 1.4,
      "4": 2.2,
      "2": 2.8,
      "1": 4.6,
      "3": 4.0
    },
    "25": {
      "0": 1.2,
      "4": 2.0,
      "3": 2.8,
      "2": 4.0,
      "1": 5.0
    },
    "26": {
      "0": 1.0,
      "1": 3.2,
      "2": 2.6,
      "4": 3.6,
      "3": 4.6
    },
    "27": {
      "3": 1.0,
      "0": 2.2,
      "2": 2.8,
      "4": 4.0,
      "1": 5.0
    },
    "28": {
      "0": 1.2,
      "1": 2.6,
      "2": 2.2,
      "3": 4.0,
      "4": 5.0
    },
    "29": {
      "2": 1.75,
      "1": 1.25,
      "3": 3.5,
      "4": 3.5,
      "0": 5.0
    },
    "30": {
      "2": 1.0,
      "3": 2.2,
      "1": 3.0,
      "4": 3.8,
      "0": 5.0
    },
    "31": {
      "1": 1.0,
      "3": 2.25,
      "0": 3.75,
      "2": 3.5,
      "4": 4.5
    },
    "32": {
      "1": 1.0,
      "4": 2.0,
      "0": 3.0,
      "2": 4.5,
      "3": 4.5
    },
    "33": {
      "1": 1.2,
      "2": 1.8,
      "4": 3.4,
      "3": 4.0,
      "0": 4.6
    },
    "34": {
      "3": 1.0,
      "0": 2.2,
      "4": 2.8,
      "2": 4.0,
      "1": 5.0
    },
    "35": {
      "1": 2.0,
      "0": 2.0,
      "4": 2.8,
      "2": 3.2,
      "3": 5.0
    },
    "36": {
      "0": 1.0,
      "2": 2.8,
      "4": 3.8,
      "1": 2.4,
      "3": 5.0
    },
    "37": {
      "1": 1.3333333333333333,
      "2": 1.6666666666666667,
      "0": 3.0,
      "3": 4.0,
      "4": 5.0
    },
    "38": {
      "3": 1.6,
      "2": 3.0,
      "4": 3.2,
      "0": 2.2,
      "1": 5.0
    },
    "39": {
      "2": 1.2,
      "4": 1.8,
      "1": 3.0,
      "3": 4.0,
      "0": 5.0
    },
    "40": {
      "1": 1.75,
      "0": 1.5,
      "3": 2.75,
      "2": 4.0,
      "4": 5.0
    },
    "41": {
      "0": 1.2,
      "3": 3.8,
      "4": 2.0,
      "2": 3.8,
      "1": 4.2
    },
    "42": {
      "2": 1.2,
      "3": 3.2,
      "1": 4.2,
      "0": 3.8,
      "4": 2.6
    },
    "43": {
      "0": 3.25,
      "1": 2.75,
      "3": 2.75,
      "4": 3.5,
      "2": 2.75
    },
    "44": {
      "4": 1.4,
      "0": 1.6,
      "3": 3.0,
      "2": 4.0,
      "1": 5.0
    },
    "45": {
      "3": 1.0,
      "4": 2.4,
      "1": 3.6,
      "2": 3.0,
      "0": 5.0
    },
    "46": {
      "1": 1.25,
      "2": 3.0,
      "4": 3.25,
      "0": 3.25,
      "3": 4.25
    },
    "47": {
      "0": 1.6,
      "1": 1.4,
      "2": 3.0,
      "4": 4.0,
      "3": 5.0
    },
    "48": {
      "2": 1.2,
      "3": 2.0,
      "1": 4.4,
      "0": 3.4,
      "4": 4.0
    },
    "49": {
      "0": 1.0,
      "4": 2.0,
      "1": 3.2,
      "3": 3.8,
      "2": 5.0
    },
    "50": {
      "2": 1.2,
      "0": 1.8,
      "3": 3.0,
      "4": 4.0,
      "1": 5.0
    },
    "51": {
      "1": 1.0,
      "2": 2.0,
      "0": 3.5,
      "4": 3.5,
      "3": 5.0
    },
    "52": {
      "1": 1.0,
      "2": 2.4,
      "4": 2.6,
      "0": 4.0,
      "3": 5.0
    },
    "53": {
      "3": 1.4,
      "0": 1.6,
      "4": 3.4,
      "2": 3.6,
      "1": 5.0
    },
    "54": {
      "3": 2.25,
      "4": 1.5,
      "1": 2.25,
      "2": 4.25,
      "0": 4.75
    },
    "55": {
      "0": 1.8,
      "2": 1.2,
      "3": 3.2,
      "4": 3.8,
      "1": 5.0
    },
    "56": {
      "0": 1.0,
      "4": 2.0,
      "1": 3.0,
      "3": 4.0,
      "2": 5.0
    },
    "57": {
      "4": 1.0,
      "2": 2.2,
      "1": 2.8,
      "0": 4.0,
      "3": 5.0
    },
    "58": {
      "0": 1.4,
      "3": 2.2,
      "1": 3.0,
      "2": 4.2,
      "4": 4.2
    },
    "59": {
      "0": 1.8,
      "3": 2.4,
      "4": 3.2,
      "2": 3.2,
      "1": 4.4
    },
    "60": {
      "2": 1.0,
      "3": 3.4,
      "0": 2.2,
      "4": 3.4,
      "1": 5.0
    },
    "61": {
      "0": 1.0,
      "4": 2.0,
      "2": 3.0,
      "1": 4.0,
      "3": 5.0
    },
    "62": {
      "0": 1.0,
      "4": 2.8,
      "2": 2.2,
      "3": 4.6,
      "1": 4.4
    },
    "63": {
      "0": 1.2,
      "1": 2.0,
      "3": 2.8,
      "4": 4.0,
      "2": 5.0
    },
    "64": {
      "1": 2.2,
      "4": 1.2,
      "3": 3.4,
      "0": 3.2,
      "2": 5.0
    },
    "65": {
      "0": 1.0,
      "4": 2.2,
      "2": 3.0,
      "3": 3.8,
      "1": 5.0
    },
    "66": {
      "0": 1.4,
      "3": 1.6,
      "2": 3.2,
      "1": 3.8,
      "4": 5.0
    },
    "67": {
      "0": 1.2,
      "1": 1.8,