{
  "content_diversity": 0.5456900000572205,
  "classifier_auc": 0.7682278691247301,
  "ranking_stability": 0.6572062084257205,
  "feature_coefficients": {
    "word_count": -0.0393738964109802,
    "sentence_count": -0.09471743437583521,
    "avg_sentence_length": -0.48199411684568527,
    "paragraph_count": 0.061790044608443756,
    "heading_density": 0.009058573961050819,
    "list_frequency": -0.10969371785921286,
    "readability": 0.2571863312949539,
    "bold_emphasis_density": 0.01535927453095147,
    "citation_density": 0.015281991608844143,
    "statistic_density": -0.07095902199823154,
    "quote_density": 0.10727353333306994,
    "named_source_mentions": -0.27615551775574837,
    "year_mentions": -0.376957102106467,
    "claim_density": -0.03648512686652155,
    "external_reference_density": -0.2993848373877221,
    "question_density": 0.3389917330384856,
    "query_similarity": 0.3148512821773963,
    "corpus_centroid_similarity": -0.26962888542492197,
    "type_token_ratio": -0.7918562952546111,
    "vocabulary_sophistication": -0.0761452601349572,
    "sentiment_polarity": 0.18243729980153006,
    "avg_word_length": -0.3037530091694414,
    "semantic_uniqueness": 0.012813443176330751,
    "information_density": -0.36513163473544724,
    "specificity_score": -0.03444473098515643
  },
  "avg_ranks": {
    "0": {
      "0": 1.0,
      "3": 3.5,
      "1": 2.5,
      "2": 3.0,
      "4": 5.0
    },
    "1": {
      "1": 1.0,
      "4": 2.0,
      "3": 3.0,
      "0": 4.0,
      "2": 5.0
    },
    "2": {
      "2": 1.8,
      "1": 2.0,
      "3": 3.4,
      "0": 3.8,
      "4": 4.0
    },
    "3": {
      "4": 1.0,
      "0": 2.4,
      "3": 3.4,
      "2": 3.2,
      "1": 5.0
    },
    "4": {
      "2": 1.4,
      "0": 1.6,
      "4": 3.0,
      "3": 4.2,
      "1": 4.8
    },
    "5": {
      "4": 1.0,
      "0": 2.4,
      "3": 2.6,
      "2": 4.0,
      "1": 5.0
    },
    "6": {
      "2": 1.0,
      "0": 2.0,
      "4": 3.0,
      "1": 4.0,
      "3": 5.0
    },
    "7": {
      "0": 1.4,
      "4": 2.6,
      "3": 2.8,
      "1": 3.2,
      "2": 5.0
    },
    "8": {
      "0": 1.8,
      "1": 2.4,
      "3": 1.8,
      "2": 4.0,
      "4": 5.0
    },
    "9": {
      "1": 1.0,
      "0": 2.0,
      "2": 3.8,
      "3": 4.4,
      "4": 3.8
    },
    "10": {
      "1": 1.0,
      "2": 4.0,
      "4": 4.0,
      "3": 3.25,
      "0": 2.75
    },
    "11": {
      "4": 2.2,
      "2": 1.4,
      "1": 2.6,
      "3": 4.2,
      "0": 4.6
    },
    "12": {
      "2": 1.0,
      "1": 2.5,
      "4": 2.5,
      "3": 4.0,
      "0": 5.0
    },
    "13": {
      "3": 1.0,
      "0": 2.0,
      "4": 3.0,
      "2": 4.0,
      "1": 5.0
    },
    "14": {
      "4": 1.2,
      "3": 2.0,
      "1": 2.8,
      "2": 4.2,
      "0": 4.8
    },
    "15": {
      "1": 1.0,
      "0": 2.4,
      "4": 2.6,
      "2": 4.4,
      "3": 4.6
    },
    "16": {
      "3": 3.25,
      "1": 2.0,
      "0": 2.25,
      "2": 2.75,
      "4": 4.75
    },
    "17": {
      "1": 2.4,
      "0": 2.0,
      "4": 3.0,
      "3": 2.8,
      "2": 4.8
    },
    "18": {
      "2": 1.4,
      "4": 2.0,
      "0": 2.6,
      "3": 4.0,
      "1": 5.0
    },
    "19": {
      "0": 1.4,
      "4": 1.6,
      "2": 3.0,
      "1": 4.2,
      "3": 4.8
    },
    "20": {
      "0": 1.4,
      "1": 1.6,
      "4": 3.0,
      "2": 4.0,
      "3": 5.0
    },
    "21": {
      "1": 2.0,
      "4": 3.0,
      "0": 1.8,
      "2": 3.2,
      "3": 5.0
    },
    "22": {
      "4": 1.0,
      "1": 2.0,
      "0": 3.4,
      "2": 4.0,
      "3": 4.6
    },
    "23": {
      "3": 2.0,
      "2": 1.8,
      "4": 4.2,
      "1": 3.2,
      "0": 3.8
    },
    "24": {
      "0": 2.6,
      "4": 2.2,
      "2": 2.2,
      "3": 4.4,
      "1": 3.6
    },
    "25": {
      "0": 1.6,
      "3": 2.8,
      "4": 1.6,
      "2": 4.0,
      "1": 5.0
    },
    "26": {
      "0": 1.0,
      "4": 3.0,
      "1": 2.6,
      "2": 3.4,
      "3": 5.0
    },
    "27": {
      "3": 1.0,
      "0": 2.25,
      "2": 2.75,
      "4": 4.0,
      "1": 5.0
    },
    "28": {
      "0": 1.0,
      "1": 2.5,
      "2": 2.5,
      "3": 4.0,
      "4": 5.0
    },
    "29": {
      "2": 1.75,
      "1": 2.25,
      "0": 4.5,
      "3": 3.75,
      "4": 2.75
    },
    "30": {
      "2": 1.0,
      "3": 2.2,
      "1": 2.8,
      "4": 4.0,
      "0": 5.0
    },
    "31": {
      "1": 1.0,
      "3": 2.2,
      "4": 4.0,
      "2": 4.2,
      "0": 3.6
    },
    "32": {
      "1": 1.0,
      "4": 2.0,
      "0": 3.0,
      "3": 4.0,
      "2": 5.0
    },
    "33": {
      "1": 1.2,
      "2": 1.8,
      "4": 3.4,
      "3": 4.0,
      "0": 4.6
    },
    "34": {
      "3": 1.0,
      "0": 2.8,
      "4": 2.2,
      "2": 4.2,
      "1": 4.8
    },
    "35": {
      "1": 1.6,
      "4": 2.4,
      "2": 3.8,
      "0": 2.2,
      "3": 5.0
    },
    "36": {
      "0": 1.0,
      "1": 2.6,
      "2": 2.8,
      "4": 3.6,
      "3": 5.0
    },
    "37": {
      "1": 1.0,
      "2": 3.4,
      "3": 2.8,
      "0": 3.0,
      "4": 4.8
    },
    "38": {
      "0": 1.0,
      "4": 3.2,
      "3": 3.4,
      "2": 3.0,
      "1": 4.4
    },
    "39": {
      "2": 2.4,
      "4": 1.2,
      "1": 2.4,
      "3": 4.6,
      "0": 4.4
    },
    "40": {
      "0": 1.6,
      "1": 2.0,
      "3": 2.4,
      "2": 4.0,
      "4": 5.0
    },
    "41": {
      "1": 3.4,
      "4": 1.8,
      "2": 2.4,
      "0": 2.6,
      "3": 4.8
    },
    "42": {
      "2": 1.6,
      "4": 2.2,
      "1": 3.0,
      "3": 3.6,
      "0": 4.6
    },
    "43": {
      "1": 1.2,
      "0": 1.8,
      "2": 3.6,
      "3": 3.6,
      "4": 4.8
    },
    "44": {
      "4": 1.6,
      "0": 1.4,
      "3": 3.2,
      "2": 3.8,
      "1": 5.0
    },
    "45": {
      "3": 1.0,
      "4": 2.0,
      "2": 3.8,
      "1": 3.2,
      "0": 5.0
    },
    "46": {
      "4": 3.0,
      "1": 2.4,
      "0": 2.4,
      "2": 3.4,
      "3": 3.8
    },
    "47": {
      "0": 1.0,
      "1": 2.0,
      "4": 3.6,
      "2": 3.4,
      "3": 5.0
    },
    "48": {
      "2": 1.0,
      "3": 2.0,
      "0": 3.2,
      "4": 4.6,
      "1": 4.2
    },
    "49": {
      "0": 1.0,
      "4": 2.0,
      "1": 3.0,
      "3": 4.0,
      "2": 5.0
    },
    "50": {
      "0": 1.4,
      "2": 1.6,
      "3": 3.0,
      "4": 4.2,
      "1": 4.8
    },
    "51": {
      "1": 1.0,
      "0": 2.5,
      "4": 3.5,
      "2": 3.0,
      "3": 5.0
    },
    "52": {
      "1": 1.0,
      "2": 2.0,
      "4": 3.0,
      "0": 4.0,
      "3": 5.0
    },
    "53": {
      "0": 1.4,
      "3": 1.6,
      "4": 3.2,
      "2": 3.8,
      "1": 5.0
    },
    "54": {
      "3": 2.5,
      "4": 1.5,
      "1": 2.0,
      "0": 4.75,
      "2": 4.25
    },
    "55": {
      "2": 1.2,
      "0": 2.2,
      "4": 3.0,
      "3": 3.6,
      "1": 5.0
    },
    "56": {
      "0": 1.0,
      "4": 2.0,
      "1": 3.0,
      "3": 4.2,
      "2": 4.8
    },
    "57": {
      "4": 1.0,
      "2": 2.0,
      "1": 3.0,
      "0": 4.0,
      "3": 5.0
    },
    "58": {
      "0": 1.2,
      "4": 3.6,
      "1": 3.0,
      "2": 4.2,
      "3": 3.0
    },
    "59": {
      "0": 2.0,
      "3": 3.0,
      "2": 1.8,
      "1": 3.8,
      "4": 4.4
    },
    "60": {
      "2": 1.8,
      "4": 2.6,
      "3": 2.8,
      "0": 2.8,
      "1": 5.0
    },
    "61": {
      "0": 1.0,
      "4": 2.0,
      "2": 3.0,
      "1": 4.0,
      "3": 5.0
    },
    "62": {
      "0": 1.2,
      "2": 2.2,
      "4": 2.6,
      "3": 4.0,
      "1": 5.0
    },
    "63": {
      "0": 1.0,
      "3": 2.4,
      "1": 2.6,
      "4": 4.0,
      "2": 5.0
    },
    "64": {
      "4": 1.2,
      "1": 2.0,
      "0": 3.2,
      "3": 3.6,
      "2": 5.0
    },
    "65": {
      "0": 1.2,
      "4": 2.0,
      "3": 3.2,
      "2": 3.6,
      "1": 5.0
    },
    "66": {
      "3": 1.4,
      "0": 1.8,
      "1": 3.6,
      "2": 3.2,
      "4": 5.0
    },
    "67": {
      "0": 1.4,
      "1": 1.8,
      "2": 3.0,
      "4": 4.0,