{
  "content_diversity": 0.5377524495124817,
  "classifier_auc": 0.7556532414557839,
  "ranking_stability": 0.6604210526315788,
  "feature_coefficients": {
    "word_count": -0.6847575242773444,
    "sentence_count": 0.3049217269058265,
    "avg_sentence_length": -0.1337874135524296,
    "paragraph_count": -0.03828476233570488,
    "heading_density": 0.020742637941339993,
    "list_frequency": -0.21779335946943518,
    "readability": 0.40789431020873895,
    "bold_emphasis_density": 0.2578373899698675,
    "citation_density": -0.055447436549785435,
    "statistic_density": -0.4263562688335804,
    "quote_density": 0.061583717109742954,
    "named_source_mentions": -0.12801450165833783,
    "year_mentions": 0.013368453369768472,
    "claim_density": 0.12272890718436674,
    "external_reference_density": -0.12431695211452705,
    "question_density": 0.27409253939280037,
    "query_similarity": 0.7873688185118961,
    "corpus_centroid_similarity": -0.2138695055451718,
    "type_token_ratio": -0.6237611989251235,
    "vocabulary_sophistication": -0.08710423613788625,
    "sentiment_polarity": 0.06410773636337139,
    "avg_word_length": -0.4167350046503455,
    "semantic_uniqueness": 0.32074508829180515,
    "information_density": -0.1879838022736351,
    "specificity_score": 0.09627509517919668
  },
  "avg_ranks": {
    "0": {
      "0": 1.0,
      "2": 2.6,
      "1": 2.8,
      "3": 3.6,
      "4": 5.0
    },
    "1": {
      "4": 1.5,
      "1": 1.5,
      "3": 3.0,
      "0": 4.0,
      "2": 5.0
    },
    "2": {
      "1": 1.4,
      "2": 1.6,
      "3": 3.0,
      "0": 4.2,
      "4": 4.8
    },
    "3": {
      "4": 1.6,
      "0": 2.2,
      "3": 2.6,
      "2": 3.6,
      "1": 5.0
    },
    "4": {
      "0": 1.0,
      "2": 2.2,
      "4": 2.8,
      "3": 4.2,
      "1": 4.8
    },
    "5": {
      "4": 1.6,
      "0": 1.6,
      "3": 2.8,
      "2": 4.0,
      "1": 5.0
    },
    "6": {
      "2": 1.0,
      "0": 2.0,
      "4": 3.0,
      "1": 4.0,
      "3": 5.0
    },
    "7": {
      "3": 2.6,
      "0": 1.2,
      "4": 2.2,
      "1": 4.0,
      "2": 5.0
    },
    "8": {
      "0": 1.4,
      "3": 2.2,
      "1": 2.4,
      "2": 4.0,
      "4": 5.0
    },
    "9": {
      "1": 1.0,
      "0": 2.2,
      "4": 3.8,
      "2": 4.0,
      "3": 4.0
    },
    "10": {
      "1": 1.2,
      "4": 3.4,
      "0": 2.6,
      "2": 4.6,
      "3": 3.2
    },
    "11": {
      "3": 3.2,
      "2": 1.4,
      "4": 2.8,
      "1": 3.0,
      "0": 4.6
    },
    "12": {
      "2": 1.0,
      "1": 2.4,
      "4": 2.6,
      "3": 4.0,
      "0": 5.0
    },
    "13": {
      "3": 1.0,
      "0": 2.75,
      "4": 2.25,
      "2": 4.25,
      "1": 4.75
    },
    "14": {
      "4": 1.0,
      "3": 2.4,
      "1": 2.6,
      "2": 4.4,
      "0": 4.6
    },
    "15": {
      "1": 1.0,
      "0": 2.4,
      "4": 2.6,
      "2": 4.2,
      "3": 4.8
    },
    "16": {
      "1": 1.8,
      "0": 1.4,
      "2": 3.0,
      "4": 4.2,
      "3": 4.6
    },
    "17": {
      "3": 2.2,
      "2": 3.2,
      "1": 2.2,
      "0": 3.2,
      "4": 4.2
    },
    "18": {
      "2": 1.2,
      "4": 2.2,
      "0": 2.6,
      "1": 4.6,
      "3": 4.4
    },
    "19": {
      "0": 1.8,
      "4": 1.2,
      "2": 3.0,
      "3": 4.4,
      "1": 4.6
    },
    "20": {
      "4": 2.2,
      "1": 1.4,
      "0": 2.4,
      "2": 4.0,
      "3": 5.0
    },
    "21": {
      "2": 2.4,
      "0": 3.2,
      "4": 2.2,
      "1": 2.2,
      "3": 5.0
    },
    "22": {
      "1": 1.8,
      "4": 1.2,
      "0": 3.4,
      "3": 4.8,
      "2": 3.8
    },
    "23": {
      "1": 1.8,
      "2": 2.4,
      "4": 3.2,
      "3": 2.6,
      "0": 5.0
    },
    "24": {
      "2": 2.8,
      "4": 3.0,
      "0": 3.4,
      "1": 2.0,
      "3": 3.8
    },
    "25": {
      "4": 2.0,
      "0": 1.4,
      "3": 2.8,
      "2": 3.8,
      "1": 5.0
    },
    "26": {
      "1": 2.2,
      "0": 1.2,
      "2": 2.6,
      "4": 4.0,
      "3": 5.0
    },
    "27": {
      "4": 3.4,
      "2": 2.8,
      "3": 1.4,
      "0": 2.4,
      "1": 5.0
    },
    "28": {
      "0": 1.0,
      "1": 2.0,
      "2": 3.0,
      "3": 4.2,
      "4": 4.8
    },
    "29": {
      "1": 1.6,
      "2": 1.8,
      "3": 2.6,
      "4": 4.2,
      "0": 4.8
    },
    "30": {
      "2": 1.0,
      "3": 2.0,
      "1": 3.0,
      "4": 4.0,
      "0": 5.0
    },
    "31": {
      "1": 1.0,
      "0": 3.4,
      "3": 2.2,
      "4": 4.4,
      "2": 4.0
    },
    "32": {
      "1": 1.0,
      "4": 2.0,
      "3": 3.8,
      "2": 4.4,
      "0": 3.8
    },
    "33": {
      "2": 1.8,
      "1": 1.2,
      "4": 3.0,
      "3": 4.2,
      "0": 4.8
    },
    "34": {
      "0": 2.0,
      "3": 1.25,
      "4": 2.75,
      "2": 4.25,
      "1": 4.75
    },
    "35": {
      "1": 2.0,
      "4": 1.6,
      "2": 3.0,
      "0": 3.4,
      "3": 5.0
    },
    "36": {
      "1": 2.4,
      "0": 1.2,
      "2": 2.6,
      "4": 3.8,
      "3": 5.0
    },
    "37": {
      "1": 1.0,
      "0": 2.25,
      "2": 3.25,
      "4": 4.0,
      "3": 4.5
    },
    "38": {
      "3": 1.0,
      "0": 2.4,
      "2": 3.0,
      "4": 3.6,
      "1": 5.0
    },
    "39": {
      "4": 1.8,
      "1": 2.0,
      "2": 2.2,
      "3": 4.0,
      "0": 5.0
    },
    "40": {
      "1": 2.8,
      "0": 1.2,
      "3": 2.4,
      "2": 3.6,
      "4": 5.0
    },
    "41": {
      "0": 1.4,
      "4": 2.0,
      "3": 4.0,
      "1": 3.4,
      "2": 4.2
    },
    "42": {
      "2": 2.2,
      "4": 3.2,
      "1": 3.2,
      "3": 2.8,
      "0": 3.6
    },
    "43": {
      "1": 3.0,
      "0": 3.6,
      "3": 2.2,
      "2": 2.6,
      "4": 3.6
    },
    "44": {
      "0": 1.6,
      "4": 1.8,
      "3": 3.0,
      "2": 3.6,
      "1": 5.0
    },
    "45": {
      "3": 1.0,
      "4": 2.0,
      "1": 3.2,
      "0": 4.8,
      "2": 4.0
    },
    "46": {
      "1": 1.2,
      "0": 2.4,
      "3": 4.6,
      "4": 3.0,
      "2": 3.8
    },
    "47": {
      "0": 1.0,
      "1": 2.0,
      "2": 3.2,
      "4": 3.8,
      "3": 5.0
    },
    "48": {
      "2": 1.0,
      "3": 2.2,
      "0": 3.2,
      "1": 4.2,
      "4": 4.4
    },
    "49": {
      "0": 1.0,
      "4": 2.0,
      "1": 3.0,
      "3": 4.5,
      "2": 4.5
    },
    "50": {
      "0": 1.6,
      "2": 1.4,
      "3": 3.2,
      "4": 3.8,
      "1": 5.0
    },
    "51": {
      "1": 2.0,
      "2": 1.6666666666666667,
      "4": 2.6666666666666665,
      "0": 3.6666666666666665,
      "3": 5.0
    },
    "52": {
      "1": 1.2,
      "2": 2.4,
      "4": 2.4,
      "0": 4.2,
      "3": 4.8
    },
    "53": {
      "3": 1.25,
      "0": 1.75,
      "2": 3.25,
      "4": 3.75,
      "1": 5.0
    },
    "54": {
      "3": 1.4,
      "4": 1.8,
      "1": 2.8,
      "2": 4.0,
      "0": 5.0
    },
    "55": {
      "0": 1.25,
      "2": 1.75,
      "4": 3.25,
      "3": 3.75,
      "1": 5.0
    },
    "56": {
      "0": 1.0,
      "4": 2.0,
      "1": 3.0,
      "3": 4.0,
      "2": 5.0
    },
    "57": {
      "4": 1.0,
      "2": 2.0,
      "1": 3.0,
      "0": 4.0,
      "3": 5.0
    },
    "58": {
      "0": 1.8,
      "1": 3.4,
      "4": 3.6,
      "3": 2.4,
      "2": 3.8
    },
    "59": {
      "3": 2.4,
      "0": 3.0,
      "2": 1.4,
      "4": 3.8,
      "1": 4.4
    },
    "60": {
      "3": 3.0,
      "0": 2.6,
      "4": 2.8,
      "2": 1.6,
      "1": 5.0
    },
    "61": {
      "0": 1.0,
      "4": 2.0,
      "2": 3.2,
      "1": 3.8,
      "3": 5.0
    },
    "62": {
      "0": 1.4,
      "2": 1.8,
      "4": 2.8,
      "3": 4.6,
      "1": 4.4
    },
    "63": {
      "0": 1.2,
      "3": 2.8,
      "1": 2.0,
      "4": 4.0,
      "2": 5.0
    },
    "64": {
      "4": 1.4,
      "1": 1.6,
      "3": 3.6,
      "0": 3.4,
      "2": 5.0
    },
    "65": {
      "0": 1.0,
      "2": 2.8,
      "4": 3.0,
      "3": 3.2,
      "1": 5.0
    },
    "66": {
      "0": 1.8,
      "3": 1.2,
      "1": 3.2,
      "2": 3.8,
      "4": 5.0
    },
    "67": {
      "1": 2.4,
      "0": 1.8,