{
  "content_diversity": 0.520645260810852,
  "classifier_auc": 0.7585244148746584,
  "ranking_stability": 0.680168776371308,
  "feature_coefficients": {
    "word_count": 0.23230612007978368,
    "sentence_count": 0.25915886390586734,
    "avg_sentence_length": -0.26861045978160747,
    "paragraph_count": -0.3385495274900102,
    "heading_density": 0.17342506227307392,
    "list_frequency": -0.21900647778543886,
    "readability": 0.3154087433883721,
    "bold_emphasis_density": -0.1092534714720757,
    "citation_density": 0.15660664336028435,
    "statistic_density": -0.11818887800680893,
    "quote_density": 0.3081077173601614,
    "named_source_mentions": -0.8842940627439937,
    "year_mentions": -0.3832811453415642,
    "claim_density": 0.30787284915390856,
    "external_reference_density": -0.5126794962369603,
    "question_density": 0.20170523768883244,
    "query_similarity": 0.6564184553908394,
    "corpus_centroid_similarity": -0.0069365958614567924,
    "type_token_ratio": -0.7255577601503619,
    "vocabulary_sophistication": 0.11999374633963747,
    "sentiment_polarity": 0.030421172017247526,
    "avg_word_length": 0.1477104333378658,
    "semantic_uniqueness": 0.10589075324059373,
    "information_density": -0.3129781853324983,
    "specificity_score": -0.2875582898024143
  },
  "avg_ranks": {
    "0": {
      "0": 1.0,
      "1": 2.6,
      "3": 2.8,
      "2": 3.6,
      "4": 5.0
    },
    "1": {
      "1": 1.6,
      "4": 1.4,
      "0": 3.4,
      "3": 3.6,
      "2": 5.0
    },
    "2": {
      "0": 3.8,
      "4": 4.0,
      "2": 1.8,
      "1": 2.0,
      "3": 3.4
    },
    "3": {
      "4": 1.0,
      "0": 2.2,
      "3": 3.0,
      "2": 3.8,
      "1": 5.0
    },
    "4": {
      "0": 1.2,
      "2": 1.8,
      "4": 3.0,
      "3": 4.2,
      "1": 4.8
    },
    "5": {
      "4": 1.0,
      "3": 2.4,
      "0": 2.6,
      "2": 4.0,
      "1": 5.0
    },
    "6": {
      "2": 1.0,
      "0": 2.0,
      "4": 3.0,
      "1": 4.0,
      "3": 5.0
    },
    "7": {
      "0": 1.0,
      "4": 2.5,
      "3": 2.5,
      "1": 4.0,
      "2": 5.0
    },
    "8": {
      "3": 2.2,
      "0": 1.2,
      "1": 2.6,
      "2": 4.0,
      "4": 5.0
    },
    "9": {
      "1": 1.2,
      "3": 3.0,
      "0": 3.0,
      "4": 4.2,
      "2": 3.6
    },
    "10": {
      "1": 1.2,
      "0": 2.4,
      "2": 3.8,
      "3": 3.2,
      "4": 4.4
    },
    "11": {
      "2": 1.0,
      "4": 2.8,
      "1": 2.6,
      "0": 4.8,
      "3": 3.8
    },
    "12": {
      "2": 1.0,
      "4": 2.8,
      "1": 2.2,
      "3": 4.0,
      "0": 5.0
    },
    "13": {
      "3": 1.0,
      "4": 2.6,
      "0": 2.6,
      "2": 3.8,
      "1": 5.0
    },
    "14": {
      "4": 1.6,
      "1": 2.6,
      "3": 1.8,
      "2": 4.0,
      "0": 5.0
    },
    "15": {
      "0": 1.8,
      "1": 2.2,
      "4": 2.0,
      "2": 4.0,
      "3": 5.0
    },
    "16": {
      "0": 1.4,
      "1": 1.6,
      "2": 3.2,
      "3": 4.6,
      "4": 4.2
    },
    "17": {
      "1": 2.2,
      "3": 2.4,
      "4": 3.0,
      "0": 2.4,
      "2": 5.0
    },
    "18": {
      "0": 2.4,
      "2": 1.2,
      "4": 2.4,
      "3": 4.2,
      "1": 4.8
    },
    "19": {
      "4": 1.0,
      "0": 2.0,
      "2": 3.0,
      "1": 4.0,
      "3": 5.0
    },
    "20": {
      "1": 1.0,
      "0": 2.0,
      "4": 3.0,
      "2": 4.0,
      "3": 5.0
    },
    "21": {
      "4": 3.0,
      "2": 2.8,
      "0": 2.2,
      "1": 2.0,
      "3": 5.0
    },
    "22": {
      "4": 1.0,
      "1": 2.0,
      "0": 4.2,
      "3": 3.6,
      "2": 4.2
    },
    "23": {
      "1": 1.2,
      "3": 2.0,
      "2": 3.6,
      "4": 4.0,
      "0": 4.2
    },
    "24": {
      "1": 3.0,
      "3": 3.4,
      "0": 2.2,
      "2": 3.6,
      "4": 2.8
    },
    "25": {
      "4": 2.4,
      "0": 1.4,
      "3": 2.8,
      "2": 3.4,
      "1": 5.0
    },
    "26": {
      "0": 1.2,
      "2": 2.8,
      "4": 3.6,
      "1": 2.4,
      "3": 5.0
    },
    "27": {
      "3": 1.0,
      "0": 2.2,
      "2": 3.2,
      "4": 4.0,
      "1": 4.6
    },
    "28": {
      "0": 1.0,
      "1": 2.0,
      "2": 3.2,
      "4": 3.8,
      "3": 5.0
    },
    "29": {
      "1": 1.0,
      "2": 2.0,
      "3": 3.0,
      "4": 4.8,
      "0": 4.2
    },
    "30": {
      "2": 1.0,
      "3": 2.0,
      "1": 3.0,
      "4": 4.0,
      "0": 5.0
    },
    "31": {
      "1": 1.0,
      "0": 2.6,
      "3": 2.4,
      "4": 4.2,
      "2": 4.8
    },
    "32": {
      "1": 1.0,
      "4": 2.0,
      "3": 3.4,
      "0": 3.8,
      "2": 4.8
    },
    "33": {
      "1": 1.4,
      "2": 1.6,
      "3": 4.0,
      "0": 4.4,
      "4": 3.6
    },
    "34": {
      "0": 2.2,
      "3": 1.2,
      "4": 2.6,
      "2": 4.4,
      "1": 4.6
    },
    "35": {
      "0": 1.6,
      "2": 3.0,
      "4": 2.8,
      "1": 2.6,
      "3": 5.0
    },
    "36": {
      "0": 1.0,
      "1": 2.0,
      "2": 3.0,
      "4": 4.0,
      "3": 5.0
    },
    "37": {
      "1": 1.2,
      "2": 2.2,
      "0": 2.6,
      "3": 4.2,
      "4": 4.8
    },
    "38": {
      "2": 1.6,
      "3": 1.4,
      "0": 3.0,
      "4": 4.0,
      "1": 5.0
    },
    "39": {
      "4": 1.4,
      "2": 1.6,
      "1": 3.4,
      "3": 3.8,
      "0": 4.8
    },
    "40": {
      "0": 1.8,
      "3": 2.0,
      "1": 2.4,
      "2": 3.8,
      "4": 5.0
    },
    "41": {
      "0": 1.2,
      "4": 3.0,
      "2": 3.6,
      "1": 4.6,
      "3": 2.6
    },
    "42": {
      "4": 1.8,
      "2": 1.8,
      "3": 3.4,
      "1": 3.2,
      "0": 4.8
    },
    "43": {
      "2": 1.8,
      "3": 2.2,
      "4": 3.2,
      "1": 3.6,
      "0": 4.2
    },
    "44": {
      "0": 1.4,
      "4": 2.0,
      "2": 3.6,
      "3": 3.0,
      "1": 5.0
    },
    "45": {
      "3": 1.2,
      "1": 2.4,
      "2": 3.8,
      "4": 2.8,
      "0": 4.8
    },
    "46": {
      "2": 2.6,
      "1": 2.0,
      "0": 1.8,
      "4": 3.8,
      "3": 4.8
    },
    "47": {
      "0": 1.0,
      "1": 2.0,
      "2": 3.2,
      "4": 3.8,
      "3": 5.0
    },
    "48": {
      "2": 1.0,
      "3": 3.0,
      "0": 2.4,
      "4": 4.0,
      "1": 4.6
    },
    "49": {
      "0": 1.0,
      "4": 2.0,
      "1": 3.0,
      "3": 4.0,
      "2": 5.0
    },
    "50": {
      "2": 1.4,
      "0": 1.8,
      "3": 2.8,
      "4": 4.0,
      "1": 5.0
    },
    "51": {
      "1": 1.0,
      "2": 2.0,
      "0": 3.3333333333333335,
      "4": 3.6666666666666665,
      "3": 5.0
    },
    "52": {
      "1": 1.0,
      "2": 2.4,
      "4": 2.6,
      "0": 4.4,
      "3": 4.6
    },
    "53": {
      "3": 1.0,
      "0": 2.0,
      "2": 3.2,
      "4": 3.8,
      "1": 5.0
    },
    "54": {
      "3": 1.0,
      "4": 2.4,
      "1": 2.6,
      "2": 4.2,
      "0": 4.8
    },
    "55": {
      "2": 1.4,
      "4": 2.6,
      "0": 2.0,
      "3": 4.0,
      "1": 5.0
    },
    "56": {
      "0": 1.0,
      "1": 2.4,
      "4": 2.6,
      "3": 4.0,
      "2": 5.0
    },
    "57": {
      "4": 1.0,
      "2": 2.0,
      "1": 3.0,
      "0": 4.0,
      "3": 5.0
    },
    "58": {
      "3": 1.4,
      "0": 1.6,
      "1": 3.0,
      "4": 4.2,
      "2": 4.8
    },
    "59": {
      "2": 1.0,
      "4": 2.4,
      "3": 3.8,
      "1": 2.8,
      "0": 5.0
    },
    "60": {
      "2": 1.8,
      "0": 3.4,
      "1": 4.6,
      "3": 2.4,
      "4": 2.8
    },
    "61": {
      "0": 1.0,
      "4": 2.0,
      "2": 3.0,
      "1": 4.0,
      "3": 5.0
    },
    "62": {
      "0": 1.8,
      "4": 2.4,
      "2": 1.8,
      "3": 4.4,
      "1": 4.6
    },
    "63": {
      "0": 1.6,
      "3": 2.4,
      "1": 2.0,
      "4": 4.0,
      "2": 5.0
    },
    "64": {
      "4": 1.2,
      "1": 1.8,
      "0": 3.4,
      "3": 3.8,
      "2": 4.8
    },
    "65": {
      "0": 1.4,
      "4": 2.2,
      "3": 3.4,
      "2": 3.0,
      "1": 5.0
    },
    "66": {
      "0": 1.4,
      "3": 1.8,
      "1": 4.2,
      "2": 3.0,
      "4": 4.6
    },
    "67": {
      "2": 1.8,
      "0": 1.6,
      "1": 2.6,
      "4": 4.0,