{
  "content_diversity": 0.5408375263214111,
  "classifier_auc": 0.7767857142857142,
  "ranking_stability": 0.6544611819235225,
  "feature_coefficients": {
    "word_count": -0.2839437531671802,
    "sentence_count": -0.046919827254985946,
    "avg_sentence_length": -0.4165887763608144,
    "paragraph_count": 0.06401412417163697,
    "heading_density": 0.12773017812218468,
    "list_frequency": -0.23911348707623611,
    "readability": 0.2243356458501847,
    "bold_emphasis_density": 0.28570243548998997,
    "citation_density": 0.2477997659700741,
    "statistic_density": -0.22744500484652752,
    "quote_density": -0.04916168552622388,
    "named_source_mentions": -0.670131234954743,
    "year_mentions": -0.16007023000960022,
    "claim_density": -0.08757397551771401,
    "external_reference_density": -0.32318071452265457,
    "question_density": 0.16422660567452643,
    "query_similarity": 0.6874811219944003,
    "corpus_centroid_similarity": -0.11740215355681746,
    "type_token_ratio": -0.9054312480889893,
    "vocabulary_sophistication": -0.16602932341958354,
    "sentiment_polarity": 0.019161294733263525,
    "avg_word_length": -0.39883655267519075,
    "semantic_uniqueness": 0.2970336643592283,
    "information_density": -0.46952358134359673,
    "specificity_score": -0.0010855885837636517
  },
  "avg_ranks": {
    "0": {
      "0": 1.0,
      "1": 2.4,
      "3": 3.4,
      "2": 3.2,
      "4": 5.0
    },
    "1": {
      "4": 1.75,
      "1": 1.25,
      "0": 3.5,
      "3": 3.5,
      "2": 5.0
    },
    "2": {
      "2": 1.4,
      "1": 2.0,
      "3": 2.8,
      "0": 4.6,
      "4": 4.2
    },
    "3": {
      "4": 1.0,
      "3": 2.25,
      "0": 2.75,
      "1": 4.5,
      "2": 4.5
    },
    "4": {
      "0": 1.4,
      "2": 1.6,
      "3": 4.2,
      "1": 4.4,
      "4": 3.4
    },
    "5": {
      "0": 1.6,
      "4": 1.4,
      "3": 3.0,
      "2": 4.0,
      "1": 5.0
    },
    "6": {
      "2": 1.0,
      "0": 2.0,
      "1": 3.75,
      "4": 3.25,
      "3": 5.0
    },
    "7": {
      "0": 1.2,
      "4": 2.0,
      "3": 2.8,
      "1": 4.0,
      "2": 5.0
    },
    "8": {
      "0": 1.2,
      "1": 2.6,
      "3": 2.2,
      "2": 4.0,
      "4": 5.0
    },
    "9": {
      "0": 2.4,
      "1": 1.2,
      "3": 2.8,
      "4": 4.0,
      "2": 4.6
    },
    "10": {
      "3": 3.0,
      "1": 1.4,
      "0": 2.2,
      "2": 4.0,
      "4": 4.4
    },
    "11": {
      "2": 1.4,
      "4": 2.6,
      "3": 3.0,
      "1": 3.6,
      "0": 4.4
    },
    "12": {
      "2": 1.0,
      "4": 2.8,
      "1": 2.2,
      "3": 4.0,
      "0": 5.0
    },
    "13": {
      "3": 1.0,
      "0": 2.0,
      "4": 3.0,
      "2": 4.0,
      "1": 5.0
    },
    "14": {
      "3": 2.0,
      "4": 1.4,
      "1": 2.6,
      "2": 4.2,
      "0": 4.8
    },
    "15": {
      "1": 1.0,
      "0": 2.6,
      "4": 2.6,
      "2": 3.8,
      "3": 5.0
    },
    "16": {
      "0": 1.8,
      "1": 2.0,
      "2": 2.2,
      "3": 4.6,
      "4": 4.4
    },
    "17": {
      "0": 1.4,
      "4": 2.2,
      "3": 2.6,
      "2": 3.8,
      "1": 5.0
    },
    "18": {
      "0": 2.0,
      "4": 2.2,
      "2": 1.8,
      "3": 4.2,
      "1": 4.8
    },
    "19": {
      "0": 2.25,
      "4": 1.75,
      "2": 3.5,
      "1": 3.5,
      "3": 4.0
    },
    "20": {
      "4": 2.4,
      "1": 1.2,
      "0": 2.6,
      "2": 3.8,
      "3": 5.0
    },
    "21": {
      "2": 1.8,
      "0": 3.0,
      "1": 2.0,
      "4": 3.2,
      "3": 5.0
    },
    "22": {
      "4": 1.0,
      "1": 2.0,
      "2": 3.8,
      "3": 4.0,
      "0": 4.2
    },
    "23": {
      "3": 1.5,
      "2": 2.25,
      "1": 2.25,
      "4": 4.25,
      "0": 4.75
    },
    "24": {
      "0": 1.8,
      "3": 3.4,
      "4": 2.8,
      "2": 3.0,
      "1": 4.0
    },
    "25": {
      "0": 1.8,
      "4": 1.6,
      "3": 3.0,
      "2": 3.6,
      "1": 5.0
    },
    "26": {
      "0": 1.0,
      "2": 2.4,
      "4": 3.6,
      "1": 3.0,
      "3": 5.0
    },
    "27": {
      "3": 1.0,
      "0": 2.25,
      "4": 3.75,
      "2": 3.0,
      "1": 5.0
    },
    "28": {
      "0": 1.0,
      "1": 2.2,
      "2": 2.8,
      "4": 4.2,
      "3": 4.8
    },
    "29": {
      "1": 1.4,
      "2": 2.0,
      "3": 2.6,
      "4": 4.2,
      "0": 4.8
    },
    "30": {
      "2": 1.0,
      "1": 2.75,
      "3": 2.25,
      "4": 4.0,
      "0": 5.0
    },
    "31": {
      "1": 1.0,
      "0": 3.6,
      "3": 2.4,
      "4": 4.2,
      "2": 3.8
    },
    "32": {
      "1": 1.2,
      "4": 1.8,
      "3": 4.0,
      "2": 4.6,
      "0": 3.4
    },
    "33": {
      "2": 1.2,
      "1": 1.8,
      "4": 3.4,
      "3": 3.8,
      "0": 4.8
    },
    "34": {
      "3": 1.0,
      "0": 2.2,
      "4": 2.8,
      "1": 4.6,
      "2": 4.4
    },
    "35": {
      "1": 1.4,
      "4": 2.4,
      "0": 2.6,
      "2": 3.6,
      "3": 5.0
    },
    "36": {
      "0": 1.0,
      "1": 2.6,
      "2": 2.6,
      "4": 4.0,
      "3": 4.8
    },
    "37": {
      "2": 2.2,
      "1": 1.4,
      "0": 2.4,
      "4": 4.6,
      "3": 4.4
    },
    "38": {
      "3": 1.2,
      "0": 1.8,
      "4": 3.4,
      "2": 3.6,
      "1": 5.0
    },
    "39": {
      "2": 2.2,
      "4": 1.8,
      "1": 3.2,
      "3": 2.8,
      "0": 5.0
    },
    "40": {
      "1": 2.0,
      "0": 2.0,
      "2": 3.25,
      "3": 2.75,
      "4": 5.0
    },
    "41": {
      "0": 2.0,
      "4": 2.0,
      "2": 3.0,
      "1": 3.5,
      "3": 4.5
    },
    "42": {
      "2": 1.4,
      "4": 2.4,
      "0": 4.2,
      "3": 3.2,
      "1": 3.8
    },
    "43": {
      "2": 2.2,
      "3": 2.6,
      "4": 3.6,
      "1": 2.8,
      "0": 3.8
    },
    "44": {
      "0": 1.2,
      "4": 1.8,
      "3": 3.4,
      "2": 3.6,
      "1": 5.0
    },
    "45": {
      "3": 1.2,
      "4": 2.4,
      "2": 3.8,
      "1": 2.8,
      "0": 4.8
    },
    "46": {
      "3": 4.2,
      "2": 2.6,
      "0": 2.2,
      "4": 3.6,
      "1": 2.4
    },
    "47": {
      "0": 1.0,
      "1": 2.0,
      "2": 3.0,
      "4": 4.0,
      "3": 5.0
    },
    "48": {
      "2": 1.0,
      "3": 2.4,
      "0": 3.2,
      "1": 4.8,
      "4": 3.6
    },
    "49": {
      "0": 1.0,
      "4": 2.0,
      "1": 3.5,
      "3": 3.5,
      "2": 5.0
    },
    "50": {
      "0": 1.4,
      "2": 1.6,
      "3": 3.2,
      "4": 4.0,
      "1": 4.8
    },
    "51": {
      "1": 1.0,
      "2": 2.0,
      "4": 3.5,
      "0": 3.5,
      "3": 5.0
    },
    "52": {
      "1": 1.0,
      "2": 2.5,
      "4": 2.5,
      "0": 4.0,
      "3": 5.0
    },
    "53": {
      "0": 1.5,
      "3": 1.5,
      "4": 3.75,
      "2": 3.25,
      "1": 5.0
    },
    "54": {
      "1": 2.25,
      "3": 2.0,
      "4": 1.75,
      "0": 4.75,
      "2": 4.25
    },
    "55": {
      "0": 2.2,
      "2": 1.4,
      "4": 3.2,
      "3": 3.2,
      "1": 5.0
    },
    "56": {
      "0": 1.0,
      "4": 2.0,
      "1": 3.0,
      "3": 4.0,
      "2": 5.0
    },
    "57": {
      "4": 1.0,
      "2": 2.0,
      "1": 3.25,
      "0": 3.75,
      "3": 5.0
    },
    "58": {
      "0": 1.0,
      "3": 2.6,
      "1": 3.4,
      "4": 4.2,
      "2": 3.8
    },
    "59": {
      "0": 1.6,
      "3": 2.2,
      "2": 2.2,
      "1": 4.4,
      "4": 4.6
    },
    "60": {
      "2": 1.0,
      "3": 2.5,
      "0": 2.75,
      "4": 4.0,
      "1": 4.75
    },
    "61": {
      "0": 1.0,
      "4": 2.0,
      "1": 3.6,
      "2": 3.4,
      "3": 5.0
    },
    "62": {
      "0": 1.0,
      "2": 2.2,
      "4": 2.8,
      "3": 4.4,
      "1": 4.6
    },
    "63": {
      "0": 1.0,
      "3": 2.25,
      "1": 2.75,
      "4": 4.0,
      "2": 5.0
    },
    "64": {
      "4": 1.0,
      "1": 2.0,
      "0": 3.2,
      "3": 3.8,
      "2": 5.0
    },
    "65": {
      "0": 1.0,
      "3": 3.2,
      "4": 2.2,
      "2": 3.6,
      "1": 5.0
    },
    "66": {
      "0": 1.5,
      "3": 1.5,
      "2": 3.5,
      "1": 3.75,
      "4": 4.75
    },
    "67": {
      "0": 1.2,
      "1": 2.0,
      "2": 2.8,