{
  "content_diversity": 0.5460997819900513,
  "classifier_auc": 0.797611249399537,
  "ranking_stability": 0.6640642939150401,
  "feature_coefficients": {
    "word_count": -0.44213422102732236,
    "sentence_count": -0.3962981327075433,
    "avg_sentence_length": -0.05245135518690201,
    "paragraph_count": -0.03729332908557281,
    "heading_density": 0.3545778507299318,
    "list_frequency": -0.2610056758172096,
    "readability": 0.13171710778996826,
    "bold_emphasis_density": 0.2083086459670655,
    "citation_density": 0.6050816387771656,
    "statistic_density": -0.24487041124598394,
    "quote_density": -0.03816194847367873,
    "named_source_mentions": -0.9667846758723028,
    "year_mentions": -0.4381813571712653,
    "claim_density": -0.0059460572912164895,
    "external_reference_density": -0.6342121217760462,
    "question_density": 0.16168642887943332,
    "query_similarity": 0.6773837619420653,
    "corpus_centroid_similarity": -0.15603039896766138,
    "type_token_ratio": -1.0024825786792595,
    "vocabulary_sophistication": -0.14716126370787347,
    "sentiment_polarity": 0.14031018134581352,
    "avg_word_length": -0.1931332745300623,
    "semantic_uniqueness": -0.05943885384306384,
    "information_density": -0.33134316487156285,
    "specificity_score": 0.0992244984827208
  },
  "avg_ranks": {
    "0": {
      "0": 1.0,
      "1": 2.4,
      "3": 3.6,
      "2": 3.0,
      "4": 5.0
    },
    "1": {
      "4": 1.5,
      "1": 1.5,
      "3": 3.0,
      "0": 4.0,
      "2": 5.0
    },
    "2": {
      "1": 1.8,
      "2": 1.2,
      "3": 3.0,
      "4": 4.2,
      "0": 4.8
    },
    "3": {
      "4": 1.0,
      "0": 2.2,
      "2": 3.8,
      "3": 3.0,
      "1": 5.0
    },
    "4": {
      "2": 1.2,
      "0": 1.8,
      "4": 3.0,
      "3": 4.6,
      "1": 4.4
    },
    "5": {
      "4": 1.25,
      "0": 1.75,
      "3": 3.0,
      "2": 4.0,
      "1": 5.0
    },
    "6": {
      "2": 1.0,
      "0": 2.0,
      "4": 3.4,
      "1": 3.6,
      "3": 5.0
    },
    "7": {
      "0": 1.2,
      "1": 3.2,
      "3": 2.8,
      "4": 2.8,
      "2": 5.0
    },
    "8": {
      "0": 1.8,
      "1": 2.2,
      "3": 2.0,
      "2": 4.0,
      "4": 5.0
    },
    "9": {
      "1": 1.0,
      "0": 2.2,
      "2": 3.2,
      "4": 4.4,
      "3": 4.2
    },
    "10": {
      "1": 1.0,
      "0": 2.2,
      "2": 3.4,
      "3": 4.2,
      "4": 4.2
    },
    "11": {
      "2": 1.4,
      "1": 2.0,
      "4": 2.6,
      "0": 4.4,
      "3": 4.6
    },
    "12": {
      "2": 1.0,
      "4": 2.4,
      "1": 2.6,
      "3": 4.0,
      "0": 5.0
    },
    "14": {
      "4": 1.6,
      "2": 4.0,
      "1": 2.8,
      "3": 2.0,
      "0": 4.6
    },
    "13": {
      "3": 1.0,
      "0": 2.25,
      "4": 2.75,
      "2": 4.5,
      "1": 4.5
    },
    "15": {
      "1": 1.8,
      "4": 2.2,
      "2": 4.0,
      "0": 2.2,
      "3": 4.8
    },
    "16": {
      "1": 1.6,
      "0": 1.4,
      "2": 3.2,
      "3": 4.2,
      "4": 4.6
    },
    "17": {
      "0": 1.2,
      "4": 2.2,
      "3": 3.2,
      "2": 4.2,
      "1": 4.2
    },
    "18": {
      "0": 1.5,
      "4": 2.5,
      "2": 2.0,
      "3": 4.25,
      "1": 4.75
    },
    "19": {
      "0": 1.0,
      "4": 2.0,
      "2": 3.4,
      "1": 3.8,
      "3": 4.8
    },
    "20": {
      "1": 1.6,
      "0": 1.6,
      "4": 2.8,
      "2": 4.0,
      "3": 5.0
    },
    "21": {
      "1": 2.4,
      "0": 1.4,
      "4": 2.8,
      "2": 3.4,
      "3": 5.0
    },
    "22": {
      "4": 1.0,
      "1": 2.0,
      "0": 3.5,
      "2": 3.75,
      "3": 4.75
    },
    "23": {
      "2": 1.8,
      "3": 2.2,
      "1": 2.0,
      "4": 4.6,
      "0": 4.4
    },
    "24": {
      "2": 2.0,
      "1": 2.6,
      "3": 4.4,
      "0": 2.4,
      "4": 3.6
    },
    "25": {
      "4": 1.0,
      "0": 2.25,
      "3": 2.75,
      "2": 4.0,
      "1": 5.0
    },
    "26": {
      "0": 1.0,
      "2": 2.6,
      "1": 3.4,
      "4": 3.0,
      "3": 5.0
    },
    "27": {
      "3": 1.0,
      "2": 2.6,
      "0": 2.4,
      "4": 4.0,
      "1": 5.0
    },
    "28": {
      "0": 1.0,
      "2": 2.0,
      "1": 3.0,
      "3": 4.0,
      "4": 5.0
    },
    "29": {
      "1": 1.6,
      "2": 2.0,
      "3": 2.8,
      "4": 4.2,
      "0": 4.4
    },
    "30": {
      "2": 1.0,
      "3": 2.0,
      "1": 3.0,
      "4": 4.0,
      "0": 5.0
    },
    "31": {
      "1": 1.0,
      "0": 3.2,
      "3": 2.2,
      "2": 4.4,
      "4": 4.2
    },
    "32": {
      "1": 1.0,
      "4": 2.0,
      "0": 3.0,
      "3": 4.0,
      "2": 5.0
    },
    "33": {
      "1": 1.2,
      "2": 1.8,
      "4": 3.2,
      "3": 4.2,
      "0": 4.6
    },
    "34": {
      "3": 1.0,
      "0": 2.25,
      "4": 2.75,
      "2": 4.25,
      "1": 4.75
    },
    "35": {
      "1": 1.6,
      "4": 1.4,
      "0": 3.8,
      "2": 3.2,
      "3": 5.0
    },
    "36": {
      "0": 1.2,
      "1": 2.4,
      "2": 2.4,
      "4": 4.0,
      "3": 5.0
    },
    "37": {
      "1": 1.4,
      "2": 2.4,
      "0": 2.2,
      "4": 4.4,
      "3": 4.6
    },
    "38": {
      "3": 1.6,
      "0": 1.4,
      "2": 3.2,
      "4": 4.4,
      "1": 4.4
    },
    "39": {
      "2": 1.6,
      "4": 1.6,
      "1": 2.8,
      "3": 4.0,
      "0": 5.0
    },
    "40": {
      "1": 1.75,
      "0": 2.25,
      "3": 2.0,
      "2": 4.0,
      "4": 5.0
    },
    "41": {
      "0": 1.4,
      "2": 3.0,
      "4": 2.2,
      "3": 4.4,
      "1": 4.0
    },
    "42": {
      "2": 1.0,
      "4": 3.2,
      "3": 2.8,
      "0": 3.4,
      "1": 4.6
    },
    "43": {
      "2": 2.4,
      "3": 1.6,
      "4": 3.2,
      "1": 3.4,
      "0": 4.4
    },
    "44": {
      "3": 2.6,
      "0": 1.8,
      "4": 1.6,
      "2": 4.2,
      "1": 4.8
    },
    "45": {
      "3": 1.0,
      "1": 2.8,
      "4": 2.2,
      "2": 4.0,
      "0": 5.0
    },
    "46": {
      "4": 3.0,
      "1": 1.6,
      "0": 3.2,
      "2": 3.4,
      "3": 3.8
    },
    "47": {
      "0": 1.2,
      "1": 1.8,
      "2": 3.0,
      "4": 4.0,
      "3": 5.0
    },
    "48": {
      "2": 1.2,
      "3": 1.8,
      "0": 3.8,
      "4": 3.8,
      "1": 4.4
    },
    "49": {
      "0": 1.0,
      "4": 2.25,
      "1": 2.75,
      "3": 4.0,
      "2": 5.0
    },
    "50": {
      "2": 1.0,
      "0": 2.0,
      "3": 3.0,
      "4": 4.25,
      "1": 4.75
    },
    "51": {
      "1": 1.25,
      "2": 1.75,
      "4": 3.75,
      "0": 3.25,
      "3": 5.0
    },
    "52": {
      "1": 1.0,
      "4": 2.8,
      "2": 2.2,
      "0": 4.0,
      "3": 5.0
    },
    "53": {
      "0": 1.25,
      "3": 1.75,
      "2": 3.0,
      "4": 4.0,
      "1": 5.0
    },
    "54": {
      "4": 2.0,
      "3": 1.25,
      "1": 2.75,
      "2": 4.0,
      "0": 5.0
    },
    "55": {
      "0": 1.4,
      "2": 1.6,
      "3": 3.2,
      "4": 3.8,
      "1": 5.0
    },
    "56": {
      "0": 1.0,
      "4": 2.0,
      "1": 3.0,
      "2": 4.75,
      "3": 4.25
    },
    "57": {
      "4": 1.0,
      "2": 2.5,
      "0": 3.75,
      "1": 2.75,
      "3": 5.0
    },
    "58": {
      "0": 1.25,
      "3": 1.75,
      "1": 3.25,
      "2": 4.0,
      "4": 4.75
    },
    "59": {
      "0": 1.6,
      "3": 1.8,
      "2": 2.8,
      "1": 4.0,
      "4": 4.8
    },
    "60": {
      "3": 2.6,
      "4": 3.2,
      "0": 2.4,
      "2": 1.8,
      "1": 5.0
    },
    "61": {
      "0": 1.0,
      "4": 2.0,
      "2": 3.0,
      "1": 4.0,
      "3": 5.0
    },
    "62": {
      "0": 1.0,
      "2": 2.0,
      "4": 3.0,
      "3": 4.2,
      "1": 4.8
    },
    "63": {
      "0": 1.0,
      "3": 2.3333333333333335,
      "1": 2.6666666666666665,
      "4": 4.0,
      "2": 5.0
    },
    "64": {
      "4": 1.2,
      "1": 2.2,
      "0": 3.0,
      "3": 3.6,
      "2": 5.0
    },
    "65": {
      "0": 1.0,
      "4": 2.4,
      "3": 3.0,
      "2": 3.6,
      "1": 5.0
    },
    "66": {
      "0": 1.6,
      "2": 3.4,
      "1": 3.4,
      "3": 1.8,
      "4": 4.8
    },
    "67": {
      "0": 1.4,
      "1": 2.2,