{
  "content_diversity": 0.5364235639572144,
  "classifier_auc": 0.7268371955594952,
  "ranking_stability": 0.6475025484199796,
  "feature_coefficients": {
    "word_count": 0.40318950651448493,
    "sentence_count": -0.26001820323546326,
    "avg_sentence_length": 0.057811419406547236,
    "paragraph_count": 0.1411158480241527,
    "heading_density": 0.028279698345388623,
    "list_frequency": -0.09819102861781354,
    "readability": -0.2643773973705439,
    "bold_emphasis_density": -0.2171287739514895,
    "citation_density": -0.00926668037880466,
    "statistic_density": -0.986461976762624,
    "quote_density": 0.08349507260624449,
    "named_source_mentions": -0.5162014179333361,
    "year_mentions": -0.17184672136835494,
    "claim_density": 0.2985592868920698,
    "external_reference_density": -0.1972473278842804,
    "question_density": 0.31698918493962347,
    "query_similarity": 0.2084661165571129,
    "corpus_centroid_similarity": -0.060342217547854377,
    "type_token_ratio": -0.6004746990482293,
    "vocabulary_sophistication": 0.04769913425214765,
    "sentiment_polarity": -0.007826042334555383,
    "avg_word_length": -0.0507403354196697,
    "semantic_uniqueness": -0.09771794721887118,
    "information_density": -0.42968013493844365,
    "specificity_score": 0.09743768628966913
  },
  "avg_ranks": {
    "0": {
      "0": 1.0,
      "1": 2.0,
      "3": 3.6,
      "2": 3.4,
      "4": 5.0
    },
    "1": {
      "1": 1.5,
      "4": 1.5,
      "0": 3.0,
      "3": 4.0,
      "2": 5.0
    },
    "2": {
      "4": 3.2,
      "0": 4.0,
      "1": 2.0,
      "2": 2.6,
      "3": 3.2
    },
    "3": {
      "4": 1.0,
      "1": 3.4,
      "3": 3.4,
      "0": 3.0,
      "2": 4.2
    },
    "4": {
      "0": 1.2,
      "2": 2.2,
      "4": 2.6,
      "3": 4.6,
      "1": 4.4
    },
    "5": {
      "4": 1.4,
      "0": 1.8,
      "3": 2.8,
      "2": 4.0,
      "1": 5.0
    },
    "6": {
      "2": 1.2,
      "0": 1.8,
      "4": 3.4,
      "1": 3.6,
      "3": 5.0
    },
    "7": {
      "3": 2.6,
      "0": 1.4,
      "4": 2.4,
      "1": 3.6,
      "2": 5.0
    },
    "8": {
      "0": 1.8,
      "3": 2.2,
      "1": 2.0,
      "2": 4.0,
      "4": 5.0
    },
    "9": {
      "1": 1.0,
      "3": 3.8,
      "0": 2.4,
      "2": 3.8,
      "4": 4.0
    },
    "10": {
      "3": 2.6,
      "1": 1.4,
      "0": 2.6,
      "4": 4.0,
      "2": 4.4
    },
    "11": {
      "4": 2.2,
      "2": 1.4,
      "1": 2.8,
      "0": 4.0,
      "3": 4.6
    },
    "12": {
      "2": 1.0,
      "1": 2.0,
      "4": 3.0,
      "3": 4.0,
      "0": 5.0
    },
    "13": {
      "3": 1.0,
      "0": 2.0,
      "4": 3.0,
      "2": 4.8,
      "1": 4.2
    },
    "14": {
      "4": 1.4,
      "1": 2.4,
      "3": 2.2,
      "2": 4.0,
      "0": 5.0
    },
    "15": {
      "1": 1.2,
      "4": 2.6,
      "0": 2.2,
      "2": 4.0,
      "3": 5.0
    },
    "16": {
      "0": 1.2,
      "2": 2.8,
      "4": 3.8,
      "1": 2.4,
      "3": 4.8
    },
    "17": {
      "1": 2.8,
      "0": 2.2,
      "4": 3.0,
      "3": 2.8,
      "2": 4.2
    },
    "18": {
      "0": 1.8,
      "4": 2.4,
      "2": 2.4,
      "3": 3.8,
      "1": 4.6
    },
    "19": {
      "0": 1.6,
      "4": 1.4,
      "2": 3.6,
      "1": 4.0,
      "3": 4.4
    },
    "20": {
      "4": 2.6,
      "1": 1.4,
      "0": 2.0,
      "2": 4.0,
      "3": 5.0
    },
    "21": {
      "4": 2.0,
      "1": 2.2,
      "0": 2.4,
      "2": 3.4,
      "3": 5.0
    },
    "22": {
      "4": 1.0,
      "1": 2.0,
      "3": 4.2,
      "2": 3.8,
      "0": 4.0
    },
    "23": {
      "1": 2.2,
      "3": 1.4,
      "2": 2.8,
      "4": 3.8,
      "0": 4.8
    },
    "24": {
      "0": 1.8,
      "4": 3.4,
      "2": 3.6,
      "1": 2.8,
      "3": 3.4
    },
    "25": {
      "4": 1.8,
      "0": 1.6,
      "3": 3.2,
      "2": 3.4,
      "1": 5.0
    },
    "26": {
      "0": 1.2,
      "1": 2.4,
      "2": 3.4,
      "4": 3.2,
      "3": 4.8
    },
    "27": {
      "3": 1.0,
      "2": 2.8,
      "4": 4.0,
      "0": 2.4,
      "1": 4.8
    },
    "28": {
      "0": 1.2,
      "1": 1.8,
      "2": 3.0,
      "3": 4.2,
      "4": 4.8
    },
    "29": {
      "2": 1.8,
      "1": 1.2,
      "4": 4.6,
      "0": 3.8,
      "3": 3.6
    },
    "30": {
      "2": 1.0,
      "1": 2.6,
      "3": 2.4,
      "4": 4.0,
      "0": 5.0
    },
    "31": {
      "1": 1.1666666666666667,
      "3": 2.8,
      "0": 3.0,
      "2": 4.6,
      "4": 4.0
    },
    "32": {
      "1": 1.0,
      "4": 2.0,
      "3": 3.6,
      "0": 3.4,
      "2": 5.0
    },
    "33": {
      "2": 1.6,
      "1": 1.4,
      "3": 4.0,
      "0": 3.8,
      "4": 4.2
    },
    "34": {
      "3": 1.0,
      "0": 2.2,
      "4": 2.8,
      "1": 4.4,
      "2": 4.6
    },
    "35": {
      "0": 2.8,
      "1": 2.2,
      "4": 2.2,
      "2": 2.8,
      "3": 5.0
    },
    "36": {
      "0": 1.0,
      "1": 2.0,
      "2": 3.0,
      "4": 4.2,
      "3": 4.8
    },
    "37": {
      "2": 1.8,
      "1": 1.4,
      "0": 2.8,
      "3": 4.4,
      "4": 4.6
    },
    "38": {
      "3": 1.2,
      "0": 2.0,
      "4": 3.2,
      "2": 3.6,
      "1": 5.0
    },
    "39": {
      "3": 3.4,
      "2": 2.2,
      "4": 1.8,
      "1": 2.6,
      "0": 5.0
    },
    "40": {
      "0": 2.2,
      "1": 1.6,
      "3": 2.4,
      "2": 3.8,
      "4": 5.0
    },
    "41": {
      "3": 3.6,
      "1": 3.8,
      "0": 1.4,
      "4": 2.4,
      "2": 3.8
    },
    "42": {
      "4": 1.8,
      "2": 1.2,
      "1": 3.8,
      "0": 4.0,
      "3": 4.2
    },
    "43": {
      "1": 1.0,
      "0": 2.0,
      "2": 3.4,
      "4": 4.4,
      "3": 4.2
    },
    "44": {
      "0": 1.8,
      "4": 1.2,
      "2": 3.6,
      "3": 3.4,
      "1": 5.0
    },
    "45": {
      "3": 1.2,
      "4": 2.2,
      "1": 2.8,
      "2": 4.0,
      "0": 4.8
    },
    "46": {
      "3": 2.6,
      "1": 2.6,
      "4": 3.2,
      "0": 2.4,
      "2": 4.2
    },
    "47": {
      "0": 1.0,
      "1": 2.0,
      "2": 3.0,
      "4": 4.0,
      "3": 5.0
    },
    "48": {
      "2": 1.0,
      "3": 2.2,
      "0": 3.2,
      "4": 4.2,
      "1": 4.4
    },
    "49": {
      "0": 1.0,
      "4": 2.0,
      "1": 3.0,
      "2": 4.8,
      "3": 4.2
    },
    "50": {
      "2": 1.4,
      "0": 1.6,
      "4": 3.4,
      "3": 3.6,
      "1": 5.0
    },
    "51": {
      "2": 1.25,
      "0": 2.5,
      "4": 3.0,
      "1": 3.25,
      "3": 5.0
    },
    "52": {
      "1": 1.0,
      "4": 2.6,
      "2": 2.4,
      "3": 4.4,
      "0": 4.6
    },
    "53": {
      "0": 1.25,
      "3": 1.75,
      "2": 3.5,
      "4": 3.5,
      "1": 5.0
    },
    "54": {
      "3": 1.2,
      "1": 2.6,
      "4": 2.2,
      "2": 4.0,
      "0": 5.0
    },
    "55": {
      "0": 2.0,
      "2": 1.2,
      "4": 3.2,
      "3": 3.6,
      "1": 5.0
    },
    "56": {
      "0": 1.0,
      "4": 2.0,
      "1": 3.0,
      "3": 4.2,
      "2": 4.8
    },
    "57": {
      "4": 1.0,
      "2": 2.0,
      "1": 3.0,
      "0": 4.0,
      "3": 5.0
    },
    "58": {
      "0": 1.4,
      "3": 3.0,
      "1": 2.6,
      "2": 4.4,
      "4": 3.6
    },
    "59": {
      "2": 1.4,
      "0": 2.6,
      "3": 3.6,
      "1": 3.8,
      "4": 3.6
    },
    "60": {
      "4": 2.6,
      "0": 2.8,
      "3": 3.0,
      "2": 1.6,
      "1": 5.0
    },
    "61": {
      "0": 1.2,
      "4": 1.8,
      "2": 3.0,
      "1": 4.0,
      "3": 5.0
    },
    "62": {
      "0": 1.2,
      "2": 1.8,
      "4": 3.0,
      "3": 4.4,
      "1": 4.6
    },
    "63": {
      "0": 1.0,
      "1": 2.2,
      "3": 2.8,
      "4": 4.0,
      "2": 5.0
    },
    "64": {
      "4": 1.0,
      "0": 2.6,
      "1": 2.8,
      "3": 3.6,
      "2": 5.0
    },
    "65": {
      "2": 2.4,
      "0": 1.6,
      "4": 2.6,
      "3": 3.4,
      "1": 5.0
    },
    "66": {
      "0": 1.2,
      "3": 2.0,
      "2": 4.2,
      "1": 3.4,
      "4": 4.2
    },
    "67": {
      "0": 1.2,
      "1": 2.6,
      "2": 2.6,
      "4": 3.6,