{
  "content_diversity": 0.5345093011856079,
  "classifier_auc": 0.7433414043583535,
  "ranking_stability": 0.6725956566701136,
  "feature_coefficients": {
    "word_count": 0.042987753693258086,
    "sentence_count": -0.3387299701674769,
    "avg_sentence_length": -0.3729256126154529,
    "paragraph_count": 0.23488019111678768,
    "heading_density": -0.3378120085223657,
    "list_frequency": -0.011608481484752554,
    "readability": 0.2856003605692382,
    "bold_emphasis_density": -0.358742010782798,
    "citation_density": 0.15702814632482195,
    "statistic_density": -0.9027889312942308,
    "quote_density": 0.16019415176849913,
    "named_source_mentions": -0.4652642268847483,
    "year_mentions": -0.08556726826166954,
    "claim_density": 0.26078923723232167,
    "external_reference_density": -0.5015935066072634,
    "question_density": 0.22629871806815005,
    "query_similarity": 0.26462923520158904,
    "corpus_centroid_similarity": -0.35366968781966973,
    "type_token_ratio": -0.5850452971331782,
    "vocabulary_sophistication": 0.14167221866686497,
    "sentiment_polarity": 0.24643808243958776,
    "avg_word_length": -0.2884637234683336,
    "semantic_uniqueness": -0.1324918396582307,
    "information_density": -0.05885305695932103,
    "specificity_score": 0.2574210908141078
  },
  "avg_ranks": {
    "0": {
      "2": 2.6,
      "3": 3.0,
      "0": 2.0,
      "1": 2.4,
      "4": 5.0
    },
    "1": {
      "4": 1.4,
      "1": 1.6,
      "0": 3.6,
      "3": 3.4,
      "2": 5.0
    },
    "2": {
      "1": 1.8,
      "2": 2.4,
      "3": 3.0,
      "0": 4.0,
      "4": 3.8
    },
    "3": {
      "4": 1.0,
      "0": 2.6,
      "1": 4.0,
      "2": 3.8,
      "3": 3.6
    },
    "4": {
      "0": 1.6,
      "2": 1.4,
      "4": 3.2,
      "3": 3.8,
      "1": 5.0
    },
    "5": {
      "4": 1.2,
      "3": 2.2,
      "0": 2.6,
      "2": 4.0,
      "1": 5.0
    },
    "6": {
      "2": 1.2,
      "0": 1.8,
      "4": 3.2,
      "1": 3.8,
      "3": 5.0
    },
    "7": {
      "4": 2.0,
      "0": 1.2,
      "3": 3.4,
      "1": 3.4,
      "2": 5.0
    },
    "8": {
      "1": 2.2,
      "3": 2.2,
      "0": 2.0,
      "2": 3.6,
      "4": 5.0
    },
    "9": {
      "1": 1.0,
      "3": 3.2,
      "0": 2.4,
      "2": 4.0,
      "4": 4.4
    },
    "10": {
      "1": 1.0,
      "3": 3.2,
      "0": 2.2,
      "2": 4.6,
      "4": 4.0
    },
    "11": {
      "4": 2.0,
      "1": 2.6,
      "2": 1.4,
      "3": 4.6,
      "0": 4.4
    },
    "12": {
      "2": 1.0,
      "4": 2.8,
      "1": 2.2,
      "3": 4.0,
      "0": 5.0
    },
    "13": {
      "3": 1.0,
      "4": 2.8,
      "0": 2.2,
      "2": 4.2,
      "1": 4.8
    },
    "14": {
      "4": 1.2,
      "1": 2.4,
      "3": 2.4,
      "2": 4.0,
      "0": 5.0
    },
    "15": {
      "1": 1.2,
      "0": 2.2,
      "4": 2.6,
      "2": 4.2,
      "3": 4.8
    },
    "16": {
      "2": 2.6,
      "0": 1.4,
      "1": 2.4,
      "4": 3.8,
      "3": 4.8
    },
    "17": {
      "1": 3.2,
      "0": 1.4,
      "4": 2.4,
      "3": 3.6,
      "2": 4.4
    },
    "18": {
      "4": 2.0,
      "2": 1.8,
      "0": 2.2,
      "3": 4.0,
      "1": 5.0
    },
    "19": {
      "4": 1.2,
      "0": 1.8,
      "2": 3.8,
      "3": 4.4,
      "1": 3.8
    },
    "20": {
      "0": 2.6,
      "1": 1.2,
      "4": 2.4,
      "2": 3.8,
      "3": 5.0
    },
    "21": {
      "1": 3.4,
      "0": 2.0,
      "4": 2.0,
      "2": 2.6,
      "3": 5.0
    },
    "22": {
      "4": 1.0,
      "1": 2.0,
      "0": 3.8,
      "3": 4.4,
      "2": 3.8
    },
    "23": {
      "1": 1.8,
      "3": 1.2,
      "4": 3.4,
      "2": 4.4,
      "0": 4.2
    },
    "24": {
      "2": 3.2,
      "4": 1.6,
      "0": 1.8,
      "1": 4.6,
      "3": 3.8
    },
    "25": {
      "0": 1.2,
      "4": 2.2,
      "3": 3.2,
      "2": 3.4,
      "1": 5.0
    },
    "26": {
      "0": 1.2,
      "2": 2.2,
      "4": 3.8,
      "1": 2.8,
      "3": 5.0
    },
    "27": {
      "3": 1.0,
      "0": 2.0,
      "2": 3.0,
      "1": 4.5,
      "4": 4.5
    },
    "28": {
      "0": 1.0,
      "1": 2.0,
      "2": 3.2,
      "4": 3.8,
      "3": 5.0
    },
    "29": {
      "1": 1.4,
      "2": 1.6,
      "3": 3.4,
      "0": 4.2,
      "4": 4.4
    },
    "30": {
      "2": 1.0,
      "1": 2.2,
      "3": 2.8,
      "4": 4.0,
      "0": 5.0
    },
    "31": {
      "1": 1.0,
      "3": 2.0,
      "0": 3.2,
      "2": 4.2,
      "4": 4.6
    },
    "32": {
      "1": 1.0,
      "4": 2.4,
      "3": 3.0,
      "0": 3.6,
      "2": 5.0
    },
    "33": {
      "1": 1.4,
      "2": 1.6,
      "4": 3.0,
      "3": 4.0,
      "0": 5.0
    },
    "34": {
      "3": 1.0,
      "0": 2.2,
      "4": 2.8,
      "1": 4.4,
      "2": 4.6
    },
    "35": {
      "1": 1.6,
      "4": 1.8,
      "0": 3.4,
      "2": 3.2,
      "3": 5.0
    },
    "36": {
      "0": 1.0,
      "1": 2.0,
      "2": 3.2,
      "4": 3.8,
      "3": 5.0
    },
    "37": {
      "1": 1.2,
      "0": 2.0,
      "2": 2.8,
      "4": 4.0,
      "3": 5.0
    },
    "38": {
      "3": 1.4,
      "2": 2.8,
      "0": 2.2,
      "4": 3.6,
      "1": 5.0
    },
    "39": {
      "4": 1.0,
      "2": 2.2,
      "1": 2.8,
      "3": 4.0,
      "0": 5.0
    },
    "40": {
      "1": 2.4,
      "0": 1.8,
      "3": 2.0,
      "2": 3.8,
      "4": 5.0
    },
    "41": {
      "0": 1.4,
      "2": 3.4,
      "4": 3.0,
      "3": 4.0,
      "1": 3.2
    },
    "42": {
      "2": 1.0,
      "4": 2.0,
      "3": 4.4,
      "1": 3.8,
      "0": 3.8
    },
    "43": {
      "1": 2.8,
      "0": 3.8,
      "4": 2.8,
      "2": 3.0,
      "3": 2.6
    },
    "44": {
      "4": 1.4,
      "0": 1.8,
      "3": 3.4,
      "2": 3.4,
      "1": 5.0
    },
    "45": {
      "3": 1.4,
      "1": 2.6,
      "2": 4.2,
      "4": 2.2,
      "0": 4.6
    },
    "46": {
      "3": 2.6,
      "1": 2.4,
      "0": 2.2,
      "4": 4.2,
      "2": 3.6
    },
    "47": {
      "0": 1.0,
      "1": 2.0,
      "2": 3.0,
      "4": 4.0,
      "3": 5.0
    },
    "48": {
      "2": 1.0,
      "3": 3.0,
      "0": 2.8,
      "1": 3.8,
      "4": 4.4
    },
    "49": {
      "0": 1.0,
      "4": 2.3333333333333335,
      "1": 2.6666666666666665,
      "3": 4.0,
      "2": 5.0
    },
    "50": {
      "2": 1.2,
      "0": 1.8,
      "3": 3.0,
      "4": 4.0,
      "1": 5.0
    },
    "51": {
      "1": 1.0,
      "2": 2.0,
      "4": 3.6,
      "0": 3.4,
      "3": 5.0
    },
    "52": {
      "1": 1.2,
      "2": 1.8,
      "4": 3.0,
      "0": 4.4,
      "3": 4.6
    },
    "53": {
      "3": 1.0,
      "0": 2.4,
      "4": 3.0,
      "2": 3.6,
      "1": 5.0
    },
    "54": {
      "4": 1.6,
      "3": 1.6,
      "1": 2.8,
      "2": 4.0,
      "0": 5.0
    },
    "55": {
      "2": 1.0,
      "0": 2.25,
      "3": 3.0,
      "4": 3.75,
      "1": 5.0
    },
    "56": {
      "0": 1.0,
      "4": 2.0,
      "1": 3.4,
      "3": 3.6,
      "2": 5.0
    },
    "57": {
      "4": 1.0,
      "2": 2.0,
      "1": 3.0,
      "0": 4.0,
      "3": 5.0
    },
    "58": {
      "0": 1.6,
      "3": 1.8,
      "1": 2.8,
      "4": 3.8,
      "2": 5.0
    },
    "59": {
      "2": 2.0,
      "1": 4.2,
      "4": 3.8,
      "3": 2.2,
      "0": 2.8
    },
    "60": {
      "2": 1.6,
      "0": 2.6,
      "4": 2.6,
      "3": 3.2,
      "1": 5.0
    },
    "61": {
      "0": 1.0,
      "4": 2.2,
      "2": 3.0,
      "1": 3.8,
      "3": 5.0
    },
    "62": {
      "0": 1.0,
      "2": 2.0,
      "4": 3.0,
      "3": 4.2,
      "1": 4.8
    },
    "63": {
      "3": 2.0,
      "0": 1.25,
      "1": 2.75,
      "4": 4.0,
      "2": 5.0
    },
    "64": {
      "4": 1.0,
      "1": 2.2,
      "3": 3.6,
      "0": 3.2,
      "2": 5.0
    },
    "65": {
      "3": 3.0,
      "0": 1.4,
      "4": 3.0,
      "2": 2.6,
      "1": 5.0
    },
    "66": {
      "0": 1.4,
      "3": 1.8,
      "1": 4.0,
      "4": 3.6,
      "2": 4.2
    },
    "67": {
      "0": 1.4,
      "1": 2.2,
      "2": 2.4,
      "4": 4.0,