{
  "content_diversity": 0.5390516519546509,
  "classifier_auc": 0.7394831730769231,
  "ranking_stability": 0.6714587737843553,
  "feature_coefficients": {
    "word_count": 0.04447730220918676,
    "sentence_count": 0.16247332470196493,
    "avg_sentence_length": -0.1520051843508511,
    "paragraph_count": 0.028046969069543425,
    "heading_density": 0.029045088683499518,
    "list_frequency": -0.07203346065932101,
    "readability": 0.3712671025084556,
    "bold_emphasis_density": -0.16170496861377595,
    "citation_density": 0.08357139702446097,
    "statistic_density": -0.5336409802036851,
    "quote_density": 0.10583532192298375,
    "named_source_mentions": -0.7968665462734276,
    "year_mentions": -0.17638359850188637,
    "claim_density": -0.16987032350101577,
    "external_reference_density": -0.3889031049917618,
    "question_density": 0.2560001003912755,
    "query_similarity": 0.37134532259896263,
    "corpus_centroid_similarity": -0.052878525261516214,
    "type_token_ratio": -0.611725991307788,
    "vocabulary_sophistication": -0.16550442224834347,
    "sentiment_polarity": 0.1463663210155105,
    "avg_word_length": -0.30465098928177686,
    "semantic_uniqueness": -0.04775038941648137,
    "information_density": -0.39655942377323583,
    "specificity_score": 0.1456844017726566
  },
  "avg_ranks": {
    "0": {
      "0": 1.2,
      "2": 3.4,
      "3": 3.2,
      "1": 2.2,
      "4": 5.0
    },
    "1": {
      "4": 1.3333333333333333,
      "1": 1.6666666666666667,
      "3": 3.3333333333333335,
      "0": 3.6666666666666665,
      "2": 5.0
    },
    "2": {
      "1": 1.8,
      "2": 1.6,
      "3": 3.2,
      "4": 3.8,
      "0": 4.6
    },
    "3": {
      "4": 1.0,
      "0": 2.6,
      "3": 2.6,
      "2": 4.2,
      "1": 4.6
    },
    "4": {
      "0": 1.4,
      "2": 1.6,
      "4": 3.0,
      "3": 4.2,
      "1": 4.8
    },
    "5": {
      "4": 1.75,
      "3": 2.75,
      "0": 1.5,
      "2": 4.0,
      "1": 5.0
    },
    "6": {
      "2": 1.2,
      "0": 1.8,
      "4": 3.4,
      "1": 3.6,
      "3": 5.0
    },
    "7": {
      "0": 1.0,
      "4": 2.6,
      "3": 2.8,
      "1": 3.6,
      "2": 5.0
    },
    "8": {
      "1": 2.2,
      "3": 2.8,
      "0": 1.6,
      "2": 3.4,
      "4": 5.0
    },
    "9": {
      "1": 1.0,
      "3": 2.8,
      "0": 2.6,
      "4": 3.8,
      "2": 4.8
    },
    "10": {
      "1": 1.2,
      "0": 2.4,
      "2": 3.8,
      "3": 3.2,
      "4": 4.4
    },
    "11": {
      "2": 1.2,
      "1": 2.4,
      "4": 2.8,
      "0": 3.8,
      "3": 4.8
    },
    "12": {
      "2": 1.0,
      "4": 2.8,
      "1": 2.2,
      "3": 4.0,
      "0": 5.0
    },
    "13": {
      "3": 1.0,
      "4": 2.4,
      "2": 4.0,
      "0": 2.8,
      "1": 4.8
    },
    "14": {
      "4": 1.4,
      "1": 2.4,
      "3": 2.2,
      "2": 4.0,
      "0": 5.0
    },
    "15": {
      "1": 1.2,
      "4": 2.8,
      "0": 2.0,
      "2": 4.2,
      "3": 4.8
    },
    "16": {
      "0": 1.2,
      "1": 1.8,
      "4": 4.2,
      "2": 3.4,
      "3": 4.4
    },
    "17": {
      "0": 2.0,
      "4": 3.0,
      "3": 2.6,
      "2": 4.0,
      "1": 3.4
    },
    "18": {
      "2": 2.0,
      "4": 2.2,
      "0": 1.8,
      "3": 4.2,
      "1": 4.8
    },
    "19": {
      "4": 1.0,
      "0": 2.0,
      "2": 3.0,
      "1": 4.2,
      "3": 4.8
    },
    "20": {
      "1": 1.2,
      "4": 2.2,
      "2": 3.8,
      "0": 2.8,
      "3": 5.0
    },
    "21": {
      "1": 2.4,
      "2": 2.6,
      "0": 2.8,
      "4": 2.2,
      "3": 5.0
    },
    "22": {
      "4": 1.0,
      "1": 2.0,
      "3": 4.2,
      "2": 3.8,
      "0": 4.0
    },
    "23": {
      "2": 2.2,
      "3": 1.6,
      "1": 2.4,
      "4": 4.2,
      "0": 4.6
    },
    "24": {
      "2": 3.0,
      "0": 2.4,
      "4": 2.6,
      "1": 3.0,
      "3": 4.0
    },
    "25": {
      "4": 1.2,
      "0": 1.8,
      "2": 3.8,
      "3": 3.2,
      "1": 5.0
    },
    "26": {
      "0": 1.0,
      "1": 3.0,
      "2": 2.4,
      "4": 3.6,
      "3": 5.0
    },
    "27": {
      "3": 1.0,
      "0": 2.0,
      "2": 3.0,
      "4": 4.0,
      "1": 5.0
    },
    "28": {
      "0": 1.0,
      "1": 2.0,
      "2": 3.0,
      "3": 4.2,
      "4": 4.8
    },
    "29": {
      "2": 2.0,
      "1": 2.0,
      "3": 2.0,
      "4": 4.2,
      "0": 4.8
    },
    "30": {
      "2": 1.0,
      "1": 2.8,
      "3": 2.2,
      "4": 4.0,
      "0": 5.0
    },
    "31": {
      "1": 1.0,
      "3": 2.0,
      "0": 3.4,
      "4": 4.2,
      "2": 4.4
    },
    "32": {
      "1": 1.0,
      "4": 2.0,
      "0": 3.0,
      "3": 4.2,
      "2": 4.8
    },
    "33": {
      "2": 1.6,
      "1": 1.4,
      "4": 3.0,
      "3": 4.0,
      "0": 5.0
    },
    "34": {
      "3": 1.0,
      "0": 2.4,
      "4": 2.6,
      "2": 4.4,
      "1": 4.6
    },
    "35": {
      "4": 1.4,
      "0": 3.2,
      "2": 3.0,
      "1": 2.4,
      "3": 5.0
    },
    "36": {
      "0": 1.0,
      "1": 2.2,
      "2": 2.8,
      "4": 4.0,
      "3": 5.0
    },
    "37": {
      "1": 1.2,
      "0": 2.4,
      "2": 2.4,
      "4": 4.6,
      "3": 4.4
    },
    "38": {
      "3": 1.0,
      "0": 2.8,
      "4": 3.6,
      "2": 3.2,
      "1": 4.4
    },
    "39": {
      "3": 3.0,
      "4": 1.6,
      "2": 2.4,
      "1": 3.2,
      "0": 4.8
    },
    "40": {
      "1": 1.6,
      "0": 1.4,
      "3": 3.0,
      "2": 4.0,
      "4": 5.0
    },
    "41": {
      "0": 2.0,
      "4": 1.6,
      "2": 3.0,
      "1": 4.6,
      "3": 3.8
    },
    "42": {
      "4": 1.8,
      "2": 1.2,
      "3": 3.6,
      "0": 4.4,
      "1": 4.0
    },
    "43": {
      "1": 2.8,
      "0": 3.8,
      "2": 2.6,
      "3": 2.8,
      "4": 3.0
    },
    "44": {
      "4": 1.4,
      "0": 1.6,
      "2": 3.6,
      "3": 3.4,
      "1": 5.0
    },
    "45": {
      "3": 1.0,
      "1": 2.6,
      "4": 2.8,
      "2": 3.6,
      "0": 5.0
    },
    "46": {
      "1": 1.8,
      "4": 2.2,
      "0": 3.8,
      "2": 3.6,
      "3": 3.6
    },
    "47": {
      "0": 1.0,
      "1": 2.0,
      "2": 3.2,
      "4": 3.8,
      "3": 5.0
    },
    "48": {
      "2": 1.0,
      "3": 2.0,
      "1": 4.0,
      "4": 3.8,
      "0": 4.2
    },
    "49": {
      "0": 1.0,
      "4": 2.3333333333333335,
      "1": 2.6666666666666665,
      "3": 4.333333333333333,
      "2": 4.666666666666667
    },
    "50": {
      "2": 1.2,
      "0": 1.8,
      "3": 3.0,
      "4": 4.0,
      "1": 5.0
    },
    "51": {
      "1": 2.0,
      "2": 2.3333333333333335,
      "4": 2.6666666666666665,
      "0": 3.0,
      "3": 5.0
    },
    "52": {
      "1": 1.2,
      "2": 2.2,
      "4": 2.6,
      "3": 4.2,
      "0": 4.8
    },
    "53": {
      "0": 1.0,
      "3": 2.5,
      "2": 3.25,
      "4": 3.25,
      "1": 5.0
    },
    "54": {
      "4": 1.5,
      "3": 1.5,
      "1": 3.0,
      "2": 4.25,
      "0": 4.75
    },
    "55": {
      "2": 1.2,
      "0": 2.4,
      "4": 3.0,
      "3": 3.4,
      "1": 5.0
    },
    "56": {
      "0": 1.0,
      "4": 2.0,
      "1": 3.0,
      "3": 4.4,
      "2": 4.6
    },
    "57": {
      "4": 1.0,
      "2": 2.0,
      "1": 3.2,
      "0": 3.8,
      "3": 5.0
    },
    "58": {
      "0": 1.4,
      "3": 1.6,
      "1": 4.0,
      "2": 3.4,
      "4": 4.6
    },
    "59": {
      "2": 1.8,
      "1": 3.6,
      "4": 3.8,
      "3": 2.8,
      "0": 3.0
    },
    "60": {
      "2": 1.4,
      "3": 2.0,
      "0": 3.2,
      "4": 4.0,
      "1": 4.4
    },
    "61": {
      "0": 1.2,
      "4": 1.8,
      "2": 3.2,
      "1": 3.8,
      "3": 5.0
    },
    "62": {
      "0": 1.6,
      "2": 1.4,
      "4": 3.0,
      "1": 4.6,
      "3": 4.4
    },
    "63": {
      "0": 1.0,
      "3": 2.6,
      "1": 2.4,
      "4": 4.0,
      "2": 5.0
    },
    "64": {
      "4": 1.0,
      "1": 2.0,
      "3": 3.4,
      "0": 3.6,
      "2": 5.0
    },
    "65": {
      "0": 1.0,
      "4": 2.2,
      "2": 3.2,
      "3": 3.6,
      "1": 5.0
    },
    "66": {
      "0": 1.8,
      "3": 1.6,