{
  "content_diversity": 0.5365508794784546,
  "classifier_auc": 0.7620292265652845,
  "ranking_stability": 0.6744769874476987,
  "feature_coefficients": {
    "word_count": -0.06256200946597142,
    "sentence_count": 0.025508148337294992,
    "avg_sentence_length": 0.1569065220897863,
    "paragraph_count": -0.0006312289025349806,
    "heading_density": -0.03131974395366434,
    "list_frequency": -0.01949745709443811,
    "readability": 0.4584540977339954,
    "bold_emphasis_density": 0.13487975965697782,
    "citation_density": 0.0007806298301121778,
    "statistic_density": -0.9365373635739239,
    "quote_density": 0.0967243557663145,
    "named_source_mentions": -0.8467500047901368,
    "year_mentions": 0.11416288268789083,
    "claim_density": -0.003155453661978634,
    "external_reference_density": -0.26304388164538206,
    "question_density": 0.2513343356900244,
    "query_similarity": 0.6914269223930583,
    "corpus_centroid_similarity": -0.2455130586515314,
    "type_token_ratio": -0.6711046666608049,
    "vocabulary_sophistication": -0.05742769874782582,
    "sentiment_polarity": -0.018613542357575168,
    "avg_word_length": -0.32698575730627294,
    "semantic_uniqueness": 0.2735391802590251,
    "information_density": -0.39531087374373197,
    "specificity_score": 0.2696309837818004
  },
  "avg_ranks": {
    "0": {
      "0": 1.0,
      "2": 3.4,
      "3": 2.6,
      "1": 3.0,
      "4": 5.0
    },
    "1": {
      "4": 1.25,
      "1": 2.0,
      "0": 3.0,
      "3": 3.75,
      "2": 5.0
    },
    "2": {
      "2": 1.4,
      "1": 1.6,
      "3": 3.0,
      "4": 4.8,
      "0": 4.2
    },
    "3": {
      "4": 1.0,
      "0": 2.0,
      "3": 3.0,
      "2": 4.0,
      "1": 5.0
    },
    "4": {
      "0": 1.2,
      "4": 2.4,
      "2": 2.4,
      "3": 4.4,
      "1": 4.6
    },
    "5": {
      "0": 1.2,
      "3": 2.6,
      "4": 2.2,
      "2": 4.0,
      "1": 5.0
    },
    "6": {
      "2": 1.0,
      "0": 2.0,
      "4": 3.2,
      "1": 3.8,
      "3": 5.0
    },
    "7": {
      "3": 2.0,
      "0": 1.8,
      "4": 2.6,
      "1": 3.6,
      "2": 5.0
    },
    "8": {
      "0": 1.0,
      "3": 2.4,
      "1": 2.6,
      "2": 4.0,
      "4": 5.0
    },
    "9": {
      "1": 1.2,
      "0": 2.0,
      "4": 3.8,
      "3": 3.4,
      "2": 4.6
    },
    "10": {
      "1": 1.6,
      "2": 3.8,
      "3": 1.8,
      "0": 3.0,
      "4": 4.8
    },
    "11": {
      "2": 1.0,
      "4": 2.2,
      "1": 2.8,
      "3": 4.6,
      "0": 4.4
    },
    "12": {
      "2": 1.0,
      "4": 2.8,
      "1": 2.2,
      "3": 4.0,
      "0": 5.0
    },
    "13": {
      "3": 1.0,
      "4": 2.0,
      "0": 3.0,
      "2": 4.4,
      "1": 4.6
    },
    "14": {
      "4": 1.2,
      "3": 2.2,
      "1": 2.6,
      "2": 4.0,
      "0": 5.0
    },
    "15": {
      "1": 1.2,
      "4": 2.2,
      "0": 2.6,
      "3": 4.8,
      "2": 4.2
    },
    "16": {
      "2": 2.6,
      "1": 2.2,
      "0": 1.4,
      "3": 4.8,
      "4": 4.0
    },
    "17": {
      "0": 2.2,
      "4": 2.8,
      "3": 2.2,
      "2": 4.4,
      "1": 3.4
    },
    "18": {
      "0": 2.4,
      "4": 1.4,
      "2": 2.2,
      "3": 4.2,
      "1": 4.8
    },
    "19": {
      "4": 1.2,
      "0": 1.8,
      "2": 3.2,
      "3": 4.6,
      "1": 4.2
    },
    "20": {
      "1": 1.2,
      "0": 1.8,
      "4": 3.0,
      "2": 4.0,
      "3": 5.0
    },
    "21": {
      "0": 1.8,
      "4": 2.2,
      "2": 2.0,
      "1": 4.0,
      "3": 5.0
    },
    "22": {
      "4": 1.0,
      "1": 2.2,
      "2": 4.0,
      "3": 4.2,
      "0": 3.6
    },
    "23": {
      "3": 2.0,
      "2": 1.8,
      "4": 3.8,
      "1": 2.4,
      "0": 5.0
    },
    "24": {
      "1": 3.2,
      "4": 2.0,
      "3": 3.4,
      "2": 3.4,
      "0": 3.0
    },
    "25": {
      "0": 1.8,
      "4": 1.2,
      "3": 3.0,
      "2": 4.0,
      "1": 5.0
    },
    "26": {
      "0": 1.0,
      "2": 2.8,
      "1": 3.0,
      "4": 3.2,
      "3": 5.0
    },
    "27": {
      "3": 1.0,
      "4": 3.6,
      "0": 2.6,
      "2": 2.8,
      "1": 5.0
    },
    "28": {
      "0": 1.2,
      "1": 2.2,
      "2": 2.6,
      "3": 4.2,
      "4": 4.8
    },
    "29": {
      "2": 1.4,
      "3": 3.0,
      "1": 2.0,
      "0": 4.2,
      "4": 4.4
    },
    "30": {
      "2": 1.0,
      "1": 2.8,
      "3": 2.2,
      "4": 4.0,
      "0": 5.0
    },
    "31": {
      "1": 1.0,
      "3": 2.2,
      "4": 4.0,
      "2": 4.6,
      "0": 3.2
    },
    "32": {
      "1": 1.2,
      "4": 2.0,
      "0": 3.6,
      "3": 3.2,
      "2": 5.0
    },
    "33": {
      "1": 1.0,
      "2": 2.0,
      "4": 3.2,
      "3": 4.0,
      "0": 4.8
    },
    "34": {
      "3": 1.0,
      "0": 2.25,
      "4": 2.75,
      "1": 4.5,
      "2": 4.5
    },
    "35": {
      "1": 2.0,
      "4": 2.2,
      "0": 2.4,
      "2": 3.4,
      "3": 5.0
    },
    "36": {
      "0": 1.0,
      "1": 2.2,
      "2": 2.8,
      "4": 4.0,
      "3": 5.0
    },
    "37": {
      "1": 1.2,
      "2": 2.0,
      "0": 2.8,
      "4": 4.2,
      "3": 4.8
    },
    "38": {
      "3": 1.2,
      "2": 2.6,
      "0": 2.6,
      "4": 3.6,
      "1": 5.0
    },
    "39": {
      "2": 2.0,
      "4": 1.4,
      "1": 2.6,
      "3": 4.4,
      "0": 4.6
    },
    "40": {
      "1": 2.6,
      "0": 1.8,
      "3": 2.2,
      "2": 3.4,
      "4": 5.0
    },
    "41": {
      "0": 1.0,
      "4": 2.2,
      "2": 3.0,
      "3": 4.2,
      "1": 4.6
    },
    "42": {
      "2": 1.2,
      "3": 3.4,
      "4": 2.6,
      "0": 4.0,
      "1": 3.8
    },
    "43": {
      "1": 2.2,
      "0": 3.2,
      "2": 3.4,
      "3": 3.0,
      "4": 3.2
    },
    "44": {
      "4": 1.0,
      "0": 2.0,
      "3": 3.0,
      "2": 4.0,
      "1": 5.0
    },
    "45": {
      "3": 1.4,
      "4": 2.0,
      "1": 3.0,
      "2": 3.8,
      "0": 4.8
    },
    "46": {
      "1": 1.6,
      "4": 3.8,
      "0": 3.2,
      "2": 3.4,
      "3": 3.0
    },
    "47": {
      "0": 1.0,
      "1": 2.25,
      "2": 2.75,
      "4": 4.0,
      "3": 5.0
    },
    "48": {
      "2": 1.0,
      "3": 2.0,
      "4": 4.2,
      "0": 3.2,
      "1": 4.6
    },
    "49": {
      "0": 1.0,
      "4": 2.0,
      "1": 3.25,
      "2": 4.5,
      "3": 4.25
    },
    "50": {
      "2": 1.4,
      "0": 1.6,
      "3": 3.0,
      "4": 4.0,
      "1": 5.0
    },
    "51": {
      "2": 1.6666666666666667,
      "4": 3.0,
      "0": 3.3333333333333335,
      "1": 2.0,
      "3": 5.0
    },
    "52": {
      "1": 1.0,
      "2": 2.2,
      "4": 2.8,
      "3": 4.6,
      "0": 4.4
    },
    "53": {
      "0": 1.4,
      "3": 1.6,
      "2": 3.2,
      "4": 3.8,
      "1": 5.0
    },
    "54": {
      "4": 1.4,
      "3": 1.6,
      "1": 3.0,
      "2": 4.0,
      "0": 5.0
    },
    "55": {
      "2": 1.4,
      "4": 2.4,
      "0": 2.4,
      "3": 3.8,
      "1": 5.0
    },
    "56": {
      "0": 1.0,
      "4": 2.0,
      "1": 3.0,
      "3": 4.0,
      "2": 5.0
    },
    "57": {
      "4": 1.0,
      "2": 2.2,
      "0": 3.6,
      "1": 3.2,
      "3": 5.0
    },
    "58": {
      "3": 1.8,
      "0": 1.2,
      "1": 3.0,
      "2": 4.8,
      "4": 4.2
    },
    "59": {
      "0": 3.0,
      "3": 3.6,
      "2": 2.0,
      "4": 2.8,
      "1": 3.6
    },
    "60": {
      "2": 1.0,
      "4": 3.6,
      "3": 2.6,
      "0": 3.0,
      "1": 4.8
    },
    "61": {
      "0": 1.2,
      "4": 1.8,
      "2": 3.0,
      "1": 4.0,
      "3": 5.0
    },
    "62": {
      "0": 1.0,
      "2": 2.0,
      "4": 3.0,
      "1": 4.4,
      "3": 4.6
    },
    "63": {
      "0": 1.0,
      "1": 2.4,
      "3": 2.6,
      "4": 4.0,
      "2": 5.0
    },
    "64": {
      "4": 1.2,
      "1": 2.0,
      "0": 3.0,
      "3": 3.8,
      "2": 5.0
    },
    "65": {
      "0": 1.0,
      "4": 2.0,
      "3": 3.2,
      "1": 4.4,
      "2": 4.4
    },
    "66": {
      "0": 2.2,
      "3": 1.2,
      "1": 3.6,
      "2": 3.8,
      "4": 4.2
    },
    "67": {
      "0": 1.6,
      "1": 1.8,
      "4": 3.8,