{
  "content_diversity": 0.5481353402137756,
  "classifier_auc": 0.8027404855253257,
  "ranking_stability": 0.6619718309859155,
  "feature_coefficients": {
    "word_count": -0.0915664214875561,
    "sentence_count": -0.36488799634516444,
    "avg_sentence_length": -0.6271513744075442,
    "paragraph_count": 0.01759323448178465,
    "heading_density": -0.002377030456216013,
    "list_frequency": -0.30547880589521775,
    "readability": -0.09443395112263007,
    "bold_emphasis_density": 0.3869452320569695,
    "citation_density": 0.24080208881403925,
    "statistic_density": -0.19426546422269,
    "quote_density": -0.17718242506886506,
    "named_source_mentions": -0.4346410149614507,
    "year_mentions": -0.39144576449765284,
    "claim_density": -0.1824219506135061,
    "external_reference_density": -0.7923028763318759,
    "question_density": 0.25703548835270645,
    "query_similarity": 0.650594747083003,
    "corpus_centroid_similarity": -0.045174309209404864,
    "type_token_ratio": -0.9678468668793235,
    "vocabulary_sophistication": -0.014355788181982212,
    "sentiment_polarity": 0.15326468321247746,
    "avg_word_length": -0.48448576720070335,
    "semantic_uniqueness": 0.15935617036332073,
    "information_density": -0.4026327167051687,
    "specificity_score": -0.07450441992429102
  },
  "avg_ranks": {
    "0": {
      "0": 1.0,
      "1": 2.6,
      "3": 3.2,
      "2": 3.2,
      "4": 5.0
    },
    "1": {
      "1": 1.0,
      "4": 2.0,
      "3": 3.3333333333333335,
      "0": 3.6666666666666665,
      "2": 5.0
    },
    "2": {
      "1": 1.4,
      "2": 2.0,
      "3": 3.2,
      "0": 4.8,
      "4": 3.6
    },
    "3": {
      "4": 1.0,
      "3": 2.4,
      "0": 2.6,
      "1": 4.6,
      "2": 4.4
    },
    "4": {
      "2": 1.6,
      "0": 1.8,
      "4": 2.6,
      "3": 4.0,
      "1": 5.0
    },
    "5": {
      "0": 1.6,
      "4": 1.6,
      "3": 2.8,
      "2": 4.0,
      "1": 5.0
    },
    "6": {
      "2": 1.0,
      "0": 2.0,
      "4": 3.0,
      "1": 4.0,
      "3": 5.0
    },
    "7": {
      "0": 1.0,
      "4": 3.0,
      "3": 2.2,
      "1": 3.8,
      "2": 5.0
    },
    "8": {
      "0": 1.4,
      "1": 3.0,
      "3": 1.8,
      "2": 3.8,
      "4": 5.0
    },
    "9": {
      "1": 1.0,
      "0": 2.2,
      "4": 3.6,
      "3": 4.2,
      "2": 4.0
    },
    "10": {
      "1": 1.2,
      "3": 3.4,
      "0": 2.8,
      "2": 3.8,
      "4": 3.8
    },
    "11": {
      "4": 2.25,
      "2": 1.25,
      "1": 2.5,
      "3": 4.5,
      "0": 4.5
    },
    "12": {
      "2": 1.0,
      "4": 2.0,
      "1": 3.0,
      "3": 4.0,
      "0": 5.0
    },
    "13": {
      "3": 1.0,
      "0": 2.0,
      "4": 3.0,
      "2": 4.4,
      "1": 4.6
    },
    "14": {
      "3": 1.6,
      "4": 1.6,
      "1": 2.8,
      "2": 4.0,
      "0": 5.0
    },
    "15": {
      "1": 1.75,
      "0": 1.75,
      "4": 2.5,
      "2": 4.25,
      "3": 4.75
    },
    "16": {
      "1": 2.2,
      "0": 2.2,
      "2": 1.8,
      "3": 3.8,
      "4": 5.0
    },
    "17": {
      "0": 1.0,
      "4": 2.0,
      "3": 3.0,
      "2": 4.0,
      "1": 5.0
    },
    "18": {
      "0": 2.6,
      "2": 1.2,
      "3": 3.8,
      "4": 2.4,
      "1": 5.0
    },
    "19": {
      "0": 1.0,
      "4": 2.0,
      "2": 3.2,
      "1": 3.8,
      "3": 5.0
    },
    "20": {
      "1": 1.8,
      "0": 2.4,
      "4": 1.8,
      "2": 4.0,
      "3": 5.0
    },
    "21": {
      "0": 2.4,
      "1": 2.0,
      "4": 2.0,
      "2": 3.6,
      "3": 5.0
    },
    "22": {
      "4": 1.0,
      "1": 2.0,
      "0": 4.0,
      "3": 4.25,
      "2": 3.75
    },
    "23": {
      "2": 2.0,
      "4": 3.8,
      "3": 2.0,
      "1": 2.8,
      "0": 4.4
    },
    "24": {
      "1": 4.0,
      "3": 3.8,
      "4": 1.8,
      "2": 3.0,
      "0": 2.4
    },
    "25": {
      "4": 1.2,
      "0": 1.8,
      "3": 3.0,
      "2": 4.0,
      "1": 5.0
    },
    "26": {
      "0": 1.2,
      "4": 3.2,
      "1": 2.8,
      "3": 4.0,
      "2": 3.8
    },
    "27": {
      "3": 1.0,
      "2": 2.4,
      "0": 3.0,
      "4": 3.6,
      "1": 5.0
    },
    "28": {
      "0": 1.0,
      "2": 2.4,
      "1": 2.6,
      "3": 4.0,
      "4": 5.0
    },
    "29": {
      "2": 1.5,
      "1": 2.0,
      "3": 2.75,
      "0": 4.0,
      "4": 4.75
    },
    "30": {
      "2": 1.2,
      "3": 2.8,
      "1": 2.2,
      "4": 3.8,
      "0": 5.0
    },
    "31": {
      "1": 1.0,
      "3": 2.0,
      "2": 3.6,
      "0": 4.0,
      "4": 4.4
    },
    "32": {
      "1": 1.0,
      "4": 2.0,
      "0": 3.0,
      "3": 4.0,
      "2": 5.0
    },
    "33": {
      "1": 1.0,
      "2": 2.0,
      "3": 3.6,
      "4": 3.6,
      "0": 4.8
    },
    "34": {
      "3": 1.25,
      "0": 1.75,
      "4": 3.0,
      "2": 4.25,
      "1": 4.75
    },
    "35": {
      "0": 2.6,
      "4": 1.6,
      "1": 2.0,
      "2": 3.8,
      "3": 5.0
    },
    "36": {
      "1": 1.8,
      "0": 1.2,
      "2": 3.0,
      "4": 4.0,
      "3": 5.0
    },
    "37": {
      "1": 1.2,
      "0": 2.4,
      "2": 2.4,
      "3": 4.2,
      "4": 4.8
    },
    "38": {
      "3": 1.6,
      "0": 1.6,
      "4": 3.6,
      "2": 3.2,
      "1": 5.0
    },
    "39": {
      "2": 2.0,
      "4": 1.8,
      "1": 2.8,
      "0": 4.6,
      "3": 3.8
    },
    "40": {
      "0": 1.8,
      "1": 2.6,
      "3": 1.8,
      "2": 3.8,
      "4": 5.0
    },
    "41": {
      "4": 1.2,
      "2": 3.4,
      "0": 3.0,
      "1": 3.0,
      "3": 4.4
    },
    "42": {
      "2": 1.2,
      "4": 2.8,
      "3": 2.2,
      "1": 4.2,
      "0": 4.6
    },
    "43": {
      "1": 2.8,
      "0": 3.8,
      "2": 2.2,
      "3": 3.0,
      "4": 3.2
    },
    "44": {
      "3": 2.2,
      "0": 1.6,
      "4": 2.6,
      "2": 3.6,
      "1": 5.0
    },
    "45": {
      "3": 1.0,
      "1": 3.0,
      "4": 2.2,
      "2": 3.8,
      "0": 5.0
    },
    "46": {
      "0": 2.4,
      "2": 2.0,
      "1": 2.6,
      "4": 3.2,
      "3": 4.8
    },
    "47": {
      "1": 1.8,
      "0": 1.2,
      "2": 3.2,
      "4": 3.8,
      "3": 5.0
    },
    "48": {
      "2": 1.0,
      "3": 2.25,
      "4": 4.0,
      "0": 3.5,
      "1": 4.25
    },
    "49": {
      "0": 1.0,
      "4": 2.0,
      "1": 3.0,
      "3": 4.25,
      "2": 4.75
    },
    "50": {
      "0": 1.75,
      "2": 1.25,
      "3": 3.0,
      "4": 4.0,
      "1": 5.0
    },
    "51": {
      "2": 1.6666666666666667,
      "4": 2.6666666666666665,
      "0": 3.6666666666666665,
      "1": 2.0,
      "3": 5.0
    },
    "52": {
      "1": 1.2,
      "4": 2.4,
      "2": 2.4,
      "0": 4.0,
      "3": 5.0
    },
    "53": {
      "0": 1.2,
      "3": 1.8,
      "4": 3.6,
      "2": 3.4,
      "1": 5.0
    },
    "54": {
      "3": 2.0,
      "4": 1.6,
      "1": 2.4,
      "2": 4.0,
      "0": 5.0
    },
    "55": {
      "0": 1.0,
      "2": 2.0,
      "4": 3.2,
      "3": 3.8,
      "1": 5.0
    },
    "56": {
      "0": 1.0,
      "4": 2.0,
      "1": 3.0,
      "3": 4.2,
      "2": 4.8
    },
    "57": {
      "4": 1.0,
      "2": 2.2,
      "1": 2.8,
      "0": 4.0,
      "3": 5.0
    },
    "58": {
      "3": 2.4,
      "0": 1.2,
      "1": 3.8,
      "2": 3.8,
      "4": 3.8
    },
    "59": {
      "2": 1.4,
      "1": 4.2,
      "0": 2.8,
      "3": 2.2,
      "4": 4.4
    },
    "60": {
      "2": 1.4,
      "0": 2.0,
      "4": 3.2,
      "3": 3.4,
      "1": 5.0
    },
    "61": {
      "0": 1.0,
      "4": 2.0,
      "2": 3.0,
      "1": 4.0,
      "3": 5.0
    },
    "62": {
      "0": 1.0,
      "2": 2.0,
      "4": 3.0,
      "3": 4.2,
      "1": 4.8
    },
    "63": {
      "0": 1.0,
      "3": 2.4,
      "1": 2.6,
      "4": 4.0,
      "2": 5.0
    },
    "64": {
      "4": 1.6,
      "1": 1.6,
      "0": 3.0,
      "3": 3.8,
      "2": 5.0
    },
    "65": {
      "0": 1.0,
      "3": 3.0,
      "4": 2.4,
      "2": 3.6,
      "1": 5.0
    },
    "66": {
      "1": 3.0,
      "3": 1.6,
      "0": 1.8,
      "2": 3.8,
      "4": 4.8
    },