{
  "content_diversity": 0.5412678122520447,
  "classifier_auc": 0.8019712126968046,
  "ranking_stability": 0.6657734470158342,
  "feature_coefficients": {
    "word_count": -0.3866073264752721,
    "sentence_count": 0.2916394854801487,
    "avg_sentence_length": -0.25676617094129955,
    "paragraph_count": 0.06414711916490952,
    "heading_density": 0.2968749902589726,
    "list_frequency": -0.12290731117793932,
    "readability": 0.5238723035935183,
    "bold_emphasis_density": 0.2934743492192513,
    "citation_density": -0.12412465929067217,
    "statistic_density": -0.37661231422740776,
    "quote_density": 0.13995530746213664,
    "named_source_mentions": -0.27835624103057544,
    "year_mentions": -0.05889833916473717,
    "claim_density": -0.004246048583739372,
    "external_reference_density": -0.5471685442687727,
    "question_density": 0.21742081069688224,
    "query_similarity": 0.8609239417822916,
    "corpus_centroid_similarity": -0.21028377994663316,
    "type_token_ratio": -0.7032849860479972,
    "vocabulary_sophistication": -0.16445107155885738,
    "sentiment_polarity": 0.13597978651431203,
    "avg_word_length": -0.6712245366003486,
    "semantic_uniqueness": 0.36505390293561185,
    "information_density": -0.2094378244069921,
    "specificity_score": 0.11524297784715129
  },
  "avg_ranks": {
    "0": {
      "0": 1.0,
      "1": 3.2,
      "2": 2.8,
      "3": 3.0,
      "4": 5.0
    },
    "1": {
      "1": 1.0,
      "4": 2.0,
      "3": 3.0,
      "0": 4.0,
      "2": 5.0
    },
    "2": {
      "2": 1.6,
      "1": 1.8,
      "3": 2.6,
      "0": 4.2,
      "4": 4.8
    },
    "3": {
      "4": 1.0,
      "3": 2.4,
      "0": 2.8,
      "2": 4.0,
      "1": 4.8
    },
    "4": {
      "0": 1.2,
      "4": 2.0,
      "2": 2.8,
      "3": 4.4,
      "1": 4.6
    },
    "5": {
      "4": 1.2,
      "0": 2.0,
      "3": 2.8,
      "2": 4.0,
      "1": 5.0
    },
    "6": {
      "2": 1.0,
      "0": 2.0,
      "1": 3.6,
      "4": 3.4,
      "3": 5.0
    },
    "7": {
      "0": 1.0,
      "3": 2.5,
      "1": 2.75,
      "4": 3.75,
      "2": 5.0
    },
    "8": {
      "0": 1.75,
      "1": 1.75,
      "3": 2.5,
      "2": 4.0,
      "4": 5.0
    },
    "9": {
      "1": 1.0,
      "0": 2.25,
      "4": 4.5,
      "2": 3.75,
      "3": 3.5
    },
    "10": {
      "1": 1.2,
      "0": 2.8,
      "2": 3.2,
      "3": 3.0,
      "4": 4.8
    },
    "11": {
      "2": 1.0,
      "4": 2.75,
      "0": 4.25,
      "1": 2.5,
      "3": 4.5
    },
    "12": {
      "2": 1.0,
      "1": 2.25,
      "4": 2.75,
      "3": 4.0,
      "0": 5.0
    },
    "13": {
      "3": 1.0,
      "0": 2.0,
      "4": 3.0,
      "2": 4.25,
      "1": 4.75
    },
    "14": {
      "4": 1.0,
      "3": 2.2,
      "1": 2.8,
      "2": 4.4,
      "0": 4.6
    },
    "15": {
      "0": 2.0,
      "1": 1.4,
      "4": 2.6,
      "2": 4.2,
      "3": 4.8
    },
    "16": {
      "2": 2.6,
      "0": 1.4,
      "1": 2.0,
      "3": 4.2,
      "4": 4.8
    },
    "17": {
      "0": 1.75,
      "4": 2.75,
      "1": 4.0,
      "3": 3.0,
      "2": 3.5
    },
    "18": {
      "2": 1.6666666666666667,
      "4": 2.3333333333333335,
      "0": 2.0,
      "3": 4.0,
      "1": 5.0
    },
    "19": {
      "0": 1.25,
      "4": 1.75,
      "2": 3.25,
      "1": 3.75,
      "3": 5.0
    },
    "20": {
      "1": 1.2,
      "0": 2.2,
      "4": 2.6,
      "2": 4.0,
      "3": 5.0
    },
    "21": {
      "0": 2.5,
      "1": 1.75,
      "2": 2.75,
      "4": 3.0,
      "3": 5.0
    },
    "22": {
      "1": 2.0,
      "4": 1.2,
      "3": 4.0,
      "0": 3.0,
      "2": 4.8
    },
    "23": {
      "3": 1.5,
      "1": 1.5,
      "4": 4.0,
      "2": 3.25,
      "0": 4.75
    },
    "24": {
      "2": 2.6,
      "0": 2.0,
      "1": 3.2,
      "3": 4.4,
      "4": 2.8
    },
    "25": {
      "4": 1.6,
      "0": 1.8,
      "3": 2.8,
      "2": 3.8,
      "1": 5.0
    },
    "26": {
      "0": 1.0,
      "2": 2.8,
      "4": 3.2,
      "1": 3.0,
      "3": 5.0
    },
    "27": {
      "3": 1.0,
      "0": 2.25,
      "2": 2.75,
      "4": 4.0,
      "1": 5.0
    },
    "28": {
      "0": 1.0,
      "2": 2.75,
      "1": 2.25,
      "4": 4.5,
      "3": 4.5
    },
    "29": {
      "3": 2.6,
      "2": 2.0,
      "1": 2.2,
      "0": 4.2,
      "4": 4.0
    },
    "30": {
      "2": 1.0,
      "1": 2.75,
      "3": 2.25,
      "4": 4.0,
      "0": 5.0
    },
    "31": {
      "1": 1.0,
      "0": 3.0,
      "3": 2.4,
      "4": 4.2,
      "2": 4.4
    },
    "32": {
      "1": 1.0,
      "4": 2.0,
      "0": 3.25,
      "3": 3.75,
      "2": 5.0
    },
    "33": {
      "1": 1.2,
      "2": 1.8,
      "4": 4.0,
      "0": 4.4,
      "3": 3.6
    },
    "34": {
      "3": 1.0,
      "0": 2.0,
      "4": 3.0,
      "2": 4.0,
      "1": 5.0
    },
    "35": {
      "1": 1.6,
      "4": 1.8,
      "2": 3.2,
      "0": 3.4,
      "3": 5.0
    },
    "36": {
      "0": 1.0,
      "1": 2.0,
      "2": 3.0,
      "4": 4.0,
      "3": 5.0
    },
    "37": {
      "2": 2.4,
      "1": 1.2,
      "0": 2.6,
      "3": 4.6,
      "4": 4.2
    },
    "38": {
      "3": 1.8,
      "2": 2.6,
      "4": 3.8,
      "0": 1.8,
      "1": 5.0
    },
    "39": {
      "3": 3.6,
      "1": 2.6,
      "4": 1.8,
      "2": 2.2,
      "0": 4.8
    },
    "40": {
      "1": 1.8,
      "0": 2.0,
      "2": 3.8,
      "3": 2.4,
      "4": 5.0
    },
    "41": {
      "0": 1.0,
      "4": 2.6,
      "2": 2.4,
      "3": 4.4,
      "1": 4.6
    },
    "42": {
      "2": 1.2,
      "4": 1.8,
      "3": 3.4,
      "1": 4.0,
      "0": 4.6
    },
    "43": {
      "2": 2.75,
      "3": 2.75,
      "4": 3.5,
      "1": 2.75,
      "0": 3.25
    },
    "44": {
      "0": 1.2,
      "3": 3.2,
      "4": 2.0,
      "2": 3.6,
      "1": 5.0
    },
    "45": {
      "3": 1.0,
      "4": 2.75,
      "1": 2.5,
      "2": 3.75,
      "0": 5.0
    },
    "46": {
      "0": 2.0,
      "2": 3.6,
      "1": 2.2,
      "4": 3.0,
      "3": 4.2
    },
    "47": {
      "0": 1.0,
      "1": 2.0,
      "2": 3.0,
      "4": 4.0,
      "3": 5.0
    },
    "48": {
      "2": 1.0,
      "3": 2.4,
      "1": 4.4,
      "4": 3.8,
      "0": 3.4
    },
    "49": {
      "0": 1.0,
      "4": 2.0,
      "1": 3.0,
      "3": 4.0,
      "2": 5.0
    },
    "50": {
      "2": 1.25,
      "0": 1.75,
      "3": 3.0,
      "4": 4.0,
      "1": 5.0
    },
    "51": {
      "1": 1.75,
      "2": 1.75,
      "0": 3.5,
      "4": 3.0,
      "3": 5.0
    },
    "52": {
      "1": 1.0,
      "2": 2.0,
      "4": 3.0,
      "0": 4.0,
      "3": 5.0
    },
    "53": {
      "3": 1.5,
      "0": 1.5,
      "4": 3.5,
      "2": 3.5,
      "1": 5.0
    },
    "54": {
      "3": 2.25,
      "1": 2.0,
      "4": 1.75,
      "2": 4.0,
      "0": 5.0
    },
    "55": {
      "0": 2.0,
      "2": 1.4,
      "3": 3.0,
      "4": 3.6,
      "1": 5.0
    },
    "56": {
      "0": 1.0,
      "4": 2.0,
      "1": 3.0,
      "3": 4.0,
      "2": 5.0
    },
    "57": {
      "4": 1.0,
      "2": 2.0,
      "1": 3.0,
      "0": 4.0,
      "3": 5.0
    },
    "58": {
      "2": 3.0,
      "0": 1.6,
      "3": 2.4,
      "1": 3.6,
      "4": 4.4
    },
    "59": {
      "0": 1.2,
      "3": 1.8,
      "2": 3.2,
      "1": 4.4,
      "4": 4.4
    },
    "60": {
      "2": 1.4,
      "3": 3.4,
      "0": 2.0,
      "1": 4.6,
      "4": 3.6
    },
    "62": {
      "0": 1.2,
      "2": 1.8,
      "4": 3.0,
      "1": 4.4,
      "3": 4.6
    },
    "63": {
      "0": 1.0,
      "1": 2.0,
      "3": 3.0,
      "4": 4.0,
      "2": 5.0
    },
    "64": {
      "4": 1.0,
      "1": 2.2,
      "0": 2.8,
      "3": 4.0,
      "2": 5.0
    },
    "65": {
      "0": 1.2,
      "2": 3.4,
      "4": 2.0,
      "3": 3.6,
      "1": 4.8
    },
    "66": {
      "3": 1.2,
      "0": 2.0,
      "2": 2.8,
      "4": 4.8,
      "1": 4.2
    },
    "67": {
      "1": 1.6,
      "0": 1.4,
      "2": 3.0,
      "4": 4.0,
      "3": 5.0
    },
    "68": {
      "1": 1.4,