{
  "content_diversity": 0.5472955107688904,
  "classifier_auc": 0.7707146173652442,
  "ranking_stability": 0.6534446764091858,
  "feature_coefficients": {
    "word_count": 0.04494765869628103,
    "sentence_count": -0.3155660704186729,
    "avg_sentence_length": -0.37536619011286965,
    "paragraph_count": 0.06659916171841902,
    "heading_density": -0.0327997749925519,
    "list_frequency": -0.25791818993296906,
    "readability": 0.10254512986197616,
    "bold_emphasis_density": 0.19502723053162768,
    "citation_density": 0.19385944206949285,
    "statistic_density": -0.09052309543533288,
    "quote_density": 0.17884288570088006,
    "named_source_mentions": -0.3912569026371872,
    "year_mentions": -0.4123052366782823,
    "claim_density": 0.01824591105368493,
    "external_reference_density": -0.16018711900122257,
    "question_density": 0.115845894605942,
    "query_similarity": 0.6598632340632626,
    "corpus_centroid_similarity": -0.22869614987904635,
    "type_token_ratio": -0.7208446862334746,
    "vocabulary_sophistication": -0.0818927748159934,
    "sentiment_polarity": 0.23926727298270334,
    "avg_word_length": -0.335437310734574,
    "semantic_uniqueness": 0.16635196654609688,
    "information_density": -0.29196223527168824,
    "specificity_score": -0.0025992305211422167
  },
  "avg_ranks": {
    "0": {
      "0": 1.0,
      "3": 3.0,
      "1": 3.4,
      "2": 2.6,
      "4": 5.0
    },
    "1": {
      "4": 1.0,
      "1": 2.0,
      "3": 3.0,
      "0": 4.0,
      "2": 5.0
    },
    "2": {
      "1": 1.6,
      "2": 1.4,
      "3": 3.0,
      "0": 4.4,
      "4": 4.6
    },
    "3": {
      "4": 1.0,
      "0": 2.4,
      "3": 3.2,
      "2": 3.8,
      "1": 4.6
    },
    "4": {
      "2": 1.2,
      "0": 2.0,
      "4": 2.8,
      "3": 4.2,
      "1": 4.8
    },
    "5": {
      "0": 1.6,
      "3": 2.6,
      "4": 1.8,
      "2": 4.0,
      "1": 5.0
    },
    "6": {
      "2": 1.0,
      "0": 2.0,
      "4": 3.2,
      "1": 3.8,
      "3": 5.0
    },
    "7": {
      "0": 1.4,
      "1": 3.0,
      "3": 2.0,
      "4": 3.6,
      "2": 5.0
    },
    "8": {
      "0": 1.4,
      "3": 1.8,
      "2": 3.8,
      "1": 3.0,
      "4": 5.0
    },
    "9": {
      "1": 1.0,
      "0": 2.2,
      "2": 3.2,
      "4": 3.8,
      "3": 4.8
    },
    "10": {
      "1": 1.2,
      "2": 3.0,
      "0": 3.4,
      "3": 2.8,
      "4": 4.6
    },
    "11": {
      "4": 2.2,
      "2": 1.6,
      "1": 2.2,
      "0": 4.0,
      "3": 5.0
    },
    "12": {
      "2": 1.0,
      "4": 2.6,
      "1": 2.4,
      "3": 4.0,
      "0": 5.0
    },
    "13": {
      "3": 1.0,
      "0": 2.2,
      "4": 2.8,
      "2": 4.2,
      "1": 4.8
    },
    "14": {
      "3": 2.0,
      "4": 1.2,
      "1": 2.8,
      "0": 4.4,
      "2": 4.6
    },
    "15": {
      "0": 2.0,
      "1": 1.4,
      "4": 2.6,
      "2": 4.0,
      "3": 5.0
    },
    "16": {
      "1": 2.2,
      "0": 1.4,
      "2": 2.8,
      "4": 4.6,
      "3": 4.0
    },
    "17": {
      "3": 3.2,
      "2": 3.4,
      "0": 1.6,
      "4": 2.6,
      "1": 4.2
    },
    "18": {
      "2": 2.2,
      "0": 1.6,
      "4": 2.2,
      "3": 4.2,
      "1": 4.8
    },
    "19": {
      "0": 1.4,
      "4": 1.6,
      "2": 3.0,
      "1": 4.2,
      "3": 4.8
    },
    "20": {
      "0": 1.6,
      "1": 1.8,
      "4": 2.6,
      "2": 4.0,
      "3": 5.0
    },
    "21": {
      "1": 1.4,
      "4": 3.2,
      "0": 2.6,
      "2": 2.8,
      "3": 5.0
    },
    "22": {
      "4": 1.0,
      "1": 2.0,
      "0": 3.6,
      "3": 3.6,
      "2": 4.8
    },
    "23": {
      "1": 1.4,
      "3": 1.6,
      "2": 3.6,
      "4": 4.0,
      "0": 4.4
    },
    "24": {
      "1": 3.4,
      "0": 2.0,
      "2": 2.4,
      "4": 2.4,
      "3": 4.8
    },
    "25": {
      "0": 1.4,
      "4": 1.8,
      "3": 2.8,
      "2": 4.0,
      "1": 5.0
    },
    "26": {
      "0": 1.0,
      "1": 2.8,
      "2": 3.2,
      "4": 3.0,
      "3": 5.0
    },
    "27": {
      "3": 1.0,
      "0": 2.4,
      "2": 2.6,
      "4": 4.0,
      "1": 5.0
    },
    "28": {
      "0": 1.0,
      "2": 2.0,
      "1": 3.0,
      "3": 4.2,
      "4": 4.8
    },
    "29": {
      "1": 1.2,
      "2": 2.0,
      "3": 3.2,
      "4": 4.4,
      "0": 4.2
    },
    "30": {
      "2": 1.0,
      "3": 2.2,
      "1": 2.8,
      "4": 4.0,
      "0": 5.0
    },
    "31": {
      "1": 1.0,
      "2": 3.8,
      "4": 3.8,
      "3": 2.8,
      "0": 3.6
    },
    "32": {
      "1": 1.0,
      "4": 2.0,
      "0": 3.0,
      "3": 4.0,
      "2": 5.0
    },
    "33": {
      "1": 1.2,
      "2": 1.8,
      "4": 3.4,
      "3": 4.0,
      "0": 4.6
    },
    "34": {
      "3": 1.0,
      "4": 2.8,
      "0": 2.2,
      "2": 4.2,
      "1": 4.8
    },
    "35": {
      "4": 1.2,
      "1": 2.4,
      "0": 2.8,
      "2": 3.6,
      "3": 5.0
    },
    "36": {
      "0": 1.0,
      "1": 2.2,
      "2": 2.8,
      "4": 4.0,
      "3": 5.0
    },
    "37": {
      "1": 1.2,
      "0": 2.2,
      "2": 3.2,
      "4": 4.0,
      "3": 4.4
    },
    "38": {
      "0": 2.0,
      "3": 1.6,
      "4": 2.8,
      "2": 3.8,
      "1": 4.8
    },
    "39": {
      "3": 3.6,
      "4": 1.8,
      "2": 2.0,
      "1": 2.8,
      "0": 4.8
    },
    "40": {
      "3": 1.2,
      "0": 2.0,
      "1": 3.2,
      "2": 3.6,
      "4": 5.0
    },
    "41": {
      "0": 2.0,
      "4": 1.4,
      "2": 2.8,
      "3": 4.4,
      "1": 4.4
    },
    "42": {
      "2": 1.0,
      "4": 2.0,
      "3": 3.6,
      "0": 4.4,
      "1": 4.0
    },
    "43": {
      "1": 2.2,
      "0": 3.2,
      "2": 3.0,
      "3": 3.4,
      "4": 3.2
    },
    "44": {
      "4": 1.6,
      "0": 2.2,
      "2": 4.0,
      "3": 2.4,
      "1": 4.8
    },
    "45": {
      "3": 1.2,
      "4": 2.4,
      "1": 3.0,
      "2": 3.4,
      "0": 5.0
    },
    "46": {
      "0": 2.4,
      "2": 2.8,
      "1": 2.0,
      "4": 3.2,
      "3": 4.6
    },
    "47": {
      "0": 1.2,
      "1": 1.8,
      "2": 3.0,
      "4": 4.0,
      "3": 5.0
    },
    "48": {
      "3": 1.8,
      "2": 1.2,
      "4": 3.4,
      "1": 4.0,
      "0": 4.6
    },
    "49": {
      "0": 1.0,
      "4": 2.0,
      "1": 3.0,
      "3": 4.5,
      "2": 4.5
    },
    "50": {
      "2": 1.6,
      "0": 1.4,
      "3": 3.0,
      "4": 4.0,
      "1": 5.0
    },
    "51": {
      "2": 1.8,
      "0": 3.2,
      "4": 2.6,
      "1": 2.4,
      "3": 5.0
    },
    "52": {
      "1": 1.0,
      "2": 2.2,
      "4": 2.8,
      "0": 4.0,
      "3": 5.0
    },
    "53": {
      "0": 1.0,
      "3": 2.0,
      "4": 3.4,
      "2": 3.6,
      "1": 5.0
    },
    "54": {
      "4": 1.0,
      "1": 2.6,
      "3": 2.4,
      "2": 4.0,
      "0": 5.0
    },
    "55": {
      "2": 1.0,
      "0": 2.4,
      "3": 3.8,
      "4": 2.8,
      "1": 5.0
    },
    "56": {
      "0": 1.0,
      "4": 2.0,
      "1": 3.0,
      "3": 4.2,
      "2": 4.8
    },
    "57": {
      "4": 1.0,
      "2": 2.2,
      "1": 2.8,
      "0": 4.0,
      "3": 5.0
    },
    "58": {
      "0": 1.0,
      "2": 4.2,
      "4": 4.0,
      "1": 3.2,
      "3": 2.6
    },
    "59": {
      "3": 1.6,
      "0": 1.4,
      "2": 3.4,
      "1": 4.2,
      "4": 4.4
    },
    "60": {
      "2": 2.2,
      "0": 1.8,
      "4": 2.8,
      "3": 3.2,
      "1": 5.0
    },
    "61": {
      "0": 1.0,
      "4": 2.0,
      "2": 3.0,
      "1": 4.0,
      "3": 5.0
    },
    "62": {
      "0": 1.2,
      "2": 1.8,
      "4": 3.0,
      "1": 4.6,
      "3": 4.4
    },
    "63": {
      "0": 1.0,
      "3": 2.8,
      "1": 2.2,
      "4": 4.0,
      "2": 5.0
    },
    "64": {
      "4": 1.2,
      "1": 1.8,
      "0": 3.2,
      "3": 3.8,
      "2": 5.0
    },
    "65": {
      "0": 1.0,
      "2": 3.4,
      "4": 2.6,
      "3": 3.0,
      "1": 5.0
    },
    "66": {
      "0": 1.8,
      "3": 1.6,
      "2": 2.8,
      "1": 4.2,
      "4": 4.6
    },
    "67": {
      "0": 1.2,
      "2": 2.4,
      "1": 2.4,
      "3": 4.4,
      "4": 4.6
    },