{
  "content_diversity": 0.5337665677070618,
  "classifier_auc": 0.7533546575128724,
  "ranking_stability": 0.6803295571575694,
  "feature_coefficients": {
    "word_count": 0.05857616517969948,
    "sentence_count": 0.18742985669495038,
    "avg_sentence_length": -0.5657576890479526,
    "paragraph_count": -0.0781102393428632,
    "heading_density": -0.22026644665895226,
    "list_frequency": -0.259923959768674,
    "readability": 0.5268562705710385,
    "bold_emphasis_density": -0.026919601799698732,
    "citation_density": -0.12669454425526483,
    "statistic_density": -0.5466449924365725,
    "quote_density": 0.12731638411439655,
    "named_source_mentions": -0.5806585502071735,
    "year_mentions": -0.26148382934657893,
    "claim_density": 0.43990536959314996,
    "external_reference_density": -0.43728221359928054,
    "question_density": 0.20021060762840487,
    "query_similarity": 0.4159355003659859,
    "corpus_centroid_similarity": -0.09952602522708798,
    "type_token_ratio": -0.6454628857857132,
    "vocabulary_sophistication": 0.19763569835872027,
    "sentiment_polarity": -0.0272324967132442,
    "avg_word_length": 0.026581065258088874,
    "semantic_uniqueness": 0.008817502315705964,
    "information_density": -0.09193121289380846,
    "specificity_score": 0.18909254587083832
  },
  "avg_ranks": {
    "0": {
      "0": 1.8,
      "1": 2.2,
      "3": 3.2,
      "2": 2.8,
      "4": 5.0
    },
    "1": {
      "4": 1.0,
      "1": 2.0,
      "0": 3.0,
      "3": 4.0,
      "2": 5.0
    },
    "2": {
      "1": 1.2,
      "2": 1.8,
      "3": 3.0,
      "0": 4.4,
      "4": 4.6
    },
    "3": {
      "4": 1.6,
      "0": 2.0,
      "3": 2.8,
      "2": 3.8,
      "1": 4.8
    },
    "4": {
      "0": 1.0,
      "2": 2.0,
      "4": 3.0,
      "3": 4.4,
      "1": 4.6
    },
    "5": {
      "4": 1.0,
      "3": 2.4,
      "0": 2.6,
      "2": 4.0,
      "1": 5.0
    },
    "6": {
      "2": 1.2,
      "0": 1.8,
      "4": 3.0,
      "1": 4.2,
      "3": 4.8
    },
    "7": {
      "0": 1.0,
      "4": 2.6,
      "1": 3.2,
      "3": 3.2,
      "2": 5.0
    },
    "8": {
      "0": 1.0,
      "3": 2.2,
      "1": 3.0,
      "2": 3.8,
      "4": 5.0
    },
    "9": {
      "1": 1.0,
      "3": 3.8,
      "0": 2.4,
      "2": 4.0,
      "4": 3.8
    },
    "10": {
      "0": 1.8,
      "1": 1.4,
      "4": 3.8,
      "3": 3.8,
      "2": 4.2
    },
    "11": {
      "2": 1.4,
      "3": 4.4,
      "4": 2.2,
      "1": 3.0,
      "0": 4.0
    },
    "12": {
      "2": 1.0,
      "4": 2.6,
      "1": 2.4,
      "3": 4.0,
      "0": 5.0
    },
    "13": {
      "3": 1.0,
      "4": 2.6,
      "0": 2.4,
      "2": 4.2,
      "1": 4.8
    },
    "14": {
      "4": 1.0,
      "1": 2.4,
      "3": 3.0,
      "2": 4.2,
      "0": 4.4
    },
    "15": {
      "1": 1.6,
      "0": 2.0,
      "4": 2.4,
      "2": 4.0,
      "3": 5.0
    },
    "16": {
      "2": 1.4,
      "0": 2.2,
      "1": 2.8,
      "4": 3.6,
      "3": 5.0
    },
    "17": {
      "0": 1.6,
      "4": 2.6,
      "3": 2.8,
      "1": 3.6,
      "2": 4.4
    },
    "18": {
      "2": 1.2,
      "4": 2.6,
      "0": 2.4,
      "3": 4.2,
      "1": 4.6
    },
    "19": {
      "4": 1.0,
      "0": 2.0,
      "2": 3.4,
      "3": 4.6,
      "1": 4.0
    },
    "20": {
      "1": 1.6,
      "0": 2.0,
      "4": 2.4,
      "2": 4.0,
      "3": 5.0
    },
    "21": {
      "2": 2.6,
      "1": 2.2,
      "4": 3.0,
      "0": 2.2,
      "3": 5.0
    },
    "22": {
      "4": 1.0,
      "1": 2.0,
      "0": 3.6,
      "2": 4.4,
      "3": 4.0
    },
    "23": {
      "3": 1.2,
      "1": 2.2,
      "0": 4.6,
      "4": 3.0,
      "2": 4.0
    },
    "24": {
      "2": 2.0,
      "0": 2.2,
      "1": 3.2,
      "4": 3.2,
      "3": 4.4
    },
    "25": {
      "4": 1.2,
      "0": 1.8,
      "3": 3.4,
      "2": 3.6,
      "1": 5.0
    },
    "26": {
      "0": 1.2,
      "2": 2.4,
      "1": 2.6,
      "4": 3.8,
      "3": 5.0
    },
    "27": {
      "3": 1.0,
      "0": 2.0,
      "2": 3.2,
      "4": 4.2,
      "1": 4.6
    },
    "28": {
      "0": 1.2,
      "1": 2.0,
      "2": 2.8,
      "4": 4.0,
      "3": 5.0
    },
    "29": {
      "1": 1.4,
      "2": 1.8,
      "3": 3.4,
      "4": 4.4,
      "0": 4.0
    },
    "30": {
      "2": 1.0,
      "1": 2.4,
      "3": 2.6,
      "4": 4.0,
      "0": 5.0
    },
    "31": {
      "1": 1.0,
      "3": 2.0,
      "0": 3.4,
      "4": 4.2,
      "2": 4.4
    },
    "32": {
      "1": 1.0,
      "4": 2.0,
      "3": 3.4,
      "0": 3.6,
      "2": 5.0
    },
    "33": {
      "2": 1.2,
      "1": 1.8,
      "4": 3.2,
      "3": 3.8,
      "0": 5.0
    },
    "34": {
      "3": 1.2,
      "0": 1.8,
      "4": 3.0,
      "2": 4.4,
      "1": 4.6
    },
    "35": {
      "4": 1.4,
      "0": 3.0,
      "1": 2.0,
      "2": 3.6,
      "3": 5.0
    },
    "36": {
      "0": 1.0,
      "1": 2.0,
      "2": 3.0,
      "4": 4.0,
      "3": 5.0
    },
    "37": {
      "1": 1.4,
      "2": 1.8,
      "0": 2.8,
      "3": 4.2,
      "4": 4.8
    },
    "38": {
      "3": 1.2,
      "4": 3.0,
      "2": 3.2,
      "0": 2.6,
      "1": 5.0
    },
    "39": {
      "4": 1.2,
      "1": 3.0,
      "2": 2.4,
      "3": 3.4,
      "0": 5.0
    },
    "40": {
      "0": 1.6,
      "1": 1.8,
      "2": 3.4,
      "3": 3.2,
      "4": 5.0
    },
    "41": {
      "0": 1.0,
      "4": 2.6,
      "2": 3.0,
      "1": 4.0,
      "3": 4.4
    },
    "42": {
      "2": 1.8,
      "4": 1.2,
      "3": 3.8,
      "0": 4.6,
      "1": 3.6
    },
    "43": {
      "3": 2.0,
      "2": 2.6,
      "4": 3.8,
      "1": 2.8,
      "0": 3.8
    },
    "44": {
      "0": 1.2,
      "4": 1.8,
      "3": 3.2,
      "2": 3.8,
      "1": 5.0
    },
    "45": {
      "3": 1.2,
      "1": 2.4,
      "4": 2.8,
      "2": 3.8,
      "0": 4.8
    },
    "46": {
      "1": 1.2,
      "2": 3.0,
      "0": 2.2,
      "3": 4.0,
      "4": 4.6
    },
    "47": {
      "1": 1.8,
      "0": 1.2,
      "2": 3.0,
      "4": 4.0,
      "3": 5.0
    },
    "48": {
      "2": 1.0,
      "3": 2.8,
      "0": 2.4,
      "4": 3.8,
      "1": 5.0
    },
    "49": {
      "4": 1.75,
      "0": 1.25,
      "1": 3.0,
      "2": 4.25,
      "3": 4.75
    },
    "50": {
      "0": 1.6,
      "2": 1.4,
      "3": 3.4,
      "4": 3.6,
      "1": 5.0
    },
    "51": {
      "1": 2.5,
      "2": 1.5,
      "0": 3.0,
      "4": 3.0,
      "3": 5.0
    },
    "52": {
      "1": 1.2,
      "2": 2.0,
      "4": 2.8,
      "3": 4.8,
      "0": 4.2
    },
    "53": {
      "3": 1.0,
      "4": 3.2,
      "0": 2.6,
      "2": 3.2,
      "1": 5.0
    },
    "54": {
      "4": 1.8,
      "3": 1.4,
      "1": 2.8,
      "2": 4.0,
      "0": 5.0
    },
    "55": {
      "2": 1.0,
      "0": 2.6,
      "3": 3.8,
      "4": 2.6,
      "1": 5.0
    },
    "56": {
      "0": 1.0,
      "4": 2.4,
      "1": 2.8,
      "3": 3.8,
      "2": 5.0
    },
    "57": {
      "4": 1.0,
      "2": 2.2,
      "1": 2.8,
      "0": 4.0,
      "3": 5.0
    },
    "58": {
      "0": 1.6,
      "3": 2.0,
      "1": 2.6,
      "4": 4.0,
      "2": 4.8
    },
    "59": {
      "2": 2.4,
      "3": 2.6,
      "0": 2.0,
      "1": 3.6,
      "4": 4.4
    },
    "60": {
      "2": 1.0,
      "3": 3.0,
      "4": 3.8,
      "0": 2.8,
      "1": 4.4
    },
    "61": {
      "0": 1.0,
      "4": 2.4,
      "2": 2.8,
      "1": 3.8,
      "3": 5.0
    },
    "62": {
      "0": 1.0,
      "2": 2.2,
      "4": 2.8,
      "3": 4.4,
      "1": 4.6
    },
    "63": {
      "0": 1.0,
      "3": 2.2,
      "1": 2.8,
      "4": 4.2,
      "2": 4.8
    },
    "64": {
      "4": 1.0,
      "1": 2.6,
      "0": 3.0,
      "3": 3.4,
      "2": 5.0
    },
    "65": {
      "0": 1.2,
      "2": 3.6,
      "3": 3.2,
      "4": 2.2,
      "1": 4.8
    },
    "66": {
      "3": 1.6,
      "0": 1.4,
      "2": 3.4,
      "1": 3.6,
      "4": 5.0
    },
    "67": {
      "0": 1.4,
      "1": 2.0,
      "2": 2.6,
      "4": 4.0,
      "3": 5.0
    },