{
  "content_diversity": 0.532271146774292,
  "classifier_auc": 0.7216260302197802,
  "ranking_stability": 0.6720776968435657,
  "feature_coefficients": {
    "word_count": 0.03615236356120624,
    "sentence_count": -0.009626901366382248,
    "avg_sentence_length": -0.3692266166351069,
    "paragraph_count": 0.035167143405010315,
    "heading_density": 0.056804628421827624,
    "list_frequency": -0.1656851650172527,
    "readability": 0.41792815127183436,
    "bold_emphasis_density": 0.10066849162517773,
    "citation_density": 0.16759030558070234,
    "statistic_density": -0.14348874311547113,
    "quote_density": 0.264561805202837,
    "named_source_mentions": -0.16852326572518836,
    "year_mentions": -0.3436929216624772,
    "claim_density": 0.33012294704723466,
    "external_reference_density": 0.022565152006275513,
    "question_density": 0.24794054749950054,
    "query_similarity": 0.5811913720845396,
    "corpus_centroid_similarity": -0.18439465045057998,
    "type_token_ratio": -0.41019627422101074,
    "vocabulary_sophistication": -0.3276278761141394,
    "sentiment_polarity": -0.1300676423569061,
    "avg_word_length": -0.052189516488856294,
    "semantic_uniqueness": 0.05151789450090049,
    "information_density": -0.15136155463869005,
    "specificity_score": -0.12520058771318504
  },
  "avg_ranks": {
    "0": {
      "0": 1.2,
      "2": 3.0,
      "3": 3.6,
      "1": 2.2,
      "4": 5.0
    },
    "1": {
      "0": 2.8,
      "4": 1.8,
      "1": 1.6,
      "3": 3.8,
      "2": 5.0
    },
    "2": {
      "1": 1.6,
      "2": 1.8,
      "3": 3.2,
      "0": 4.2,
      "4": 4.2
    },
    "3": {
      "4": 1.75,
      "0": 1.75,
      "1": 3.5,
      "2": 3.5,
      "3": 4.5
    },
    "4": {
      "0": 1.2,
      "2": 1.8,
      "4": 3.0,
      "3": 4.0,
      "1": 5.0
    },
    "5": {
      "4": 1.4,
      "0": 2.6,
      "3": 2.0,
      "2": 4.0,
      "1": 5.0
    },
    "6": {
      "2": 1.0,
      "0": 2.0,
      "4": 3.0,
      "1": 4.0,
      "3": 5.0
    },
    "7": {
      "4": 1.8,
      "0": 1.4,
      "3": 2.8,
      "1": 4.0,
      "2": 5.0
    },
    "8": {
      "0": 1.2,
      "3": 2.0,
      "1": 3.0,
      "2": 3.8,
      "4": 5.0
    },
    "9": {
      "1": 1.0,
      "3": 2.8,
      "0": 2.4,
      "4": 4.6,
      "2": 4.2
    },
    "10": {
      "0": 2.6,
      "1": 1.2,
      "3": 4.0,
      "4": 3.8,
      "2": 3.4
    },
    "11": {
      "2": 1.2,
      "1": 3.0,
      "4": 2.4,
      "3": 4.2,
      "0": 4.2
    },
    "12": {
      "2": 1.0,
      "1": 2.2,
      "4": 2.8,
      "3": 4.0,
      "0": 5.0
    },
    "13": {
      "3": 1.0,
      "4": 2.4,
      "0": 2.6,
      "2": 4.0,
      "1": 5.0
    },
    "14": {
      "4": 1.0,
      "1": 2.4,
      "3": 3.0,
      "2": 4.2,
      "0": 4.4
    },
    "15": {
      "0": 2.0,
      "4": 2.4,
      "1": 1.6,
      "3": 4.6,
      "2": 4.4
    },
    "16": {
      "1": 1.6,
      "0": 1.4,
      "2": 3.6,
      "4": 3.8,
      "3": 4.6
    },
    "17": {
      "1": 3.0,
      "3": 2.4,
      "4": 3.2,
      "0": 2.2,
      "2": 4.2
    },
    "18": {
      "0": 2.6,
      "2": 1.4,
      "3": 4.0,
      "4": 2.2,
      "1": 4.8
    },
    "19": {
      "4": 1.4,
      "0": 1.6,
      "2": 3.0,
      "1": 4.0,
      "3": 5.0
    },
    "20": {
      "1": 1.0,
      "0": 2.4,
      "4": 3.0,
      "2": 3.6,
      "3": 5.0
    },
    "21": {
      "4": 1.2,
      "2": 2.6,
      "1": 3.0,
      "0": 3.2,
      "3": 5.0
    },
    "22": {
      "4": 1.0,
      "1": 2.0,
      "3": 3.8,
      "2": 3.8,
      "0": 4.4
    },
    "23": {
      "1": 1.4,
      "3": 2.0,
      "4": 3.8,
      "0": 3.2,
      "2": 4.6
    },
    "24": {
      "4": 1.2,
      "0": 1.8,
      "3": 3.6,
      "1": 4.8,
      "2": 3.6
    },
    "25": {
      "4": 1.8,
      "0": 1.4,
      "3": 3.0,
      "2": 3.8,
      "1": 5.0
    },
    "26": {
      "0": 1.0,
      "1": 2.8,
      "2": 2.4,
      "4": 3.8,
      "3": 5.0
    },
    "27": {
      "3": 1.0,
      "0": 2.2,
      "1": 4.0,
      "2": 3.2,
      "4": 4.6
    },
    "28": {
      "1": 1.6,
      "0": 1.4,
      "2": 3.4,
      "4": 3.6,
      "3": 5.0
    },
    "29": {
      "3": 2.6,
      "2": 2.2,
      "1": 1.6,
      "0": 3.6,
      "4": 5.0
    },
    "30": {
      "2": 1.0,
      "3": 2.4,
      "1": 2.6,
      "4": 4.0,
      "0": 5.0
    },
    "31": {
      "1": 1.0,
      "3": 2.0,
      "0": 3.4,
      "2": 4.2,
      "4": 4.4
    },
    "32": {
      "1": 1.0,
      "4": 2.0,
      "3": 3.2,
      "2": 4.8,
      "0": 4.0
    },
    "33": {
      "2": 1.8,
      "1": 1.5,
      "4": 3.5,
      "3": 3.6666666666666665,
      "0": 5.0
    },
    "34": {
      "3": 1.0,
      "0": 2.5,
      "4": 2.5,
      "1": 4.25,
      "2": 4.75
    },
    "35": {
      "4": 2.0,
      "1": 2.0,
      "2": 3.2,
      "0": 2.8,
      "3": 5.0
    },
    "36": {
      "0": 1.0,
      "1": 2.4,
      "2": 2.6,
      "4": 4.0,
      "3": 5.0
    },
    "37": {
      "1": 1.0,
      "2": 2.4,
      "0": 2.6,
      "4": 4.6,
      "3": 4.4
    },
    "38": {
      "3": 1.0,
      "2": 2.0,
      "4": 3.6,
      "0": 3.4,
      "1": 5.0
    },
    "39": {
      "1": 2.2,
      "4": 1.8,
      "2": 2.6,
      "3": 3.6,
      "0": 4.8
    },
    "40": {
      "3": 2.2,
      "0": 1.8,
      "1": 2.4,
      "2": 3.6,
      "4": 5.0
    },
    "41": {
      "0": 1.2,
      "4": 3.4,
      "2": 3.0,
      "3": 4.0,
      "1": 3.4
    },
    "42": {
      "2": 1.6,
      "4": 1.4,
      "1": 3.8,
      "3": 3.4,
      "0": 4.8
    },
    "43": {
      "1": 1.0,
      "0": 2.0,
      "3": 4.0,
      "4": 4.0,
      "2": 4.0
    },
    "44": {
      "0": 1.6,
      "4": 1.4,
      "3": 3.0,
      "2": 4.0,
      "1": 5.0
    },
    "45": {
      "1": 2.2,
      "4": 2.2,
      "3": 2.0,
      "2": 3.8,
      "0": 4.8
    },
    "46": {
      "0": 2.6,
      "2": 2.0,
      "1": 2.0,
      "4": 4.0,
      "3": 4.4
    },
    "47": {
      "1": 1.8,
      "0": 1.2,
      "2": 3.0,
      "4": 4.4,
      "3": 4.6
    },
    "48": {
      "2": 1.0,
      "3": 2.6,
      "0": 2.8,
      "4": 3.6,
      "1": 5.0
    },
    "49": {
      "0": 1.0,
      "4": 2.0,
      "1": 3.0,
      "3": 4.25,
      "2": 4.75
    },
    "50": {
      "0": 1.6,
      "2": 1.4,
      "3": 3.2,
      "4": 3.8,
      "1": 5.0
    },
    "51": {
      "1": 1.0,
      "2": 2.6666666666666665,
      "4": 3.0,
      "0": 3.3333333333333335,
      "3": 5.0
    },
    "52": {
      "1": 1.0,
      "2": 2.2,
      "4": 3.2,
      "0": 3.6,
      "3": 5.0
    },
    "53": {
      "3": 1.0,
      "0": 2.0,
      "2": 3.25,
      "4": 3.75,
      "1": 5.0
    },
    "54": {
      "3": 1.2,
      "1": 2.6,
      "4": 2.2,
      "2": 4.0,
      "0": 5.0
    },
    "55": {
      "2": 1.0,
      "0": 2.0,
      "4": 3.2,
      "3": 3.8,
      "1": 5.0
    },
    "56": {
      "0": 1.0,
      "4": 2.0,
      "1": 3.0,
      "3": 4.4,
      "2": 4.6
    },
    "57": {
      "4": 1.0,
      "2": 2.0,
      "1": 3.0,
      "0": 4.0,
      "3": 5.0
    },
    "58": {
      "0": 1.6,
      "1": 2.6,
      "3": 2.0,
      "2": 4.8,
      "4": 4.0
    },
    "59": {
      "1": 2.0,
      "2": 1.8,
      "4": 3.4,
      "0": 4.0,
      "3": 3.8
    },
    "60": {
      "2": 1.4,
      "4": 3.2,
      "0": 3.0,
      "3": 2.6,
      "1": 4.8
    },
    "61": {
      "0": 1.0,
      "2": 2.4,
      "4": 2.6,
      "1": 4.0,
      "3": 5.0
    },
    "62": {
      "0": 1.0,
      "2": 2.0,
      "4": 3.0,
      "3": 4.0,
      "1": 5.0
    },
    "63": {
      "0": 1.0,
      "1": 2.4,
      "3": 2.6,
      "4": 4.4,
      "2": 4.6
    },
    "64": {
      "4": 1.0,
      "1": 2.0,
      "0": 3.2,
      "3": 3.8,
      "2": 5.0
    },
    "65": {
      "0": 1.0,
      "4": 2.6,
      "2": 3.4,
      "3": 3.0,
      "1": 5.0
    },
    "66": {
      "3": 1.8,
      "0": 1.6,
      "2": 3.0,
      "1": 3.6,
      "4": 5.0
    },
    "67": {
      "2": 2.4,
      "0": 1.6,