{
  "content_diversity": 0.5239827632904053,
  "classifier_auc": 0.8530104992500536,
  "ranking_stability": 0.6812079217651974,
  "feature_coefficients": {
    "word_count": 0.3604343350243443,
    "sentence_count": -0.6097810888125361,
    "avg_sentence_length": 0.016586532474650733,
    "paragraph_count": -0.35349162085028474,
    "heading_density": 0.3622040810605152,
    "list_frequency": 0.1913101207169506,
    "readability": 0.0,
    "bold_emphasis_density": 0.26603113107488724,
    "citation_density": 0.01817568662704769,
    "statistic_density": -0.21386299789434124,
    "quote_density": 0.1638425814191845,
    "named_source_mentions": -0.4910818780978271,
    "year_mentions": 0.30105510595451457,
    "claim_density": 0.2842085725939243,
    "external_reference_density": -0.3095385973173981,
    "question_density": 0.1750819512980926,
    "query_similarity": 1.9497635075361084,
    "corpus_centroid_similarity": -0.12697427319705365,
    "type_token_ratio": -0.713231361427049,
    "vocabulary_sophistication": 0.0,
    "sentiment_polarity": 0.0,
    "avg_word_length": -0.47926834818761105,
    "semantic_uniqueness": 0.6971189486948561,
    "information_density": 0.10752275443274015,
    "specificity_score": 0.11406714397530178
  },
  "avg_ranks": {
    "0": {
      "0": 1.2,
      "2": 1.8,
      "5": 4.0,
      "3": 5.8,
      "7": 5.6,
      "1": 5.2,
      "4": 5.4,
      "6": 7.0
    },
    "1": {
      "0": 1.0,
      "6": 2.2,
      "3": 2.8,
      "5": 4.6,
      "2": 4.8,
      "1": 5.6,
      "4": 7.0
    },
    "2": {
      "0": 1.0,
      "7": 2.2,
      "4": 4.8,
      "3": 3.2,
      "5": 5.8,
      "6": 5.6,
      "2": 6.6,
      "1": 6.8
    },
    "3": {
      "0": 1.4,
      "3": 2.0,
      "2": 2.6,
      "5": 4.4,
      "7": 4.6,
      "4": 7.0,
      "8": 7.0,
      "6": 7.0,
      "1": 9.0
    },
    "4": {
      "0": 1.0,
      "4": 2.0,
      "5": 3.6,
      "2": 4.4,
      "6": 5.0,
      "7": 5.2,
      "3": 6.8,
      "1": 8.0
    },
    "5": {
      "0": 1.0,
      "6": 2.4,
      "8": 3.0,
      "3": 6.0,
      "4": 5.8,
      "1": 4.8,
      "2": 5.4,
      "5": 7.6,
      "7": 9.0
    },
    "6": {
      "5": 1.6,
      "0": 1.8,
      "1": 3.2,
      "4": 3.8,
      "6": 5.0,
      "2": 5.6,
      "3": 7.0,
      "7": 8.0
    },
    "7": {
      "1": 1.6,
      "0": 1.4,
      "2": 3.2,
      "6": 3.8,
      "4": 5.0,
      "3": 6.0,
      "5": 7.0
    },
    "8": {
      "1": 1.2,
      "0": 1.8,
      "2": 3.0,
      "6": 4.8,
      "3": 7.0,
      "5": 4.6,
      "4": 6.0,
      "7": 7.6
    },
    "9": {
      "4": 1.4,
      "0": 1.6,
      "9": 3.0,
      "3": 4.4,
      "5": 7.4,
      "2": 6.4,
      "1": 7.0,
      "8": 6.4,
      "6": 7.4,
      "7": 10.0
    },
    "10": {
      "0": 1.2,
      "5": 5.8,
      "1": 2.6,
      "4": 2.6,
      "3": 5.0,
      "2": 5.6,
      "6": 5.2
    },
    "11": {
      "2": 2.2,
      "4": 2.8,
      "5": 1.4,
      "1": 3.6,
      "0": 5.0,
      "3": 6.0,
      "6": 7.0
    },
    "12": {
      "6": 1.2,
      "1": 4.2,
      "4": 3.2,
      "0": 3.2,
      "8": 5.4,
      "2": 5.2,
      "7": 6.8,
      "5": 7.0,
      "3": 8.8
    },
    "13": {
      "6": 5.6,
      "2": 5.2,
      "4": 3.6,
      "7": 4.4,
      "9": 5.2,
      "5": 4.8,
      "0": 4.8,
      "8": 4.4,
      "1": 7.0,
      "3": 10.0
    },
    "14": {
      "5": 1.4,
      "6": 4.0,
      "4": 2.8,
      "1": 3.2,
      "0": 4.6,
      "3": 5.0,
      "2": 7.0
    },
    "15": {
      "2": 1.0,
      "0": 2.4,
      "1": 4.2,
      "6": 4.4,
      "7": 3.8,
      "4": 5.2,
      "5": 7.0,
      "3": 8.0
    },
    "16": {
      "6": 1.8,
      "2": 1.4,
      "0": 2.8,
      "5": 4.2,
      "3": 4.8,
      "1": 6.0,
      "4": 7.0
    },
    "17": {
      "0": 1.4,
      "2": 3.4,
      "7": 1.8,
      "6": 3.6,
      "1": 4.8,
      "3": 6.4,
      "4": 7.2,
      "5": 7.4
    },
    "18": {
      "0": 1.2,
      "3": 2.8,
      "2": 2.0,
      "7": 4.0,
      "4": 5.6,
      "6": 7.2,
      "1": 7.0,
      "5": 6.2
    },
    "19": {
      "0": 1.0,
      "2": 2.0,
      "7": 3.4,
      "1": 5.0,
      "6": 6.4,
      "5": 5.2,
      "4": 5.2,
      "3": 7.8
    },
    "20": {
      "0": 1.0,
      "3": 4.2,
      "7": 4.6,
      "6": 4.2,
      "2": 5.0,
      "5": 5.8,
      "1": 3.2,
      "4": 8.0
    },
    "21": {
      "3": 1.4,
      "4": 2.0,
      "2": 2.6,
      "1": 4.8,
      "6": 4.2,
      "0": 6.2,
      "5": 6.8
    },
    "22": {
      "0": 1.4,
      "3": 1.8,
      "4": 2.8,
      "1": 4.0,
      "5": 5.0,
      "6": 6.0,
      "2": 7.0
    },
    "23": {
      "0": 1.0,
      "8": 2.6,
      "4": 5.4,
      "7": 3.8,
      "5": 5.4,
      "2": 3.6,
      "3": 6.8,
      "1": 7.6,
      "6": 8.8
    },
    "24": {
      "0": 1.0,
      "4": 3.0,
      "7": 3.2,
      "2": 3.0,
      "5": 5.4,
      "3": 6.4,
      "6": 6.2,
      "1": 7.8
    },
    "25": {
      "0": 2.6,
      "6": 1.8,
      "5": 2.4,
      "2": 4.4,
      "4": 4.8,
      "7": 5.0,
      "3": 7.6,
      "1": 7.4
    },
    "26": {
      "0": 1.0,
      "3": 2.2,
      "1": 3.2,
      "2": 4.6,
      "7": 4.0,
      "5": 6.2,
      "6": 6.8,
      "4": 8.0
    },
    "27": {
      "0": 1.0,
      "3": 3.4,
      "2": 3.4,
      "5": 4.4,
      "1": 4.6,
      "6": 5.8,
      "4": 5.4
    },
    "28": {
      "0": 1.0,
      "5": 2.0,
      "1": 3.4,
      "3": 5.0,
      "2": 4.2,
      "4": 5.4,
      "6": 7.0
    },
    "29": {
      "0": 1.0,
      "2": 2.6,
      "3": 3.2,
      "7": 3.4,
      "5": 4.8,
      "4": 6.0,
      "1": 7.8,
      "6": 7.2
    },
    "30": {
      "0": 1.0,
      "7": 4.2,
      "4": 2.6,
      "3": 4.2,
      "2": 6.0,
      "1": 6.2,
      "6": 6.6,
      "5": 5.2
    },
    "31": {
      "4": 2.0,
      "5": 2.6,
      "7": 3.2,
      "0": 3.0,
      "8": 6.4,
      "3": 6.2,
      "1": 6.2,
      "6": 6.4,
      "2": 9.0
    },
    "32": {
      "3": 1.0,
      "7": 2.6,
      "0": 2.4,
      "4": 4.0,
      "2": 5.0,
      "8": 6.2,
      "6": 7.2,
      "1": 7.6,
      "5": 9.0
    },
    "33": {
      "0": 1.0,
      "5": 2.0,
      "1": 3.2,
      "2": 4.6,
      "6": 5.8,
      "4": 4.8,
      "3": 6.6
    },
    "34": {
      "0": 1.0,
      "1": 2.6,
      "4": 2.8,
      "6": 4.4,
      "7": 4.2,
      "3": 7.2,
      "2": 6.6,
      "5": 7.2
    },
    "35": {
      "1": 1.0,
      "8": 3.2,
      "7": 3.6,
      "4": 5.2,
      "6": 6.2,
      "5": 6.8,
      "9": 6.4,
      "3": 7.4,
      "2": 8.4,
      "0": 6.8
    },
    "36": {
      "0": 1.0,
      "5": 2.0,
      "1": 3.2,
      "2": 4.2,
      "7": 5.6,
      "6": 5.0,
      "3": 7.2,
      "4": 7.8
    },
    "37": {
      "0": 2.0,
      "5": 3.0,
      "2": 2.4,
      "3": 2.6,
      "6": 5.0,
      "4": 6.0,
      "1": 7.0
    },
    "38": {
      "0": 1.0,
      "7": 2.0,
      "2": 3.0,
      "5": 4.4,
      "1": 6.4,
      "6": 6.2,
      "3": 6.8,
      "4": 6.2
    },
    "39": {
      "0": 1.0,
      "5": 2.4,
      "4": 3.8,
      "3": 5.8,
      "1": 4.2,
      "2": 6.6,
      "6": 4.2
    },
    "40": {
      "1": 2.6,
      "4": 2.6,
      "0": 1.4,
      "6": 5.0,
      "3": 3.6,
      "2": 5.8,
      "5": 7.0
    },
    "41": {
      "0": 1.0,
      "1": 2.4,
      "6": 3.2,
      "4": 3.8,
      "5": 4.6,
      "2": 6.6,
      "3": 6.4
    },
    "42": {
      "5": 1.0,
      "4": 2.4,
      "1": 2.8,
      "2": 4.2,
      "0": 4.6,
      "3": 6.6,
      "6": 6.4
    },
    "43": {
      "6": 2.6,
      "5": 1.4,
      "4": 2.0,
      "0": 5.4,
      "3": 4.8,
      "1": 7.0,
      "2": 5.2,
      "7": 7.6
    },
    "44": {
      "0": 1.0,
      "2": 2.0,
      "5": 3.2,
      "6": 5.0,
      "1": 4.4,
      "4": 5.4,
      "3": 7.0
    },
    "45": {
      "0": 1.4,
      "1": 1.6,
      "4": 4.8,
      "2": 3.2,
      "6": 6.0,
      "8": 5.6,
      "7": 7.4,
      "5": 6.0,
      "3": 9.0
    },
    "46": {
      "0": 1.0,
      "3": 3.0,
      "1": 3.2,
      "2": 2.8,