{
  "content_diversity": 0.5253021717071533,
  "classifier_auc": 0.8664169787765293,
  "ranking_stability": 0.6642457821703104,
  "feature_coefficients": {
    "word_count": 0.7165192796771445,
    "sentence_count": -0.7934324302883827,
    "avg_sentence_length": -0.05281183995174258,
    "paragraph_count": -0.2679487407755755,
    "heading_density": 0.012880359837611408,
    "list_frequency": 0.255169008359339,
    "readability": 0.0,
    "bold_emphasis_density": 0.12645446910242295,
    "citation_density": 0.08125388812770024,
    "statistic_density": -0.37791898956964537,
    "quote_density": -0.14424763571391153,
    "named_source_mentions": -0.5680246690197264,
    "year_mentions": 0.23494492411130743,
    "claim_density": 0.25034274085958996,
    "external_reference_density": -0.08251944688823891,
    "question_density": 0.11251982534515025,
    "query_similarity": 2.101753362068611,
    "corpus_centroid_similarity": -0.03714970295434326,
    "type_token_ratio": -0.75441361820804,
    "vocabulary_sophistication": 0.0,
    "sentiment_polarity": 0.0,
    "avg_word_length": -0.36970543289291086,
    "semantic_uniqueness": 0.786882327810988,
    "information_density": 0.018235344760773316,
    "specificity_score": 0.1828976523136631
  },
  "avg_ranks": {
    "0": {
      "0": 1.2,
      "2": 1.8,
      "5": 3.4,
      "7": 6.0,
      "3": 5.6,
      "4": 5.4,
      "6": 7.8,
      "1": 4.8
    },
    "1": {
      "0": 1.0,
      "6": 2.2,
      "3": 2.8,
      "1": 5.2,
      "4": 5.4,
      "2": 5.8,
      "5": 5.6
    },
    "2": {
      "0": 1.0,
      "7": 2.0,
      "3": 3.8,
      "4": 3.6,
      "1": 6.4,
      "2": 7.0,
      "5": 6.0,
      "6": 6.2
    },
    "3": {
      "0": 1.6,
      "3": 2.4,
      "2": 3.2,
      "8": 6.8,
      "5": 3.8,
      "7": 4.4,
      "4": 7.0,
      "6": 6.8,
      "1": 9.0
    },
    "4": {
      "0": 1.0,
      "4": 2.4,
      "5": 3.0,
      "2": 3.6,
      "6": 6.0,
      "7": 5.6,
      "3": 6.4,
      "1": 8.0
    },
    "5": {
      "0": 1.0,
      "6": 2.0,
      "1": 3.2,
      "8": 4.2,
      "2": 5.2,
      "5": 7.6,
      "3": 6.2,
      "4": 6.6,
      "7": 9.0
    },
    "6": {
      "5": 1.0,
      "0": 2.2,
      "2": 4.4,
      "1": 3.8,
      "4": 4.2,
      "6": 5.4,
      "7": 7.6,
      "3": 7.4
    },
    "7": {
      "0": 1.4,
      "1": 1.8,
      "6": 3.8,
      "2": 3.2,
      "3": 5.4,
      "4": 5.6,
      "5": 6.8
    },
    "8": {
      "1": 1.0,
      "0": 2.0,
      "5": 3.8,
      "2": 3.2,
      "6": 5.2,
      "7": 6.4,
      "3": 7.4,
      "4": 7.0
    },
    "9": {
      "4": 1.2,
      "0": 1.8,
      "9": 3.0,
      "6": 7.8,
      "3": 4.4,
      "2": 5.8,
      "8": 7.0,
      "1": 7.8,
      "5": 7.4,
      "7": 8.8
    },
    "10": {
      "0": 1.2,
      "6": 4.8,
      "1": 2.8,
      "3": 4.4,
      "4": 3.2,
      "5": 5.0,
      "2": 6.6
    },
    "11": {
      "5": 1.6,
      "1": 3.6,
      "4": 1.8,
      "2": 3.2,
      "0": 4.8,
      "3": 6.0,
      "6": 7.0
    },
    "12": {
      "1": 5.4,
      "6": 1.2,
      "4": 2.4,
      "0": 3.8,
      "8": 4.6,
      "2": 5.4,
      "7": 6.0,
      "5": 7.2,
      "3": 9.0
    },
    "13": {
      "9": 4.0,
      "0": 4.2,
      "4": 3.0,
      "7": 4.6,
      "2": 5.6,
      "5": 4.6,
      "8": 3.6,
      "1": 7.0,
      "6": 8.4,
      "3": 10.0
    },
    "14": {
      "5": 3.0,
      "0": 5.0,
      "4": 1.8,
      "6": 3.2,
      "3": 3.6,
      "1": 4.4,
      "2": 7.0
    },
    "15": {
      "2": 1.2,
      "6": 3.6,
      "7": 3.4,
      "0": 2.4,
      "4": 4.6,
      "1": 5.8,
      "5": 7.0,
      "3": 8.0
    },
    "16": {
      "6": 1.8,
      "2": 1.6,
      "0": 2.6,
      "5": 4.2,
      "3": 4.8,
      "4": 6.6,
      "1": 6.4
    },
    "17": {
      "0": 1.2,
      "7": 2.0,
      "2": 3.4,
      "1": 3.8,
      "6": 4.6,
      "3": 6.8,
      "5": 6.6,
      "4": 7.6
    },
    "18": {
      "2": 1.8,
      "0": 1.4,
      "3": 2.8,
      "7": 4.0,
      "4": 6.8,
      "6": 7.0,
      "5": 5.8,
      "1": 6.4
    },
    "19": {
      "0": 1.0,
      "5": 4.6,
      "2": 2.4,
      "7": 3.6,
      "4": 6.0,
      "1": 4.2,
      "6": 7.4,
      "3": 6.8
    },
    "20": {
      "0": 1.0,
      "3": 4.0,
      "6": 5.4,
      "2": 4.2,
      "1": 2.8,
      "7": 5.0,
      "5": 5.6,
      "4": 8.0
    },
    "21": {
      "3": 3.5,
      "4": 3.5,
      "2": 2.0,
      "6": 2.0,
      "1": 4.0,
      "0": 6.25,
      "5": 6.75
    },
    "22": {
      "4": 1.6,
      "3": 2.4,
      "0": 2.0,
      "1": 4.0,
      "5": 5.0,
      "6": 6.0,
      "2": 7.0
    },
    "23": {
      "0": 1.0,
      "7": 4.4,
      "8": 2.6,
      "2": 2.8,
      "5": 5.0,
      "4": 5.6,
      "3": 6.6,
      "1": 8.2,
      "6": 8.8
    },
    "24": {
      "0": 1.0,
      "7": 3.0,
      "4": 3.0,
      "2": 3.2,
      "5": 6.0,
      "6": 5.8,
      "3": 6.4,
      "1": 7.6
    },
    "25": {
      "5": 2.4,
      "0": 1.6,
      "6": 2.6,
      "4": 3.6,
      "2": 4.8,
      "7": 6.0,
      "1": 7.6,
      "3": 7.4
    },
    "26": {
      "0": 1.0,
      "3": 2.4,
      "1": 2.6,
      "7": 4.2,
      "2": 4.8,
      "6": 6.6,
      "4": 7.2,
      "5": 7.2
    },
    "27": {
      "0": 1.0,
      "3": 2.0,
      "5": 3.8,
      "1": 5.2,
      "4": 6.4,
      "6": 5.0,
      "2": 4.6
    },
    "28": {
      "0": 1.0,
      "5": 2.0,
      "1": 3.0,
      "4": 5.4,
      "2": 4.4,
      "3": 5.2,
      "6": 7.0
    },
    "29": {
      "0": 1.0,
      "5": 3.2,
      "2": 4.0,
      "3": 3.2,
      "7": 3.6,
      "6": 7.0,
      "4": 6.2,
      "1": 7.8
    },
    "30": {
      "0": 1.0,
      "6": 5.2,
      "1": 5.6,
      "5": 4.4,
      "2": 3.8,
      "7": 6.4,
      "4": 4.0,
      "3": 5.6
    },
    "31": {
      "5": 1.2,
      "4": 3.6,
      "7": 2.4,
      "8": 5.4,
      "0": 3.8,
      "1": 6.8,
      "6": 5.6,
      "3": 7.2,
      "2": 9.0
    },
    "32": {
      "3": 1.0,
      "0": 2.0,
      "7": 3.0,
      "4": 4.2,
      "2": 4.8,
      "8": 6.0,
      "1": 7.4,
      "6": 7.6,
      "5": 9.0
    },
    "33": {
      "0": 1.0,
      "5": 2.0,
      "1": 3.4,
      "3": 5.8,
      "6": 5.8,
      "4": 4.6,
      "2": 5.4
    },
    "34": {
      "0": 1.0,
      "4": 2.8,
      "1": 3.2,
      "7": 3.0,
      "6": 5.0,
      "2": 6.8,
      "3": 6.6,
      "5": 7.6
    },
    "35": {
      "1": 1.0,
      "0": 3.75,
      "7": 3.25,
      "5": 5.0,
      "4": 5.5,
      "2": 5.75,
      "3": 8.5,
      "8": 5.25,
      "9": 7.25,
      "6": 9.75
    },
    "36": {
      "0": 1.0,
      "5": 2.0,
      "1": 3.2,
      "2": 4.4,
      "7": 5.4,
      "3": 6.2,
      "6": 5.8,
      "4": 8.0
    },
    "37": {
      "0": 2.2,
      "5": 3.0,
      "2": 1.8,
      "3": 3.2,
      "6": 4.8,
      "4": 6.0,
      "1": 7.0
    },
    "38": {
      "0": 1.0,
      "7": 2.0,
      "2": 3.0,
      "4": 6.0,
      "5": 5.6,
      "6": 5.4,
      "3": 6.4,
      "1": 6.6
    },
    "39": {
      "0": 1.0,
      "5": 2.4,
      "4": 2.8,
      "6": 4.8,
      "3": 5.6,
      "1": 5.4,
      "2": 6.0
    },
    "40": {
      "0": 1.6,
      "4": 1.8,
      "3": 4.6,
      "6": 4.2,
      "1": 4.0,
      "2": 5.0,
      "5": 6.8
    },
    "41": {
      "0": 1.0,
      "1": 2.6,
      "6": 3.2,
      "5": 3.8,
      "4": 4.4,
      "3": 6.2,
      "2": 6.8
    },
    "42": {
      "5": 1.0,
      "1": 3.0,
      "4": 2.4,
      "2": 3.8,
      "0": 5.0,
      "6": 6.2,
      "3": 6.6
    },
    "43": {
      "5": 1.75,
      "4": 2.25,
      "6": 2.75,
      "0": 5.5,
      "3": 5.25,
      "2": 4.5,
      "1": 6.75,
      "7": 7.25
    },
    "44": {
      "0": 1.0,
      "2": 2.4,
      "5": 3.0,
      "1": 4.4,
      "4": 5.8,
      "6": 4.4,
      "3": 7.0
    },
    "45": {
      "1": 1.4,
      "0": 1.6,
      "5": 4.6,
      "2": 3.8,
      "4": 4.4,
      "6": 6.2,
      "7": 6.8,
      "8": 7.2,
      "3": 9.0
    },
    "46": {
      "0": 1.2,
      "1": 2.2,
      "3": 3.0,