{
  "content_diversity": 0.518856406211853,
  "classifier_auc": 0.8392790262172284,
  "ranking_stability": 0.691640554100101,
  "feature_coefficients": {
    "word_count": 0.41971007599222143,
    "sentence_count": -0.5467156924285453,
    "avg_sentence_length": 0.135158740627874,
    "paragraph_count": 0.03303194008464982,
    "heading_density": -0.1276761398972747,
    "list_frequency": 0.2729740565267063,
    "readability": -0.1676503250021979,
    "bold_emphasis_density": -0.06689624576618251,
    "citation_density": -0.020914464086851336,
    "statistic_density": -0.04531527599662545,
    "quote_density": -0.006797058524676194,
    "named_source_mentions": -0.19163902205865238,
    "year_mentions": 0.25927335437289273,
    "claim_density": 0.0420182156093738,
    "external_reference_density": -0.03750082884010125,
    "question_density": -0.2750383697794355,
    "query_similarity": 2.0286094306205986,
    "corpus_centroid_similarity": 0.0639850237601718,
    "type_token_ratio": -0.25582592189821823,
    "vocabulary_sophistication": 0.22083634101339558,
    "sentiment_polarity": -0.050696263095189376,
    "avg_word_length": -0.5053010260183753,
    "semantic_uniqueness": 0.7555618927922313,
    "information_density": -0.028317132679256327,
    "specificity_score": 0.1200227722998753
  },
  "avg_ranks": {
    "0": {
      "0": 1.25,
      "2": 1.75,
      "5": 3.75,
      "3": 6.0,
      "7": 5.0,
      "1": 4.75,
      "6": 6.25,
      "4": 7.25
    },
    "1": {
      "0": 1.0,
      "3": 2.2,
      "6": 2.8,
      "1": 4.4,
      "4": 5.8,
      "5": 6.0,
      "2": 5.8
    },
    "2": {
      "0": 1.0,
      "7": 2.0,
      "6": 5.6,
      "3": 3.6,
      "4": 4.2,
      "1": 6.4,
      "2": 5.8,
      "5": 7.4
    },
    "3": {
      "0": 3.0,
      "7": 2.2,
      "2": 2.8,
      "3": 3.6,
      "5": 3.4,
      "6": 7.0,
      "8": 7.0,
      "4": 7.0,
      "1": 9.0
    },
    "4": {
      "0": 1.0,
      "4": 2.0,
      "5": 3.4,
      "2": 4.2,
      "6": 5.8,
      "7": 6.0,
      "3": 5.6,
      "1": 8.0
    },
    "5": {
      "0": 1.0,
      "8": 3.0,
      "6": 3.4,
      "1": 3.8,
      "3": 5.2,
      "4": 5.6,
      "2": 6.0,
      "5": 8.0,
      "7": 9.0
    },
    "6": {
      "0": 1.0,
      "5": 2.0,
      "1": 3.8,
      "6": 4.2,
      "4": 4.0,
      "2": 6.0,
      "3": 7.0,
      "7": 8.0
    },
    "7": {
      "1": 1.6,
      "0": 1.4,
      "4": 3.4,
      "6": 4.2,
      "2": 4.4,
      "3": 6.2,
      "5": 6.8
    },
    "8": {
      "1": 1.4,
      "0": 1.6,
      "2": 3.4,
      "5": 3.6,
      "7": 5.8,
      "6": 6.0,
      "4": 7.6,
      "3": 6.6
    },
    "9": {
      "4": 1.0,
      "0": 2.0,
      "9": 3.0,
      "3": 4.0,
      "1": 6.6,
      "6": 8.2,
      "5": 6.6,
      "2": 6.0,
      "8": 7.8,
      "7": 9.8
    },
    "10": {
      "1": 1.8,
      "0": 1.8,
      "5": 4.8,
      "4": 4.0,
      "6": 5.0,
      "3": 4.0,
      "2": 6.6
    },
    "11": {
      "2": 2.0,
      "5": 2.6,
      "4": 2.0,
      "1": 4.4,
      "0": 4.0,
      "3": 6.2,
      "6": 6.8
    },
    "12": {
      "4": 2.6,
      "0": 2.2,
      "1": 5.2,
      "6": 1.6,
      "2": 4.6,
      "8": 6.2,
      "7": 6.2,
      "3": 8.6,
      "5": 7.8
    },
    "13": {
      "0": 2.2,
      "4": 2.4,
      "7": 2.0,
      "8": 4.4,
      "1": 7.0,
      "5": 4.6,
      "2": 6.8,
      "9": 6.8,
      "6": 8.8,
      "3": 10.0
    },
    "14": {
      "1": 1.0,
      "4": 2.4,
      "6": 2.8,
      "3": 3.8,
      "0": 5.2,
      "5": 5.8,
      "2": 7.0
    },
    "15": {
      "2": 1.0,
      "0": 2.4,
      "7": 4.8,
      "6": 4.0,
      "1": 3.6,
      "4": 5.2,
      "5": 7.2,
      "3": 7.8
    },
    "16": {
      "2": 1.8,
      "6": 1.6,
      "0": 2.6,
      "5": 4.0,
      "3": 5.0,
      "4": 6.2,
      "1": 6.8
    },
    "17": {
      "7": 1.6,
      "0": 1.4,
      "2": 3.6,
      "6": 3.6,
      "1": 5.0,
      "3": 6.0,
      "5": 7.8,
      "4": 7.0
    },
    "18": {
      "0": 1.4,
      "2": 1.8,
      "3": 2.8,
      "7": 4.0,
      "1": 5.6,
      "6": 7.4,
      "5": 6.0,
      "4": 7.0
    },
    "19": {
      "0": 1.0,
      "2": 2.2,
      "1": 6.0,
      "6": 4.6,
      "7": 4.8,
      "5": 4.0,
      "3": 6.6,
      "4": 6.8
    },
    "20": {
      "0": 1.0,
      "3": 2.8,
      "1": 2.8,
      "6": 4.6,
      "7": 5.2,
      "2": 5.2,
      "5": 6.4,
      "4": 8.0
    },
    "21": {
      "2": 1.0,
      "6": 3.6,
      "1": 4.2,
      "3": 3.0,
      "4": 3.2,
      "0": 6.2,
      "5": 6.8
    },
    "22": {
      "3": 1.2,
      "0": 1.8,
      "1": 3.8,
      "4": 3.2,
      "5": 5.4,
      "6": 5.6,
      "2": 7.0
    },
    "23": {
      "0": 1.0,
      "2": 2.0,
      "8": 3.0,
      "7": 5.0,
      "5": 5.6,
      "4": 5.4,
      "3": 6.2,
      "1": 7.8,
      "6": 9.0
    },
    "24": {
      "0": 1.0,
      "4": 3.0,
      "2": 3.4,
      "7": 2.6,
      "6": 5.2,
      "3": 6.2,
      "1": 7.6,
      "5": 7.0
    },
    "25": {
      "4": 2.6,
      "0": 3.2,
      "5": 3.0,
      "2": 3.8,
      "6": 3.1666666666666665,
      "7": 6.0,
      "3": 7.25,
      "1": 7.8
    },
    "26": {
      "0": 1.0,
      "1": 2.6,
      "3": 2.4,
      "2": 4.6,
      "7": 4.4,
      "5": 6.4,
      "6": 7.2,
      "4": 7.4
    },
    "27": {
      "0": 1.0,
      "3": 2.25,
      "2": 3.5,
      "1": 4.5,
      "5": 4.5,
      "6": 5.25,
      "4": 7.0
    },
    "28": {
      "0": 1.0,
      "5": 2.0,
      "1": 3.4,
      "2": 4.8,
      "4": 4.2,
      "3": 5.6,
      "6": 7.0
    },
    "29": {
      "0": 1.0,
      "7": 2.8,
      "3": 3.2,
      "2": 4.4,
      "5": 3.8,
      "6": 6.6,
      "4": 6.6,
      "1": 7.6
    },
    "30": {
      "0": 1.0,
      "6": 4.8,
      "5": 4.6,
      "1": 6.0,
      "2": 5.2,
      "7": 5.2,
      "4": 3.8,
      "3": 5.4
    },
    "31": {
      "7": 2.8,
      "5": 2.4,
      "1": 6.2,
      "4": 3.4,
      "0": 2.8,
      "8": 4.2,
      "6": 7.2,
      "3": 7.2,
      "2": 8.8
    },
    "32": {
      "3": 1.0,
      "0": 2.6,
      "7": 2.4,
      "4": 4.2,
      "2": 5.2,
      "8": 6.0,
      "6": 7.4,
      "1": 7.2,
      "5": 9.0
    },
    "33": {
      "0": 1.0,
      "5": 2.0,
      "1": 3.8,
      "2": 3.8,
      "4": 4.6,
      "3": 6.6,
      "6": 6.2
    },
    "34": {
      "0": 1.0,
      "4": 2.4,
      "1": 3.0,
      "6": 4.2,
      "7": 4.4,
      "2": 6.8,
      "3": 6.2,
      "5": 8.0
    },
    "35": {
      "1": 1.0,
      "8": 4.333333333333333,
      "6": 5.0,
      "7": 2.6666666666666665,
      "9": 7.333333333333333,
      "5": 5.666666666666667,
      "3": 6.0,
      "2": 7.0,
      "4": 6.0,
      "0": 10.0
    },
    "36": {
      "0": 1.0,
      "5": 2.0,
      "1": 3.4,
      "2": 4.2,
      "6": 5.0,
      "3": 6.4,
      "7": 6.4,
      "4": 7.6
    },
    "37": {
      "3": 3.6,
      "5": 2.0,
      "2": 3.0,
      "0": 1.8,
      "6": 4.6,
      "4": 6.0,
      "1": 7.0
    },
    "38": {
      "0": 1.0,
      "7": 2.0,
      "2": 3.0,
      "5": 4.25,
      "4": 4.75,
      "1": 6.0,
      "3": 7.5,
      "6": 7.5
    },
    "39": {
      "5": 1.4,
      "0": 1.6,
      "1": 4.2,
      "4": 3.2,
      "6": 5.2,
      "2": 6.4,
      "3": 6.0
    },
    "40": {
      "4": 2.2,
      "0": 2.0,
      "1": 2.6,
      "2": 5.2,
      "6": 5.4,
      "3": 3.6,
      "5": 7.0
    },
    "41": {
      "0": 1.0,
      "1": 2.0,
      "5": 3.75,
      "4": 4.0,
      "6": 4.25,
      "3": 6.25,
      "2": 6.75
    },
    "42": {
      "5": 1.0,
      "4": 2.3333333333333335,
      "1": 2.6666666666666665,
      "2": 4.666666666666667,
      "0": 4.333333333333333,
      "6": 6.333333333333333,
      "3": 6.666666666666667
    },
    "43": {
      "6": 2.2,
      "5": 1.8,
      "3": 3.4,
      "4": 3.0,
      "2": 5.4,
      "1": 6.2,
      "7": 7.6,
      "0": 6.4
    },
    "44": {
      "0": 1.0,
      "2": 2.6,
      "5": 2.4,
      "1": 4.0,
      "6": 5.2,
      "4": 5.8,
      "3": 7.0
    },