{
  "content_diversity": 0.5174185633659363,
  "classifier_auc": 0.8289273515313299,
  "ranking_stability": 0.6703179517421003,
  "feature_coefficients": {
    "word_count": 0.6740216230206992,
    "sentence_count": -0.5522939776493367,
    "avg_sentence_length": 0.21463938720548267,
    "paragraph_count": -0.13510791303839986,
    "heading_density": 0.042986728217794166,
    "list_frequency": 0.06675123630871029,
    "readability": -0.50840481452668,
    "bold_emphasis_density": 0.13862248193538923,
    "citation_density": 0.06784185972851785,
    "statistic_density": -0.13264140136493632,
    "quote_density": 0.05228542425490847,
    "named_source_mentions": -0.24284127884194018,
    "year_mentions": 0.21969488188212966,
    "claim_density": 0.13822646748570766,
    "external_reference_density": -0.07311548079604654,
    "question_density": -0.13036838058816974,
    "query_similarity": 2.01101195305068,
    "corpus_centroid_similarity": 0.024903518257166277,
    "type_token_ratio": -0.3472355396381736,
    "vocabulary_sophistication": 0.16323539460956624,
    "sentiment_polarity": -0.07410460054324602,
    "avg_word_length": -0.036768731741558765,
    "semantic_uniqueness": 0.8833780974825989,
    "information_density": -0.09776995824497163,
    "specificity_score": -0.17697677425612307
  },
  "avg_ranks": {
    "0": {
      "0": 1.0,
      "2": 2.0,
      "1": 6.6,
      "5": 3.6,
      "6": 5.0,
      "7": 6.6,
      "4": 5.8,
      "3": 5.4
    },
    "1": {
      "3": 1.4,
      "0": 2.0,
      "6": 2.6,
      "1": 5.4,
      "2": 5.0,
      "4": 6.2,
      "5": 5.4
    },
    "2": {
      "0": 1.0,
      "7": 2.0,
      "3": 3.6,
      "2": 5.6,
      "6": 5.0,
      "4": 5.0,
      "1": 7.6,
      "5": 6.2
    },
    "3": {
      "2": 2.6,
      "0": 1.8,
      "7": 2.8,
      "5": 4.4,
      "3": 3.4,
      "6": 6.4,
      "8": 7.4,
      "4": 7.2,
      "1": 9.0
    },
    "4": {
      "0": 1.0,
      "4": 2.0,
      "2": 3.4,
      "5": 4.2,
      "7": 5.0,
      "6": 6.4,
      "3": 6.0,
      "1": 8.0
    },
    "5": {
      "0": 1.0,
      "1": 3.2,
      "6": 3.2,
      "4": 6.2,
      "8": 3.8,
      "3": 5.4,
      "2": 5.8,
      "7": 8.8,
      "5": 7.6
    },
    "6": {
      "0": 1.4,
      "6": 4.2,
      "5": 2.2,
      "1": 4.0,
      "2": 5.4,
      "4": 3.8,
      "7": 7.8,
      "3": 7.2
    },
    "7": {
      "0": 1.6,
      "1": 1.4,
      "6": 3.4,
      "2": 3.8,
      "4": 6.0,
      "3": 5.0,
      "5": 6.8
    },
    "8": {
      "0": 1.4,
      "1": 2.0,
      "2": 2.8,
      "5": 4.6,
      "6": 5.2,
      "4": 6.0,
      "3": 7.6,
      "7": 6.4
    },
    "9": {
      "4": 1.4,
      "0": 1.6,
      "9": 3.0,
      "6": 5.8,
      "3": 4.6,
      "2": 6.0,
      "1": 8.0,
      "8": 6.8,
      "5": 8.0,
      "7": 9.8
    },
    "10": {
      "3": 1.8,
      "4": 1.8,
      "1": 3.4,
      "0": 3.2,
      "6": 5.6,
      "2": 6.6,
      "5": 5.6
    },
    "11": {
      "5": 1.2,
      "2": 2.4,
      "1": 3.2,
      "4": 3.2,
      "0": 5.0,
      "3": 6.0,
      "6": 7.0
    },
    "12": {
      "6": 1.2,
      "1": 3.6,
      "0": 2.8,
      "4": 2.4,
      "2": 5.6,
      "8": 6.0,
      "5": 7.8,
      "3": 7.6,
      "7": 8.0
    },
    "13": {
      "4": 1.2,
      "8": 5.0,
      "7": 3.4,
      "9": 6.4,
      "0": 5.8,
      "5": 4.6,
      "2": 5.4,
      "6": 5.6,
      "1": 7.6,
      "3": 10.0
    },
    "14": {
      "1": 2.6,
      "6": 1.8,
      "4": 2.0,
      "3": 4.6,
      "5": 4.6,
      "0": 5.4,
      "2": 7.0
    },
    "15": {
      "2": 1.0,
      "1": 3.8,
      "7": 4.4,
      "0": 2.8,
      "6": 4.0,
      "4": 5.0,
      "5": 7.0,
      "3": 8.0
    },
    "16": {
      "0": 1.6,
      "6": 2.0,
      "2": 2.4,
      "3": 4.8,
      "5": 4.2,
      "1": 6.2,
      "4": 6.8
    },
    "17": {
      "0": 1.2,
      "7": 1.8,
      "2": 3.0,
      "6": 4.0,
      "1": 5.0,
      "3": 6.0,
      "4": 7.6,
      "5": 7.4
    },
    "18": {
      "0": 1.4,
      "2": 1.8,
      "3": 2.8,
      "7": 4.0,
      "4": 6.4,
      "5": 6.0,
      "1": 6.6,
      "6": 7.0
    },
    "19": {
      "0": 1.0,
      "2": 3.0,
      "1": 4.0,
      "7": 4.0,
      "6": 4.6,
      "5": 5.4,
      "4": 7.0,
      "3": 7.0
    },
    "20": {
      "0": 1.0,
      "1": 2.0,
      "3": 3.75,
      "7": 5.5,
      "2": 5.0,
      "6": 4.25,
      "5": 6.5,
      "4": 8.0
    },
    "21": {
      "3": 3.6,
      "4": 2.8,
      "2": 2.2,
      "6": 2.4,
      "1": 4.0,
      "5": 6.2,
      "0": 6.8
    },
    "22": {
      "3": 1.2,
      "4": 2.2,
      "0": 2.6,
      "6": 5.0,
      "5": 5.6,
      "1": 4.4,
      "2": 7.0
    },
    "23": {
      "0": 1.0,
      "8": 2.8,
      "2": 3.0,
      "5": 4.6,
      "4": 6.2,
      "3": 6.8,
      "7": 4.0,
      "1": 8.0,
      "6": 8.6
    },
    "24": {
      "0": 1.0,
      "2": 2.4,
      "4": 3.0,
      "7": 3.6,
      "6": 5.2,
      "3": 6.0,
      "1": 7.4,
      "5": 7.4
    },
    "25": {
      "0": 1.4,
      "6": 3.2,
      "4": 3.4,
      "5": 2.6,
      "2": 4.4,
      "7": 6.0,
      "3": 7.2,
      "1": 7.8
    },
    "26": {
      "0": 1.0,
      "1": 2.4,
      "7": 4.2,
      "3": 2.8,
      "2": 4.6,
      "5": 6.2,
      "4": 7.8,
      "6": 7.0
    },
    "27": {
      "0": 1.0,
      "5": 3.6,
      "3": 3.0,
      "2": 3.6,
      "1": 4.4,
      "6": 5.4,
      "4": 7.0
    },
    "28": {
      "0": 1.0,
      "5": 2.0,
      "1": 3.8,
      "3": 4.6,
      "2": 4.6,
      "4": 5.0,
      "6": 7.0
    },
    "29": {
      "0": 1.0,
      "3": 2.6,
      "5": 5.4,
      "7": 3.4,
      "2": 4.2,
      "6": 5.2,
      "4": 7.0,
      "1": 7.2
    },
    "30": {
      "0": 1.0,
      "5": 4.0,
      "7": 3.8,
      "4": 3.4,
      "3": 5.0,
      "6": 6.8,
      "2": 5.4,
      "1": 6.6
    },
    "31": {
      "0": 4.4,
      "7": 2.4,
      "5": 1.6,
      "4": 3.4,
      "8": 5.4,
      "3": 7.6,
      "6": 5.4,
      "1": 6.0,
      "2": 8.8
    },
    "32": {
      "3": 1.0,
      "0": 2.2,
      "7": 2.8,
      "4": 4.2,
      "2": 5.8,
      "6": 6.4,
      "1": 7.4,
      "8": 6.2,
      "5": 9.0
    },
    "33": {
      "0": 1.0,
      "5": 2.0,
      "1": 3.2,
      "4": 5.6,
      "6": 5.8,
      "3": 5.2,
      "2": 5.2
    },
    "34": {
      "0": 1.0,
      "1": 2.4,
      "6": 4.4,
      "7": 3.6,
      "4": 3.6,
      "5": 7.0,
      "2": 6.6,
      "3": 7.4
    },
    "35": {
      "1": 1.0,
      "3": 6.25,
      "8": 2.5,
      "6": 5.25,
      "5": 6.75,
      "7": 4.25,
      "2": 7.5,
      "9": 7.0,
      "4": 6.5,
      "0": 8.0
    },
    "36": {
      "0": 1.0,
      "5": 2.2,
      "1": 3.0,
      "2": 3.8,
      "6": 5.6,
      "3": 6.2,
      "7": 7.2,
      "4": 7.0
    },
    "37": {
      "0": 1.8,
      "2": 2.0,
      "5": 3.8,
      "6": 4.0,
      "3": 3.4,
      "4": 6.0,
      "1": 7.0
    },
    "38": {
      "0": 1.0,
      "2": 2.6,
      "7": 2.4,
      "5": 4.0,
      "4": 5.0,
      "1": 6.4,
      "3": 7.2,
      "6": 7.4
    },
    "39": {
      "0": 1.2,
      "4": 4.0,
      "6": 2.6,
      "5": 4.0,
      "1": 4.4,
      "3": 6.2,
      "2": 5.6
    },
    "40": {
      "0": 1.6,
      "3": 3.6,
      "4": 2.6,
      "2": 4.0,
      "1": 3.2,
      "5": 6.6,
      "6": 6.4
    },
    "41": {
      "0": 1.0,
      "1": 2.0,
      "6": 4.0,
      "5": 4.0,
      "4": 4.0,
      "3": 6.0,
      "2": 7.0
    },
    "42": {
      "5": 1.0,
      "4": 3.4,
      "1": 2.2,
      "2": 3.8,
      "0": 4.6,
      "3": 6.6,
      "6": 6.4
    },
    "43": {
      "6": 1.8,
      "5": 3.4,
      "3": 3.2,
      "4": 2.4,
      "2": 5.2,
      "7": 7.0,
      "1": 7.4,
      "0": 5.6
    },
    "44": {
      "0": 1.0,
      "2": 2.2,
      "5": 2.8,
      "1": 4.6,
      "4": 5.8,
      "6": 4.6,
      "3": 7.0
    },
    "45": {
      "4": 2.4,
      "1": 2.6,
      "0": 2.4,
      "2": 4.2,
      "8": 6.6,
      "6": 4.0,
      "5": 5.8,
      "7": 8.0,
      "3": 9.0
    },