{
  "content_diversity": 0.5268005728721619,
  "classifier_auc": 0.8858703970124583,
  "ranking_stability": 0.6714661697153973,
  "feature_coefficients": {
    "word_count": 0.19760852361894468,
    "sentence_count": -0.5871207921244946,
    "avg_sentence_length": 0.08135461007986801,
    "paragraph_count": -0.15796455953724686,
    "heading_density": -0.018823837478051414,
    "list_frequency": 0.08347658843520862,
    "readability": 0.0,
    "bold_emphasis_density": 0.33781473795650346,
    "citation_density": 0.08344034285363612,
    "statistic_density": -0.22730210473390308,
    "quote_density": 0.13873061570733622,
    "named_source_mentions": -0.4829292749044084,
    "year_mentions": 0.21964019379187882,
    "claim_density": 0.24297271851003646,
    "external_reference_density": 0.009948173588959507,
    "question_density": 0.15996474105284697,
    "query_similarity": 1.8996140878426202,
    "corpus_centroid_similarity": -0.17887527520213792,
    "type_token_ratio": -0.9266583983054774,
    "vocabulary_sophistication": 0.0,
    "sentiment_polarity": 0.0,
    "avg_word_length": -0.7251776330392636,
    "semantic_uniqueness": 0.576980105302492,
    "information_density": -0.14225533061142107,
    "specificity_score": 0.12599041469280997
  },
  "avg_ranks": {
    "0": {
      "2": 1.6,
      "0": 1.4,
      "1": 4.6,
      "6": 6.6,
      "3": 4.4,
      "5": 5.8,
      "4": 5.0,
      "7": 6.6
    },
    "1": {
      "0": 1.0,
      "3": 2.6,
      "6": 2.4,
      "2": 5.6,
      "5": 5.0,
      "1": 5.4,
      "4": 6.0
    },
    "2": {
      "0": 1.0,
      "7": 2.0,
      "3": 3.8,
      "4": 5.2,
      "1": 6.2,
      "2": 5.2,
      "6": 6.0,
      "5": 6.6
    },
    "3": {
      "0": 1.2,
      "3": 2.8,
      "2": 2.6,
      "5": 3.6,
      "7": 5.0,
      "4": 6.2,
      "6": 6.8,
      "8": 7.8,
      "1": 9.0
    },
    "4": {
      "0": 1.0,
      "4": 2.0,
      "2": 3.8,
      "3": 5.0,
      "5": 3.8,
      "7": 6.4,
      "6": 6.0,
      "1": 8.0
    },
    "5": {
      "0": 1.0,
      "8": 3.0,
      "1": 3.4,
      "6": 3.4,
      "2": 5.0,
      "3": 6.0,
      "5": 7.6,
      "4": 6.6,
      "7": 9.0
    },
    "6": {
      "5": 1.0,
      "0": 2.0,
      "1": 4.2,
      "6": 3.8,
      "2": 5.4,
      "4": 4.6,
      "7": 7.6,
      "3": 7.4
    },
    "7": {
      "0": 1.0,
      "1": 2.2,
      "6": 3.6,
      "2": 3.4,
      "4": 5.8,
      "3": 5.2,
      "5": 6.8
    },
    "8": {
      "0": 1.8,
      "1": 1.2,
      "2": 3.4,
      "5": 4.4,
      "7": 6.0,
      "6": 6.2,
      "3": 6.4,
      "4": 6.6
    },
    "9": {
      "0": 1.6,
      "4": 1.4,
      "9": 3.0,
      "3": 4.2,
      "1": 6.2,
      "8": 5.8,
      "2": 7.0,
      "5": 8.0,
      "6": 7.8,
      "7": 10.0
    },
    "10": {
      "4": 2.6,
      "0": 1.2,
      "1": 3.6,
      "6": 4.0,
      "5": 4.8,
      "3": 5.2,
      "2": 6.6
    },
    "11": {
      "5": 2.4,
      "2": 2.2,
      "1": 3.4,
      "4": 2.0,
      "0": 5.0,
      "3": 6.4,
      "6": 6.6
    },
    "12": {
      "6": 1.0,
      "1": 3.8,
      "8": 4.4,
      "0": 3.6,
      "4": 3.6,
      "2": 4.6,
      "5": 7.0,
      "7": 8.4,
      "3": 8.6
    },
    "13": {
      "7": 4.2,
      "1": 5.6,
      "0": 3.6,
      "4": 5.4,
      "9": 4.8,
      "8": 5.2,
      "5": 2.8,
      "2": 6.4,
      "6": 7.0,
      "3": 10.0
    },
    "14": {
      "1": 2.4,
      "4": 2.4,
      "6": 3.2,
      "5": 2.4,
      "3": 5.4,
      "0": 5.2,
      "2": 7.0
    },
    "15": {
      "2": 1.2,
      "4": 3.8,
      "6": 3.2,
      "0": 2.2,
      "7": 4.8,
      "1": 5.8,
      "5": 7.0,
      "3": 8.0
    },
    "16": {
      "6": 1.2,
      "2": 1.8,
      "0": 3.2,
      "5": 4.2,
      "3": 4.6,
      "4": 6.2,
      "1": 6.8
    },
    "17": {
      "7": 1.6,
      "0": 1.4,
      "2": 3.8,
      "6": 4.6,
      "1": 3.6,
      "4": 6.8,
      "5": 7.8,
      "3": 6.4
    },
    "18": {
      "0": 1.2,
      "2": 2.2,
      "3": 2.6,
      "7": 4.0,
      "4": 6.8,
      "5": 6.4,
      "1": 6.2,
      "6": 6.6
    },
    "19": {
      "0": 1.0,
      "2": 2.4,
      "7": 3.4,
      "1": 4.8,
      "5": 5.0,
      "4": 5.8,
      "6": 7.2,
      "3": 6.4
    },
    "20": {
      "0": 1.0,
      "1": 3.2,
      "2": 3.6,
      "6": 6.2,
      "3": 3.6,
      "5": 6.0,
      "7": 5.0,
      "4": 7.4
    },
    "21": {
      "3": 2.0,
      "4": 2.4,
      "2": 2.0,
      "6": 3.6,
      "1": 5.0,
      "0": 6.4,
      "5": 6.6
    },
    "22": {
      "4": 2.0,
      "0": 1.2,
      "3": 2.8,
      "1": 4.0,
      "5": 5.2,
      "6": 5.8,
      "2": 7.0
    },
    "23": {
      "0": 1.0,
      "8": 2.0,
      "2": 3.0,
      "7": 5.4,
      "5": 4.2,
      "4": 5.8,
      "1": 7.6,
      "6": 8.8,
      "3": 7.2
    },
    "24": {
      "0": 1.0,
      "7": 2.4,
      "4": 2.8,
      "6": 4.4,
      "5": 6.0,
      "2": 6.8,
      "3": 5.4,
      "1": 7.2
    },
    "25": {
      "6": 2.2,
      "5": 2.4,
      "0": 1.8,
      "4": 4.6,
      "2": 4.4,
      "7": 5.6,
      "1": 7.4,
      "3": 7.6
    },
    "26": {
      "0": 1.0,
      "1": 2.6,
      "3": 2.8,
      "7": 4.0,
      "2": 4.6,
      "4": 6.6,
      "6": 7.4,
      "5": 7.0
    },
    "27": {
      "0": 1.0,
      "5": 3.6,
      "2": 4.0,
      "3": 2.6,
      "6": 4.8,
      "1": 5.2,
      "4": 6.8
    },
    "28": {
      "0": 1.4,
      "5": 2.0,
      "1": 3.2,
      "4": 4.6,
      "3": 5.0,
      "2": 4.8,
      "6": 7.0
    },
    "29": {
      "0": 1.0,
      "3": 2.8,
      "7": 3.0,
      "5": 3.4,
      "2": 4.8,
      "6": 7.2,
      "1": 6.8,
      "4": 7.0
    },
    "30": {
      "0": 1.0,
      "4": 2.8,
      "7": 5.0,
      "2": 3.6,
      "6": 5.6,
      "5": 6.2,
      "1": 7.2,
      "3": 4.6
    },
    "31": {
      "1": 4.2,
      "3": 7.2,
      "6": 5.4,
      "4": 3.0,
      "5": 2.2,
      "0": 3.0,
      "8": 6.6,
      "7": 4.8,
      "2": 8.6
    },
    "32": {
      "3": 1.0,
      "0": 2.0,
      "7": 3.0,
      "2": 4.8,
      "4": 4.2,
      "8": 6.6,
      "6": 7.8,
      "1": 7.2,
      "5": 8.4
    },
    "33": {
      "0": 1.0,
      "5": 2.0,
      "1": 3.2,
      "4": 4.4,
      "2": 5.2,
      "3": 6.0,
      "6": 6.2
    },
    "34": {
      "0": 1.0,
      "7": 3.8,
      "4": 2.6,
      "1": 2.8,
      "6": 4.8,
      "5": 6.4,
      "3": 6.8,
      "2": 7.8
    },
    "35": {
      "1": 1.0,
      "0": 3.4,
      "8": 4.8,
      "7": 3.4,
      "4": 7.2,
      "9": 6.6,
      "3": 7.6,
      "2": 6.4,
      "5": 6.0,
      "6": 8.6
    },
    "36": {
      "0": 1.0,
      "5": 2.0,
      "1": 3.4,
      "2": 3.6,
      "7": 6.0,
      "6": 5.4,
      "3": 6.8,
      "4": 7.8
    },
    "37": {
      "2": 1.0,
      "0": 2.4,
      "6": 4.0,
      "3": 4.4,
      "5": 3.2,
      "4": 6.0,
      "1": 7.0
    },
    "38": {
      "0": 1.0,
      "2": 2.8,
      "7": 2.2,
      "5": 5.6,
      "4": 5.8,
      "1": 6.0,
      "6": 6.2,
      "3": 6.4
    },
    "39": {
      "0": 1.0,
      "4": 3.8,
      "1": 5.0,
      "6": 3.6,
      "5": 2.6,
      "2": 5.6,
      "3": 6.4
    },
    "40": {
      "0": 1.2,
      "3": 3.4,
      "4": 2.0,
      "1": 4.0,
      "2": 5.2,
      "6": 5.2,
      "5": 7.0
    },
    "41": {
      "0": 1.0,
      "1": 2.0,
      "4": 4.25,
      "6": 3.5,
      "5": 4.75,
      "3": 6.25,
      "2": 6.25
    },
    "42": {
      "5": 1.0,
      "1": 2.4,
      "2": 4.2,
      "4": 3.2,
      "0": 4.2,
      "3": 6.2,
      "6": 6.8
    },
    "43": {
      "6": 1.6,
      "5": 2.0,
      "4": 2.6,
      "2": 5.4,
      "1": 6.2,
      "0": 6.4,
      "7": 6.4,
      "3": 5.4
    },
    "44": {
      "0": 1.0,
      "5": 2.8,
      "2": 2.2,
      "1": 4.2,
      "6": 5.0,
      "4": 5.8,
      "3": 7.0
    },
    "45": {
      "1": 1.4,
      "0": 1.6,
      "4": 3.6,
      "6": 5.0,
      "2": 5.0,
      "3": 8.4,
      "5": 5.4,
      "7": 6.4,
      "8": 8.2
    },
    "46": {
      "1": 2.8,
      "0": 1.2,
      "3": 2.6,