{
  "content_diversity": 0.5272087454795837,
  "classifier_auc": 0.870583645443196,
  "ranking_stability": 0.6642732746181021,
  "feature_coefficients": {
    "word_count": 0.15768541717161727,
    "sentence_count": -0.6461150202052376,
    "avg_sentence_length": -0.019773156613419513,
    "paragraph_count": -0.35197033676842315,
    "heading_density": -0.21735253669452534,
    "list_frequency": -0.17481271002170473,
    "readability": 0.0,
    "bold_emphasis_density": 0.17448552717606045,
    "citation_density": -0.030155541777953414,
    "statistic_density": -0.18006698393250742,
    "quote_density": 0.25642174957335745,
    "named_source_mentions": -0.25744402786438325,
    "year_mentions": 0.1863921489269286,
    "claim_density": 0.15288944362738893,
    "external_reference_density": -0.029938034047235374,
    "question_density": 0.21160690837987403,
    "query_similarity": 1.9279938932692378,
    "corpus_centroid_similarity": -0.26370080392382844,
    "type_token_ratio": -0.956535580964603,
    "vocabulary_sophistication": 0.0,
    "sentiment_polarity": 0.0,
    "avg_word_length": -0.3168478144954359,
    "semantic_uniqueness": 0.8971886037177084,
    "information_density": 0.007772980061672551,
    "specificity_score": 0.08924640090235239
  },
  "avg_ranks": {
    "0": {
      "0": 1.4,
      "2": 1.6,
      "3": 3.8,
      "5": 5.2,
      "7": 5.2,
      "4": 5.6,
      "6": 6.8,
      "1": 6.4
    },
    "1": {
      "0": 1.0,
      "6": 2.0,
      "3": 3.0,
      "5": 5.2,
      "2": 5.4,
      "1": 5.2,
      "4": 6.2
    },
    "2": {
      "0": 1.0,
      "7": 2.0,
      "3": 3.2,
      "5": 5.0,
      "4": 4.8,
      "1": 6.6,
      "6": 7.0,
      "2": 6.4
    },
    "3": {
      "0": 1.4,
      "3": 2.4,
      "2": 2.6,
      "5": 4.0,
      "7": 4.8,
      "4": 6.4,
      "8": 7.6,
      "6": 6.8,
      "1": 9.0
    },
    "4": {
      "0": 1.0,
      "4": 2.0,
      "6": 5.2,
      "5": 3.4,
      "7": 6.2,
      "2": 4.4,
      "3": 5.8,
      "1": 8.0
    },
    "5": {
      "0": 1.0,
      "6": 2.6,
      "8": 3.6,
      "2": 4.8,
      "4": 5.6,
      "1": 4.0,
      "3": 6.8,
      "7": 8.8,
      "5": 7.8
    },
    "6": {
      "5": 1.2,
      "0": 2.4,
      "1": 3.0,
      "6": 4.4,
      "2": 5.2,
      "4": 4.8,
      "3": 7.4,
      "7": 7.6
    },
    "7": {
      "0": 1.0,
      "1": 2.0,
      "2": 4.2,
      "6": 3.4,
      "4": 4.8,
      "5": 6.8,
      "3": 5.8
    },
    "8": {
      "0": 1.8,
      "1": 1.2,
      "2": 3.0,
      "5": 4.0,
      "6": 5.8,
      "4": 6.4,
      "7": 6.6,
      "3": 7.2
    },
    "9": {
      "4": 1.2,
      "0": 1.8,
      "9": 3.0,
      "3": 4.0,
      "5": 5.4,
      "2": 7.6,
      "8": 6.4,
      "1": 7.0,
      "6": 8.6,
      "7": 10.0
    },
    "10": {
      "0": 1.4,
      "4": 2.2,
      "3": 4.0,
      "1": 4.0,
      "6": 4.2,
      "5": 5.6,
      "2": 6.6
    },
    "11": {
      "4": 2.4,
      "2": 2.2,
      "5": 1.4,
      "1": 4.0,
      "0": 5.0,
      "3": 6.2,
      "6": 6.8
    },
    "12": {
      "6": 1.0,
      "1": 3.4,
      "4": 3.8,
      "0": 4.6,
      "5": 5.8,
      "8": 4.8,
      "2": 5.2,
      "3": 8.6,
      "7": 7.8
    },
    "13": {
      "4": 3.6,
      "5": 5.4,
      "0": 4.2,
      "8": 3.4,
      "9": 4.2,
      "1": 8.2,
      "6": 6.8,
      "7": 4.0,
      "2": 5.2,
      "3": 10.0
    },
    "14": {
      "1": 2.8,
      "4": 1.6,
      "6": 2.6,
      "5": 3.2,
      "0": 5.0,
      "3": 5.8,
      "2": 7.0
    },
    "15": {
      "2": 1.2,
      "0": 2.2,
      "6": 2.6,
      "4": 4.4,
      "1": 5.4,
      "7": 5.2,
      "5": 7.2,
      "3": 7.8
    },
    "16": {
      "2": 1.4,
      "0": 2.6,
      "6": 2.2,
      "5": 4.8,
      "3": 4.0,
      "4": 6.2,
      "1": 6.8
    },
    "17": {
      "0": 1.2,
      "7": 2.2,
      "2": 2.8,
      "6": 4.4,
      "1": 4.4,
      "5": 7.0,
      "3": 6.6,
      "4": 7.4
    },
    "18": {
      "0": 1.4,
      "2": 1.6,
      "3": 3.0,
      "7": 4.0,
      "4": 6.0,
      "1": 6.4,
      "5": 6.2,
      "6": 7.4
    },
    "19": {
      "0": 1.0,
      "2": 2.4,
      "7": 4.0,
      "5": 3.2,
      "6": 7.0,
      "1": 5.2,
      "4": 5.6,
      "3": 7.6
    },
    "20": {
      "0": 1.0,
      "1": 2.6,
      "3": 3.4,
      "7": 4.6,
      "2": 4.8,
      "6": 5.4,
      "5": 6.2,
      "4": 8.0
    },
    "21": {
      "3": 2.4,
      "4": 2.6,
      "2": 1.4,
      "6": 3.6,
      "1": 5.0,
      "0": 6.6,
      "5": 6.4
    },
    "22": {
      "0": 1.4,
      "4": 2.2,
      "3": 2.4,
      "1": 4.0,
      "5": 5.0,
      "6": 6.0,
      "2": 7.0
    },
    "23": {
      "0": 1.0,
      "8": 2.8,
      "7": 3.2,
      "2": 4.4,
      "5": 4.0,
      "4": 6.4,
      "3": 6.4,
      "1": 7.8,
      "6": 9.0
    },
    "24": {
      "0": 1.0,
      "7": 2.0,
      "4": 3.0,
      "6": 4.8,
      "5": 5.2,
      "2": 6.2,
      "3": 5.8,
      "1": 8.0
    },
    "25": {
      "0": 1.4,
      "6": 3.6,
      "2": 3.4,
      "5": 2.4,
      "4": 4.2,
      "7": 6.0,
      "3": 7.2,
      "1": 7.8
    },
    "26": {
      "0": 1.2,
      "1": 2.6,
      "7": 4.2,
      "3": 2.4,
      "2": 4.6,
      "4": 7.2,
      "5": 6.8,
      "6": 7.0
    },
    "27": {
      "0": 1.0,
      "3": 3.2,
      "2": 4.6,
      "5": 3.4,
      "1": 5.0,
      "6": 4.4,
      "4": 6.4
    },
    "28": {
      "5": 2.0,
      "0": 1.2,
      "1": 3.0,
      "2": 4.6,
      "3": 5.2,
      "4": 5.0,
      "6": 7.0
    },
    "29": {
      "0": 1.0,
      "7": 2.8,
      "5": 4.2,
      "3": 3.2,
      "2": 3.8,
      "4": 6.6,
      "6": 7.2,
      "1": 7.2
    },
    "30": {
      "0": 1.0,
      "6": 4.25,
      "7": 5.0,
      "3": 5.75,
      "5": 3.5,
      "4": 3.75,
      "2": 6.25,
      "1": 6.5
    },
    "31": {
      "5": 1.8,
      "7": 2.0,
      "0": 3.2,
      "6": 5.8,
      "4": 4.2,
      "8": 4.8,
      "1": 6.8,
      "3": 7.4,
      "2": 9.0
    },
    "32": {
      "3": 1.4,
      "0": 2.0,
      "7": 2.6,
      "4": 4.4,
      "2": 4.8,
      "8": 6.0,
      "1": 7.2,
      "6": 7.6,
      "5": 9.0
    },
    "33": {
      "0": 1.0,
      "5": 2.0,
      "1": 3.6,
      "3": 5.6,
      "4": 4.8,
      "6": 6.2,
      "2": 4.8
    },
    "34": {
      "0": 1.0,
      "6": 4.0,
      "4": 2.6,
      "1": 3.2,
      "7": 4.2,
      "5": 7.2,
      "2": 6.8,
      "3": 7.0
    },
    "35": {
      "1": 1.0,
      "0": 6.0,
      "7": 3.0,
      "8": 3.25,
      "4": 7.0,
      "5": 6.25,
      "3": 7.75,
      "9": 7.0,
      "2": 7.75,
      "6": 6.0
    },
    "36": {
      "0": 1.0,
      "1": 4.0,
      "5": 2.6,
      "2": 2.8,
      "6": 5.6,
      "7": 6.2,
      "3": 6.8,
      "4": 7.0
    },
    "37": {
      "0": 2.4,
      "2": 1.6,
      "5": 3.0,
      "3": 3.4,
      "6": 4.6,
      "4": 6.0,
      "1": 7.0
    },
    "38": {
      "0": 1.0,
      "7": 2.2,
      "2": 2.8,
      "5": 4.0,
      "4": 5.0,
      "1": 6.8,
      "6": 6.6,
      "3": 7.6
    },
    "39": {
      "0": 1.0,
      "6": 3.0,
      "1": 5.2,
      "5": 3.4,
      "4": 3.0,
      "3": 5.8,
      "2": 6.6
    },
    "40": {
      "0": 1.2,
      "4": 2.0,
      "1": 3.6,
      "3": 4.4,
      "2": 5.4,
      "6": 4.4,
      "5": 7.0
    },
    "41": {
      "0": 1.0,
      "1": 2.2,
      "6": 3.4,
      "4": 4.0,
      "5": 6.0,
      "3": 5.6,
      "2": 5.8
    },
    "42": {
      "5": 1.0,
      "1": 2.8,
      "4": 2.2,
      "2": 4.2,
      "0": 5.0,
      "3": 6.2,
      "6": 6.6
    },
    "43": {
      "3": 2.2,
      "6": 1.8,
      "5": 2.8,
      "4": 3.2,
      "2": 5.6,
      "1": 6.2,
      "7": 7.2,
      "0": 7.0
    },
    "44": {
      "0": 1.0,
      "2": 2.0,
      "5": 3.0,
      "1": 4.25,
      "4": 5.5,
      "6": 5.25,
      "3": 7.0
    },
    "45": {
      "1": 1.8,
      "2": 3.2,
      "0": 1.8,
      "4": 3.8,
      "6": 5.2,
      "5": 5.4,
      "7": 7.2,
      "8": 7.6,
      "3": 9.0
    },
    "46": {
      "3": 2.6,
      "2": 2.8,
      "0": 2.4,