{
  "content_diversity": 0.5186902284622192,
  "classifier_auc": 0.8628589263420723,
  "ranking_stability": 0.6803040228437054,
  "feature_coefficients": {
    "word_count": 0.17904190502961778,
    "sentence_count": -0.3496918021493187,
    "avg_sentence_length": 0.10606454301264728,
    "paragraph_count": -0.23539068786495634,
    "heading_density": 0.057409878465100345,
    "list_frequency": 0.20851986900551597,
    "readability": -0.2924463027924657,
    "bold_emphasis_density": 0.15213495201004776,
    "citation_density": 0.07946955986081235,
    "statistic_density": -0.275890908454577,
    "quote_density": 0.17146822702622433,
    "named_source_mentions": -0.21487606769007805,
    "year_mentions": 0.16181788449488052,
    "claim_density": 0.36956594029230105,
    "external_reference_density": -0.02115753184842781,
    "question_density": 0.08736738859879593,
    "query_similarity": 2.351230467279367,
    "corpus_centroid_similarity": 0.08085789937453172,
    "type_token_ratio": -0.5529922752902391,
    "vocabulary_sophistication": 0.17449120071525948,
    "sentiment_polarity": 0.08469938378685948,
    "avg_word_length": -0.4433986453142017,
    "semantic_uniqueness": 0.9147958490312199,
    "information_density": 0.39512104956145905,
    "specificity_score": 0.08178707701319314
  },
  "avg_ranks": {
    "0": {
      "0": 1.25,
      "2": 1.75,
      "4": 4.75,
      "3": 5.25,
      "5": 3.5,
      "1": 5.75,
      "6": 7.0,
      "7": 6.75
    },
    "1": {
      "0": 1.0,
      "6": 2.2,
      "3": 2.8,
      "1": 5.8,
      "2": 5.0,
      "5": 4.4,
      "4": 6.8
    },
    "2": {
      "0": 1.0,
      "7": 2.0,
      "3": 3.4,
      "4": 4.4,
      "1": 6.2,
      "5": 5.2,
      "6": 6.4,
      "2": 7.4
    },
    "3": {
      "0": 1.4,
      "2": 3.0,
      "3": 3.6,
      "7": 4.4,
      "5": 2.6,
      "6": 7.0,
      "4": 7.2,
      "8": 6.8,
      "1": 9.0
    },
    "4": {
      "0": 1.0,
      "4": 2.0,
      "5": 4.0,
      "2": 3.6,
      "7": 5.8,
      "6": 6.2,
      "3": 5.4,
      "1": 8.0
    },
    "5": {
      "0": 1.0,
      "6": 3.2,
      "2": 4.0,
      "8": 3.0,
      "4": 6.6,
      "3": 6.2,
      "5": 7.4,
      "1": 4.6,
      "7": 9.0
    },
    "6": {
      "0": 1.8,
      "5": 1.6,
      "4": 4.2,
      "1": 3.0,
      "6": 4.6,
      "2": 5.8,
      "3": 7.2,
      "7": 7.8
    },
    "7": {
      "0": 1.2,
      "1": 1.8,
      "2": 3.8,
      "6": 3.4,
      "4": 5.0,
      "3": 6.0,
      "5": 6.8
    },
    "8": {
      "1": 1.4,
      "0": 1.6,
      "2": 3.0,
      "6": 4.4,
      "5": 5.0,
      "7": 7.2,
      "4": 6.2,
      "3": 7.2
    },
    "9": {
      "4": 1.0,
      "0": 2.0,
      "9": 3.0,
      "3": 4.2,
      "5": 6.8,
      "8": 7.0,
      "1": 6.8,
      "2": 7.0,
      "6": 7.2,
      "7": 10.0
    },
    "10": {
      "0": 1.2,
      "6": 4.2,
      "4": 2.0,
      "3": 4.0,
      "1": 4.2,
      "2": 6.2,
      "5": 6.2
    },
    "11": {
      "2": 1.2,
      "5": 2.8,
      "1": 3.8,
      "4": 2.8,
      "0": 4.4,
      "6": 6.6,
      "3": 6.4
    },
    "12": {
      "6": 2.6,
      "1": 4.2,
      "0": 3.2,
      "8": 4.2,
      "4": 2.6,
      "2": 5.4,
      "5": 7.2,
      "7": 8.2,
      "3": 7.4
    },
    "13": {
      "2": 4.2,
      "4": 3.4,
      "8": 3.6,
      "5": 3.0,
      "7": 4.0,
      "0": 4.2,
      "9": 7.0,
      "6": 7.2,
      "3": 9.8,
      "1": 8.6
    },
    "14": {
      "1": 2.2,
      "6": 2.4,
      "4": 2.6,
      "3": 4.8,
      "5": 3.4,
      "0": 5.6,
      "2": 7.0
    },
    "15": {
      "2": 1.2,
      "0": 2.2,
      "4": 4.2,
      "6": 3.6,
      "1": 5.0,
      "7": 5.0,
      "5": 6.8,
      "3": 8.0
    },
    "16": {
      "2": 1.6,
      "6": 1.8,
      "0": 2.6,
      "3": 4.4,
      "5": 4.6,
      "4": 6.2,
      "1": 6.8
    },
    "17": {
      "0": 1.2,
      "7": 2.0,
      "2": 2.8,
      "1": 4.6,
      "6": 4.4,
      "3": 7.0,
      "4": 7.0,
      "5": 7.0
    },
    "18": {
      "0": 1.0,
      "3": 2.4,
      "2": 2.6,
      "7": 4.0,
      "1": 6.2,
      "4": 5.6,
      "5": 7.2,
      "6": 7.0
    },
    "19": {
      "0": 1.0,
      "1": 5.0,
      "7": 3.4,
      "2": 2.8,
      "4": 4.8,
      "5": 4.4,
      "6": 6.6,
      "3": 8.0
    },
    "20": {
      "0": 1.0,
      "1": 2.0,
      "3": 4.75,
      "6": 6.0,
      "7": 4.75,
      "2": 5.75,
      "5": 4.5,
      "4": 7.25
    },
    "21": {
      "3": 1.2,
      "4": 2.2,
      "2": 2.6,
      "1": 4.2,
      "6": 4.8,
      "5": 6.4,
      "0": 6.6
    },
    "22": {
      "3": 1.2,
      "4": 2.8,
      "0": 2.0,
      "1": 4.0,
      "5": 5.0,
      "6": 6.0,
      "2": 7.0
    },
    "23": {
      "0": 1.0,
      "4": 3.8,
      "8": 3.8,
      "2": 3.8,
      "7": 3.8,
      "3": 7.0,
      "5": 5.0,
      "6": 8.8,
      "1": 8.0
    },
    "24": {
      "0": 1.0,
      "2": 3.0,
      "4": 3.2,
      "7": 2.8,
      "6": 5.2,
      "3": 6.6,
      "5": 6.2,
      "1": 8.0
    },
    "25": {
      "6": 2.6,
      "4": 4.4,
      "0": 1.8,
      "5": 3.0,
      "2": 3.8,
      "7": 5.4,
      "3": 7.4,
      "1": 7.6
    },
    "26": {
      "0": 1.0,
      "3": 2.4,
      "1": 2.6,
      "2": 4.4,
      "7": 4.6,
      "5": 6.2,
      "4": 7.4,
      "6": 7.4
    },
    "27": {
      "0": 1.0,
      "3": 2.2,
      "2": 3.4,
      "5": 4.2,
      "6": 5.2,
      "1": 5.0,
      "4": 7.0
    },
    "28": {
      "0": 1.2,
      "5": 2.2,
      "1": 2.6,
      "2": 4.8,
      "3": 5.0,
      "4": 5.4,
      "6": 6.8
    },
    "29": {
      "0": 1.0,
      "5": 3.6,
      "7": 3.0,
      "3": 3.2,
      "2": 4.4,
      "4": 6.0,
      "6": 7.6,
      "1": 7.2
    },
    "30": {
      "0": 1.0,
      "5": 3.4,
      "2": 5.6,
      "6": 5.4,
      "1": 6.8,
      "4": 4.4,
      "3": 5.0,
      "7": 4.4
    },
    "31": {
      "7": 2.4,
      "5": 2.0,
      "0": 3.0,
      "4": 3.6,
      "1": 6.6,
      "6": 5.0,
      "3": 7.2,
      "8": 6.2,
      "2": 9.0
    },
    "32": {
      "0": 2.0,
      "3": 1.2,
      "7": 2.8,
      "4": 4.2,
      "2": 4.8,
      "8": 6.2,
      "1": 7.2,
      "6": 7.6,
      "5": 9.0
    },
    "33": {
      "0": 1.0,
      "5": 2.0,
      "2": 4.2,
      "1": 3.6,
      "3": 6.2,
      "4": 4.8,
      "6": 6.2
    },
    "34": {
      "0": 1.0,
      "1": 3.6,
      "4": 2.6,
      "6": 4.0,
      "7": 3.8,
      "3": 6.6,
      "2": 7.2,
      "5": 7.2
    },
    "35": {
      "1": 1.0,
      "8": 2.0,
      "7": 3.0,
      "6": 6.5,
      "4": 6.5,
      "2": 6.5,
      "3": 6.5,
      "9": 6.5,
      "5": 6.5,
      "0": 10.0
    },
    "36": {
      "0": 1.0,
      "5": 2.0,
      "1": 3.4,
      "2": 3.8,
      "6": 4.8,
      "3": 7.0,
      "4": 7.2,
      "7": 6.8
    },
    "37": {
      "0": 2.4,
      "2": 1.6,
      "5": 4.2,
      "6": 4.4,
      "3": 2.4,
      "4": 6.0,
      "1": 7.0
    },
    "38": {
      "0": 1.0,
      "7": 2.0,
      "2": 3.0,
      "4": 5.6,
      "5": 4.6,
      "1": 6.8,
      "3": 6.6,
      "6": 6.4
    },
    "39": {
      "0": 1.0,
      "6": 3.4,
      "4": 3.0,
      "5": 2.8,
      "1": 5.8,
      "3": 5.4,
      "2": 6.6
    },
    "40": {
      "0": 1.2,
      "3": 3.8,
      "4": 2.8,
      "1": 2.8,
      "6": 5.6,
      "5": 6.8,
      "2": 5.0
    },
    "41": {
      "0": 1.0,
      "1": 2.0,
      "5": 4.5,
      "4": 4.0,
      "6": 3.5,
      "3": 6.0,
      "2": 7.0
    },
    "42": {
      "5": 1.0,
      "4": 2.5,
      "0": 4.0,
      "2": 4.25,
      "3": 6.25,
      "1": 3.5,
      "6": 6.5
    },
    "43": {
      "5": 1.2,
      "4": 2.8,
      "2": 4.6,
      "6": 2.4,
      "0": 5.4,
      "3": 5.6,
      "1": 6.6,
      "7": 7.4
    },
    "44": {
      "0": 1.0,
      "2": 2.0,
      "5": 3.0,
      "1": 4.4,
      "6": 5.2,
      "4": 5.4,
      "3": 7.0
    },
    "45": {
      "1": 1.2,
      "0": 2.2,
      "6": 4.4,
      "2": 3.4,
      "5": 5.2,
      "4": 5.6,
      "7": 7.4,
      "8": 6.8,
      "3": 8.8
    },