{
  "content_diversity": 0.516970157623291,
  "classifier_auc": 0.8495286663575954,
  "ranking_stability": 0.6659582567820316,
  "feature_coefficients": {
    "word_count": -0.10661003886522316,
    "sentence_count": 0.11155282447151017,
    "avg_sentence_length": -0.07081668183477367,
    "paragraph_count": -0.08446969020783919,
    "heading_density": 0.04957047918499728,
    "list_frequency": 0.1277868361794967,
    "readability": -0.22507404468054493,
    "bold_emphasis_density": 0.09274952017632963,
    "citation_density": -0.016795176003340618,
    "statistic_density": -0.2688862674727912,
    "quote_density": 0.03440988427942002,
    "named_source_mentions": -0.09653901656125935,
    "year_mentions": 0.1577521658702898,
    "claim_density": 0.33594683491031285,
    "external_reference_density": -0.029986997887872048,
    "question_density": -0.06540065275183587,
    "query_similarity": 2.4140405713535524,
    "corpus_centroid_similarity": 0.11950595384300444,
    "type_token_ratio": -0.285931151561251,
    "vocabulary_sophistication": 0.29414382171097947,
    "sentiment_polarity": -0.21596329915265142,
    "avg_word_length": -0.45525246495272953,
    "semantic_uniqueness": 0.9516291996514166,
    "information_density": 0.06843081502005202,
    "specificity_score": -0.048827083882236166
  },
  "avg_ranks": {
    "0": {
      "0": 1.0,
      "2": 2.8,
      "6": 4.25,
      "5": 4.25,
      "3": 5.5,
      "4": 6.25,
      "1": 7.0,
      "7": 6.0
    },
    "1": {
      "0": 1.6,
      "6": 2.0,
      "3": 2.4,
      "5": 4.8,
      "2": 5.0,
      "4": 6.4,
      "1": 5.8
    },
    "2": {
      "0": 1.4,
      "4": 4.4,
      "7": 2.0,
      "6": 4.4,
      "3": 4.0,
      "5": 6.8,
      "2": 5.6,
      "1": 7.4
    },
    "3": {
      "2": 3.2,
      "0": 2.0,
      "7": 3.0,
      "5": 2.6,
      "3": 4.8,
      "6": 6.2,
      "4": 6.4,
      "8": 7.8,
      "1": 9.0
    },
    "4": {
      "0": 1.0,
      "4": 2.0,
      "2": 3.4,
      "3": 6.0,
      "5": 4.4,
      "6": 5.0,
      "7": 6.2,
      "1": 8.0
    },
    "5": {
      "0": 1.0,
      "3": 4.8,
      "2": 4.0,
      "8": 2.8,
      "6": 4.2,
      "1": 4.6,
      "4": 6.6,
      "5": 8.0,
      "7": 9.0
    },
    "6": {
      "0": 1.6,
      "5": 2.2,
      "4": 4.0,
      "6": 4.2,
      "1": 3.4,
      "2": 5.6,
      "3": 7.2,
      "7": 7.8
    },
    "7": {
      "0": 1.2,
      "1": 1.8,
      "6": 3.6,
      "5": 5.8,
      "2": 3.6,
      "4": 5.8,
      "3": 6.2
    },
    "8": {
      "1": 1.4,
      "0": 1.8,
      "2": 2.8,
      "5": 6.0,
      "7": 5.2,
      "6": 5.4,
      "4": 5.6,
      "3": 7.8
    },
    "9": {
      "0": 1.6,
      "4": 1.4,
      "9": 3.0,
      "3": 5.0,
      "6": 6.2,
      "5": 5.8,
      "2": 7.0,
      "1": 7.4,
      "8": 7.6,
      "7": 10.0
    },
    "10": {
      "1": 3.4,
      "3": 3.0,
      "4": 2.6,
      "0": 2.8,
      "6": 4.8,
      "5": 4.8,
      "2": 6.6
    },
    "11": {
      "5": 1.8,
      "2": 2.0,
      "4": 2.4,
      "1": 3.8,
      "0": 5.0,
      "3": 6.4,
      "6": 6.6
    },
    "12": {
      "6": 1.0,
      "1": 4.2,
      "4": 2.8,
      "8": 4.8,
      "2": 4.8,
      "0": 3.6,
      "7": 7.4,
      "3": 8.4,
      "5": 8.0
    },
    "13": {
      "2": 4.2,
      "6": 6.2,
      "4": 3.2,
      "7": 3.4,
      "8": 3.6,
      "0": 6.4,
      "5": 6.2,
      "9": 5.4,
      "1": 6.4,
      "3": 10.0
    },
    "14": {
      "4": 1.4,
      "1": 2.4,
      "3": 4.0,
      "6": 3.0,
      "5": 4.6,
      "0": 5.6,
      "2": 7.0
    },
    "15": {
      "0": 3.2,
      "2": 1.2,
      "1": 2.6,
      "6": 4.0,
      "4": 4.6,
      "7": 5.6,
      "5": 6.8,
      "3": 8.0
    },
    "16": {
      "0": 2.2,
      "2": 1.6,
      "5": 4.0,
      "6": 2.4,
      "3": 4.8,
      "1": 6.6,
      "4": 6.4
    },
    "17": {
      "0": 1.4,
      "7": 1.6,
      "2": 3.0,
      "6": 4.0,
      "1": 5.0,
      "3": 6.0,
      "4": 7.8,
      "5": 7.2
    },
    "18": {
      "0": 1.4,
      "2": 1.8,
      "3": 2.8,
      "7": 4.0,
      "4": 7.0,
      "1": 6.2,
      "5": 5.6,
      "6": 7.2
    },
    "19": {
      "0": 1.0,
      "6": 3.4,
      "5": 4.4,
      "2": 2.6,
      "4": 6.2,
      "7": 3.8,
      "1": 6.8,
      "3": 7.8
    },
    "20": {
      "0": 1.0,
      "1": 2.8,
      "5": 6.2,
      "7": 3.8,
      "3": 4.6,
      "2": 4.8,
      "6": 4.8,
      "4": 8.0
    },
    "21": {
      "4": 2.0,
      "3": 2.6,
      "2": 2.6,
      "1": 3.6,
      "6": 4.2,
      "5": 6.4,
      "0": 6.6
    },
    "22": {
      "0": 1.4,
      "3": 1.6,
      "4": 3.0,
      "1": 4.4,
      "6": 5.2,
      "5": 5.4,
      "2": 7.0
    },
    "23": {
      "0": 1.0,
      "7": 3.2,
      "2": 3.2,
      "8": 3.4,
      "5": 4.6,
      "1": 7.0,
      "6": 8.6,
      "3": 7.6,
      "4": 6.4
    },
    "24": {
      "0": 1.0,
      "7": 3.0,
      "4": 2.6,
      "2": 3.4,
      "5": 5.8,
      "6": 6.2,
      "3": 6.2,
      "1": 7.8
    },
    "25": {
      "5": 2.6,
      "0": 1.8,
      "4": 5.0,
      "6": 3.0,
      "2": 3.2,
      "7": 5.4,
      "3": 7.0,
      "1": 8.0
    },
    "26": {
      "0": 1.0,
      "1": 2.4,
      "7": 4.0,
      "3": 2.8,
      "2": 4.8,
      "5": 6.6,
      "6": 6.6,
      "4": 7.8
    },
    "27": {
      "0": 1.0,
      "1": 4.4,
      "3": 2.4,
      "2": 3.0,
      "6": 5.0,
      "4": 6.8,
      "5": 5.4
    },
    "28": {
      "0": 1.0,
      "5": 2.2,
      "1": 3.6,
      "2": 5.2,
      "3": 4.6,
      "4": 4.4,
      "6": 7.0
    },
    "29": {
      "0": 1.0,
      "3": 2.8,
      "7": 3.4,
      "2": 4.8,
      "5": 3.2,
      "4": 6.6,
      "6": 6.6,
      "1": 7.6
    },
    "30": {
      "0": 1.0,
      "4": 3.8,
      "3": 3.4,
      "6": 4.8,
      "7": 5.8,
      "2": 5.8,
      "1": 7.4,
      "5": 4.0
    },
    "31": {
      "1": 4.4,
      "3": 5.4,
      "0": 4.4,
      "5": 2.8,
      "7": 4.0,
      "4": 3.0,
      "8": 5.4,
      "6": 6.8,
      "2": 8.8
    },
    "32": {
      "3": 1.0,
      "0": 2.0,
      "7": 3.0,
      "2": 5.666666666666667,
      "6": 6.666666666666667,
      "8": 5.333333333333333,
      "1": 5.666666666666667,
      "4": 6.666666666666667,
      "5": 9.0
    },
    "33": {
      "0": 1.0,
      "5": 2.0,
      "1": 3.2,
      "2": 4.8,
      "4": 6.0,
      "6": 5.6,
      "3": 5.4
    },
    "34": {
      "0": 1.0,
      "1": 2.6,
      "4": 2.8,
      "7": 3.8,
      "6": 4.8,
      "3": 7.0,
      "2": 6.8,
      "5": 7.2
    },
    "35": {
      "1": 1.0,
      "8": 2.3333333333333335,
      "9": 4.333333333333333,
      "7": 3.6666666666666665,
      "3": 7.0,
      "5": 6.0,
      "4": 6.333333333333333,
      "2": 7.666666666666667,
      "0": 7.0,
      "6": 9.666666666666666
    },
    "36": {
      "0": 1.0,
      "5": 2.0,
      "1": 3.6,
      "6": 4.6,
      "2": 4.2,
      "7": 6.6,
      "4": 7.4,
      "3": 6.6
    },
    "37": {
      "2": 1.4,
      "0": 1.8,
      "3": 3.2,
      "5": 3.8,
      "6": 4.8,
      "4": 6.0,
      "1": 7.0
    },
    "38": {
      "0": 1.0,
      "2": 2.6,
      "7": 2.4,
      "5": 4.2,
      "4": 5.0,
      "1": 5.8,
      "6": 7.4,
      "3": 7.6
    },
    "39": {
      "0": 2.2,
      "6": 4.0,
      "1": 3.2,
      "2": 5.8,
      "5": 2.2,
      "4": 4.0,
      "3": 6.6
    },
    "40": {
      "3": 2.8,
      "4": 3.2,
      "0": 2.2,
      "1": 2.2,
      "2": 5.2,
      "5": 6.4,
      "6": 6.0
    },
    "41": {
      "0": 1.0,
      "1": 2.2,
      "6": 3.4,
      "4": 3.8,
      "5": 4.6,
      "3": 6.4,
      "2": 6.6
    },
    "42": {
      "5": 1.0,
      "4": 3.2,
      "1": 2.2,
      "0": 4.2,
      "2": 4.4,
      "6": 6.6,
      "3": 6.4
    },
    "43": {
      "5": 2.0,
      "6": 1.6,
      "2": 4.6,
      "4": 3.2,
      "3": 4.4,
      "1": 5.6,
      "7": 7.6,
      "0": 7.0
    },
    "44": {
      "0": 1.0,
      "2": 2.0,
      "5": 3.0,
      "4": 5.0,
      "6": 5.2,
      "1": 4.8,
      "3": 7.0
    },