{
  "content_diversity": 0.5190184116363525,
  "classifier_auc": 0.8344656566342822,
  "ranking_stability": 0.6675908967575633,
  "feature_coefficients": {
    "word_count": 0.03550110598817338,
    "sentence_count": -0.12405520309203191,
    "avg_sentence_length": 0.1326395208555828,
    "paragraph_count": -0.3737081910403437,
    "heading_density": -0.32942532432025673,
    "list_frequency": 0.04547620400151156,
    "readability": -0.48195662083181506,
    "bold_emphasis_density": 0.002589969785460406,
    "citation_density": -0.11118484651390632,
    "statistic_density": -0.14418799137020705,
    "quote_density": 0.11950552653285289,
    "named_source_mentions": 0.03657277338368802,
    "year_mentions": 0.15552528408927774,
    "claim_density": 0.3173566372720695,
    "external_reference_density": -0.0689344869679222,
    "question_density": -0.14479620894739312,
    "query_similarity": 1.9664627696625983,
    "corpus_centroid_similarity": -0.0875174358426649,
    "type_token_ratio": -0.25776727495958573,
    "vocabulary_sophistication": 0.14754328310296586,
    "sentiment_polarity": -0.14040616092051653,
    "avg_word_length": 0.05726061271484943,
    "semantic_uniqueness": 0.7960926800445062,
    "information_density": 0.1515983360905524,
    "specificity_score": -0.004471613986671595
  },
  "avg_ranks": {
    "0": {
      "0": 1.0,
      "2": 2.0,
      "7": 4.75,
      "1": 4.75,
      "4": 6.75,
      "5": 5.0,
      "3": 4.25,
      "6": 7.5
    },
    "1": {
      "0": 1.0,
      "6": 2.2,
      "3": 2.8,
      "1": 5.6,
      "4": 6.6,
      "2": 4.8,
      "5": 5.0
    },
    "2": {
      "0": 1.4,
      "7": 1.6,
      "4": 4.4,
      "3": 3.6,
      "6": 5.0,
      "5": 6.4,
      "2": 6.8,
      "1": 6.8
    },
    "3": {
      "5": 2.8,
      "3": 1.4,
      "2": 4.6,
      "7": 3.0,
      "0": 3.2,
      "4": 6.4,
      "6": 6.6,
      "8": 8.0,
      "1": 9.0
    },
    "4": {
      "0": 1.0,
      "4": 2.0,
      "2": 3.4,
      "5": 5.0,
      "3": 6.0,
      "7": 4.6,
      "6": 6.0,
      "1": 8.0
    },
    "5": {
      "0": 1.0,
      "1": 3.6,
      "6": 3.4,
      "8": 3.2,
      "3": 4.6,
      "4": 5.4,
      "2": 6.8,
      "5": 8.0,
      "7": 9.0
    },
    "6": {
      "5": 1.8,
      "0": 1.6,
      "4": 4.0,
      "1": 2.8,
      "6": 4.8,
      "2": 6.0,
      "3": 7.2,
      "7": 7.8
    },
    "7": {
      "1": 1.6,
      "0": 1.4,
      "3": 5.6,
      "2": 4.0,
      "4": 4.8,
      "6": 4.0,
      "5": 6.6
    },
    "8": {
      "0": 1.6,
      "1": 1.4,
      "2": 3.2,
      "5": 4.4,
      "7": 6.0,
      "6": 5.8,
      "4": 6.4,
      "3": 7.2
    },
    "9": {
      "0": 1.2,
      "4": 1.8,
      "9": 3.2,
      "3": 4.0,
      "1": 6.8,
      "5": 6.2,
      "6": 8.0,
      "2": 7.2,
      "8": 7.6,
      "7": 9.0
    },
    "10": {
      "0": 1.8,
      "1": 3.0,
      "6": 3.4,
      "3": 3.2,
      "4": 3.8,
      "5": 6.2,
      "2": 6.6
    },
    "11": {
      "4": 1.8,
      "5": 2.2,
      "2": 2.6,
      "1": 4.6,
      "0": 3.8,
      "6": 6.8,
      "3": 6.2
    },
    "12": {
      "6": 1.4,
      "4": 1.6,
      "0": 3.0,
      "1": 5.6,
      "7": 5.6,
      "2": 5.6,
      "8": 5.2,
      "5": 8.6,
      "3": 8.4
    },
    "13": {
      "7": 1.0,
      "5": 3.8,
      "8": 2.8,
      "4": 3.0,
      "2": 5.8,
      "0": 6.2,
      "9": 6.8,
      "1": 7.8,
      "6": 7.8,
      "3": 10.0
    },
    "14": {
      "1": 1.0,
      "5": 3.8,
      "4": 3.6,
      "0": 4.8,
      "3": 3.8,
      "6": 4.0,
      "2": 7.0
    },
    "15": {
      "2": 1.0,
      "0": 2.8,
      "4": 4.2,
      "6": 3.8,
      "7": 4.4,
      "1": 4.8,
      "5": 7.0,
      "3": 8.0
    },
    "16": {
      "2": 2.0,
      "0": 2.0,
      "6": 2.4,
      "5": 4.4,
      "3": 4.2,
      "4": 6.6,
      "1": 6.4
    },
    "17": {
      "7": 2.0,
      "0": 1.4,
      "2": 2.8,
      "1": 5.4,
      "6": 4.0,
      "3": 5.8,
      "5": 7.2,
      "4": 7.4
    },
    "18": {
      "2": 2.2,
      "0": 1.2,
      "3": 2.6,
      "7": 4.0,
      "4": 5.6,
      "1": 6.6,
      "5": 6.0,
      "6": 7.8
    },
    "19": {
      "0": 1.0,
      "4": 5.2,
      "2": 3.4,
      "5": 5.2,
      "7": 4.2,
      "6": 5.2,
      "1": 4.0,
      "3": 7.8
    },
    "20": {
      "0": 1.0,
      "3": 2.75,
      "1": 2.75,
      "2": 5.0,
      "6": 4.25,
      "5": 6.5,
      "7": 6.0,
      "4": 7.75
    },
    "21": {
      "3": 1.2,
      "2": 2.6,
      "4": 2.2,
      "6": 4.6,
      "1": 4.4,
      "5": 6.4,
      "0": 6.6
    },
    "22": {
      "0": 2.0,
      "3": 1.4,
      "4": 2.8,
      "1": 3.8,
      "6": 5.0,
      "5": 6.0,
      "2": 7.0
    },
    "23": {
      "0": 1.0,
      "5": 5.0,
      "2": 2.8,
      "8": 3.4,
      "3": 6.8,
      "7": 4.0,
      "1": 7.4,
      "4": 5.6,
      "6": 9.0
    },
    "24": {
      "0": 1.0,
      "7": 2.8,
      "4": 3.0,
      "2": 3.2,
      "6": 5.6,
      "5": 6.0,
      "3": 6.4,
      "1": 8.0
    },
    "25": {
      "5": 4.0,
      "0": 1.4,
      "4": 2.4,
      "6": 3.2,
      "2": 4.2,
      "7": 5.8,
      "1": 7.4,
      "3": 7.6
    },
    "26": {
      "0": 1.0,
      "3": 2.4,
      "1": 3.2,
      "7": 4.2,
      "2": 4.2,
      "5": 6.8,
      "4": 7.2,
      "6": 7.0
    },
    "27": {
      "0": 1.0,
      "5": 3.8,
      "3": 2.2,
      "2": 3.2,
      "1": 4.8,
      "6": 6.0,
      "4": 7.0
    },
    "28": {
      "0": 1.4,
      "5": 1.8,
      "1": 3.4,
      "3": 4.4,
      "2": 4.4,
      "4": 5.6,
      "6": 7.0
    },
    "29": {
      "0": 1.0,
      "2": 4.0,
      "3": 3.0,
      "5": 3.4,
      "7": 3.6,
      "6": 7.0,
      "4": 6.2,
      "1": 7.8
    },
    "30": {
      "0": 1.0,
      "7": 3.6,
      "4": 2.6,
      "5": 6.0,
      "3": 4.8,
      "6": 5.6,
      "2": 5.4,
      "1": 7.0
    },
    "31": {
      "5": 2.6,
      "6": 5.2,
      "0": 4.2,
      "7": 4.8,
      "4": 4.0,
      "8": 5.2,
      "3": 5.2,
      "2": 8.8,
      "1": 5.0
    },
    "32": {
      "3": 1.25,
      "0": 2.0,
      "7": 2.75,
      "4": 4.0,
      "2": 5.5,
      "1": 7.25,
      "8": 6.25,
      "6": 7.0,
      "5": 9.0
    },
    "33": {
      "0": 1.0,
      "5": 2.0,
      "2": 4.2,
      "1": 4.2,
      "4": 5.2,
      "6": 5.8,
      "3": 5.6
    },
    "34": {
      "0": 1.0,
      "7": 2.8,
      "4": 3.6,
      "1": 3.2,
      "6": 4.4,
      "2": 6.8,
      "3": 6.6,
      "5": 7.6
    },
    "36": {
      "0": 1.0,
      "5": 2.0,
      "1": 3.2,
      "6": 4.6,
      "2": 4.8,
      "3": 6.6,
      "7": 6.6,
      "4": 7.2
    },
    "37": {
      "0": 1.0,
      "2": 2.0,
      "3": 3.2,
      "5": 4.0,
      "6": 4.8,
      "4": 6.0,
      "1": 7.0
    },
    "38": {
      "0": 1.0,
      "7": 2.25,
      "2": 2.75,
      "4": 4.75,
      "1": 5.25,
      "5": 5.0,
      "6": 7.25,
      "3": 7.75
    },
    "39": {
      "0": 1.8,
      "5": 2.0,
      "6": 3.2,
      "4": 3.6,
      "1": 4.6,
      "2": 6.2,
      "3": 6.6
    },
    "40": {
      "1": 1.6,
      "4": 3.4,
      "0": 3.2,
      "3": 3.4,
      "2": 3.4,
      "5": 6.6,
      "6": 6.4
    },
    "41": {
      "0": 1.0,
      "1": 2.0,
      "4": 3.6666666666666665,
      "6": 4.0,
      "5": 4.333333333333333,
      "2": 6.333333333333333,
      "3": 6.666666666666667
    },
    "42": {
      "5": 1.0,
      "4": 2.0,
      "1": 3.25,
      "0": 4.0,
      "2": 4.75,
      "3": 6.75,
      "6": 6.25
    },
    "43": {
      "6": 2.2,
      "4": 2.6,
      "5": 1.8,
      "3": 5.4,
      "1": 5.8,
      "0": 6.4,
      "2": 4.0,
      "7": 7.8
    },
    "44": {
      "0": 1.0,
      "2": 2.8,
      "5": 3.2,
      "1": 3.6,
      "6": 4.4,
      "4": 6.0,
      "3": 7.0
    },
    "45": {
      "0": 1.4,
      "2": 4.4,
      "6": 6.0,
      "4": 3.2,
      "5": 4.6,
      "1": 2.4,
      "7": 6.0,
      "8": 8.2,
      "3": 8.8
    },
    "46": {
      "3": 2.8,
      "0": 2.2,
      "2": 3.2,
      "1": 1.8,
      "7": 5.8,
      "5": 6.0,
      "6": 6.2,