{
  "content_diversity": 0.5164472460746765,
  "classifier_auc": 0.8330606504205057,
  "ranking_stability": 0.671396724828615,
  "feature_coefficients": {
    "word_count": 0.6724241224952844,
    "sentence_count": -0.554099029296229,
    "avg_sentence_length": 0.23328724384084876,
    "paragraph_count": -0.1627829348193874,
    "heading_density": 0.1391933942060907,
    "list_frequency": 0.003008108407618307,
    "readability": -0.5333242002830124,
    "bold_emphasis_density": 0.16214708966918326,
    "citation_density": 0.07011111701380554,
    "statistic_density": -0.15334997866711408,
    "quote_density": 0.06447507151882242,
    "named_source_mentions": -0.25779167111297685,
    "year_mentions": 0.22259144877256853,
    "claim_density": 0.14410763761500045,
    "external_reference_density": -0.07867555992385315,
    "question_density": -0.1406101387150524,
    "query_similarity": 2.0333964212585207,
    "corpus_centroid_similarity": 0.038751824779954924,
    "type_token_ratio": -0.379451827419655,
    "vocabulary_sophistication": 0.21059322726971602,
    "sentiment_polarity": -0.0778760200511062,
    "avg_word_length": -0.06382057645323948,
    "semantic_uniqueness": 0.8655819654327949,
    "information_density": -0.1272377913548567,
    "specificity_score": -0.1745840509576145
  },
  "avg_ranks": {
    "0": {
      "0": 1.0,
      "2": 2.0,
      "5": 3.6,
      "6": 5.0,
      "3": 5.4,
      "4": 5.8,
      "1": 6.6,
      "7": 6.6
    },
    "1": {
      "0": 2.0,
      "6": 2.6,
      "3": 1.4,
      "2": 5.0,
      "5": 5.4,
      "1": 5.4,
      "4": 6.2
    },
    "2": {
      "0": 1.0,
      "7": 2.0,
      "6": 5.0,
      "2": 5.6,
      "4": 5.0,
      "3": 3.6,
      "5": 6.2,
      "1": 7.6
    },
    "3": {
      "0": 1.8,
      "7": 2.8,
      "3": 3.4,
      "2": 2.6,
      "5": 4.4,
      "8": 7.4,
      "6": 6.4,
      "4": 7.2,
      "1": 9.0
    },
    "4": {
      "0": 1.0,
      "4": 2.0,
      "2": 3.4,
      "7": 5.0,
      "5": 3.8,
      "6": 6.4,
      "3": 6.4,
      "1": 8.0
    },
    "5": {
      "0": 1.0,
      "6": 3.2,
      "8": 3.8,
      "1": 3.2,
      "4": 6.2,
      "2": 5.8,
      "3": 5.4,
      "5": 7.6,
      "7": 8.8
    },
    "6": {
      "0": 1.6,
      "6": 4.4,
      "5": 2.4,
      "1": 3.8,
      "4": 2.8,
      "2": 6.0,
      "7": 7.8,
      "3": 7.2
    },
    "7": {
      "0": 1.6,
      "1": 1.4,
      "6": 3.4,
      "2": 3.8,
      "4": 6.0,
      "3": 5.0,
      "5": 6.8
    },
    "8": {
      "0": 1.4,
      "1": 2.0,
      "2": 2.8,
      "5": 4.6,
      "6": 5.2,
      "4": 6.0,
      "3": 7.6,
      "7": 6.4
    },
    "9": {
      "4": 1.6,
      "0": 1.4,
      "9": 3.0,
      "6": 5.6,
      "3": 4.6,
      "1": 8.0,
      "8": 7.4,
      "2": 6.2,
      "5": 7.2,
      "7": 10.0
    },
    "10": {
      "3": 1.8,
      "4": 1.8,
      "1": 3.4,
      "0": 3.2,
      "6": 5.6,
      "2": 6.6,
      "5": 5.6
    },
    "11": {
      "4": 3.2,
      "5": 1.2,
      "2": 2.4,
      "1": 3.2,
      "0": 5.0,
      "3": 6.0,
      "6": 7.0
    },
    "12": {
      "4": 1.8,
      "6": 1.2,
      "0": 3.8,
      "1": 4.8,
      "8": 3.8,
      "2": 6.0,
      "5": 7.4,
      "3": 8.0,
      "7": 8.2
    },
    "13": {
      "4": 1.4,
      "8": 3.6,
      "9": 4.8,
      "7": 3.0,
      "5": 6.0,
      "0": 4.6,
      "6": 6.0,
      "2": 7.2,
      "1": 8.4,
      "3": 10.0
    },
    "14": {
      "1": 3.2,
      "6": 1.6,
      "4": 2.2,
      "3": 4.2,
      "5": 4.4,
      "0": 5.4,
      "2": 7.0
    },
    "15": {
      "2": 1.0,
      "6": 3.4,
      "0": 2.6,
      "4": 4.8,
      "7": 5.0,
      "1": 4.2,
      "5": 7.0,
      "3": 8.0
    },
    "16": {
      "2": 2.2,
      "0": 1.6,
      "6": 2.2,
      "5": 4.2,
      "3": 4.8,
      "1": 6.2,
      "4": 6.8
    },
    "17": {
      "0": 1.2,
      "7": 1.8,
      "2": 3.0,
      "6": 4.2,
      "1": 4.8,
      "3": 6.0,
      "4": 7.6,
      "5": 7.4
    },
    "18": {
      "0": 1.4,
      "2": 1.8,
      "3": 2.8,
      "7": 4.0,
      "5": 6.0,
      "1": 6.6,
      "4": 6.4,
      "6": 7.0
    },
    "19": {
      "0": 1.0,
      "2": 2.8,
      "7": 3.8,
      "5": 4.0,
      "1": 4.6,
      "6": 5.2,
      "3": 7.8,
      "4": 6.8
    },
    "20": {
      "0": 1.0,
      "1": 2.0,
      "2": 5.0,
      "3": 3.75,
      "6": 4.25,
      "5": 6.5,
      "7": 5.5,
      "4": 8.0
    },
    "21": {
      "4": 2.8,
      "2": 2.2,
      "3": 3.6,
      "6": 2.4,
      "1": 4.0,
      "0": 6.8,
      "5": 6.2
    },
    "22": {
      "3": 1.6,
      "0": 1.8,
      "4": 2.8,
      "1": 3.8,
      "5": 5.2,
      "6": 5.8,
      "2": 7.0
    },
    "23": {
      "0": 1.0,
      "8": 2.8,
      "2": 3.0,
      "5": 4.6,
      "4": 6.2,
      "3": 6.8,
      "7": 4.0,
      "1": 8.0,
      "6": 8.6
    },
    "24": {
      "0": 1.0,
      "2": 2.6,
      "4": 2.6,
      "7": 3.8,
      "5": 6.8,
      "3": 5.8,
      "6": 5.6,
      "1": 7.8
    },
    "25": {
      "2": 2.2,
      "0": 1.6,
      "5": 2.8,
      "6": 3.4,
      "4": 5.2,
      "7": 5.8,
      "3": 7.2,
      "1": 7.8
    },
    "26": {
      "0": 1.0,
      "1": 2.4,
      "3": 2.8,
      "7": 4.2,
      "2": 4.6,
      "6": 7.0,
      "5": 6.2,
      "4": 7.8
    },
    "27": {
      "0": 1.0,
      "3": 2.2,
      "2": 3.6,
      "5": 4.2,
      "6": 5.4,
      "1": 4.6,
      "4": 7.0
    },
    "28": {
      "0": 1.0,
      "5": 2.0,
      "1": 3.8,
      "3": 4.6,
      "2": 4.6,
      "4": 5.0,
      "6": 7.0
    },
    "29": {
      "0": 1.0,
      "3": 2.6,
      "2": 4.0,
      "5": 3.6,
      "7": 3.8,
      "4": 6.4,
      "6": 7.2,
      "1": 7.4
    },
    "30": {
      "0": 1.0,
      "5": 4.0,
      "7": 3.8,
      "4": 3.4,
      "3": 5.0,
      "6": 6.8,
      "2": 5.4,
      "1": 6.6
    },
    "31": {
      "5": 1.6,
      "7": 2.4,
      "8": 5.4,
      "1": 6.0,
      "4": 3.4,
      "6": 5.4,
      "3": 7.6,
      "0": 4.4,
      "2": 8.8
    },
    "32": {
      "3": 1.0,
      "0": 2.2,
      "7": 2.8,
      "4": 4.0,
      "6": 6.2,
      "2": 5.8,
      "1": 7.4,
      "8": 6.6,
      "5": 9.0
    },
    "33": {
      "0": 1.0,
      "5": 2.0,
      "1": 3.2,
      "2": 4.0,
      "4": 5.6,
      "6": 6.2,
      "3": 6.0
    },
    "34": {
      "0": 1.0,
      "1": 3.0,
      "7": 3.8,
      "4": 3.2,
      "6": 4.6,
      "2": 6.5,
      "3": 7.6,
      "5": 7.0
    },
    "35": {
      "1": 1.0,
      "3": 6.25,
      "8": 2.5,
      "6": 5.25,
      "5": 6.75,
      "7": 4.25,
      "2": 7.5,
      "9": 7.0,
      "4": 6.5,
      "0": 8.0
    },
    "36": {
      "0": 1.0,
      "5": 2.75,
      "1": 3.5,
      "2": 3.75,
      "6": 5.25,
      "7": 6.0,
      "3": 6.5,
      "4": 7.25
    },
    "37": {
      "0": 2.0,
      "2": 1.8,
      "5": 3.2,
      "6": 4.4,
      "3": 3.6,
      "4": 6.0,
      "1": 7.0
    },
    "38": {
      "0": 1.0,
      "2": 2.6,
      "7": 2.4,
      "5": 4.0,
      "4": 5.0,
      "1": 6.4,
      "3": 7.2,
      "6": 7.4
    },
    "39": {
      "0": 1.2,
      "6": 2.4,
      "1": 5.0,
      "5": 3.4,
      "4": 4.4,
      "3": 6.2,
      "2": 5.4
    },
    "40": {
      "4": 2.6,
      "1": 3.2,
      "0": 1.6,
      "2": 4.0,
      "3": 3.6,
      "5": 6.6,
      "6": 6.4
    },
    "41": {
      "0": 1.0,
      "1": 2.0,
      "4": 3.0,
      "5": 4.333333333333333,
      "6": 4.666666666666667,
      "3": 6.0,
      "2": 7.0
    },
    "42": {
      "5": 1.0,
      "4": 3.4,
      "1": 2.2,
      "0": 4.2,
      "2": 4.2,
      "3": 6.4,
      "6": 6.6
    },
    "43": {
      "4": 2.4,
      "6": 1.8,
      "5": 3.4,
      "3": 3.2,
      "2": 5.2,
      "0": 5.6,
      "1": 7.4,
      "7": 7.0
    },
    "44": {
      "0": 1.0,
      "2": 2.6,
      "5": 2.8,
      "1": 4.8,
      "4": 5.4,
      "6": 4.4,
      "3": 7.0
    },
    "45": {
      "1": 2.2,
      "0": 2.6,
      "2": 3.4,
      "5": 5.0,
      "4": 3.6,
      "8": 7.0,
      "6": 4.8,
      "7": 7.4,