{
  "content_diversity": 0.5258911848068237,
  "classifier_auc": 0.8775690329088387,
  "ranking_stability": 0.6813620071684587,
  "feature_coefficients": {
    "word_count": -0.16820009184383494,
    "sentence_count": -0.15305407218972433,
    "avg_sentence_length": 0.04099736360613748,
    "paragraph_count": -0.2899320704282725,
    "heading_density": -0.06606626860242991,
    "list_frequency": 0.4475497192210758,
    "readability": 0.0,
    "bold_emphasis_density": -0.02793786011278957,
    "citation_density": 0.06890703350798254,
    "statistic_density": -0.0772830834009718,
    "quote_density": 0.08363206913344816,
    "named_source_mentions": -0.007785810102319452,
    "year_mentions": 0.03304007424627111,
    "claim_density": 0.14695405589098423,
    "external_reference_density": -0.14267943600097577,
    "question_density": 0.16982046199258408,
    "query_similarity": 2.1906950543920574,
    "corpus_centroid_similarity": -0.04628578184328572,
    "type_token_ratio": -0.5938123235518088,
    "vocabulary_sophistication": 0.0,
    "sentiment_polarity": 0.0,
    "avg_word_length": -0.661480044831556,
    "semantic_uniqueness": 0.7295476385379686,
    "information_density": 0.14456871111409542,
    "specificity_score": 0.03584198179456011
  },
  "avg_ranks": {
    "0": {
      "2": 1.6,
      "0": 1.4,
      "4": 3.8,
      "1": 5.8,
      "5": 4.0,
      "3": 5.6,
      "6": 7.2,
      "7": 6.6
    },
    "1": {
      "0": 1.0,
      "6": 2.0,
      "3": 3.0,
      "5": 5.2,
      "2": 5.4,
      "1": 4.8,
      "4": 6.6
    },
    "2": {
      "0": 1.0,
      "7": 2.0,
      "3": 3.4,
      "5": 6.2,
      "4": 4.8,
      "6": 5.0,
      "2": 6.8,
      "1": 6.8
    },
    "3": {
      "0": 1.4,
      "3": 2.8,
      "2": 2.6,
      "5": 4.0,
      "7": 4.6,
      "8": 6.6,
      "4": 6.8,
      "6": 7.2,
      "1": 9.0
    },
    "4": {
      "0": 1.0,
      "4": 2.2,
      "5": 3.0,
      "2": 4.0,
      "7": 5.2,
      "6": 5.8,
      "3": 6.8,
      "1": 8.0
    },
    "5": {
      "0": 1.0,
      "6": 2.4,
      "1": 3.4,
      "2": 4.0,
      "3": 6.0,
      "8": 4.4,
      "5": 7.8,
      "4": 7.0,
      "7": 9.0
    },
    "6": {
      "5": 1.0,
      "0": 2.2,
      "1": 4.0,
      "6": 4.4,
      "2": 5.4,
      "4": 4.0,
      "7": 7.2,
      "3": 7.8
    },
    "7": {
      "0": 1.0,
      "1": 2.0,
      "6": 3.6,
      "2": 4.0,
      "4": 5.2,
      "3": 5.2,
      "5": 7.0
    },
    "8": {
      "1": 1.0,
      "0": 2.0,
      "2": 3.0,
      "6": 4.8,
      "7": 5.8,
      "3": 7.0,
      "4": 6.8,
      "5": 5.6
    },
    "9": {
      "4": 1.2,
      "0": 1.8,
      "9": 3.0,
      "3": 4.4,
      "6": 6.0,
      "2": 6.6,
      "8": 6.4,
      "1": 7.4,
      "5": 8.2,
      "7": 10.0
    },
    "10": {
      "0": 1.4,
      "4": 2.8,
      "1": 2.4,
      "6": 5.8,
      "5": 4.8,
      "2": 6.2,
      "3": 4.6
    },
    "11": {
      "5": 1.6,
      "4": 1.8,
      "2": 2.6,
      "1": 4.0,
      "0": 5.0,
      "3": 6.4,
      "6": 6.6
    },
    "12": {
      "6": 1.2,
      "1": 3.6,
      "4": 2.6,
      "0": 4.8,
      "2": 5.4,
      "5": 6.0,
      "8": 6.0,
      "7": 8.0,
      "3": 7.4
    },
    "13": {
      "9": 4.0,
      "0": 3.6,
      "5": 4.4,
      "7": 3.4,
      "4": 4.2,
      "8": 4.4,
      "1": 8.2,
      "2": 5.8,
      "6": 7.0,
      "3": 10.0
    },
    "14": {
      "4": 1.6,
      "6": 3.0,
      "1": 3.0,
      "5": 3.0,
      "3": 4.6,
      "0": 5.8,
      "2": 7.0
    },
    "15": {
      "2": 1.2,
      "6": 3.6,
      "7": 3.8,
      "0": 3.0,
      "4": 4.0,
      "1": 5.6,
      "5": 6.8,
      "3": 8.0
    },
    "16": {
      "2": 1.6,
      "6": 2.2,
      "0": 2.4,
      "3": 3.8,
      "5": 5.0,
      "1": 6.0,
      "4": 7.0
    },
    "17": {
      "7": 1.8,
      "0": 1.4,
      "2": 2.8,
      "6": 4.2,
      "1": 4.8,
      "3": 6.0,
      "4": 7.4,
      "5": 7.6
    },
    "18": {
      "2": 1.6,
      "0": 1.4,
      "3": 3.0,
      "7": 4.0,
      "5": 6.6,
      "4": 5.6,
      "1": 6.6,
      "6": 7.2
    },
    "19": {
      "0": 1.0,
      "2": 2.4,
      "7": 3.6,
      "4": 5.6,
      "1": 4.6,
      "5": 4.6,
      "6": 7.2,
      "3": 7.0
    },
    "20": {
      "0": 1.0,
      "3": 3.0,
      "1": 2.75,
      "2": 5.75,
      "7": 4.25,
      "5": 5.75,
      "6": 5.5,
      "4": 8.0
    },
    "21": {
      "2": 1.0,
      "6": 2.25,
      "3": 3.5,
      "4": 4.0,
      "1": 4.25,
      "0": 6.25,
      "5": 6.75
    },
    "22": {
      "0": 1.4,
      "3": 2.0,
      "4": 2.6,
      "1": 4.0,
      "5": 5.0,
      "6": 6.0,
      "2": 7.0
    },
    "23": {
      "0": 1.0,
      "8": 2.2,
      "5": 4.8,
      "3": 6.4,
      "7": 4.6,
      "4": 5.2,
      "2": 4.2,
      "1": 7.6,
      "6": 9.0
    },
    "24": {
      "0": 1.0,
      "2": 3.2,
      "4": 2.8,
      "7": 3.0,
      "6": 5.6,
      "5": 5.8,
      "3": 6.6,
      "1": 8.0
    },
    "25": {
      "5": 2.6,
      "0": 2.8,
      "2": 4.2,
      "4": 3.2,
      "6": 2.2,
      "7": 6.0,
      "3": 7.4,
      "1": 7.6
    },
    "26": {
      "0": 1.0,
      "1": 2.8,
      "3": 2.2,
      "7": 4.4,
      "2": 4.6,
      "6": 6.4,
      "4": 7.6,
      "5": 7.0
    },
    "27": {
      "0": 1.0,
      "3": 3.4,
      "2": 4.4,
      "6": 4.8,
      "1": 4.0,
      "5": 3.8,
      "4": 6.6
    },
    "28": {
      "0": 1.0,
      "5": 2.2,
      "1": 2.8,
      "2": 4.6,
      "4": 5.4,
      "3": 5.0,
      "6": 7.0
    },
    "29": {
      "0": 1.0,
      "7": 3.6,
      "3": 2.2,
      "5": 4.2,
      "2": 4.2,
      "1": 6.8,
      "4": 6.2,
      "6": 7.8
    },
    "30": {
      "0": 1.0,
      "3": 4.0,
      "4": 3.6,
      "2": 5.0,
      "5": 3.4,
      "6": 6.4,
      "7": 6.4,
      "1": 6.2
    },
    "31": {
      "5": 1.6,
      "7": 2.4,
      "4": 3.8,
      "0": 3.8,
      "1": 5.8,
      "8": 4.0,
      "6": 7.4,
      "3": 7.4,
      "2": 8.8
    },
    "32": {
      "3": 1.0,
      "0": 2.0,
      "7": 3.0,
      "2": 4.4,
      "8": 5.8,
      "4": 4.8,
      "1": 7.8,
      "6": 7.4,
      "5": 8.8
    },
    "33": {
      "0": 1.0,
      "5": 2.0,
      "1": 3.0,
      "2": 4.6,
      "3": 5.6,
      "6": 6.4,
      "4": 5.4
    },
    "34": {
      "0": 1.0,
      "4": 2.2,
      "1": 2.8,
      "6": 4.6,
      "7": 4.4,
      "5": 6.8,
      "2": 7.0,
      "3": 7.2
    },
    "35": {
      "1": 1.0,
      "5": 4.75,
      "7": 2.75,
      "9": 6.0,
      "3": 6.75,
      "2": 7.75,
      "4": 5.5,
      "8": 4.75,
      "6": 7.75,
      "0": 8.0
    },
    "36": {
      "0": 1.0,
      "5": 2.0,
      "1": 3.2,
      "2": 4.0,
      "6": 5.2,
      "7": 5.8,
      "3": 6.8,
      "4": 8.0
    },
    "37": {
      "3": 2.6,
      "0": 3.0,
      "2": 1.6,
      "5": 3.0,
      "6": 4.8,
      "4": 6.0,
      "1": 7.0
    },
    "38": {
      "0": 1.0,
      "7": 2.2,
      "2": 2.8,
      "5": 5.4,
      "4": 5.4,
      "1": 6.6,
      "6": 6.0,
      "3": 6.6
    },
    "39": {
      "0": 1.0,
      "5": 2.8,
      "1": 4.8,
      "6": 3.4,
      "4": 3.6,
      "3": 6.0,
      "2": 6.4
    },
    "40": {
      "4": 1.75,
      "0": 1.25,
      "3": 4.0,
      "1": 3.5,
      "6": 4.75,
      "2": 5.75,
      "5": 7.0
    },
    "41": {
      "0": 1.0,
      "1": 2.0,
      "6": 3.3333333333333335,
      "4": 4.0,
      "5": 4.666666666666667,
      "3": 6.0,
      "2": 7.0
    },
    "42": {
      "5": 1.0,
      "4": 2.8,
      "1": 2.4,
      "3": 6.0,
      "2": 4.2,
      "0": 5.4,
      "6": 6.2
    },
    "43": {
      "5": 2.0,
      "4": 2.0,
      "6": 2.6,
      "2": 4.8,
      "3": 4.0,
      "0": 5.6,
      "7": 7.6,
      "1": 7.4
    },
    "44": {
      "0": 1.0,
      "2": 2.0,
      "5": 3.0,
      "1": 4.6,
      "6": 4.4,
      "4": 6.0,
      "3": 7.0
    },
    "45": {
      "0": 1.8,
      "1": 1.4,
      "2": 4.4,
      "8": 6.6,
      "5": 4.4,
      "6": 5.6,
      "4": 4.4,
      "7": 7.4,
      "3": 9.0
    },