{
  "content_diversity": 0.5177414417266846,
  "classifier_auc": 0.8516249174025351,
  "ranking_stability": 0.6626157928997045,
  "feature_coefficients": {
    "word_count": 0.3240504342253032,
    "sentence_count": -0.09974353784136022,
    "avg_sentence_length": -0.022586682164624988,
    "paragraph_count": -0.13391332870529932,
    "heading_density": -0.005331281347965228,
    "list_frequency": 0.5667887550694777,
    "readability": -0.3363356002081255,
    "bold_emphasis_density": -0.2810858330758865,
    "citation_density": -0.053859937665077434,
    "statistic_density": -0.26001784970339287,
    "quote_density": -0.0040149374882964,
    "named_source_mentions": -0.17863932813758934,
    "year_mentions": 0.12404816149332801,
    "claim_density": 0.3956422342159217,
    "external_reference_density": -0.07657691018165634,
    "question_density": -0.10571877051051115,
    "query_similarity": 2.3405201078241733,
    "corpus_centroid_similarity": 0.13789978844500195,
    "type_token_ratio": -0.1393018104472077,
    "vocabulary_sophistication": 0.2603698144706723,
    "sentiment_polarity": -0.2005830523715097,
    "avg_word_length": -0.36460192109082745,
    "semantic_uniqueness": 0.9260566110315369,
    "information_density": 0.04432603707568478,
    "specificity_score": -0.10465550909534391
  },
  "avg_ranks": {
    "0": {
      "0": 1.0,
      "2": 3.6666666666666665,
      "5": 4.25,
      "6": 6.25,
      "3": 6.0,
      "7": 5.5,
      "4": 5.0,
      "1": 5.0
    },
    "1": {
      "0": 1.6,
      "3": 2.4,
      "6": 2.0,
      "1": 5.8,
      "4": 6.4,
      "2": 5.0,
      "5": 4.8
    },
    "2": {
      "0": 2.7142857142857144,
      "4": 4.25,
      "7": 3.0,
      "6": 4.0,
      "3": 4.5,
      "5": 6.25,
      "1": 7.25,
      "2": 6.5
    },
    "3": {
      "2": 3.2,
      "0": 2.2,
      "5": 2.4,
      "7": 3.2,
      "3": 4.0,
      "6": 6.8,
      "4": 6.4,
      "8": 7.8,
      "1": 9.0
    },
    "4": {
      "0": 1.0,
      "4": 2.0,
      "2": 3.2,
      "5": 4.8,
      "3": 6.2,
      "6": 5.2,
      "7": 5.6,
      "1": 8.0
    },
    "5": {
      "0": 1.0,
      "6": 3.0,
      "3": 5.6,
      "8": 2.8,
      "2": 6.6,
      "4": 5.8,
      "1": 4.2,
      "5": 7.0,
      "7": 9.0
    },
    "6": {
      "0": 2.2,
      "5": 2.0,
      "6": 5.2,
      "1": 2.0,
      "4": 4.2,
      "2": 5.4,
      "3": 7.0,
      "7": 8.0
    },
    "7": {
      "0": 1.4,
      "1": 1.8,
      "6": 3.6,
      "4": 4.4,
      "2": 4.2,
      "3": 6.0,
      "5": 6.6
    },
    "8": {
      "0": 1.2,
      "1": 1.8,
      "2": 3.0,
      "5": 5.0,
      "7": 5.4,
      "6": 5.6,
      "4": 6.2,
      "3": 7.8
    },
    "9": {
      "0": 1.6,
      "4": 1.4,
      "9": 3.0,
      "3": 4.2,
      "6": 6.6,
      "5": 6.0,
      "2": 7.0,
      "8": 7.0,
      "1": 8.2,
      "7": 10.0
    },
    "10": {
      "1": 3.4,
      "3": 3.0,
      "4": 2.6,
      "0": 2.8,
      "6": 4.8,
      "5": 4.8,
      "2": 6.6
    },
    "11": {
      "5": 1.4,
      "2": 2.0,
      "4": 2.6,
      "1": 4.0,
      "0": 5.0,
      "3": 6.4,
      "6": 6.6
    },
    "12": {
      "6": 1.0,
      "1": 4.2,
      "4": 3.4,
      "0": 3.4,
      "2": 4.2,
      "8": 5.2,
      "7": 7.4,
      "5": 7.8,
      "3": 8.4
    },
    "13": {
      "7": 1.8,
      "8": 4.2,
      "2": 3.8,
      "0": 6.4,
      "4": 2.8,
      "6": 5.4,
      "5": 6.4,
      "9": 7.2,
      "1": 7.0,
      "3": 10.0
    },
    "14": {
      "4": 2.0,
      "1": 1.2,
      "3": 4.0,
      "6": 3.4,
      "5": 4.6,
      "0": 5.8,
      "2": 7.0
    },
    "15": {
      "0": 3.0,
      "2": 1.2,
      "6": 3.8,
      "1": 3.0,
      "4": 4.6,
      "7": 5.6,
      "5": 6.8,
      "3": 8.0
    },
    "16": {
      "2": 1.4,
      "6": 2.0,
      "0": 2.6,
      "3": 4.6,
      "5": 4.4,
      "4": 6.4,
      "1": 6.6
    },
    "17": {
      "0": 1.0,
      "7": 2.0,
      "2": 3.0,
      "6": 4.0,
      "1": 5.0,
      "3": 6.0,
      "5": 7.8,
      "4": 7.2
    },
    "18": {
      "2": 2.0,
      "0": 1.2,
      "3": 2.8,
      "7": 4.0,
      "6": 7.2,
      "1": 6.6,
      "5": 6.0,
      "4": 6.2
    },
    "19": {
      "0": 1.0,
      "2": 3.0,
      "7": 3.2,
      "6": 3.4,
      "1": 6.0,
      "5": 4.8,
      "4": 6.6,
      "3": 8.0
    },
    "20": {
      "0": 1.0,
      "1": 3.2,
      "5": 5.0,
      "3": 4.2,
      "2": 6.0,
      "6": 4.2,
      "7": 4.4,
      "4": 8.0
    },
    "21": {
      "3": 1.0,
      "4": 2.2,
      "2": 2.8,
      "6": 4.2,
      "1": 4.8,
      "0": 6.2,
      "5": 6.8
    },
    "22": {
      "3": 1.2,
      "0": 2.8,
      "4": 2.6,
      "1": 3.6,
      "6": 4.8,
      "5": 6.0,
      "2": 7.0
    },
    "23": {
      "0": 1.0,
      "7": 4.2,
      "8": 3.8,
      "2": 3.2,
      "3": 5.4,
      "5": 4.8,
      "4": 5.6,
      "1": 8.0,
      "6": 9.0
    },
    "24": {
      "0": 1.0,
      "7": 3.0,
      "4": 3.2,
      "2": 2.8,
      "5": 5.0,
      "3": 6.4,
      "6": 6.6,
      "1": 8.0
    },
    "25": {
      "4": 2.6,
      "5": 3.2,
      "0": 2.0,
      "6": 2.8,
      "2": 4.4,
      "7": 6.0,
      "3": 7.0,
      "1": 8.0
    },
    "26": {
      "0": 1.0,
      "1": 2.4,
      "3": 2.6,
      "7": 4.4,
      "2": 4.6,
      "5": 6.4,
      "6": 6.8,
      "4": 7.8
    },
    "27": {
      "0": 1.0,
      "1": 4.4,
      "5": 4.6,
      "2": 3.0,
      "3": 2.8,
      "6": 5.2,
      "4": 7.0
    },
    "28": {
      "0": 1.0,
      "5": 2.2,
      "1": 3.4,
      "2": 4.8,
      "4": 4.0,
      "6": 6.8,
      "3": 5.8
    },
    "29": {
      "0": 1.0,
      "5": 3.4,
      "7": 3.2,
      "3": 3.0,
      "2": 4.8,
      "4": 6.6,
      "1": 7.2,
      "6": 6.8
    },
    "30": {
      "0": 1.0,
      "4": 4.2,
      "3": 3.4,
      "7": 5.8,
      "5": 3.6,
      "6": 5.2,
      "1": 7.0,
      "2": 5.8
    },
    "31": {
      "8": 4.8,
      "4": 3.6,
      "5": 2.8,
      "7": 3.0,
      "0": 3.8,
      "6": 7.0,
      "1": 5.2,
      "3": 5.8,
      "2": 9.0
    },
    "32": {
      "3": 1.0,
      "7": 2.5,
      "0": 2.5,
      "2": 4.5,
      "4": 5.0,
      "6": 7.5,
      "8": 6.0,
      "1": 7.0,
      "5": 9.0
    },
    "33": {
      "0": 1.0,
      "5": 2.0,
      "1": 3.2,
      "2": 4.8,
      "6": 5.4,
      "3": 5.2,
      "4": 6.4
    },
    "34": {
      "0": 1.0,
      "4": 3.2,
      "1": 2.8,
      "7": 3.4,
      "6": 4.6,
      "5": 7.6,
      "3": 6.8,
      "2": 6.6
    },
    "35": {
      "1": 1.0,
      "8": 2.6,
      "6": 4.8,
      "7": 3.2,
      "0": 9.0,
      "4": 6.2,
      "2": 8.0,
      "5": 6.6,
      "9": 6.0,
      "3": 7.6
    },
    "36": {
      "0": 1.0,
      "5": 2.0,
      "1": 3.25,
      "2": 4.0,
      "3": 6.0,
      "6": 5.0,
      "7": 7.5,
      "4": 7.25
    },
    "37": {
      "2": 1.6,
      "3": 3.0,
      "0": 2.0,
      "6": 4.0,
      "5": 4.4,
      "4": 6.0,
      "1": 7.0
    },
    "38": {
      "0": 1.0,
      "2": 2.4,
      "7": 2.6,
      "5": 4.2,
      "4": 5.0,
      "1": 5.8,
      "6": 7.4,
      "3": 7.6
    },
    "39": {
      "1": 3.2,
      "4": 4.0,
      "0": 1.8,
      "5": 2.6,
      "6": 4.0,
      "3": 6.6,
      "2": 5.8
    },
    "40": {
      "3": 2.2,
      "1": 2.4,
      "0": 2.4,
      "4": 3.2,
      "6": 5.8,
      "2": 5.4,
      "5": 6.6
    },
    "41": {
      "0": 1.0,
      "1": 2.2,
      "6": 3.4,
      "4": 4.4,
      "5": 4.0,
      "3": 6.6,
      "2": 6.4
    },
    "42": {
      "5": 1.0,
      "1": 2.4,
      "4": 3.2,
      "2": 4.6,
      "0": 4.2,
      "3": 6.4,
      "6": 6.2
    },
    "43": {
      "6": 1.6,
      "5": 2.0,
      "4": 3.2,
      "3": 4.6,
      "0": 5.8,
      "1": 6.0,
      "2": 5.0,
      "7": 7.8
    },
    "44": {
      "0": 1.0,
      "2": 2.0,
      "5": 3.0,
      "4": 5.4,
      "6": 5.0,
      "1": 4.6,
      "3": 7.0
    },
    "45": {
      "2": 3.6,
      "0": 2.2,
      "1": 2.8,
      "4": 2.8,
      "6": 4.2,
      "5": 5.8,
      "8": 6.6,
      "7": 8.0,