{
  "content_diversity": 0.5247280597686768,
  "classifier_auc": 0.8769081088334955,
  "ranking_stability": 0.6925847495972922,
  "feature_coefficients": {
    "word_count": 0.025863817086767885,
    "sentence_count": -0.42770687354892817,
    "avg_sentence_length": -0.038258321968588034,
    "paragraph_count": -0.5164235920504465,
    "heading_density": 0.08483209428939906,
    "list_frequency": 0.16281273795906534,
    "readability": 0.0,
    "bold_emphasis_density": 0.18578912268659706,
    "citation_density": 0.04203971003282928,
    "statistic_density": -0.2654232660856386,
    "quote_density": 0.05300222624972802,
    "named_source_mentions": 0.03421733344424018,
    "year_mentions": 0.058820390092644094,
    "claim_density": 0.4246719752805613,
    "external_reference_density": -0.1213163481132163,
    "question_density": 0.1106914752958559,
    "query_similarity": 2.127000868868788,
    "corpus_centroid_similarity": -0.15741350589300313,
    "type_token_ratio": -0.6033552059477898,
    "vocabulary_sophistication": 0.0,
    "sentiment_polarity": 0.0,
    "avg_word_length": -0.527888688423945,
    "semantic_uniqueness": 0.7351206308450389,
    "information_density": 0.027829613779069944,
    "specificity_score": -0.1175792159877023
  },
  "avg_ranks": {
    "0": {
      "0": 1.0,
      "2": 2.0,
      "5": 4.25,
      "3": 3.5,
      "1": 6.25,
      "6": 7.0,
      "7": 6.5,
      "4": 5.5
    },
    "1": {
      "0": 1.0,
      "6": 2.0,
      "3": 3.0,
      "2": 5.8,
      "5": 6.0,
      "4": 5.4,
      "1": 4.8
    },
    "2": {
      "0": 1.0,
      "7": 2.0,
      "3": 3.6,
      "6": 6.0,
      "4": 4.2,
      "2": 6.6,
      "1": 6.2,
      "5": 6.4
    },
    "3": {
      "0": 1.2,
      "3": 2.8,
      "2": 2.4,
      "5": 3.6,
      "7": 5.2,
      "6": 6.2,
      "4": 7.0,
      "8": 7.6,
      "1": 9.0
    },
    "4": {
      "0": 1.0,
      "4": 2.6,
      "2": 3.6,
      "5": 3.0,
      "7": 5.6,
      "6": 5.8,
      "3": 6.4,
      "1": 8.0
    },
    "5": {
      "0": 1.0,
      "6": 3.0,
      "8": 2.8,
      "4": 6.0,
      "2": 4.6,
      "1": 4.4,
      "5": 7.8,
      "3": 6.4,
      "7": 9.0
    },
    "6": {
      "5": 1.2,
      "0": 3.0,
      "2": 4.2,
      "1": 2.6,
      "6": 4.4,
      "4": 5.6,
      "3": 7.4,
      "7": 7.6
    },
    "7": {
      "1": 1.0,
      "0": 2.0,
      "2": 3.6,
      "4": 5.0,
      "3": 5.6,
      "6": 3.8,
      "5": 7.0
    },
    "8": {
      "1": 1.0,
      "0": 2.0,
      "2": 3.0,
      "5": 4.0,
      "6": 5.6,
      "3": 6.4,
      "7": 6.8,
      "4": 7.2
    },
    "9": {
      "0": 1.8,
      "4": 1.6,
      "9": 3.2,
      "3": 3.6,
      "1": 6.8,
      "2": 6.2,
      "6": 7.0,
      "8": 7.4,
      "5": 7.6,
      "7": 9.8
    },
    "10": {
      "4": 2.2,
      "3": 4.4,
      "0": 1.4,
      "1": 3.4,
      "6": 5.0,
      "5": 5.0,
      "2": 6.6
    },
    "11": {
      "2": 2.2,
      "4": 1.8,
      "5": 2.0,
      "1": 4.0,
      "0": 5.0,
      "6": 6.6,
      "3": 6.4
    },
    "12": {
      "6": 1.6,
      "4": 1.8,
      "1": 6.2,
      "8": 3.4,
      "0": 4.6,
      "7": 5.8,
      "2": 5.8,
      "5": 6.8,
      "3": 9.0
    },
    "13": {
      "2": 5.0,
      "4": 3.8,
      "8": 4.2,
      "7": 2.6,
      "5": 6.2,
      "0": 3.4,
      "9": 4.0,
      "6": 8.4,
      "1": 7.4,
      "3": 10.0
    },
    "14": {
      "4": 2.0,
      "6": 2.2,
      "5": 4.6,
      "1": 3.4,
      "3": 3.2,
      "0": 5.6,
      "2": 7.0
    },
    "15": {
      "0": 2.4,
      "2": 1.2,
      "1": 4.4,
      "6": 3.6,
      "7": 5.0,
      "4": 4.4,
      "5": 7.0,
      "3": 8.0
    },
    "16": {
      "2": 1.2,
      "6": 2.2,
      "3": 4.2,
      "0": 2.8,
      "5": 4.6,
      "4": 6.2,
      "1": 6.8
    },
    "17": {
      "7": 2.4,
      "0": 1.2,
      "2": 3.6,
      "1": 4.2,
      "6": 3.6,
      "4": 6.8,
      "5": 7.0,
      "3": 7.2
    },
    "18": {
      "0": 1.2,
      "2": 2.0,
      "3": 2.8,
      "7": 4.0,
      "4": 6.4,
      "6": 7.0,
      "1": 6.4,
      "5": 6.2
    },
    "19": {
      "0": 1.0,
      "2": 2.2,
      "7": 3.6,
      "1": 3.6,
      "5": 4.6,
      "3": 7.4,
      "4": 6.4,
      "6": 7.2
    },
    "20": {
      "0": 1.0,
      "3": 2.6,
      "1": 2.6,
      "6": 5.4,
      "7": 5.2,
      "2": 4.8,
      "5": 6.4,
      "4": 8.0
    },
    "21": {
      "3": 1.6,
      "4": 2.2,
      "2": 2.6,
      "1": 4.4,
      "6": 4.2,
      "0": 6.6,
      "5": 6.4
    },
    "22": {
      "4": 2.2,
      "0": 1.8,
      "3": 2.0,
      "1": 4.0,
      "6": 5.4,
      "5": 5.6,
      "2": 7.0
    },
    "23": {
      "0": 1.0,
      "8": 2.6,
      "7": 3.6,
      "4": 5.0,
      "5": 5.2,
      "2": 4.0,
      "3": 6.6,
      "1": 8.2,
      "6": 8.8
    },
    "24": {
      "0": 1.0,
      "4": 3.0,
      "7": 2.8,
      "2": 3.8,
      "5": 6.2,
      "3": 5.4,
      "6": 5.8,
      "1": 8.0
    },
    "25": {
      "0": 2.0,
      "2": 4.0,
      "5": 2.2,
      "6": 3.0,
      "4": 3.8,
      "7": 6.0,
      "3": 7.2,
      "1": 7.8
    },
    "26": {
      "0": 1.0,
      "1": 2.6,
      "3": 2.4,
      "7": 4.2,
      "2": 4.8,
      "5": 7.2,
      "4": 7.4,
      "6": 6.4
    },
    "27": {
      "0": 1.0,
      "5": 3.8,
      "3": 2.8,
      "1": 4.2,
      "6": 4.4,
      "2": 4.8,
      "4": 7.0
    },
    "28": {
      "0": 1.0,
      "5": 2.0,
      "1": 3.6,
      "4": 4.8,
      "2": 4.8,
      "3": 4.8,
      "6": 7.0
    },
    "29": {
      "0": 1.0,
      "7": 2.0,
      "2": 4.0,
      "3": 3.5,
      "5": 4.5,
      "1": 7.25,
      "6": 7.0,
      "4": 6.75
    },
    "30": {
      "0": 1.0,
      "5": 2.3333333333333335,
      "2": 4.333333333333333,
      "4": 3.0,
      "6": 6.0,
      "3": 6.0,
      "1": 7.666666666666667,
      "7": 5.666666666666667
    },
    "32": {
      "3": 1.0,
      "0": 2.2,
      "7": 2.8,
      "2": 4.6,
      "4": 4.4,
      "8": 6.2,
      "1": 7.4,
      "6": 7.4,
      "5": 9.0
    },
    "31": {
      "4": 2.75,
      "5": 2.25,
      "7": 2.75,
      "6": 6.0,
      "1": 5.75,
      "8": 7.0,
      "0": 3.0,
      "3": 6.75,
      "2": 8.75
    },
    "33": {
      "0": 1.0,
      "5": 2.0,
      "2": 6.0,
      "1": 3.2,
      "4": 5.4,
      "6": 5.8,
      "3": 4.6
    },
    "34": {
      "0": 1.0,
      "4": 2.3333333333333335,
      "1": 2.6666666666666665,
      "6": 4.333333333333333,
      "7": 4.666666666666667,
      "2": 7.0,
      "3": 6.666666666666667,
      "5": 7.333333333333333
    },
    "35": {
      "1": 1.0,
      "0": 4.0,
      "7": 4.0,
      "5": 5.0,
      "4": 5.0,
      "9": 6.5,
      "3": 8.0,
      "2": 6.5,
      "6": 7.75,
      "8": 7.25
    },
    "36": {
      "0": 1.0,
      "1": 3.2,
      "5": 2.2,
      "2": 3.6,
      "7": 5.4,
      "4": 7.2,
      "3": 6.6,
      "6": 6.8
    },
    "37": {
      "5": 2.2,
      "0": 2.4,
      "2": 2.0,
      "6": 4.2,
      "3": 4.2,
      "4": 6.0,
      "1": 7.0
    },
    "38": {
      "0": 1.0,
      "7": 2.0,
      "2": 3.0,
      "3": 5.0,
      "6": 5.5,
      "5": 5.5,
      "4": 6.5,
      "1": 7.5
    },
    "39": {
      "0": 1.0,
      "3": 5.4,
      "5": 3.4,
      "6": 3.0,
      "4": 3.6,
      "2": 4.8,
      "1": 6.8
    },
    "40": {
      "0": 1.2,
      "4": 1.8,
      "1": 3.8,
      "2": 4.8,
      "6": 5.2,
      "3": 4.2,
      "5": 7.0
    },
    "41": {
      "0": 1.0,
      "1": 2.25,
      "6": 3.0,
      "5": 4.25,
      "4": 4.5,
      "2": 6.5,
      "3": 6.5
    },
    "42": {
      "5": 1.0,
      "1": 2.6,
      "4": 2.8,
      "2": 3.8,
      "0": 4.8,
      "6": 6.6,
      "3": 6.4
    },
    "43": {
      "5": 1.4,
      "4": 2.0,
      "6": 2.8,
      "2": 5.8,
      "3": 4.4,
      "1": 6.6,
      "7": 6.8,
      "0": 6.2
    },
    "44": {
      "0": 1.0,
      "6": 4.8,
      "5": 3.0,
      "2": 2.4,
      "1": 4.4,
      "4": 5.4,
      "3": 7.0
    },
    "45": {
      "0": 1.4,
      "1": 1.6,
      "6": 4.0,
      "4": 4.4,