{
  "content_diversity": 0.5265637636184692,
  "classifier_auc": 0.8727996461742592,
  "ranking_stability": 0.6682957393483708,
  "feature_coefficients": {
    "word_count": -0.14887636979998498,
    "sentence_count": -0.29887024349544444,
    "avg_sentence_length": 0.02172972347785034,
    "paragraph_count": -0.4364579123921149,
    "heading_density": -0.1698035063137966,
    "list_frequency": 0.10519425307911787,
    "readability": 0.0,
    "bold_emphasis_density": -0.005702213331180357,
    "citation_density": 0.06850572861777755,
    "statistic_density": -0.1255254716704215,
    "quote_density": 0.0225380964084046,
    "named_source_mentions": 0.007044806099853665,
    "year_mentions": 0.01636281410214642,
    "claim_density": 0.171072580048847,
    "external_reference_density": -0.2481405275847941,
    "question_density": 0.17137997201614574,
    "query_similarity": 1.972059559854383,
    "corpus_centroid_similarity": -0.13587801136807104,
    "type_token_ratio": -0.7208755713181058,
    "vocabulary_sophistication": 0.0,
    "sentiment_polarity": 0.0,
    "avg_word_length": -0.4255907769992633,
    "semantic_uniqueness": 0.5953301575993852,
    "information_density": -0.18882884910661218,
    "specificity_score": -0.039285898743088805
  },
  "avg_ranks": {
    "0": {
      "0": 1.4,
      "2": 1.6,
      "6": 6.2,
      "3": 4.2,
      "5": 3.8,
      "1": 5.6,
      "4": 6.4,
      "7": 6.8
    },
    "1": {
      "0": 1.25,
      "6": 2.0,
      "3": 2.75,
      "1": 5.0,
      "4": 6.0,
      "2": 5.75,
      "5": 5.25
    },
    "2": {
      "0": 1.0,
      "7": 2.0,
      "3": 3.8,
      "5": 5.2,
      "4": 5.4,
      "6": 6.4,
      "2": 6.2,
      "1": 6.0
    },
    "3": {
      "0": 1.2,
      "7": 4.0,
      "3": 2.4,
      "2": 2.8,
      "5": 4.8,
      "4": 6.0,
      "6": 7.2,
      "8": 7.6,
      "1": 9.0
    },
    "4": {
      "0": 1.0,
      "4": 2.2,
      "5": 3.0,
      "2": 3.8,
      "3": 6.4,
      "6": 5.6,
      "7": 6.0,
      "1": 8.0
    },
    "5": {
      "0": 1.2,
      "6": 2.4,
      "1": 3.4,
      "2": 4.2,
      "3": 6.6,
      "8": 4.2,
      "4": 6.2,
      "5": 7.8,
      "7": 9.0
    },
    "6": {
      "5": 1.4,
      "0": 2.4,
      "1": 3.2,
      "4": 3.4,
      "6": 5.2,
      "2": 5.4,
      "3": 7.4,
      "7": 7.6
    },
    "7": {
      "0": 1.0,
      "2": 3.8,
      "1": 2.2,
      "3": 5.6,
      "6": 3.6,
      "4": 4.8,
      "5": 7.0
    },
    "8": {
      "1": 1.2,
      "0": 1.8,
      "2": 3.0,
      "5": 4.0,
      "6": 5.8,
      "7": 6.2,
      "3": 7.4,
      "4": 6.6
    },
    "9": {
      "4": 1.2,
      "0": 1.8,
      "9": 3.2,
      "3": 4.0,
      "7": 8.8,
      "1": 6.8,
      "8": 7.0,
      "6": 7.8,
      "5": 8.2,
      "2": 6.2
    },
    "10": {
      "4": 2.2,
      "0": 1.4,
      "1": 2.8,
      "6": 4.8,
      "5": 5.2,
      "3": 4.8,
      "2": 6.8
    },
    "11": {
      "5": 2.6,
      "4": 1.8,
      "2": 2.2,
      "1": 3.4,
      "0": 5.0,
      "3": 6.2,
      "6": 6.8
    },
    "12": {
      "6": 1.0,
      "2": 5.0,
      "4": 2.4,
      "0": 3.6,
      "8": 4.2,
      "7": 7.2,
      "5": 5.6,
      "1": 7.0,
      "3": 9.0
    },
    "13": {
      "4": 2.0,
      "7": 3.6,
      "5": 5.2,
      "0": 3.2,
      "8": 4.0,
      "9": 5.6,
      "2": 7.0,
      "6": 6.8,
      "1": 7.6,
      "3": 10.0
    },
    "14": {
      "4": 1.2,
      "6": 2.6,
      "1": 3.4,
      "5": 4.4,
      "0": 5.8,
      "3": 3.6,
      "2": 7.0
    },
    "15": {
      "4": 4.0,
      "7": 3.25,
      "6": 3.25,
      "0": 2.25,
      "2": 2.25,
      "1": 6.0,
      "5": 7.0,
      "3": 8.0
    },
    "16": {
      "2": 1.4,
      "6": 1.6,
      "0": 3.0,
      "3": 4.2,
      "5": 4.8,
      "4": 6.4,
      "1": 6.6
    },
    "17": {
      "0": 1.6,
      "7": 1.4,
      "2": 3.0,
      "1": 4.6,
      "6": 4.4,
      "5": 7.0,
      "4": 7.4,
      "3": 6.6
    },
    "18": {
      "2": 1.5,
      "0": 1.5,
      "3": 3.0,
      "7": 4.0,
      "1": 6.5,
      "5": 6.75,
      "4": 6.0,
      "6": 6.75
    },
    "19": {
      "0": 1.0,
      "2": 2.75,
      "7": 4.5,
      "1": 6.25,
      "5": 3.5,
      "6": 7.0,
      "4": 6.25,
      "3": 4.75
    },
    "20": {
      "0": 1.0,
      "1": 2.4,
      "3": 4.2,
      "6": 6.0,
      "2": 4.4,
      "7": 3.6,
      "5": 6.6,
      "4": 7.8
    },
    "21": {
      "3": 1.8,
      "2": 2.2,
      "4": 3.0,
      "6": 3.8,
      "1": 4.2,
      "0": 6.2,
      "5": 6.8
    },
    "22": {
      "3": 1.6,
      "0": 1.6,
      "4": 2.8,
      "1": 4.0,
      "5": 5.0,
      "6": 6.0,
      "2": 7.0
    },
    "23": {
      "0": 1.0,
      "8": 2.6,
      "2": 3.6,
      "5": 4.2,
      "7": 5.0,
      "3": 7.0,
      "4": 5.0,
      "6": 8.8,
      "1": 7.8
    },
    "24": {
      "0": 1.0,
      "2": 4.0,
      "4": 2.8,
      "7": 3.0,
      "6": 6.4,
      "3": 6.0,
      "1": 7.8,
      "5": 5.0
    },
    "25": {
      "5": 1.8,
      "0": 2.2,
      "6": 3.4,
      "4": 4.8,
      "7": 3.8,
      "2": 5.0,
      "3": 7.2,
      "1": 7.8
    },
    "26": {
      "0": 1.0,
      "3": 2.4,
      "1": 2.6,
      "2": 4.4,
      "7": 4.6,
      "5": 6.0,
      "4": 7.4,
      "6": 7.6
    },
    "27": {
      "0": 1.0,
      "3": 2.0,
      "2": 4.2,
      "5": 4.2,
      "6": 5.0,
      "1": 4.6,
      "4": 7.0
    },
    "28": {
      "5": 1.6,
      "0": 1.4,
      "1": 3.0,
      "2": 4.2,
      "3": 5.4,
      "4": 5.4,
      "6": 7.0
    },
    "29": {
      "0": 1.0,
      "7": 3.4,
      "3": 3.0,
      "5": 3.4,
      "2": 4.2,
      "4": 6.8,
      "1": 7.0,
      "6": 7.2
    },
    "30": {
      "0": 1.0,
      "5": 4.8,
      "3": 4.2,
      "4": 3.8,
      "7": 4.6,
      "1": 6.0,
      "6": 5.8,
      "2": 5.8
    },
    "31": {
      "5": 1.8,
      "0": 2.2,
      "4": 3.6,
      "7": 3.2,
      "8": 6.2,
      "1": 5.4,
      "6": 6.2,
      "2": 8.8,
      "3": 7.6
    },
    "32": {
      "3": 1.0,
      "0": 2.4,
      "7": 2.6,
      "4": 4.2,
      "2": 4.8,
      "8": 6.0,
      "1": 7.2,
      "6": 8.0,
      "5": 8.8
    },
    "33": {
      "0": 1.2,
      "5": 1.8,
      "1": 3.0,
      "3": 5.8,
      "6": 5.6,
      "4": 5.4,
      "2": 5.2
    },
    "34": {
      "0": 1.0,
      "1": 2.6,
      "4": 2.4,
      "7": 4.4,
      "6": 4.6,
      "3": 7.0,
      "2": 7.2,
      "5": 6.8
    },
    "35": {
      "1": 1.0,
      "8": 5.0,
      "7": 3.0,
      "4": 4.0,
      "2": 6.0,
      "3": 6.0,
      "9": 6.0,
      "5": 5.0,
      "0": 9.0,
      "6": 10.0
    },
    "36": {
      "0": 1.0,
      "2": 3.2,
      "5": 2.4,
      "6": 5.2,
      "1": 4.4,
      "3": 6.4,
      "4": 7.2,
      "7": 6.2
    },
    "37": {
      "0": 2.0,
      "2": 1.8,
      "5": 2.8,
      "3": 3.6,
      "6": 4.8,
      "4": 6.0,
      "1": 7.0
    },
    "38": {
      "0": 1.0,
      "7": 2.4,
      "2": 2.6,
      "6": 6.6,
      "3": 6.8,
      "5": 5.4,
      "4": 5.4,
      "1": 5.8
    },
    "39": {
      "0": 1.0,
      "5": 2.6,
      "4": 3.6,
      "6": 4.0,
      "3": 6.0,
      "2": 4.6,
      "1": 6.2
    },
    "40": {
      "0": 1.0,
      "1": 3.0,
      "6": 4.8,
      "4": 3.2,
      "3": 3.2,
      "2": 5.8,
      "5": 7.0
    },
    "41": {
      "0": 1.0,
      "1": 2.2,
      "4": 3.6,
      "6": 3.2,
      "5": 5.0,
      "2": 6.6,
      "3": 6.4
    },
    "42": {
      "5": 1.0,
      "1": 2.2,
      "2": 4.0,
      "4": 3.0,
      "3": 6.0,
      "0": 5.0,
      "6": 6.8
    },
    "43": {
      "4": 2.2,
      "6": 2.2,
      "5": 2.0,
      "0": 4.6,
      "2": 5.0,
      "3": 5.8,
      "1": 6.4,
      "7": 7.8
    },
    "44": {
      "0": 1.0,
      "2": 2.0,
      "5": 3.0,
      "6": 5.2,
      "1": 4.2,
      "4": 5.6,
      "3": 7.0
    },
    "45": {
      "0": 1.8,
      "1": 1.6,
      "5": 5.2,
      "4": 4.0,
      "2": 3.8,
      "8": 7.0,
      "7": 6.4,
      "6": 6.2,
      "3": 9.0
    },
    "46": {
      "3": 2.6,
      "1": 3.2,
      "2": 3.2,