{
  "content_diversity": 0.5273906588554382,
  "classifier_auc": 0.8714483090046254,
  "ranking_stability": 0.6828522336769758,
  "feature_coefficients": {
    "word_count": -0.2724015467832497,
    "sentence_count": -0.20030247145135724,
    "avg_sentence_length": -0.08000036415297161,
    "paragraph_count": -0.31004861779866577,
    "heading_density": -0.12904473007931383,
    "list_frequency": -0.09894492506270582,
    "readability": 0.0,
    "bold_emphasis_density": 0.28266048053994675,
    "citation_density": 0.08771774222809794,
    "statistic_density": -0.10899984330781887,
    "quote_density": 0.19972281528580854,
    "named_source_mentions": -0.01743252714892126,
    "year_mentions": -0.024574869964402033,
    "claim_density": 0.3064793640854615,
    "external_reference_density": -0.19442730270980055,
    "question_density": 0.19681267834635296,
    "query_similarity": 1.8667458579845033,
    "corpus_centroid_similarity": -0.28140888089936583,
    "type_token_ratio": -0.853090306415877,
    "vocabulary_sophistication": 0.0,
    "sentiment_polarity": 0.0,
    "avg_word_length": -0.3809667570218587,
    "semantic_uniqueness": 0.713200144492987,
    "information_density": -0.21785439331500916,
    "specificity_score": -0.08197256936726965
  },
  "avg_ranks": {
    "0": {
      "0": 1.4,
      "2": 1.6,
      "5": 4.2,
      "1": 5.0,
      "3": 4.2,
      "7": 6.2,
      "4": 6.6,
      "6": 6.8
    },
    "1": {
      "0": 1.0,
      "6": 2.2,
      "3": 2.8,
      "2": 5.2,
      "5": 5.4,
      "4": 6.0,
      "1": 5.4
    },
    "2": {
      "0": 1.0,
      "3": 3.0,
      "7": 2.2,
      "2": 5.4,
      "5": 6.0,
      "4": 5.6,
      "6": 5.8,
      "1": 7.0
    },
    "3": {
      "0": 1.4,
      "3": 2.2,
      "2": 2.6,
      "7": 5.0,
      "5": 4.0,
      "6": 6.8,
      "4": 6.6,
      "8": 7.4,
      "1": 9.0
    },
    "4": {
      "0": 1.0,
      "4": 2.0,
      "5": 3.2,
      "2": 3.8,
      "3": 6.4,
      "7": 5.6,
      "6": 6.0,
      "1": 8.0
    },
    "5": {
      "0": 1.0,
      "1": 3.4,
      "3": 5.0,
      "2": 4.4,
      "6": 3.2,
      "4": 6.4,
      "8": 4.6,
      "5": 8.0,
      "7": 9.0
    },
    "6": {
      "5": 1.2,
      "1": 2.4,
      "6": 3.8,
      "0": 2.8,
      "4": 5.2,
      "2": 5.6,
      "3": 7.4,
      "7": 7.6
    },
    "7": {
      "0": 1.4,
      "1": 1.6,
      "2": 3.4,
      "6": 3.6,
      "4": 5.8,
      "5": 6.4,
      "3": 5.8
    },
    "8": {
      "1": 1.0,
      "0": 2.0,
      "2": 3.2,
      "5": 3.8,
      "7": 5.8,
      "6": 5.8,
      "4": 6.4,
      "3": 8.0
    },
    "9": {
      "0": 1.6,
      "4": 1.4,
      "9": 3.0,
      "3": 4.0,
      "2": 6.0,
      "5": 7.0,
      "6": 8.4,
      "8": 6.8,
      "1": 6.8,
      "7": 10.0
    },
    "10": {
      "0": 1.0,
      "1": 2.6,
      "4": 2.8,
      "6": 4.8,
      "5": 6.2,
      "2": 5.8,
      "3": 4.8
    },
    "11": {
      "4": 2.4,
      "2": 2.6,
      "5": 1.6,
      "1": 3.4,
      "0": 5.0,
      "6": 6.6,
      "3": 6.4
    },
    "12": {
      "6": 1.2,
      "4": 3.4,
      "1": 4.2,
      "0": 4.4,
      "8": 4.4,
      "2": 5.4,
      "5": 7.0,
      "3": 8.6,
      "7": 6.4
    },
    "13": {
      "6": 7.0,
      "2": 6.0,
      "4": 2.8,
      "8": 3.6,
      "0": 2.4,
      "9": 5.2,
      "5": 4.0,
      "7": 5.4,
      "1": 8.6,
      "3": 10.0
    },
    "14": {
      "5": 2.4,
      "3": 4.6,
      "4": 2.0,
      "0": 5.0,
      "6": 2.8,
      "1": 4.2,
      "2": 7.0
    },
    "15": {
      "2": 1.2,
      "4": 3.6,
      "6": 3.6,
      "0": 2.6,
      "1": 5.4,
      "7": 4.6,
      "5": 7.0,
      "3": 8.0
    },
    "16": {
      "6": 1.2,
      "2": 1.8,
      "0": 3.8,
      "5": 3.8,
      "3": 4.4,
      "1": 6.4,
      "4": 6.6
    },
    "17": {
      "0": 1.6,
      "7": 1.4,
      "1": 4.2,
      "2": 3.4,
      "6": 4.4,
      "4": 7.2,
      "5": 7.2,
      "3": 6.6
    },
    "18": {
      "2": 1.8,
      "0": 1.6,
      "3": 2.6,
      "7": 4.0,
      "5": 5.8,
      "1": 6.4,
      "6": 7.8,
      "4": 6.0
    },
    "19": {
      "0": 1.0,
      "2": 2.4,
      "1": 4.2,
      "7": 4.8,
      "5": 3.8,
      "4": 6.4,
      "6": 7.4,
      "3": 6.0
    },
    "20": {
      "0": 1.0,
      "1": 3.4,
      "3": 3.4,
      "7": 4.8,
      "6": 5.4,
      "2": 3.8,
      "5": 6.4,
      "4": 7.8
    },
    "21": {
      "2": 1.4,
      "6": 4.2,
      "4": 2.6,
      "3": 2.4,
      "1": 4.4,
      "0": 6.2,
      "5": 6.8
    },
    "22": {
      "4": 2.2,
      "0": 2.4,
      "3": 1.4,
      "1": 4.2,
      "5": 4.8,
      "6": 6.0,
      "2": 7.0
    },
    "23": {
      "0": 1.0,
      "8": 2.4,
      "2": 3.2,
      "7": 3.4,
      "5": 5.4,
      "4": 6.2,
      "3": 7.0,
      "1": 7.6,
      "6": 8.8
    },
    "24": {
      "0": 1.0,
      "4": 2.8,
      "7": 2.2,
      "2": 4.8,
      "5": 6.2,
      "6": 5.2,
      "3": 5.8,
      "1": 8.0
    },
    "25": {
      "6": 2.8,
      "4": 3.6,
      "0": 1.4,
      "5": 3.0,
      "2": 4.6,
      "7": 5.6,
      "3": 7.0,
      "1": 8.0
    },
    "26": {
      "3": 2.2,
      "0": 1.2,
      "1": 2.8,
      "7": 4.0,
      "2": 4.8,
      "4": 6.8,
      "5": 7.0,
      "6": 7.2
    },
    "27": {
      "0": 1.0,
      "3": 3.0,
      "2": 3.6,
      "5": 4.2,
      "1": 4.4,
      "6": 5.8,
      "4": 6.0
    },
    "28": {
      "0": 1.0,
      "5": 2.0,
      "1": 3.0,
      "2": 4.2,
      "4": 5.2,
      "3": 5.6,
      "6": 7.0
    },
    "29": {
      "0": 1.0,
      "7": 2.2,
      "3": 2.8,
      "5": 4.8,
      "2": 4.2,
      "1": 7.4,
      "4": 6.4,
      "6": 7.2
    },
    "30": {
      "0": 1.0,
      "4": 3.0,
      "5": 5.0,
      "2": 4.0,
      "6": 6.0,
      "1": 4.4,
      "7": 6.6,
      "3": 6.0
    },
    "31": {
      "8": 4.4,
      "4": 3.4,
      "5": 2.0,
      "0": 3.0,
      "7": 5.0,
      "6": 6.2,
      "3": 6.8,
      "1": 5.4,
      "2": 8.8
    },
    "32": {
      "3": 1.0,
      "0": 2.0,
      "7": 3.0,
      "4": 4.2,
      "2": 4.8,
      "8": 6.0,
      "6": 7.8,
      "1": 7.4,
      "5": 8.8
    },
    "33": {
      "0": 1.0,
      "5": 2.0,
      "1": 3.2,
      "4": 4.8,
      "2": 5.8,
      "6": 5.4,
      "3": 5.8
    },
    "34": {
      "0": 1.0,
      "1": 2.8,
      "7": 3.6,
      "6": 4.2,
      "4": 3.4,
      "5": 6.8,
      "3": 6.8,
      "2": 7.4
    },
    "35": {
      "1": 1.0,
      "7": 3.0,
      "8": 3.25,
      "6": 7.5,
      "4": 4.5,
      "5": 8.0,
      "2": 7.0,
      "9": 7.25,
      "3": 7.5,
      "0": 6.0
    },
    "36": {
      "0": 1.0,
      "5": 2.2,
      "2": 3.4,
      "1": 3.6,
      "3": 6.4,
      "6": 5.4,
      "7": 6.2,
      "4": 7.8
    },
    "37": {
      "0": 2.0,
      "2": 1.4,
      "3": 3.0,
      "6": 4.4,
      "5": 4.2,
      "4": 6.0,
      "1": 7.0
    },
    "38": {
      "0": 1.0,
      "7": 2.0,
      "2": 3.0,
      "5": 5.2,
      "4": 4.8,
      "1": 5.0,
      "6": 7.0,
      "3": 8.0
    },
    "39": {
      "0": 1.0,
      "5": 2.8,
      "4": 3.8,
      "1": 4.6,
      "6": 3.6,
      "3": 6.0,
      "2": 6.2
    },
    "40": {
      "0": 1.0,
      "3": 2.4,
      "4": 3.0,
      "1": 3.8,
      "6": 5.6,
      "2": 5.8,
      "5": 6.4
    },
    "41": {
      "0": 1.0,
      "1": 2.0,
      "6": 3.0,
      "4": 4.0,
      "5": 5.2,
      "2": 6.2,
      "3": 6.6
    },
    "42": {
      "5": 1.0,
      "2": 4.25,
      "0": 3.75,
      "1": 3.25,
      "4": 2.75,
      "6": 6.25,
      "3": 6.75
    },
    "43": {
      "4": 2.6,
      "6": 2.0,
      "0": 6.4,
      "5": 2.0,
      "3": 4.8,
      "2": 4.4,
      "1": 6.0,
      "7": 7.8
    },
    "44": {
      "0": 1.0,
      "2": 2.0,
      "1": 4.4,
      "5": 3.2,
      "4": 5.4,
      "6": 5.0,
      "3": 7.0
    },
    "45": {
      "1": 1.4,
      "0": 1.8,
      "4": 4.6,
      "2": 3.2,
      "7": 6.6,
      "6": 5.8,
      "5": 4.8,
      "8": 7.8,
      "3": 9.0
    },
    "46": {
      "2": 2.4,
      "3": 2.2,
      "0": 1.8,