{
  "content_diversity": 0.520908772945404,
  "classifier_auc": 0.8657563768535494,
  "ranking_stability": 0.6612396375554269,
  "feature_coefficients": {
    "word_count": 0.31136203340806823,
    "sentence_count": -0.6746012221697608,
    "avg_sentence_length": -0.22235105904798746,
    "paragraph_count": -0.2324545819308433,
    "heading_density": 0.010521594197242759,
    "list_frequency": 0.19199692756033182,
    "readability": 0.0,
    "bold_emphasis_density": 0.12584771493644623,
    "citation_density": -0.006866022733088392,
    "statistic_density": -0.26161397157440774,
    "quote_density": 0.01674557318028374,
    "named_source_mentions": -0.23247897384534433,
    "year_mentions": 0.2585323478849464,
    "claim_density": 0.32233262997567885,
    "external_reference_density": 0.016631651912514495,
    "question_density": 0.0953322857215984,
    "query_similarity": 2.221557808589187,
    "corpus_centroid_similarity": 0.11863575260067338,
    "type_token_ratio": -0.5711009861396202,
    "vocabulary_sophistication": 0.0,
    "sentiment_polarity": 0.0,
    "avg_word_length": -0.7035294785622856,
    "semantic_uniqueness": 0.8317502809005477,
    "information_density": 0.34785861638420346,
    "specificity_score": 0.11608172776693214
  },
  "avg_ranks": {
    "0": {
      "0": 1.4,
      "2": 1.6,
      "3": 4.8,
      "7": 6.0,
      "4": 4.2,
      "1": 5.0,
      "5": 5.2,
      "6": 7.8
    },
    "1": {
      "0": 1.0,
      "3": 2.2,
      "6": 2.8,
      "1": 4.4,
      "4": 5.4,
      "5": 5.8,
      "2": 6.4
    },
    "2": {
      "0": 1.0,
      "7": 2.0,
      "1": 5.8,
      "3": 3.8,
      "2": 5.8,
      "5": 6.6,
      "4": 5.0,
      "6": 6.0
    },
    "3": {
      "0": 1.8,
      "3": 2.8,
      "2": 3.2,
      "5": 3.0,
      "6": 6.2,
      "4": 6.6,
      "7": 5.0,
      "8": 7.4,
      "1": 9.0
    },
    "4": {
      "0": 1.0,
      "4": 2.0,
      "5": 3.6,
      "2": 3.8,
      "7": 5.0,
      "6": 6.2,
      "3": 6.4,
      "1": 8.0
    },
    "5": {
      "0": 1.0,
      "6": 2.6,
      "1": 2.6,
      "2": 5.0,
      "8": 4.8,
      "3": 5.4,
      "4": 7.2,
      "5": 7.4,
      "7": 9.0
    },
    "6": {
      "5": 1.4,
      "0": 1.6,
      "1": 4.0,
      "4": 3.2,
      "2": 5.4,
      "6": 5.4,
      "7": 7.8,
      "3": 7.2
    },
    "7": {
      "0": 1.6,
      "1": 1.4,
      "4": 4.8,
      "6": 4.0,
      "2": 3.8,
      "3": 5.8,
      "5": 6.6
    },
    "8": {
      "1": 1.0,
      "0": 2.0,
      "2": 3.2,
      "5": 4.2,
      "7": 5.8,
      "3": 7.0,
      "4": 7.2,
      "6": 5.6
    },
    "9": {
      "0": 1.4,
      "4": 1.6,
      "9": 3.0,
      "3": 4.2,
      "2": 5.8,
      "8": 7.4,
      "1": 7.6,
      "6": 7.0,
      "5": 7.0,
      "7": 10.0
    },
    "10": {
      "0": 1.2,
      "4": 2.2,
      "3": 4.6,
      "1": 4.0,
      "5": 4.8,
      "2": 6.0,
      "6": 5.2
    },
    "11": {
      "5": 2.4,
      "4": 2.6,
      "2": 2.0,
      "0": 4.8,
      "1": 3.2,
      "3": 6.4,
      "6": 6.6
    },
    "12": {
      "6": 2.8,
      "1": 3.2,
      "2": 5.2,
      "0": 3.0,
      "4": 2.6,
      "8": 5.6,
      "7": 7.2,
      "5": 7.8,
      "3": 7.6
    },
    "13": {
      "7": 2.6,
      "4": 2.2,
      "8": 4.8,
      "9": 5.2,
      "5": 6.0,
      "2": 5.4,
      "1": 8.6,
      "0": 5.0,
      "6": 5.2,
      "3": 10.0
    },
    "14": {
      "1": 2.0,
      "4": 2.2,
      "3": 4.2,
      "6": 2.8,
      "5": 4.0,
      "0": 5.8,
      "2": 7.0
    },
    "15": {
      "2": 1.4,
      "0": 2.0,
      "1": 4.0,
      "6": 3.6,
      "7": 4.8,
      "4": 5.4,
      "5": 6.8,
      "3": 8.0
    },
    "16": {
      "6": 1.8,
      "2": 2.2,
      "0": 2.0,
      "5": 4.0,
      "3": 5.0,
      "1": 6.6,
      "4": 6.4
    },
    "17": {
      "0": 1.4,
      "7": 1.6,
      "6": 4.0,
      "1": 4.6,
      "2": 3.4,
      "3": 6.6,
      "4": 7.0,
      "5": 7.4
    },
    "18": {
      "0": 1.2,
      "2": 2.0,
      "3": 2.8,
      "7": 4.0,
      "1": 6.6,
      "5": 6.2,
      "4": 6.2,
      "6": 7.0
    },
    "19": {
      "0": 1.0,
      "3": 5.4,
      "2": 3.0,
      "5": 3.2,
      "7": 3.8,
      "4": 5.8,
      "1": 7.0,
      "6": 6.8
    },
    "20": {
      "0": 1.0,
      "1": 2.0,
      "3": 4.0,
      "2": 4.4,
      "6": 5.4,
      "7": 4.4,
      "4": 7.8,
      "5": 7.0
    },
    "21": {
      "2": 2.0,
      "6": 3.8,
      "1": 4.4,
      "3": 2.6,
      "4": 2.2,
      "0": 6.4,
      "5": 6.6
    },
    "22": {
      "0": 1.6,
      "3": 2.0,
      "4": 2.4,
      "1": 4.2,
      "5": 5.0,
      "6": 5.8,
      "2": 7.0
    },
    "23": {
      "0": 1.0,
      "3": 5.2,
      "2": 3.8,
      "7": 4.2,
      "8": 4.0,
      "5": 4.8,
      "4": 5.8,
      "1": 7.6,
      "6": 8.6
    },
    "24": {
      "0": 1.0,
      "4": 2.6,
      "2": 3.2,
      "7": 3.2,
      "5": 6.4,
      "3": 5.8,
      "6": 6.0,
      "1": 7.8
    },
    "25": {
      "2": 3.2,
      "6": 2.8,
      "5": 2.6,
      "0": 2.4,
      "4": 4.4,
      "7": 5.6,
      "1": 7.4,
      "3": 7.6
    },
    "26": {
      "0": 1.0,
      "1": 2.4,
      "3": 3.0,
      "7": 4.2,
      "2": 4.4,
      "5": 6.4,
      "6": 7.2,
      "4": 7.4
    },
    "27": {
      "0": 1.0,
      "2": 3.0,
      "3": 3.2,
      "5": 3.8,
      "1": 4.4,
      "6": 5.6,
      "4": 7.0
    },
    "28": {
      "0": 1.0,
      "5": 2.0,
      "1": 3.2,
      "3": 4.2,
      "4": 4.8,
      "2": 5.8,
      "6": 7.0
    },
    "29": {
      "0": 1.0,
      "5": 3.8,
      "3": 3.8,
      "7": 3.0,
      "2": 3.4,
      "4": 6.0,
      "6": 7.0,
      "1": 8.0
    },
    "30": {
      "0": 1.0,
      "1": 6.2,
      "2": 5.2,
      "4": 3.4,
      "3": 5.0,
      "7": 4.4,
      "5": 4.8,
      "6": 6.0
    },
    "31": {
      "7": 2.4,
      "5": 2.8,
      "4": 3.2,
      "0": 2.6,
      "8": 5.2,
      "1": 7.2,
      "6": 5.4,
      "3": 7.2,
      "2": 9.0
    },
    "32": {
      "3": 1.0,
      "0": 2.0,
      "7": 3.0,
      "2": 5.0,
      "8": 5.8,
      "4": 4.4,
      "6": 7.4,
      "1": 7.4,
      "5": 9.0
    },
    "33": {
      "0": 1.0,
      "5": 2.0,
      "1": 3.0,
      "4": 5.0,
      "2": 4.2,
      "3": 6.2,
      "6": 6.6
    },
    "34": {
      "0": 1.0,
      "4": 2.2,
      "1": 3.2,
      "6": 4.4,
      "7": 4.2,
      "5": 6.4,
      "3": 7.0,
      "2": 7.6
    },
    "35": {
      "1": 1.0,
      "0": 6.8,
      "8": 3.0,
      "7": 3.0,
      "6": 7.6,
      "4": 5.8,
      "2": 7.6,
      "5": 6.2,
      "9": 6.0,
      "3": 8.0
    },
    "36": {
      "0": 1.0,
      "5": 2.25,
      "1": 3.0,
      "6": 5.5,
      "7": 5.5,
      "2": 4.25,
      "3": 7.0,
      "4": 7.5
    },
    "37": {
      "2": 1.2,
      "0": 2.8,
      "3": 2.8,
      "5": 4.2,
      "6": 4.0,
      "4": 6.0,
      "1": 7.0
    },
    "38": {
      "0": 1.0,
      "7": 2.2,
      "2": 2.8,
      "5": 4.2,
      "4": 4.8,
      "1": 6.0,
      "6": 7.2,
      "3": 7.8
    },
    "39": {
      "0": 1.0,
      "5": 3.4,
      "4": 2.4,
      "1": 5.8,
      "6": 3.8,
      "3": 5.4,
      "2": 6.2
    },
    "40": {
      "0": 1.2,
      "1": 3.0,
      "4": 2.4,
      "2": 5.0,
      "3": 4.0,
      "6": 5.4,
      "5": 7.0
    },
    "41": {
      "0": 1.0,
      "1": 2.2,
      "6": 3.0,
      "5": 4.2,
      "4": 4.8,
      "2": 6.0,
      "3": 6.8
    },
    "42": {
      "5": 1.0,
      "4": 2.8,
      "1": 2.8,
      "2": 4.0,
      "3": 5.4,
      "0": 5.0,
      "6": 7.0
    },
    "43": {
      "5": 1.2,
      "4": 1.8,
      "6": 3.0,
      "2": 4.2,
      "3": 5.4,
      "0": 6.4,
      "1": 6.4,
      "7": 7.6
    },
    "44": {
      "0": 1.0,
      "6": 4.6,
      "1": 3.8,
      "2": 2.4,
      "5": 3.4,
      "4": 5.8,
      "3": 7.0
    },
    "45": {
      "1": 1.2,
      "0": 2.2,
      "2": 3.6,
      "4": 4.2,
      "7": 6.6,
      "5": 4.6,
      "8": 6.6,
      "6": 7.0,
      "3": 9.0
    },
    "46": {
      "0": 1.4,
      "3": 2.2,
      "2": 3.8,