{
  "content_diversity": 0.5164947509765625,
  "classifier_auc": 0.8330959164292498,
  "ranking_stability": 0.6492080782930455,
  "feature_coefficients": {
    "word_count": -0.33590134777192643,
    "sentence_count": 0.3840325174765228,
    "avg_sentence_length": 0.12028772733961364,
    "paragraph_count": 0.0,
    "heading_density": 0.0,
    "list_frequency": -0.006910414190500484,
    "readability": -0.39448063816707685,
    "bold_emphasis_density": -0.13105275561906507,
    "citation_density": -0.23297574235769994,
    "statistic_density": -0.34192537660101563,
    "quote_density": -0.00667161238327405,
    "named_source_mentions": -0.14506163265057131,
    "year_mentions": 0.25043008493666197,
    "claim_density": 0.5115432812510028,
    "external_reference_density": -0.1287080513731885,
    "question_density": -0.14392429370412738,
    "query_similarity": 2.105222001054331,
    "corpus_centroid_similarity": 0.1253111390737447,
    "type_token_ratio": -0.22440154072458673,
    "vocabulary_sophistication": 0.32027066598275666,
    "sentiment_polarity": 0.005324980263765631,
    "avg_word_length": -0.04924992920195494,
    "semantic_uniqueness": 0.7533718827495849,
    "information_density": 0.06280099879443483,
    "specificity_score": -0.21144443929893486
  },
  "avg_ranks": {
    "0": {
      "0": 1.2,
      "2": 1.8,
      "5": 3.8,
      "1": 5.0,
      "4": 6.2,
      "3": 4.8,
      "6": 7.0,
      "7": 6.2
    },
    "1": {
      "3": 1.8,
      "6": 2.2,
      "0": 2.0,
      "1": 5.6,
      "4": 6.6,
      "5": 4.8,
      "2": 5.0
    },
    "2": {
      "0": 1.2,
      "7": 1.8,
      "3": 3.8,
      "2": 5.4,
      "1": 6.8,
      "5": 5.4,
      "4": 5.8,
      "6": 5.8
    },
    "3": {
      "2": 2.2,
      "0": 2.8,
      "7": 2.4,
      "5": 4.4,
      "3": 3.4,
      "4": 6.2,
      "6": 6.8,
      "8": 7.8,
      "1": 9.0
    },
    "4": {
      "0": 1.0,
      "4": 2.0,
      "2": 3.4,
      "3": 4.4,
      "5": 4.8,
      "7": 5.6,
      "6": 6.8,
      "1": 8.0
    },
    "5": {
      "0": 1.0,
      "8": 3.0,
      "6": 3.0,
      "3": 5.8,
      "1": 4.6,
      "5": 7.0,
      "4": 5.6,
      "2": 6.0,
      "7": 9.0
    },
    "6": {
      "0": 1.4,
      "5": 2.2,
      "1": 3.4,
      "4": 3.6,
      "2": 5.8,
      "6": 4.6,
      "3": 7.0,
      "7": 8.0
    },
    "7": {
      "1": 1.4,
      "0": 1.6,
      "2": 3.6,
      "6": 3.6,
      "3": 4.8,
      "4": 6.2,
      "5": 6.8
    },
    "8": {
      "0": 1.4,
      "1": 1.6,
      "5": 4.6,
      "2": 3.2,
      "7": 5.8,
      "6": 6.0,
      "4": 6.2,
      "3": 7.2
    },
    "9": {
      "0": 1.8,
      "4": 1.2,
      "9": 3.0,
      "3": 4.6,
      "1": 6.6,
      "6": 6.4,
      "2": 7.0,
      "8": 7.4,
      "7": 8.8,
      "5": 8.2
    },
    "10": {
      "3": 3.4,
      "4": 3.0,
      "1": 2.6,
      "0": 3.0,
      "6": 5.0,
      "5": 4.4,
      "2": 6.6
    },
    "11": {
      "4": 1.75,
      "2": 2.25,
      "5": 2.25,
      "1": 3.75,
      "0": 5.0,
      "3": 6.0,
      "6": 7.0
    },
    "12": {
      "6": 1.0,
      "4": 3.4,
      "0": 2.4,
      "7": 6.2,
      "8": 5.4,
      "1": 5.0,
      "2": 5.0,
      "5": 8.2,
      "3": 8.4
    },
    "13": {
      "4": 2.4,
      "7": 2.0,
      "9": 4.0,
      "5": 5.2,
      "8": 4.8,
      "6": 6.0,
      "0": 5.2,
      "2": 8.4,
      "1": 7.0,
      "3": 10.0
    },
    "14": {
      "6": 1.6,
      "4": 1.4,
      "1": 3.4,
      "3": 3.6,
      "5": 5.4,
      "0": 5.6,
      "2": 7.0
    },
    "15": {
      "2": 1.2,
      "1": 2.8,
      "7": 3.6,
      "0": 3.0,
      "6": 4.4,
      "4": 6.0,
      "5": 7.0,
      "3": 8.0
    },
    "16": {
      "0": 1.8,
      "6": 1.8,
      "2": 2.4,
      "3": 4.6,
      "5": 4.4,
      "1": 6.6,
      "4": 6.4
    },
    "17": {
      "0": 1.5,
      "7": 1.5,
      "2": 3.0,
      "6": 4.25,
      "1": 4.75,
      "3": 6.5,
      "5": 6.5,
      "4": 8.0
    },
    "18": {
      "0": 1.0,
      "3": 2.6,
      "2": 2.4,
      "7": 4.0,
      "1": 6.6,
      "4": 5.2,
      "6": 7.0,
      "5": 7.2
    },
    "19": {
      "0": 1.0,
      "2": 3.75,
      "6": 4.0,
      "5": 4.0,
      "7": 4.0,
      "4": 6.75,
      "1": 4.5,
      "3": 8.0
    },
    "20": {
      "0": 1.0,
      "1": 2.0,
      "3": 3.8,
      "6": 4.6,
      "2": 5.6,
      "7": 4.4,
      "5": 6.6,
      "4": 8.0
    },
    "21": {
      "2": 2.2,
      "6": 2.0,
      "1": 3.0,
      "3": 4.2,
      "4": 3.6,
      "5": 6.6,
      "0": 6.4
    },
    "22": {
      "3": 1.6,
      "4": 1.4,
      "0": 3.2,
      "1": 3.8,
      "5": 5.2,
      "6": 5.8,
      "2": 7.0
    },
    "23": {
      "0": 1.0,
      "8": 3.0,
      "2": 3.0,
      "3": 6.0,
      "4": 6.0,
      "5": 5.4,
      "7": 4.4,
      "1": 7.4,
      "6": 8.8
    },
    "24": {
      "0": 1.0,
      "7": 3.2,
      "4": 2.4,
      "2": 3.4,
      "5": 6.2,
      "6": 5.4,
      "3": 6.8,
      "1": 7.6
    },
    "25": {
      "0": 1.2,
      "6": 2.4,
      "5": 3.6,
      "7": 5.0,
      "2": 3.2,
      "4": 5.6,
      "3": 7.4,
      "1": 7.6
    },
    "26": {
      "0": 1.0,
      "3": 2.2,
      "1": 2.8,
      "7": 4.2,
      "2": 4.8,
      "6": 6.6,
      "5": 7.2,
      "4": 7.2
    },
    "27": {
      "0": 1.0,
      "2": 4.4,
      "3": 3.4,
      "5": 3.6,
      "1": 5.0,
      "6": 3.6,
      "4": 7.0
    },
    "28": {
      "0": 1.0,
      "5": 2.2,
      "1": 3.0,
      "3": 4.6,
      "2": 4.6,
      "4": 5.6,
      "6": 7.0
    },
    "29": {
      "0": 1.0,
      "5": 4.25,
      "3": 2.75,
      "2": 4.0,
      "7": 3.5,
      "1": 7.25,
      "4": 7.25,
      "6": 6.0
    },
    "30": {
      "0": 1.0,
      "7": 3.25,
      "3": 4.25,
      "4": 3.25,
      "6": 6.5,
      "1": 5.75,
      "5": 6.25,
      "2": 5.75
    },
    "31": {
      "0": 2.2,
      "5": 1.2,
      "4": 3.6,
      "7": 3.2,
      "8": 6.0,
      "1": 5.2,
      "3": 8.2,
      "6": 7.0,
      "2": 8.4
    },
    "32": {
      "0": 1.8,
      "3": 1.2,
      "7": 3.0,
      "4": 4.0,
      "2": 5.6,
      "8": 5.8,
      "1": 7.4,
      "6": 7.2,
      "5": 9.0
    },
    "33": {
      "0": 1.0,
      "5": 2.0,
      "4": 4.6,
      "1": 3.6,
      "6": 5.4,
      "3": 5.8,
      "2": 5.6
    },
    "34": {
      "0": 1.0,
      "7": 4.0,
      "4": 2.4,
      "1": 3.0,
      "6": 4.6,
      "5": 6.8,
      "3": 7.0,
      "2": 7.2
    },
    "35": {
      "1": 1.0,
      "7": 3.0,
      "8": 2.3333333333333335,
      "6": 4.0,
      "5": 5.666666666666667,
      "9": 7.0,
      "3": 7.666666666666667,
      "4": 6.0,
      "2": 8.333333333333334,
      "0": 10.0
    },
    "36": {
      "0": 1.0,
      "5": 2.5,
      "1": 3.25,
      "2": 5.25,
      "3": 6.5,
      "6": 4.5,
      "7": 5.25,
      "4": 7.75
    },
    "37": {
      "0": 1.5,
      "2": 2.0,
      "5": 2.5,
      "6": 4.5,
      "3": 4.5,
      "4": 6.0,
      "1": 7.0
    },
    "38": {
      "0": 1.0,
      "7": 2.2,
      "2": 2.8,
      "5": 4.2,
      "4": 4.8,
      "1": 6.0,
      "6": 7.2,
      "3": 7.8
    },
    "39": {
      "5": 3.0,
      "0": 1.4,
      "6": 3.2,
      "4": 3.8,
      "2": 5.8,
      "1": 4.0,
      "3": 6.8
    },
    "40": {
      "0": 1.6,
      "4": 2.6,
      "3": 3.2,
      "1": 3.4,
      "6": 5.6,
      "2": 4.6,
      "5": 7.0
    },
    "41": {
      "0": 1.0,
      "1": 2.0,
      "5": 3.25,
      "6": 4.25,
      "4": 4.5,
      "2": 6.5,
      "3": 6.5
    },
    "42": {
      "5": 1.0,
      "4": 2.0,
      "1": 3.4,
      "2": 3.6,
      "0": 5.4,
      "6": 6.2,
      "3": 6.4
    },
    "43": {
      "0": 6.2,
      "6": 2.4,
      "5": 2.0,
      "3": 4.8,
      "4": 3.6,
      "2": 3.6,
      "7": 7.4,
      "1": 6.0
    },
    "44": {
      "0": 1.0,
      "2": 2.2,
      "5": 3.2,
      "1": 4.6,
      "6": 4.0,
      "4": 6.0,
      "3": 7.0
    },
    "45": {
      "5": 5.2,
      "0": 2.8,
      "1": 2.6,
      "2": 3.0,
      "6": 3.8,
      "4": 4.0,
      "8": 7.2,