{
  "content_diversity": 0.518229603767395,
  "classifier_auc": 0.8683246230552051,
  "ranking_stability": 0.6875177231386381,
  "feature_coefficients": {
    "word_count": 0.034945114811689854,
    "sentence_count": -0.2962795285613107,
    "avg_sentence_length": 0.038866051779295994,
    "paragraph_count": -0.18920259272053533,
    "heading_density": -0.023517983985023975,
    "list_frequency": -0.033529149674950465,
    "readability": -0.3636807226865714,
    "bold_emphasis_density": 0.4532443170109084,
    "citation_density": -0.025552851073754115,
    "statistic_density": -0.20016675961842545,
    "quote_density": 0.06790399847237927,
    "named_source_mentions": 0.11152729566782321,
    "year_mentions": 0.1077303190271142,
    "claim_density": 0.35864297572555487,
    "external_reference_density": -0.05257960169022976,
    "question_density": -0.10736934045005171,
    "query_similarity": 2.376533310351979,
    "corpus_centroid_similarity": -0.10586663135301752,
    "type_token_ratio": -0.36601528850633946,
    "vocabulary_sophistication": 0.03481355976747385,
    "sentiment_polarity": -0.02886411564839176,
    "avg_word_length": -0.3070669919520427,
    "semantic_uniqueness": 0.8093288849605547,
    "information_density": 0.054943102593845855,
    "specificity_score": -0.06990262497742558
  },
  "avg_ranks": {
    "0": {
      "2": 1.5,
      "0": 1.5,
      "6": 3.5,
      "5": 3.5,
      "3": 6.0,
      "4": 5.5,
      "1": 7.5,
      "7": 7.0
    },
    "1": {
      "0": 1.0,
      "3": 2.75,
      "6": 2.25,
      "2": 5.25,
      "5": 5.75,
      "1": 5.0,
      "4": 6.0
    },
    "2": {
      "0": 1.0,
      "7": 2.0,
      "6": 5.8,
      "3": 3.8,
      "4": 3.8,
      "5": 6.6,
      "1": 6.4,
      "2": 6.6
    },
    "3": {
      "2": 2.4,
      "0": 1.2,
      "3": 3.2,
      "5": 4.2,
      "7": 4.2,
      "6": 7.2,
      "4": 6.4,
      "8": 7.2,
      "1": 9.0
    },
    "4": {
      "0": 1.0,
      "4": 2.0,
      "2": 3.8,
      "5": 3.2,
      "6": 6.2,
      "7": 5.8,
      "3": 6.0,
      "1": 8.0
    },
    "5": {
      "0": 1.0,
      "8": 3.6,
      "6": 3.8,
      "1": 3.0,
      "2": 4.4,
      "3": 6.0,
      "4": 6.2,
      "5": 8.2,
      "7": 8.8
    },
    "6": {
      "0": 2.2,
      "5": 1.8,
      "4": 2.0,
      "6": 4.8,
      "1": 4.4,
      "2": 5.8,
      "3": 7.0,
      "7": 8.0
    },
    "7": {
      "0": 1.4,
      "1": 1.6,
      "2": 4.2,
      "6": 3.6,
      "5": 6.4,
      "3": 6.2,
      "4": 4.6
    },
    "8": {
      "1": 1.4,
      "0": 1.6,
      "2": 3.6,
      "5": 3.4,
      "7": 6.8,
      "6": 5.8,
      "4": 6.0,
      "3": 7.4
    },
    "9": {
      "4": 1.2,
      "0": 1.8,
      "9": 3.0,
      "3": 4.2,
      "2": 6.4,
      "1": 6.6,
      "8": 7.6,
      "5": 6.8,
      "6": 7.4,
      "7": 10.0
    },
    "10": {
      "4": 3.0,
      "1": 2.6,
      "0": 2.8,
      "3": 3.4,
      "6": 4.2,
      "2": 6.6,
      "5": 5.4
    },
    "11": {
      "4": 1.25,
      "2": 2.5,
      "5": 2.5,
      "1": 4.0,
      "0": 4.75,
      "3": 6.0,
      "6": 7.0
    },
    "12": {
      "4": 1.4,
      "0": 2.8,
      "1": 6.2,
      "2": 5.2,
      "3": 8.0,
      "8": 4.6,
      "6": 2.6,
      "7": 7.0,
      "5": 7.2
    },
    "13": {
      "7": 3.6,
      "2": 2.8,
      "8": 4.4,
      "4": 2.8,
      "5": 5.6,
      "9": 6.8,
      "1": 7.0,
      "0": 6.4,
      "6": 5.6,
      "3": 10.0
    },
    "14": {
      "6": 2.0,
      "4": 2.6666666666666665,
      "1": 2.6666666666666665,
      "5": 2.6666666666666665,
      "0": 5.666666666666667,
      "3": 5.333333333333333,
      "2": 7.0
    },
    "15": {
      "2": 1.0,
      "0": 2.2,
      "1": 3.6,
      "6": 4.4,
      "4": 5.4,
      "7": 4.6,
      "5": 6.8,
      "3": 8.0
    },
    "16": {
      "6": 1.6,
      "2": 1.4,
      "0": 3.0,
      "5": 4.0,
      "3": 5.0,
      "4": 6.4,
      "1": 6.6
    },
    "17": {
      "7": 1.75,
      "0": 1.25,
      "2": 3.5,
      "6": 3.75,
      "1": 4.75,
      "3": 6.25,
      "4": 6.75,
      "5": 8.0
    },
    "18": {
      "0": 1.2,
      "2": 2.4,
      "3": 2.4,
      "7": 4.0,
      "1": 5.6,
      "6": 7.2,
      "4": 6.8,
      "5": 6.4
    },
    "19": {
      "0": 1.0,
      "2": 2.2,
      "1": 5.4,
      "7": 3.4,
      "6": 6.0,
      "5": 4.4,
      "4": 6.2,
      "3": 7.4
    },
    "20": {
      "0": 1.0,
      "1": 2.6666666666666665,
      "3": 2.3333333333333335,
      "2": 4.666666666666667,
      "6": 5.0,
      "7": 6.0,
      "5": 6.333333333333333,
      "4": 8.0
    },
    "21": {
      "2": 2.0,
      "6": 4.25,
      "4": 2.25,
      "1": 4.0,
      "3": 2.5,
      "0": 6.25,
      "5": 6.75
    },
    "22": {
      "0": 1.6,
      "3": 1.4,
      "4": 3.2,
      "1": 3.8,
      "5": 5.0,
      "6": 6.0,
      "2": 7.0
    },
    "23": {
      "0": 1.0,
      "4": 4.0,
      "8": 2.8,
      "2": 2.6,
      "7": 5.2,
      "3": 7.0,
      "1": 7.6,
      "5": 6.0,
      "6": 8.8
    },
    "24": {
      "0": 1.0,
      "7": 2.4,
      "4": 3.0,
      "2": 3.6,
      "6": 5.0,
      "3": 6.6,
      "5": 6.6,
      "1": 7.8
    },
    "25": {
      "0": 3.0,
      "5": 2.4,
      "2": 3.4,
      "6": 2.2,
      "4": 4.0,
      "7": 6.0,
      "3": 7.2,
      "1": 7.8
    },
    "26": {
      "0": 1.0,
      "3": 2.2,
      "1": 2.8,
      "2": 4.4,
      "7": 4.6,
      "5": 6.8,
      "6": 7.0,
      "4": 7.2
    },
    "27": {
      "0": 1.0,
      "3": 2.4,
      "2": 2.6,
      "5": 4.6,
      "6": 4.8,
      "1": 5.6,
      "4": 7.0
    },
    "28": {
      "0": 1.0,
      "5": 2.6,
      "1": 3.2,
      "4": 4.4,
      "2": 5.0,
      "3": 5.0,
      "6": 6.8
    },
    "29": {
      "0": 1.0,
      "7": 3.0,
      "3": 4.2,
      "2": 3.6,
      "5": 3.2,
      "4": 6.4,
      "6": 7.0,
      "1": 7.6
    },
    "30": {
      "0": 1.0,
      "6": 5.0,
      "5": 3.4,
      "4": 4.0,
      "7": 5.8,
      "1": 6.2,
      "2": 5.0,
      "3": 5.6
    },
    "31": {
      "8": 4.2,
      "4": 2.0,
      "7": 2.4,
      "0": 3.4,
      "5": 3.4,
      "3": 6.6,
      "6": 7.4,
      "1": 6.6,
      "2": 9.0
    },
    "32": {
      "3": 1.4,
      "0": 2.2,
      "7": 2.4,
      "4": 4.0,
      "2": 5.0,
      "8": 6.0,
      "6": 7.4,
      "1": 7.6,
      "5": 9.0
    },
    "33": {
      "0": 1.0,
      "5": 2.0,
      "1": 3.2,
      "2": 3.8,
      "4": 5.0,
      "6": 6.2,
      "3": 6.8
    },
    "34": {
      "0": 1.0,
      "1": 3.4,
      "4": 2.6,
      "7": 4.2,
      "6": 3.8,
      "2": 6.8,
      "3": 7.0,
      "5": 7.2
    },
    "35": {
      "1": 1.0,
      "8": 2.0,
      "7": 3.0,
      "6": 7.0,
      "5": 5.0,
      "9": 6.5,
      "2": 7.5,
      "4": 6.0,
      "3": 7.5,
      "0": 9.5
    },
    "36": {
      "0": 1.0,
      "5": 2.0,
      "2": 3.6,
      "1": 3.4,
      "7": 6.2,
      "6": 5.6,
      "3": 6.4,
      "4": 7.8
    },
    "37": {
      "3": 2.4,
      "2": 1.8,
      "0": 1.8,
      "5": 4.8,
      "6": 4.2,
      "4": 6.0,
      "1": 7.0
    },
    "38": {
      "0": 1.0,
      "7": 2.25,
      "2": 2.75,
      "5": 5.0,
      "4": 5.5,
      "1": 6.5,
      "6": 6.0,
      "3": 7.0
    },
    "39": {
      "0": 1.0,
      "5": 2.8,
      "4": 2.6,
      "3": 5.6,
      "6": 4.6,
      "1": 5.0,
      "2": 6.4
    },
    "40": {
      "0": 1.6,
      "1": 2.8,
      "4": 3.2,
      "2": 3.6,
      "6": 5.2,
      "3": 4.6,
      "5": 7.0
    },
    "41": {
      "0": 1.0,
      "1": 2.0,
      "5": 4.0,
      "4": 4.0,
      "3": 6.25,
      "2": 6.25,
      "6": 4.5
    },
    "42": {
      "5": 1.0,
      "1": 2.2,
      "4": 2.8,
      "2": 4.4,
      "0": 4.6,
      "6": 6.0,
      "3": 7.0
    },
    "43": {
      "6": 2.6,
      "5": 1.6,
      "3": 3.6,
      "4": 2.6,
      "0": 6.0,
      "2": 5.2,
      "1": 6.8,
      "7": 7.6
    },
    "44": {
      "0": 1.0,
      "2": 2.0,
      "5": 3.0,
      "1": 4.2,
      "4": 5.2,
      "6": 5.6,
      "3": 7.0
    },
    "45": {
      "0": 2.0,