{
  "content_diversity": 0.5272220969200134,
  "classifier_auc": 0.8757003388465796,
  "ranking_stability": 0.6524825530072119,
  "feature_coefficients": {
    "word_count": 0.3825619293064322,
    "sentence_count": -0.4958084677331864,
    "avg_sentence_length": -0.010761740651470933,
    "paragraph_count": -0.09827380373925769,
    "heading_density": -0.24194454002396348,
    "list_frequency": -0.07932126484461072,
    "readability": 0.0,
    "bold_emphasis_density": 0.1561920400966926,
    "citation_density": 0.1425736386246281,
    "statistic_density": -0.21289907843467606,
    "quote_density": 0.0680691013493343,
    "named_source_mentions": -0.6189973873524619,
    "year_mentions": 0.19444840269619162,
    "claim_density": 0.16573625728869998,
    "external_reference_density": -0.1377746045395413,
    "question_density": 0.13528424512631868,
    "query_similarity": 1.9504353421778295,
    "corpus_centroid_similarity": -0.14538504315033746,
    "type_token_ratio": -0.877490414821316,
    "vocabulary_sophistication": 0.0,
    "sentiment_polarity": 0.0,
    "avg_word_length": -0.3841774121476965,
    "semantic_uniqueness": 0.9479287676320761,
    "information_density": -0.17442543859044077,
    "specificity_score": 0.11631042037844151
  },
  "avg_ranks": {
    "0": {
      "0": 1.25,
      "2": 1.75,
      "4": 4.75,
      "7": 5.5,
      "5": 4.25,
      "6": 6.25,
      "3": 5.75,
      "1": 6.5
    },
    "1": {
      "0": 1.0,
      "6": 2.2,
      "3": 2.8,
      "4": 5.0,
      "5": 5.6,
      "2": 6.2,
      "1": 5.2
    },
    "2": {
      "0": 1.2,
      "7": 1.8,
      "3": 3.2,
      "2": 6.0,
      "6": 6.4,
      "5": 5.8,
      "4": 4.8,
      "1": 6.8
    },
    "3": {
      "0": 1.0,
      "3": 2.2,
      "2": 3.0,
      "7": 4.8,
      "5": 4.6,
      "4": 6.4,
      "6": 6.4,
      "8": 7.6,
      "1": 9.0
    },
    "4": {
      "0": 1.0,
      "4": 2.0,
      "5": 3.2,
      "2": 3.8,
      "3": 5.8,
      "6": 5.8,
      "7": 6.6,
      "1": 7.8
    },
    "5": {
      "0": 1.0,
      "8": 3.2,
      "6": 3.2,
      "2": 5.4,
      "3": 4.8,
      "1": 4.4,
      "4": 6.2,
      "5": 7.8,
      "7": 9.0
    },
    "6": {
      "5": 1.0,
      "1": 3.6,
      "0": 2.2,
      "4": 3.8,
      "2": 5.4,
      "6": 5.0,
      "3": 7.4,
      "7": 7.6
    },
    "7": {
      "0": 1.0,
      "6": 3.0,
      "2": 4.4,
      "1": 2.4,
      "3": 5.4,
      "4": 5.0,
      "5": 6.8
    },
    "8": {
      "0": 1.8,
      "1": 1.2,
      "2": 3.6,
      "5": 3.6,
      "6": 5.8,
      "4": 5.8,
      "7": 6.8,
      "3": 7.4
    },
    "9": {
      "4": 1.0,
      "0": 2.0,
      "9": 3.0,
      "6": 6.6,
      "3": 4.2,
      "8": 6.6,
      "1": 6.4,
      "2": 6.4,
      "5": 8.8,
      "7": 10.0
    },
    "10": {
      "4": 1.6,
      "1": 3.4,
      "6": 5.0,
      "0": 2.2,
      "3": 4.8,
      "5": 4.6,
      "2": 6.4
    },
    "11": {
      "5": 2.0,
      "2": 2.0,
      "4": 2.2,
      "0": 4.6,
      "1": 4.2,
      "3": 6.2,
      "6": 6.8
    },
    "12": {
      "6": 1.0,
      "4": 3.4,
      "8": 3.8,
      "0": 4.0,
      "7": 6.0,
      "5": 6.8,
      "2": 5.6,
      "1": 5.6,
      "3": 8.8
    },
    "13": {
      "6": 6.0,
      "7": 3.0,
      "4": 2.4,
      "2": 5.4,
      "0": 3.2,
      "5": 5.4,
      "1": 7.6,
      "9": 6.4,
      "8": 5.6,
      "3": 10.0
    },
    "14": {
      "4": 2.4,
      "6": 2.6,
      "1": 3.2,
      "0": 4.4,
      "5": 3.2,
      "3": 5.2,
      "2": 7.0
    },
    "15": {
      "2": 1.6,
      "0": 2.0,
      "6": 2.6,
      "4": 4.0,
      "7": 5.0,
      "5": 6.8,
      "1": 6.0,
      "3": 8.0
    },
    "16": {
      "6": 1.6,
      "2": 1.8,
      "0": 2.8,
      "5": 4.6,
      "3": 4.2,
      "1": 6.4,
      "4": 6.6
    },
    "17": {
      "0": 1.2,
      "7": 1.8,
      "6": 3.6,
      "2": 3.8,
      "1": 4.6,
      "3": 6.4,
      "5": 7.0,
      "4": 7.6
    },
    "18": {
      "0": 1.2,
      "2": 1.8,
      "7": 3.8,
      "3": 3.2,
      "1": 6.8,
      "4": 6.2,
      "6": 6.4,
      "5": 6.6
    },
    "19": {
      "0": 1.0,
      "3": 6.6,
      "2": 2.4,
      "4": 5.0,
      "5": 4.2,
      "1": 4.8,
      "6": 7.2,
      "7": 4.8
    },
    "20": {
      "0": 1.0,
      "1": 2.6,
      "3": 3.8,
      "5": 5.2,
      "6": 4.4,
      "7": 5.8,
      "2": 5.2,
      "4": 8.0
    },
    "21": {
      "3": 2.6,
      "4": 2.2,
      "2": 2.0,
      "1": 4.4,
      "6": 3.8,
      "0": 6.2,
      "5": 6.8
    },
    "22": {
      "0": 2.0,
      "4": 2.4,
      "3": 1.6,
      "5": 4.8,
      "1": 4.2,
      "6": 6.0,
      "2": 7.0
    },
    "23": {
      "0": 1.0,
      "2": 4.2,
      "8": 2.4,
      "5": 4.0,
      "7": 4.8,
      "3": 6.6,
      "1": 6.6,
      "4": 6.4,
      "6": 9.0
    },
    "24": {
      "0": 1.0,
      "7": 2.2,
      "4": 2.8,
      "6": 4.4,
      "2": 5.6,
      "5": 6.0,
      "3": 6.2,
      "1": 7.8
    },
    "25": {
      "6": 3.0,
      "0": 1.8,
      "5": 1.6,
      "2": 5.0,
      "4": 3.8,
      "7": 5.8,
      "3": 7.2,
      "1": 7.8
    },
    "26": {
      "0": 1.0,
      "3": 2.6,
      "1": 2.6,
      "7": 4.2,
      "2": 4.6,
      "5": 6.8,
      "4": 6.8,
      "6": 7.4
    },
    "27": {
      "0": 1.0,
      "5": 3.0,
      "1": 3.6,
      "6": 4.4,
      "4": 6.4,
      "2": 4.8,
      "3": 4.8
    },
    "28": {
      "0": 1.2,
      "5": 1.8,
      "4": 5.0,
      "1": 3.2,
      "3": 4.8,
      "2": 5.0,
      "6": 7.0
    },
    "29": {
      "0": 1.0,
      "5": 3.4,
      "2": 4.4,
      "7": 3.0,
      "3": 3.2,
      "4": 7.0,
      "1": 7.0,
      "6": 7.0
    },
    "30": {
      "0": 1.0,
      "5": 3.2,
      "4": 3.8,
      "7": 5.0,
      "2": 4.4,
      "6": 5.4,
      "1": 6.6,
      "3": 6.6
    },
    "31": {
      "5": 1.6,
      "0": 2.8,
      "4": 2.6,
      "7": 3.4,
      "6": 6.2,
      "1": 6.4,
      "8": 5.6,
      "3": 7.6,
      "2": 8.8
    },
    "32": {
      "3": 1.0,
      "0": 2.25,
      "7": 2.75,
      "4": 4.0,
      "2": 5.0,
      "8": 6.5,
      "1": 7.0,
      "6": 7.5,
      "5": 9.0
    },
    "33": {
      "0": 1.0,
      "5": 2.0,
      "1": 3.4,
      "4": 4.8,
      "2": 5.8,
      "6": 5.2,
      "3": 5.8
    },
    "34": {
      "0": 1.0,
      "4": 2.0,
      "1": 3.2,
      "6": 4.4,
      "7": 4.4,
      "2": 6.6,
      "3": 7.6,
      "5": 6.8
    },
    "35": {
      "1": 1.0,
      "8": 2.0,
      "7": 3.0,
      "4": 6.0,
      "9": 6.25,
      "5": 4.5,
      "3": 6.5,
      "2": 6.75,
      "6": 9.5,
      "0": 9.5
    },
    "36": {
      "0": 1.0,
      "5": 2.0,
      "2": 4.2,
      "1": 3.6,
      "7": 6.0,
      "6": 5.6,
      "3": 6.0,
      "4": 7.6
    },
    "37": {
      "2": 1.2,
      "0": 2.0,
      "3": 3.8,
      "5": 4.0,
      "6": 4.0,
      "4": 6.0,
      "1": 7.0
    },
    "38": {
      "0": 1.0,
      "2": 2.6,
      "7": 2.4,
      "5": 5.4,
      "1": 6.2,
      "4": 5.8,
      "6": 5.8,
      "3": 6.8
    },
    "39": {
      "0": 1.0,
      "5": 2.4,
      "2": 5.8,
      "4": 3.2,
      "1": 4.2,
      "3": 6.4,
      "6": 5.0
    },
    "40": {
      "0": 1.2,
      "4": 3.2,
      "2": 5.0,
      "6": 4.8,
      "1": 3.2,
      "3": 3.6,
      "5": 7.0
    },
    "41": {
      "0": 1.0,
      "1": 2.0,
      "6": 3.6666666666666665,
      "5": 4.333333333333333,
      "4": 4.0,
      "2": 6.666666666666667,
      "3": 6.333333333333333
    },
    "42": {
      "5": 1.0,
      "4": 2.8,
      "1": 2.4,
      "2": 4.2,
      "3": 5.8,
      "0": 5.4,
      "6": 6.4
    },
    "43": {
      "6": 1.8,
      "5": 2.2,
      "4": 2.0,
      "3": 5.2,
      "2": 5.4,
      "1": 6.2,
      "0": 5.6,
      "7": 7.6
    },
    "44": {
      "0": 1.0,
      "2": 2.2,
      "5": 3.2,
      "1": 4.6,
      "6": 4.2,
      "4": 5.8,
      "3": 7.0
    },
    "45": {
      "1": 1.4,
      "0": 2.0,
      "2": 4.0,
      "6": 5.4,
      "4": 4.6,
      "5": 4.0,
      "3": 7.8,
      "8": 8.2,
      "7": 7.6
    },