{
  "content_diversity": 0.5167772173881531,
  "classifier_auc": 0.8533602320010087,
  "ranking_stability": 0.6877470290035734,
  "feature_coefficients": {
    "word_count": 0.7550196233703061,
    "sentence_count": -0.5629373096247406,
    "avg_sentence_length": -0.03836922032663534,
    "paragraph_count": -0.08512243389068457,
    "heading_density": -0.04704181804701072,
    "list_frequency": 0.0675298200097755,
    "readability": -0.39324635951485926,
    "bold_emphasis_density": 0.25004490015671865,
    "citation_density": -0.012425639501757664,
    "statistic_density": -0.4269239921326683,
    "quote_density": 0.05712565555814758,
    "named_source_mentions": -0.43230274963309673,
    "year_mentions": 0.2349034120962016,
    "claim_density": 0.47080337643556863,
    "external_reference_density": 0.005310306399109396,
    "question_density": -0.04981455871132725,
    "query_similarity": 2.259061276060803,
    "corpus_centroid_similarity": 0.05776694486122855,
    "type_token_ratio": -0.31164597031401026,
    "vocabulary_sophistication": 0.259926175420916,
    "sentiment_polarity": 0.06340195042008949,
    "avg_word_length": -0.550835338099931,
    "semantic_uniqueness": 0.8862815844005658,
    "information_density": 0.26858854402710197,
    "specificity_score": 0.10217216778590234
  },
  "avg_ranks": {
    "0": {
      "0": 1.0,
      "2": 2.0,
      "3": 5.25,
      "6": 4.5,
      "5": 4.5,
      "1": 6.25,
      "7": 4.75,
      "4": 7.75
    },
    "1": {
      "0": 1.0,
      "3": 2.6,
      "6": 2.4,
      "2": 4.2,
      "5": 4.8,
      "1": 6.0,
      "4": 7.0
    },
    "2": {
      "0": 1.2,
      "6": 4.8,
      "7": 2.0,
      "3": 4.4,
      "4": 4.0,
      "5": 5.6,
      "1": 6.8,
      "2": 7.2
    },
    "3": {
      "5": 3.2,
      "7": 2.6,
      "0": 1.8,
      "3": 2.4,
      "2": 5.0,
      "4": 6.4,
      "6": 6.6,
      "8": 8.0,
      "1": 9.0
    },
    "4": {
      "0": 1.0,
      "4": 2.0,
      "2": 3.2,
      "5": 4.8,
      "3": 5.6,
      "7": 5.4,
      "6": 6.0,
      "1": 8.0
    },
    "5": {
      "0": 1.0,
      "6": 3.4,
      "8": 3.4,
      "1": 4.4,
      "3": 4.4,
      "2": 5.0,
      "4": 6.4,
      "5": 8.0,
      "7": 9.0
    },
    "6": {
      "0": 1.4,
      "5": 1.6,
      "6": 4.0,
      "1": 3.6,
      "4": 4.4,
      "2": 6.0,
      "3": 7.4,
      "7": 7.6
    },
    "7": {
      "1": 1.6,
      "0": 1.4,
      "2": 3.6,
      "3": 5.8,
      "6": 3.6,
      "4": 6.0,
      "5": 6.0
    },
    "8": {
      "0": 1.8,
      "1": 1.6,
      "2": 2.8,
      "5": 4.0,
      "7": 7.2,
      "4": 6.2,
      "6": 6.0,
      "3": 6.4
    },
    "9": {
      "0": 1.25,
      "4": 1.75,
      "9": 3.0,
      "2": 5.25,
      "3": 4.25,
      "6": 7.5,
      "8": 8.0,
      "1": 7.5,
      "5": 7.75,
      "7": 8.75
    },
    "10": {
      "0": 2.2,
      "1": 2.6,
      "6": 3.6,
      "3": 3.0,
      "4": 4.2,
      "5": 6.0,
      "2": 6.4
    },
    "11": {
      "2": 2.4,
      "5": 1.6,
      "4": 2.0,
      "0": 4.6,
      "1": 4.4,
      "3": 6.0,
      "6": 7.0
    },
    "12": {
      "6": 1.0,
      "1": 4.4,
      "4": 3.2,
      "0": 3.0,
      "8": 3.4,
      "7": 6.8,
      "2": 6.6,
      "5": 7.6,
      "3": 9.0
    },
    "13": {
      "7": 2.4,
      "5": 3.8,
      "4": 2.8,
      "8": 3.0,
      "0": 6.0,
      "2": 5.2,
      "1": 7.6,
      "9": 7.2,
      "6": 7.0,
      "3": 10.0
    },
    "14": {
      "1": 1.8,
      "5": 4.2,
      "4": 2.6,
      "0": 5.6,
      "6": 2.8,
      "3": 4.0,
      "2": 7.0
    },
    "15": {
      "2": 1.0,
      "7": 4.2,
      "4": 4.4,
      "6": 3.2,
      "0": 3.4,
      "1": 4.8,
      "5": 7.0,
      "3": 8.0
    },
    "16": {
      "6": 1.6,
      "2": 1.8,
      "0": 2.6,
      "3": 4.6,
      "5": 4.4,
      "1": 6.4,
      "4": 6.6
    },
    "17": {
      "0": 1.4,
      "7": 2.2,
      "2": 2.8,
      "1": 5.0,
      "6": 3.8,
      "3": 5.8,
      "5": 7.4,
      "4": 7.6
    },
    "18": {
      "0": 1.2,
      "3": 2.6,
      "2": 2.2,
      "7": 4.0,
      "4": 5.6,
      "6": 7.6,
      "1": 6.8,
      "5": 6.0
    },
    "19": {
      "0": 1.0,
      "7": 3.8,
      "6": 4.6,
      "2": 3.4,
      "1": 5.4,
      "5": 4.4,
      "4": 5.6,
      "3": 7.8
    },
    "20": {
      "0": 1.0,
      "1": 2.4,
      "3": 2.8,
      "6": 4.8,
      "2": 5.0,
      "7": 5.0,
      "5": 7.0,
      "4": 8.0
    },
    "21": {
      "3": 2.8,
      "4": 1.2,
      "2": 2.2,
      "1": 4.6,
      "6": 4.2,
      "5": 6.6,
      "0": 6.4
    },
    "22": {
      "0": 1.0,
      "3": 2.2,
      "4": 2.8,
      "5": 5.0,
      "1": 4.2,
      "6": 6.0,
      "2": 6.8
    },
    "23": {
      "0": 1.0,
      "7": 3.8,
      "4": 4.8,
      "8": 3.0,
      "2": 3.2,
      "3": 7.4,
      "1": 7.2,
      "5": 5.6,
      "6": 9.0
    },
    "24": {
      "0": 1.0,
      "4": 2.8,
      "7": 2.8,
      "2": 3.4,
      "6": 5.2,
      "5": 6.4,
      "3": 6.4,
      "1": 8.0
    },
    "25": {
      "5": 2.4,
      "0": 1.4,
      "6": 3.0,
      "4": 5.2,
      "2": 3.8,
      "7": 5.2,
      "1": 7.6,
      "3": 7.4
    },
    "26": {
      "0": 1.0,
      "1": 2.2,
      "3": 2.8,
      "7": 4.6,
      "2": 4.4,
      "5": 6.8,
      "4": 7.2,
      "6": 7.0
    },
    "27": {
      "0": 1.0,
      "5": 3.6,
      "1": 4.6,
      "3": 2.6,
      "6": 5.8,
      "4": 6.8,
      "2": 3.6
    },
    "28": {
      "0": 1.0,
      "5": 2.0,
      "1": 3.6,
      "4": 5.4,
      "2": 4.8,
      "3": 4.2,
      "6": 7.0
    },
    "29": {
      "0": 1.0,
      "2": 3.6,
      "3": 3.2,
      "7": 3.6,
      "5": 3.6,
      "1": 7.2,
      "6": 6.8,
      "4": 7.0
    },
    "30": {
      "0": 1.0,
      "4": 2.6,
      "7": 4.8,
      "5": 5.6,
      "3": 5.2,
      "6": 5.4,
      "1": 6.0,
      "2": 5.4
    },
    "31": {
      "6": 6.0,
      "5": 2.2,
      "0": 3.0,
      "7": 3.6,
      "4": 4.6,
      "8": 5.0,
      "3": 6.2,
      "2": 8.8,
      "1": 5.6
    },
    "32": {
      "3": 1.25,
      "0": 1.75,
      "7": 3.0,
      "4": 4.25,
      "1": 7.25,
      "8": 5.75,
      "2": 6.0,
      "6": 7.0,
      "5": 8.75
    },
    "33": {
      "0": 1.0,
      "5": 2.0,
      "1": 3.2,
      "2": 3.8,
      "4": 5.0,
      "6": 6.4,
      "3": 6.6
    },
    "34": {
      "0": 1.0,
      "1": 3.4,
      "4": 3.4,
      "7": 3.2,
      "6": 4.8,
      "3": 6.8,
      "5": 6.2,
      "2": 7.2
    },
    "35": {
      "1": 1.0,
      "8": 2.0,
      "7": 3.0,
      "5": 4.0,
      "2": 5.0,
      "9": 6.0,
      "3": 7.0,
      "4": 8.0,
      "0": 9.0,
      "6": 10.0
    },
    "36": {
      "0": 1.0,
      "5": 2.2,
      "1": 3.0,
      "2": 3.8,
      "6": 5.2,
      "4": 7.6,
      "3": 6.2,
      "7": 7.0
    },
    "37": {
      "2": 1.2,
      "0": 1.8,
      "5": 3.2,
      "3": 4.4,
      "6": 4.4,
      "4": 6.0,
      "1": 7.0
    },
    "38": {
      "0": 1.0,
      "7": 2.2,
      "2": 2.8,
      "5": 4.6,
      "4": 4.6,
      "1": 5.8,
      "6": 7.2,
      "3": 7.8
    },
    "39": {
      "0": 1.0,
      "6": 3.2,
      "5": 3.8,
      "2": 4.6,
      "1": 5.2,
      "4": 3.6,
      "3": 6.6
    },
    "40": {
      "2": 3.4,
      "0": 1.2,
      "3": 3.8,
      "4": 3.2,
      "1": 3.4,
      "6": 6.2,
      "5": 6.8
    },
    "41": {
      "0": 1.0,
      "1": 2.0,
      "6": 3.3333333333333335,
      "4": 4.333333333333333,
      "5": 4.333333333333333,
      "2": 6.333333333333333,
      "3": 6.666666666666667
    },
    "42": {
      "5": 1.0,
      "4": 2.5,
      "1": 2.75,
      "0": 4.0,
      "2": 4.75,
      "6": 6.25,
      "3": 6.75
    },
    "43": {
      "5": 2.4,
      "6": 1.6,
      "4": 3.0,
      "0": 5.8,
      "2": 4.2,
      "1": 6.6,
      "3": 5.2,
      "7": 7.2
    },
    "44": {
      "0": 1.0,
      "2": 2.0,
      "5": 3.0,
      "6": 5.0,
      "1": 4.2,
      "4": 5.8,
      "3": 7.0
    },
    "45": {
      "1": 2.8,
      "0": 1.4,
      "4": 4.4,
      "5": 4.0,
      "2": 3.8,