{
  "content_diversity": 0.5156434178352356,
  "classifier_auc": 0.8640746080374841,
  "ranking_stability": 0.6643370779070152,
  "feature_coefficients": {
    "word_count": -0.12006714102316757,
    "sentence_count": -0.07951453723696573,
    "avg_sentence_length": 0.024991271653733695,
    "paragraph_count": -0.5316773898318197,
    "heading_density": -0.609645815114594,
    "list_frequency": 0.3428270343186994,
    "readability": -0.44421836914036344,
    "bold_emphasis_density": 0.11416220065676813,
    "citation_density": -0.03908505720658268,
    "statistic_density": -0.22839199037089147,
    "quote_density": 0.11233744984702176,
    "named_source_mentions": 0.08335433785627074,
    "year_mentions": 0.10087916589938761,
    "claim_density": 0.28418409383359783,
    "external_reference_density": 0.11201538117737193,
    "question_density": 0.013225999864258356,
    "query_similarity": 2.274282249908365,
    "corpus_centroid_similarity": 0.01978084117793375,
    "type_token_ratio": -0.501519323573596,
    "vocabulary_sophistication": 0.1145344581548392,
    "sentiment_polarity": -0.06449479983306682,
    "avg_word_length": -0.17266494428283763,
    "semantic_uniqueness": 0.8554523596562136,
    "information_density": 0.3348082433936587,
    "specificity_score": -0.009359340419879006
  },
  "avg_ranks": {
    "0": {
      "0": 1.0,
      "2": 2.6666666666666665,
      "3": 4.0,
      "6": 4.6,
      "5": 4.2,
      "4": 6.4,
      "7": 7.0,
      "1": 7.0
    },
    "1": {
      "0": 1.0,
      "3": 2.6,
      "6": 2.4,
      "5": 4.8,
      "2": 5.0,
      "1": 5.6,
      "4": 6.6
    },
    "2": {
      "0": 1.0,
      "7": 2.0,
      "3": 3.6,
      "5": 4.4,
      "6": 6.2,
      "1": 6.6,
      "4": 5.2,
      "2": 7.0
    },
    "3": {
      "0": 1.0,
      "3": 2.8,
      "7": 3.8,
      "2": 3.4,
      "5": 4.4,
      "4": 6.4,
      "6": 6.6,
      "8": 7.6,
      "1": 9.0
    },
    "4": {
      "0": 1.0,
      "4": 2.0,
      "2": 3.75,
      "5": 3.75,
      "6": 5.75,
      "3": 6.0,
      "7": 5.75,
      "1": 8.0
    },
    "5": {
      "0": 1.0,
      "6": 3.25,
      "8": 3.25,
      "2": 5.5,
      "1": 3.75,
      "3": 5.0,
      "4": 6.25,
      "5": 8.0,
      "7": 9.0
    },
    "6": {
      "1": 3.0,
      "5": 1.8,
      "0": 1.6,
      "6": 4.6,
      "2": 5.0,
      "4": 5.0,
      "3": 7.2,
      "7": 7.8
    },
    "7": {
      "0": 1.0,
      "1": 2.0,
      "2": 3.8,
      "6": 4.0,
      "4": 4.2,
      "3": 6.4,
      "5": 6.6
    },
    "8": {
      "0": 1.0,
      "1": 2.0,
      "2": 3.4,
      "5": 4.4,
      "4": 5.6,
      "6": 5.4,
      "7": 6.6,
      "3": 7.6
    },
    "9": {
      "0": 1.8,
      "4": 1.4,
      "9": 2.8,
      "3": 4.0,
      "1": 6.6,
      "2": 7.2,
      "5": 7.0,
      "6": 7.0,
      "8": 8.0,
      "7": 9.2
    },
    "10": {
      "0": 2.2,
      "3": 4.4,
      "1": 2.4,
      "4": 3.0,
      "6": 4.2,
      "5": 5.2,
      "2": 6.6
    },
    "11": {
      "2": 2.0,
      "5": 1.6,
      "4": 2.8,
      "1": 3.6,
      "0": 5.0,
      "6": 6.8,
      "3": 6.2
    },
    "12": {
      "4": 3.6,
      "6": 1.2,
      "8": 3.4,
      "0": 2.4,
      "3": 8.0,
      "2": 5.8,
      "1": 6.6,
      "7": 5.6,
      "5": 8.4
    },
    "13": {
      "6": 7.4,
      "2": 4.8,
      "4": 2.2,
      "8": 3.6,
      "7": 3.8,
      "5": 5.2,
      "0": 5.8,
      "9": 6.4,
      "1": 5.8,
      "3": 10.0
    },
    "14": {
      "4": 1.8,
      "1": 1.6,
      "0": 4.6,
      "6": 3.6,
      "3": 5.4,
      "5": 4.0,
      "2": 7.0
    },
    "15": {
      "2": 1.0,
      "1": 3.8,
      "6": 3.4,
      "7": 5.0,
      "0": 3.2,
      "4": 4.6,
      "5": 7.0,
      "3": 8.0
    },
    "16": {
      "2": 1.8,
      "0": 2.4,
      "6": 1.8,
      "5": 4.0,
      "3": 5.0,
      "4": 6.6,
      "1": 6.4
    },
    "17": {
      "0": 1.0,
      "7": 2.0,
      "6": 3.4,
      "2": 4.0,
      "1": 4.6,
      "3": 6.8,
      "5": 7.0,
      "4": 7.2
    },
    "18": {
      "0": 1.2,
      "2": 2.2,
      "3": 2.6,
      "7": 4.0,
      "4": 5.2,
      "1": 6.8,
      "5": 6.4,
      "6": 7.6
    },
    "19": {
      "0": 1.0,
      "7": 3.4,
      "2": 2.8,
      "1": 5.6,
      "6": 4.6,
      "5": 4.6,
      "4": 6.4,
      "3": 7.6
    },
    "20": {
      "0": 1.0,
      "1": 2.5,
      "6": 4.5,
      "3": 4.0,
      "2": 5.25,
      "7": 4.0,
      "5": 6.75,
      "4": 8.0
    },
    "21": {
      "2": 1.4,
      "4": 2.2,
      "3": 2.8,
      "1": 4.8,
      "6": 3.8,
      "0": 6.4,
      "5": 6.6
    },
    "22": {
      "3": 1.6,
      "0": 1.4,
      "4": 3.2,
      "1": 3.8,
      "5": 5.2,
      "6": 5.8,
      "2": 7.0
    },
    "23": {
      "0": 1.0,
      "8": 3.4,
      "2": 2.6,
      "4": 5.2,
      "7": 4.8,
      "5": 4.0,
      "3": 7.8,
      "1": 7.8,
      "6": 8.4
    },
    "24": {
      "0": 1.0,
      "7": 3.0,
      "2": 3.2,
      "4": 3.2,
      "5": 6.6,
      "6": 5.2,
      "3": 6.0,
      "1": 7.8
    },
    "25": {
      "5": 3.8,
      "0": 1.2,
      "6": 2.6,
      "4": 3.8,
      "7": 5.0,
      "2": 4.6,
      "1": 7.4,
      "3": 7.6
    },
    "26": {
      "0": 1.0,
      "1": 2.4,
      "3": 2.6,
      "7": 4.4,
      "2": 4.6,
      "5": 6.2,
      "6": 7.0,
      "4": 7.8
    },
    "27": {
      "0": 1.0,
      "5": 4.4,
      "3": 2.4,
      "6": 5.0,
      "4": 6.0,
      "2": 4.0,
      "1": 5.2
    },
    "28": {
      "0": 1.0,
      "5": 2.0,
      "1": 3.4,
      "4": 5.0,
      "2": 4.4,
      "3": 5.2,
      "6": 7.0
    },
    "29": {
      "0": 1.0,
      "5": 4.2,
      "3": 4.0,
      "7": 3.5,
      "2": 3.6,
      "6": 7.25,
      "4": 6.5,
      "1": 7.2
    },
    "30": {
      "0": 1.0,
      "4": 3.6,
      "5": 3.8,
      "3": 4.4,
      "6": 4.6,
      "1": 7.4,
      "7": 5.0,
      "2": 6.2
    },
    "31": {
      "1": 4.4,
      "3": 5.2,
      "4": 3.2,
      "7": 4.2,
      "5": 3.0,
      "8": 3.6,
      "0": 5.2,
      "6": 7.2,
      "2": 9.0
    },
    "32": {
      "3": 1.0,
      "0": 2.0,
      "7": 3.0,
      "4": 4.0,
      "2": 6.2,
      "8": 6.6,
      "1": 7.2,
      "6": 6.0,
      "5": 9.0
    },
    "33": {
      "0": 1.0,
      "5": 2.0,
      "1": 3.4,
      "3": 5.6,
      "2": 4.6,
      "4": 5.4,
      "6": 6.0
    },
    "34": {
      "0": 1.0,
      "4": 2.4,
      "1": 3.4,
      "6": 4.6,
      "7": 4.0,
      "5": 7.5,
      "3": 6.8,
      "2": 7.0
    },
    "35": {
      "1": 1.0,
      "0": 7.75,
      "8": 2.25,
      "7": 3.25,
      "9": 6.0,
      "5": 5.75,
      "2": 5.75,
      "4": 6.25,
      "3": 7.5,
      "6": 9.5
    },
    "36": {
      "0": 1.0,
      "5": 2.25,
      "2": 3.25,
      "1": 4.0,
      "4": 4.75,
      "6": 5.75,
      "3": 7.0,
      "7": 8.0
    },
    "37": {
      "0": 1.4,
      "2": 1.6,
      "3": 3.4,
      "6": 3.8,
      "5": 4.8,
      "4": 6.0,
      "1": 7.0
    },
    "38": {
      "0": 1.0,
      "7": 2.0,
      "2": 3.0,
      "4": 4.8,
      "1": 5.8,
      "5": 4.4,
      "6": 7.6,
      "3": 7.4
    },
    "39": {
      "0": 1.0,
      "5": 2.2,
      "4": 4.6,
      "6": 4.0,
      "3": 5.0,
      "1": 4.6,
      "2": 6.6
    },
    "40": {
      "2": 4.8,
      "4": 2.2,
      "0": 2.0,
      "1": 3.2,
      "6": 4.6,
      "3": 4.2,
      "5": 7.0
    },
    "41": {
      "0": 1.0,
      "1": 2.0,
      "6": 3.4,
      "5": 4.4,
      "4": 4.2,
      "3": 6.2,
      "2": 6.8
    },
    "42": {
      "5": 1.0,
      "1": 2.2,
      "4": 3.4,
      "0": 4.4,
      "2": 4.0,
      "6": 6.6,
      "3": 6.4
    },
    "43": {
      "6": 2.2,
      "5": 1.6,
      "4": 3.2,
      "3": 4.6,
      "2": 4.4,
      "0": 7.0,
      "1": 5.4,
      "7": 7.6
    },
    "44": {
      "0": 1.0,
      "2": 2.0,
      "5": 3.0,
      "4": 5.2,
      "1": 4.4,
      "6": 5.4,
      "3": 7.0
    },
    "45": {
      "1": 1.4,
      "0": 1.6,
      "2": 3.8,
      "5": 5.0,
      "4": 5.0,
      "6": 5.8,
      "7": 6.8,
      "3": 8.8,