{
  "content_diversity": 0.5263470411300659,
  "classifier_auc": 0.8905290703526018,
  "ranking_stability": 0.6772868255626876,
  "feature_coefficients": {
    "word_count": 0.26908710726727225,
    "sentence_count": -0.783090806029542,
    "avg_sentence_length": 0.020327718640199572,
    "paragraph_count": -0.2767046398561536,
    "heading_density": 0.019267426332032704,
    "list_frequency": 0.13719222199593906,
    "readability": 0.0,
    "bold_emphasis_density": 0.20418336606113294,
    "citation_density": 0.10519978370885012,
    "statistic_density": -0.12693948729499402,
    "quote_density": -0.025520730725239672,
    "named_source_mentions": -0.45100864062136203,
    "year_mentions": 0.2268010323354446,
    "claim_density": 0.04863755375718523,
    "external_reference_density": -0.1186281055255845,
    "question_density": 0.12866722108457515,
    "query_similarity": 1.9901837503854185,
    "corpus_centroid_similarity": -0.136930509611049,
    "type_token_ratio": -0.976737234654863,
    "vocabulary_sophistication": 0.0,
    "sentiment_polarity": 0.0,
    "avg_word_length": -0.657581541910078,
    "semantic_uniqueness": 0.7205987830733603,
    "information_density": -0.06982334420743118,
    "specificity_score": 0.10380214888651161
  },
  "avg_ranks": {
    "0": {
      "0": 1.4,
      "2": 1.6,
      "3": 5.0,
      "7": 6.0,
      "1": 5.8,
      "5": 4.4,
      "4": 4.8,
      "6": 7.0
    },
    "1": {
      "0": 1.0,
      "6": 2.2,
      "3": 2.8,
      "1": 5.4,
      "5": 4.8,
      "2": 5.4,
      "4": 6.4
    },
    "2": {
      "0": 1.0,
      "7": 2.2,
      "3": 3.4,
      "4": 4.8,
      "2": 6.0,
      "1": 6.2,
      "6": 5.2,
      "5": 7.2
    },
    "3": {
      "0": 1.0,
      "5": 3.0,
      "2": 2.6,
      "7": 4.8,
      "3": 3.8,
      "6": 6.8,
      "4": 6.2,
      "8": 7.8,
      "1": 9.0
    },
    "4": {
      "0": 1.0,
      "4": 2.0,
      "2": 3.4,
      "5": 3.6,
      "7": 5.6,
      "6": 6.0,
      "3": 6.4,
      "1": 8.0
    },
    "5": {
      "0": 1.0,
      "2": 4.0,
      "8": 4.2,
      "1": 2.8,
      "3": 6.2,
      "4": 6.4,
      "6": 3.4,
      "5": 8.0,
      "7": 9.0
    },
    "6": {
      "5": 1.2,
      "0": 2.2,
      "4": 3.8,
      "1": 3.2,
      "6": 4.8,
      "2": 5.8,
      "3": 7.2,
      "7": 7.8
    },
    "7": {
      "0": 1.4,
      "2": 3.4,
      "1": 1.8,
      "6": 3.6,
      "4": 5.8,
      "3": 5.0,
      "5": 7.0
    },
    "8": {
      "1": 1.2,
      "0": 1.8,
      "2": 3.4,
      "5": 4.4,
      "4": 6.4,
      "6": 5.8,
      "7": 5.2,
      "3": 7.8
    },
    "9": {
      "4": 1.2,
      "0": 1.8,
      "9": 3.0,
      "2": 6.8,
      "3": 4.4,
      "8": 7.0,
      "1": 6.8,
      "6": 8.0,
      "5": 6.0,
      "7": 10.0
    },
    "10": {
      "0": 1.2,
      "1": 2.6,
      "4": 2.6,
      "5": 5.2,
      "6": 5.6,
      "3": 4.6,
      "2": 6.2
    },
    "11": {
      "4": 1.8,
      "2": 2.2,
      "5": 2.0,
      "1": 4.0,
      "0": 5.0,
      "3": 6.4,
      "6": 6.6
    },
    "12": {
      "6": 1.6,
      "0": 3.6,
      "2": 4.4,
      "8": 4.8,
      "4": 2.2,
      "7": 7.8,
      "1": 5.4,
      "5": 6.6,
      "3": 8.6
    },
    "13": {
      "4": 3.4,
      "2": 5.4,
      "1": 3.8,
      "7": 4.0,
      "8": 6.2,
      "0": 4.0,
      "5": 5.6,
      "9": 6.2,
      "6": 6.4,
      "3": 10.0
    },
    "14": {
      "5": 2.0,
      "1": 2.2,
      "0": 4.6,
      "6": 3.6,
      "3": 5.6,
      "4": 3.0,
      "2": 7.0
    },
    "15": {
      "2": 1.0,
      "4": 4.6,
      "6": 3.4,
      "0": 3.0,
      "7": 4.0,
      "1": 5.0,
      "5": 7.0,
      "3": 8.0
    },
    "16": {
      "0": 3.0,
      "6": 1.4,
      "2": 2.2,
      "3": 4.4,
      "5": 4.0,
      "4": 6.2,
      "1": 6.8
    },
    "17": {
      "7": 2.0,
      "0": 1.2,
      "2": 2.8,
      "6": 4.4,
      "1": 4.6,
      "3": 6.8,
      "5": 7.2,
      "4": 7.0
    },
    "18": {
      "0": 1.6,
      "3": 2.4,
      "2": 2.0,
      "7": 4.0,
      "5": 6.0,
      "1": 6.6,
      "6": 7.2,
      "4": 6.2
    },
    "19": {
      "0": 1.0,
      "2": 2.2,
      "7": 3.4,
      "5": 5.0,
      "1": 5.0,
      "6": 7.6,
      "4": 5.2,
      "3": 6.6
    },
    "20": {
      "0": 1.0,
      "1": 2.8,
      "2": 4.2,
      "6": 5.0,
      "3": 3.4,
      "5": 5.8,
      "7": 6.0,
      "4": 7.8
    },
    "21": {
      "2": 1.6,
      "3": 1.4,
      "4": 3.0,
      "1": 4.4,
      "6": 4.6,
      "5": 6.4,
      "0": 6.6
    },
    "22": {
      "4": 2.2,
      "3": 1.6,
      "0": 2.2,
      "1": 4.0,
      "5": 5.0,
      "6": 6.0,
      "2": 7.0
    },
    "23": {
      "0": 1.0,
      "2": 2.8,
      "8": 2.4,
      "7": 4.4,
      "5": 5.2,
      "3": 6.6,
      "4": 5.6,
      "1": 8.0,
      "6": 9.0
    },
    "24": {
      "0": 1.0,
      "7": 2.0,
      "4": 3.0,
      "3": 5.2,
      "6": 5.4,
      "5": 5.6,
      "2": 5.8,
      "1": 8.0
    },
    "25": {
      "0": 2.0,
      "5": 2.4,
      "2": 4.6,
      "4": 4.4,
      "6": 2.0,
      "7": 5.6,
      "3": 7.6,
      "1": 7.4
    },
    "26": {
      "0": 1.0,
      "1": 2.6,
      "3": 2.4,
      "7": 4.2,
      "2": 4.8,
      "4": 6.6,
      "5": 6.8,
      "6": 7.6
    },
    "27": {
      "0": 1.0,
      "5": 2.6666666666666665,
      "1": 4.0,
      "3": 2.6666666666666665,
      "6": 4.666666666666667,
      "2": 6.333333333333333,
      "4": 6.666666666666667
    },
    "28": {
      "0": 1.2,
      "5": 1.8,
      "1": 3.0,
      "2": 4.6,
      "3": 5.2,
      "4": 5.2,
      "6": 7.0
    },
    "29": {
      "0": 1.0,
      "7": 2.4,
      "3": 3.4,
      "5": 3.2,
      "1": 6.6,
      "4": 6.4,
      "2": 5.4,
      "6": 7.6
    },
    "30": {
      "0": 1.0,
      "7": 5.4,
      "3": 5.2,
      "4": 4.0,
      "2": 5.0,
      "5": 3.8,
      "6": 4.2,
      "1": 7.4
    },
    "31": {
      "0": 2.8,
      "5": 1.4,
      "7": 3.8,
      "4": 4.0,
      "8": 4.2,
      "1": 5.4,
      "3": 7.6,
      "6": 7.2,
      "2": 8.6
    },
    "32": {
      "3": 1.0,
      "0": 2.0,
      "7": 4.0,
      "2": 3.75,
      "4": 4.25,
      "8": 6.0,
      "1": 7.5,
      "6": 7.5,
      "5": 9.0
    },
    "33": {
      "0": 1.0,
      "5": 2.0,
      "1": 3.2,
      "2": 5.0,
      "4": 4.8,
      "6": 5.4,
      "3": 6.6
    },
    "34": {
      "0": 1.0,
      "4": 2.6,
      "1": 3.6,
      "6": 4.0,
      "7": 3.8,
      "3": 7.2,
      "2": 7.4,
      "5": 6.4
    },
    "35": {
      "1": 1.0,
      "0": 7.333333333333333,
      "7": 3.0,
      "9": 6.333333333333333,
      "5": 6.0,
      "3": 7.666666666666667,
      "4": 5.333333333333333,
      "2": 6.333333333333333,
      "8": 4.333333333333333,
      "6": 7.666666666666667
    },
    "36": {
      "0": 1.0,
      "5": 2.0,
      "6": 5.2,
      "1": 3.8,
      "2": 3.6,
      "3": 6.4,
      "7": 6.2,
      "4": 7.8
    },
    "37": {
      "3": 3.4,
      "2": 1.4,
      "0": 2.4,
      "5": 2.8,
      "6": 5.0,
      "4": 6.0,
      "1": 7.0
    },
    "38": {
      "0": 1.0,
      "2": 2.8,
      "7": 2.2,
      "1": 5.6,
      "6": 7.0,
      "3": 7.2,
      "5": 4.8,
      "4": 5.4
    },
    "39": {
      "0": 1.4,
      "5": 2.8,
      "1": 4.8,
      "4": 3.0,
      "6": 4.2,
      "2": 6.6,
      "3": 5.2
    },
    "40": {
      "0": 1.6,
      "3": 2.4,
      "4": 2.2,
      "2": 5.4,
      "1": 4.4,
      "6": 5.0,
      "5": 7.0
    },
    "41": {
      "0": 1.0,
      "1": 2.0,
      "6": 3.4,
      "4": 4.4,
      "5": 4.4,
      "2": 6.2,
      "3": 6.6
    },
    "42": {
      "5": 1.0,
      "4": 3.0,
      "0": 4.0,
      "1": 2.6,
      "3": 5.6,
      "2": 4.8,
      "6": 7.0
    },
    "43": {
      "5": 1.8,
      "4": 2.8,
      "6": 2.4,
      "2": 4.0,
      "1": 6.6,
      "3": 4.2,
      "0": 6.6,
      "7": 7.6
    },
    "44": {
      "0": 1.0,
      "2": 2.2,
      "1": 3.8,
      "5": 3.0,
      "6": 5.0,
      "4": 6.2,
      "3": 6.8
    },
    "45": {
      "1": 1.4,
      "0": 1.6,
      "5": 4.6,