{
  "content_diversity": 0.5190960764884949,
  "classifier_auc": 0.8299754617073486,
  "ranking_stability": 0.6690459048990366,
  "feature_coefficients": {
    "word_count": 0.20303807954006584,
    "sentence_count": -0.15605023548994462,
    "avg_sentence_length": 0.11450001482854812,
    "paragraph_count": -0.1725663926724543,
    "heading_density": -0.05256938266581615,
    "list_frequency": 0.25835507663948293,
    "readability": -0.2809216799942722,
    "bold_emphasis_density": -0.02575862130794912,
    "citation_density": 0.18581939382061535,
    "statistic_density": -0.25974242313233165,
    "quote_density": 0.011928997080221694,
    "named_source_mentions": -0.2671788274062371,
    "year_mentions": 0.25063912643241765,
    "claim_density": 0.25245169970400483,
    "external_reference_density": -0.238702248178195,
    "question_density": 0.05250291093622212,
    "query_similarity": 2.04400326470996,
    "corpus_centroid_similarity": 0.08612115626195488,
    "type_token_ratio": -0.24419320587646395,
    "vocabulary_sophistication": 0.25207004649925924,
    "sentiment_polarity": -0.13845421517114673,
    "avg_word_length": -0.07074135193428935,
    "semantic_uniqueness": 0.9201633225588953,
    "information_density": -0.008240939264424917,
    "specificity_score": 0.09829152395659589
  },
  "avg_ranks": {
    "0": {
      "0": 1.0,
      "2": 2.0,
      "3": 5.0,
      "5": 4.2,
      "7": 4.4,
      "1": 5.2,
      "4": 6.6,
      "6": 7.6
    },
    "1": {
      "0": 1.0,
      "3": 2.6,
      "6": 2.4,
      "5": 4.8,
      "2": 5.0,
      "1": 5.2,
      "4": 7.0
    },
    "2": {
      "0": 1.0,
      "7": 2.0,
      "3": 4.2,
      "4": 4.8,
      "6": 5.0,
      "2": 6.8,
      "1": 6.2,
      "5": 6.0
    },
    "3": {
      "0": 1.4,
      "7": 2.2,
      "2": 3.6,
      "3": 4.2,
      "5": 3.8,
      "8": 6.6,
      "4": 7.2,
      "6": 7.0,
      "1": 9.0
    },
    "4": {
      "0": 1.0,
      "4": 2.0,
      "6": 5.0,
      "5": 3.6,
      "2": 3.8,
      "3": 6.6,
      "7": 6.0,
      "1": 8.0
    },
    "5": {
      "0": 1.0,
      "1": 3.4,
      "6": 3.4,
      "8": 3.0,
      "3": 5.4,
      "4": 5.4,
      "2": 6.6,
      "5": 7.8,
      "7": 9.0
    },
    "6": {
      "0": 1.4,
      "5": 1.6,
      "1": 3.8,
      "4": 4.0,
      "6": 4.4,
      "2": 5.8,
      "3": 7.2,
      "7": 7.8
    },
    "7": {
      "0": 1.0,
      "1": 2.2,
      "4": 3.8,
      "2": 4.0,
      "6": 4.0,
      "3": 6.4,
      "5": 6.6
    },
    "8": {
      "0": 1.4,
      "1": 1.6,
      "2": 3.0,
      "5": 4.8,
      "6": 5.2,
      "4": 6.0,
      "7": 6.4,
      "3": 7.6
    },
    "9": {
      "0": 1.8,
      "4": 1.2,
      "9": 3.0,
      "3": 4.0,
      "6": 6.8,
      "5": 5.8,
      "2": 7.4,
      "1": 7.4,
      "8": 8.4,
      "7": 9.2
    },
    "10": {
      "1": 1.4,
      "0": 2.4,
      "6": 4.8,
      "4": 3.2,
      "3": 4.6,
      "2": 6.8,
      "5": 4.8
    },
    "11": {
      "2": 1.8,
      "4": 2.4,
      "5": 1.8,
      "1": 4.0,
      "0": 5.0,
      "3": 6.0,
      "6": 7.0
    },
    "12": {
      "6": 1.0,
      "4": 2.8,
      "0": 2.2,
      "7": 5.6,
      "8": 5.6,
      "1": 6.0,
      "3": 8.4,
      "2": 5.4,
      "5": 8.0
    },
    "13": {
      "7": 1.0,
      "8": 3.2,
      "4": 2.4,
      "5": 3.4,
      "2": 5.6,
      "6": 7.8,
      "9": 6.8,
      "0": 6.6,
      "1": 8.2,
      "3": 10.0
    },
    "14": {
      "1": 1.6,
      "5": 5.0,
      "6": 3.4,
      "4": 2.0,
      "0": 5.2,
      "3": 3.8,
      "2": 7.0
    },
    "15": {
      "6": 3.6,
      "2": 1.2,
      "4": 5.0,
      "0": 3.0,
      "7": 4.4,
      "1": 3.8,
      "5": 7.0,
      "3": 8.0
    },
    "16": {
      "2": 2.0,
      "6": 1.4,
      "0": 2.6,
      "3": 4.2,
      "5": 4.8,
      "4": 6.4,
      "1": 6.6
    },
    "17": {
      "7": 1.8,
      "0": 1.2,
      "6": 3.4,
      "1": 4.8,
      "2": 3.8,
      "4": 7.0,
      "3": 6.2,
      "5": 7.8
    },
    "18": {
      "0": 1.2,
      "2": 2.2,
      "3": 2.6,
      "7": 4.0,
      "4": 5.2,
      "1": 7.0,
      "5": 6.4,
      "6": 7.4
    },
    "19": {
      "0": 1.0,
      "1": 4.4,
      "7": 3.4,
      "2": 2.6,
      "3": 7.2,
      "5": 4.8,
      "6": 5.2,
      "4": 7.4
    },
    "20": {
      "0": 1.0,
      "3": 3.25,
      "1": 3.25,
      "7": 4.0,
      "5": 5.5,
      "6": 5.5,
      "2": 5.5,
      "4": 8.0
    },
    "21": {
      "2": 1.0,
      "3": 2.2,
      "1": 3.8,
      "4": 3.6,
      "6": 4.4,
      "0": 6.4,
      "5": 6.6
    },
    "22": {
      "3": 1.2,
      "0": 2.0,
      "4": 3.2,
      "1": 3.6,
      "6": 5.2,
      "5": 5.8,
      "2": 7.0
    },
    "23": {
      "0": 1.0,
      "8": 2.8,
      "2": 2.6,
      "7": 4.6,
      "3": 5.4,
      "4": 6.4,
      "5": 5.8,
      "1": 7.4,
      "6": 9.0
    },
    "24": {
      "0": 1.0,
      "7": 3.2,
      "4": 3.0,
      "2": 3.0,
      "5": 6.6,
      "6": 5.2,
      "3": 6.4,
      "1": 7.6
    },
    "25": {
      "0": 1.6,
      "6": 3.0,
      "4": 3.0,
      "2": 3.2,
      "5": 4.2,
      "7": 6.0,
      "1": 7.4,
      "3": 7.6
    },
    "26": {
      "0": 1.0,
      "3": 2.4,
      "7": 4.2,
      "1": 2.8,
      "2": 4.6,
      "5": 6.2,
      "6": 7.2,
      "4": 7.6
    },
    "27": {
      "0": 1.0,
      "5": 3.8,
      "3": 2.4,
      "6": 5.0,
      "4": 6.6,
      "2": 4.0,
      "1": 5.2
    },
    "28": {
      "0": 1.0,
      "5": 2.0,
      "1": 3.6,
      "4": 5.2,
      "2": 4.2,
      "3": 5.0,
      "6": 7.0
    },
    "29": {
      "0": 1.0,
      "3": 3.6,
      "7": 2.4,
      "6": 6.6,
      "2": 4.2,
      "5": 4.2,
      "4": 6.6,
      "1": 7.4
    },
    "30": {
      "0": 1.0,
      "4": 3.2,
      "7": 3.8,
      "5": 4.0,
      "3": 4.4,
      "6": 6.2,
      "1": 6.6,
      "2": 6.8
    },
    "31": {
      "7": 3.0,
      "5": 2.6,
      "0": 4.2,
      "8": 3.2,
      "4": 4.6,
      "1": 5.8,
      "6": 6.6,
      "2": 8.8,
      "3": 6.2
    },
    "32": {
      "3": 1.0,
      "0": 2.5,
      "7": 2.5,
      "4": 4.0,
      "2": 5.0,
      "6": 6.5,
      "8": 6.75,
      "1": 7.75,
      "5": 9.0
    },
    "33": {
      "0": 1.0,
      "5": 2.0,
      "1": 3.8,
      "2": 4.6,
      "4": 5.4,
      "6": 5.8,
      "3": 5.4
    },
    "34": {
      "0": 1.0,
      "4": 2.8,
      "1": 3.4,
      "6": 4.4,
      "7": 3.4,
      "5": 7.6,
      "3": 6.6,
      "2": 6.8
    },
    "35": {
      "1": 1.0,
      "0": 7.333333333333333,
      "7": 3.0,
      "9": 4.666666666666667,
      "5": 7.0,
      "2": 5.333333333333333,
      "3": 6.333333333333333,
      "8": 6.0,
      "4": 6.666666666666667,
      "6": 7.666666666666667
    },
    "36": {
      "0": 1.0,
      "5": 2.0,
      "2": 4.25,
      "1": 3.5,
      "4": 5.75,
      "6": 6.25,
      "3": 6.75,
      "7": 6.5
    },
    "37": {
      "5": 2.6,
      "2": 2.0,
      "0": 2.2,
      "6": 4.8,
      "3": 3.4,
      "4": 6.0,
      "1": 7.0
    },
    "38": {
      "0": 1.0,
      "7": 2.25,
      "2": 2.75,
      "5": 4.0,
      "1": 5.75,
      "4": 5.25,
      "3": 7.75,
      "6": 7.25
    },
    "39": {
      "0": 1.0,
      "5": 2.0,
      "6": 4.0,
      "2": 5.4,
      "4": 4.2,
      "3": 6.4,
      "1": 5.0
    },
    "40": {
      "3": 3.0,
      "4": 2.0,
      "1": 2.4,
      "6": 5.2,
      "0": 3.6,
      "2": 4.8,
      "5": 7.0
    },
    "41": {
      "0": 1.0,
      "1": 2.0,
      "6": 3.4,
      "5": 4.0,
      "4": 4.6,
      "3": 6.4,
      "2": 6.6
    },
    "42": {
      "5": 1.0,
      "1": 3.0,
      "4": 2.4,
      "2": 4.6,
      "0": 4.0,
      "3": 6.4,
      "6": 6.6
    },
    "43": {
      "5": 1.4,
      "6": 1.8,
      "3": 4.0,
      "4": 4.0,
      "0": 5.4,
      "2": 5.2,
      "7": 7.2,
      "1": 7.0
    },
    "44": {
      "0": 1.0,
      "2": 2.0,
      "5": 3.0,
      "4": 5.4,
      "6": 5.0,
      "1": 4.6,
      "3": 7.0
    },
    "45": {
      "1": 2.2,
      "0": 1.6,
      "2": 3.6,
      "4": 3.2,