{
  "content_diversity": 0.5470061302185059,
  "classifier_auc": 0.7315832482124618,
  "ranking_stability": 0.6306695464362851,
  "feature_coefficients": {
    "word_count": -0.310730062979736,
    "sentence_count": -0.3032363455113229,
    "avg_sentence_length": -0.531241173061859,
    "paragraph_count": -0.007967370101708848,
    "heading_density": -0.07905108507745902,
    "list_frequency": -0.03278828958688806,
    "readability": 0.6473681329823523,
    "bold_emphasis_density": -0.20706496816256154,
    "citation_density": -0.016425261290052798,
    "statistic_density": -0.1356226954887189,
    "quote_density": -0.09393905718162868,
    "named_source_mentions": 0.10835468724992875,
    "year_mentions": 0.0008076892387031596,
    "claim_density": 0.026681511797765907,
    "external_reference_density": 0.25576842811651546,
    "question_density": 0.09425759329242658,
    "query_similarity": 0.3242222379679925,
    "corpus_centroid_similarity": -0.03899987207945399,
    "type_token_ratio": -0.6175102265023089,
    "vocabulary_sophistication": 0.25807009530246894,
    "sentiment_polarity": 0.12979862653229046,
    "avg_word_length": -0.6019622079699556,
    "semantic_uniqueness": -0.1351454736513509,
    "information_density": -0.42631027367588453,
    "specificity_score": -0.4831353812952029
  },
  "avg_ranks": {
    "0": {
      "3": 2.2,
      "2": 3.6,
      "0": 2.6,
      "1": 4.0,
      "4": 2.6
    },
    "1": {
      "0": 2.8,
      "2": 1.4,
      "1": 3.2,
      "4": 4.0,
      "3": 3.6
    },
    "2": {
      "3": 1.8,
      "2": 1.6,
      "0": 3.4,
      "4": 3.4,
      "1": 4.8
    },
    "3": {
      "0": 1.8,
      "4": 1.6,
      "3": 3.2,
      "2": 3.4,
      "1": 5.0
    },
    "4": {
      "2": 1.0,
      "4": 2.0,
      "0": 3.0,
      "1": 4.2,
      "3": 4.8
    },
    "5": {
      "4": 1.0,
      "0": 2.0,
      "2": 3.75,
      "1": 3.25,
      "3": 5.0
    },
    "6": {
      "3": 2.6,
      "0": 1.4,
      "1": 3.8,
      "4": 2.2,
      "2": 5.0
    },
    "7": {
      "3": 2.0,
      "0": 1.4,
      "1": 2.6,
      "2": 4.0,
      "4": 5.0
    },
    "8": {
      "1": 1.8,
      "3": 2.6,
      "2": 3.8,
      "0": 3.0,
      "4": 3.8
    },
    "9": {
      "4": 1.6,
      "2": 2.6,
      "0": 2.2,
      "3": 3.8,
      "1": 4.8
    },
    "10": {
      "1": 1.0,
      "4": 2.0,
      "2": 4.0,
      "3": 4.2,
      "0": 3.8
    },
    "11": {
      "2": 1.8,
      "4": 2.4,
      "1": 3.0,
      "0": 4.4,
      "3": 3.4
    },
    "12": {
      "2": 1.0,
      "1": 2.6,
      "4": 2.4,
      "3": 4.0,
      "0": 5.0
    },
    "13": {
      "4": 1.0,
      "1": 2.2,
      "2": 2.8,
      "3": 4.0,
      "0": 5.0
    },
    "14": {
      "0": 1.0,
      "3": 2.0,
      "1": 3.0,
      "4": 4.0,
      "2": 5.0
    },
    "15": {
      "2": 1.0,
      "3": 4.0,
      "0": 2.6,
      "4": 3.0,
      "1": 4.4
    },
    "16": {
      "4": 1.6,
      "0": 1.4,
      "1": 3.0,
      "3": 4.6,
      "2": 4.4
    },
    "17": {
      "1": 1.8,
      "0": 2.6,
      "2": 3.0,
      "4": 2.6,
      "3": 5.0
    },
    "18": {
      "3": 2.6,
      "2": 1.2,
      "0": 2.2,
      "4": 4.0,
      "1": 5.0
    },
    "19": {
      "0": 1.8,
      "4": 2.4,
      "1": 1.8,
      "2": 4.0,
      "3": 5.0
    },
    "20": {
      "1": 1.6,
      "2": 2.4,
      "0": 2.6,
      "3": 4.2,
      "4": 4.2
    },
    "21": {
      "3": 1.0,
      "4": 2.0,
      "0": 3.0,
      "1": 4.0,
      "2": 5.0
    },
    "22": {
      "1": 1.0,
      "0": 2.6,
      "3": 3.2,
      "2": 3.6,
      "4": 4.6
    },
    "23": {
      "0": 1.25,
      "4": 2.25,
      "3": 2.5,
      "2": 4.0,
      "1": 5.0
    },
    "24": {
      "0": 1.0,
      "3": 3.6,
      "4": 4.0,
      "2": 3.0,
      "1": 3.4
    },
    "25": {
      "2": 2.4,
      "0": 2.4,
      "1": 2.8,
      "4": 2.8,
      "3": 4.6
    },
    "26": {
      "1": 1.0,
      "3": 2.0,
      "4": 3.4,
      "0": 3.6,
      "2": 5.0
    },
    "27": {
      "0": 1.0,
      "4": 3.25,
      "2": 3.0,
      "3": 4.25,
      "1": 3.5
    },
    "28": {
      "0": 2.6,
      "3": 1.6,
      "1": 1.8,
      "4": 4.2,
      "2": 4.8
    },
    "29": {
      "0": 2.2,
      "2": 2.0,
      "4": 2.0,
      "1": 3.8,
      "3": 5.0
    },
    "30": {
      "2": 2.0,
      "1": 1.4,
      "0": 2.6,
      "4": 4.0,
      "3": 5.0
    },
    "31": {
      "4": 1.2,
      "3": 1.8,
      "2": 3.0,
      "1": 4.0,
      "0": 5.0
    },
    "32": {
      "1": 1.6,
      "2": 1.8,
      "3": 3.0,
      "0": 4.4,
      "4": 4.2
    },
    "33": {
      "1": 1.0,
      "3": 2.75,
      "0": 2.75,
      "2": 3.75,
      "4": 4.75
    },
    "34": {
      "1": 1.0,
      "4": 2.0,
      "0": 3.0,
      "3": 4.0,
      "2": 5.0
    },
    "35": {
      "2": 1.4,
      "1": 1.6,
      "3": 3.4,
      "4": 3.6,
      "0": 5.0
    },
    "36": {
      "1": 1.8,
      "2": 2.0,
      "4": 3.2,
      "3": 3.0,
      "0": 5.0
    },
    "37": {
      "4": 3.6,
      "0": 2.0,
      "3": 1.4,
      "2": 4.0,
      "1": 4.0
    },
    "38": {
      "3": 1.0,
      "0": 2.0,
      "1": 3.6,
      "2": 4.0,
      "4": 4.4
    },
    "39": {
      "3": 1.2,
      "0": 1.8,
      "4": 3.0,
      "2": 4.4,
      "1": 4.6
    },
    "40": {
      "3": 1.2,
      "0": 1.8,
      "2": 3.6,
      "4": 3.4,
      "1": 5.0
    },
    "41": {
      "4": 1.6,
      "1": 1.8,
      "0": 2.6,
      "3": 4.0,
      "2": 5.0
    },
    "42": {
      "3": 2.2,
      "2": 1.8,
      "1": 2.0,
      "0": 4.0,
      "4": 5.0
    },
    "43": {
      "3": 1.4,
      "0": 2.6,
      "2": 3.2,
      "1": 4.4,
      "4": 3.4
    },
    "44": {
      "1": 1.25,
      "0": 1.75,
      "3": 3.5,
      "2": 3.75,
      "4": 4.75
    },
    "45": {
      "3": 1.4,
      "2": 2.6,
      "4": 2.6,
      "0": 3.6,
      "1": 4.8
    },
    "46": {
      "1": 2.25,
      "4": 2.75,
      "0": 1.5,
      "3": 4.25,
      "2": 4.25
    },
    "47": {
      "1": 2.4,
      "0": 2.2,
      "4": 2.4,
      "3": 3.0,
      "2": 5.0
    },
    "48": {
      "2": 1.0,
      "4": 2.0,
      "0": 3.0,
      "1": 4.0,
      "3": 5.0
    },
    "49": {
      "2": 1.0,
      "0": 2.2,
      "4": 2.8,
      "1": 4.0,
      "3": 5.0
    },
    "50": {
      "0": 1.4,
      "2": 2.4,
      "4": 2.2,
      "3": 4.2,
      "1": 4.8
    },
    "51": {
      "0": 1.0,
      "1": 2.0,
      "2": 3.0,
      "4": 4.2,
      "3": 4.8
    },
    "52": {
      "0": 1.8,
      "1": 1.2,
      "2": 3.0,
      "4": 4.0,
      "3": 5.0
    },
    "53": {
      "3": 2.2,
      "2": 2.4,
      "0": 1.4,
      "1": 4.0,
      "4": 5.0
    },
    "54": {
      "0": 1.0,
      "1": 2.2,
      "4": 3.0,
      "3": 3.8,
      "2": 5.0
    },
    "55": {
      "4": 1.0,
      "2": 2.6,
      "1": 2.4,
      "0": 4.0,
      "3": 5.0
    },
    "56": {
      "0": 3.4,
      "1": 2.8,
      "2": 1.4,
      "3": 2.4,
      "4": 5.0
    },
    "57": {
      "3": 1.2,
      "2": 1.8,
      "0": 3.0,
      "4": 4.2,
      "1": 4.8
    },
    "58": {
      "3": 1.8,
      "2": 1.8,
      "1": 2.4,
      "0": 4.2,
      "4": 4.8
    },
    "59": {
      "3": 2.2,
      "0": 1.2,
      "1": 3.6,
      "4": 3.0,
      "2": 5.0
    },
    "60": {
      "2": 1.4,
      "4": 1.6,
      "0": 3.0,
      "3": 4.0,
      "1": 5.0
    },
    "61": {
      "4": 2.6,
      "0": 1.6,
      "1": 3.0,
      "2": 4.0,
      "3": 3.8
    },
    "62": {
      "1": 1.0,
      "4": 2.4,
      "0": 3.8,
      "3": 4.2,
      "2": 3.6
    },
    "63": {
      "0": 1.0,
      "4": 2.2,
      "1": 2.8,
      "2": 4.0,
      "3": 5.0
    },
    "64": {
      "2": 1.0,
      "0": 2.0,
      "3": 3.2,
      "1": 4.0,
      "4": 4.8
    },
    "65": {
      "3": 1.2,
      "1": 3.6,
      "2": 2.0,
      "4": 3.4,
      "0": 4.8
    },
    "66": {
      "4": 1.6,
      "3": 1.8,
      "0": 2.6,
      "1": 4.2,
      "2": 4.8
    },
    "67": {
      "0": 1.0,
      "3": 2.2,
      "1": 2.8,
      "4": 4.0,