{
  "content_diversity": 0.5415705442428589,
  "classifier_auc": 0.7162426614481409,
  "ranking_stability": 0.6324607329842932,
  "feature_coefficients": {
    "word_count": -0.2964109390976753,
    "sentence_count": -0.19507329551360697,
    "avg_sentence_length": -0.2045687643685388,
    "paragraph_count": 0.007142262222207002,
    "heading_density": -0.4040146119708984,
    "list_frequency": -0.12918928060464943,
    "readability": 0.42663623199254164,
    "bold_emphasis_density": 0.039229278180580314,
    "citation_density": 0.1447381177862047,
    "statistic_density": -0.10441925195150448,
    "quote_density": 0.011832561781806776,
    "named_source_mentions": -0.1016624583198878,
    "year_mentions": -0.34870089949139854,
    "claim_density": -0.17928210504888897,
    "external_reference_density": -0.9406341554903395,
    "question_density": 0.18444188431736752,
    "query_similarity": 0.4104720678399694,
    "corpus_centroid_similarity": -0.11732832226795158,
    "type_token_ratio": -0.4226073955437628,
    "vocabulary_sophistication": -0.004806961371723929,
    "sentiment_polarity": 0.07582903049484017,
    "avg_word_length": -0.6154628078962995,
    "semantic_uniqueness": -0.19903656350533538,
    "information_density": -0.3929336669839253,
    "specificity_score": -0.1419595530335004
  },
  "avg_ranks": {
    "0": {
      "2": 2.8,
      "1": 2.8,
      "3": 2.4,
      "0": 3.2,
      "4": 3.8
    },
    "1": {
      "2": 1.2,
      "0": 2.4,
      "3": 3.6,
      "1": 3.6,
      "4": 4.2
    },
    "2": {
      "2": 1.2,
      "3": 1.8,
      "4": 3.0,
      "0": 4.0,
      "1": 5.0
    },
    "3": {
      "2": 3.4,
      "0": 1.6,
      "3": 2.8,
      "4": 2.2,
      "1": 5.0
    },
    "4": {
      "2": 2.2,
      "0": 2.0,
      "4": 1.8,
      "1": 4.2,
      "3": 4.8
    },
    "5": {
      "4": 1.2,
      "0": 1.8,
      "1": 3.2,
      "2": 3.8,
      "3": 5.0
    },
    "6": {
      "0": 1.4,
      "3": 2.0,
      "4": 2.6,
      "1": 4.0,
      "2": 5.0
    },
    "7": {
      "3": 1.2,
      "0": 2.2,
      "1": 2.6,
      "2": 4.0,
      "4": 5.0
    },
    "8": {
      "1": 1.0,
      "3": 2.8,
      "0": 2.6,
      "4": 4.4,
      "2": 4.2
    },
    "9": {
      "4": 1.75,
      "2": 2.25,
      "0": 2.0,
      "1": 4.25,
      "3": 4.75
    },
    "10": {
      "3": 2.8,
      "2": 3.4,
      "0": 3.8,
      "1": 2.2,
      "4": 2.8
    },
    "11": {
      "2": 1.8,
      "3": 4.2,
      "1": 2.4,
      "4": 2.2,
      "0": 4.4
    },
    "12": {
      "2": 1.0,
      "1": 2.3333333333333335,
      "4": 2.6666666666666665,
      "3": 4.0,
      "0": 5.0
    },
    "13": {
      "4": 1.0,
      "1": 2.4,
      "2": 2.6,
      "3": 4.0,
      "0": 5.0
    },
    "14": {
      "0": 1.0,
      "3": 2.0,
      "1": 3.0,
      "4": 4.0,
      "2": 5.0
    },
    "15": {
      "2": 1.2,
      "3": 2.6,
      "0": 2.8,
      "4": 3.4,
      "1": 5.0
    },
    "16": {
      "4": 1.6,
      "0": 1.4,
      "1": 3.2,
      "3": 4.6,
      "2": 4.2
    },
    "17": {
      "4": 2.2,
      "0": 2.2,
      "1": 3.0,
      "2": 2.6,
      "3": 5.0
    },
    "18": {
      "0": 1.25,
      "3": 1.75,
      "2": 3.0,
      "4": 4.0,
      "1": 5.0
    },
    "19": {
      "0": 1.75,
      "1": 1.25,
      "4": 3.0,
      "2": 4.0,
      "3": 5.0
    },
    "20": {
      "3": 2.8,
      "2": 2.6,
      "1": 2.8,
      "0": 2.4,
      "4": 4.4
    },
    "21": {
      "3": 1.0,
      "4": 2.5,
      "0": 2.5,
      "1": 4.0,
      "2": 5.0
    },
    "22": {
      "1": 1.0,
      "3": 4.0,
      "2": 3.0,
      "0": 2.4,
      "4": 4.6
    },
    "23": {
      "3": 2.4,
      "0": 1.4,
      "4": 2.2,
      "2": 4.2,
      "1": 4.8
    },
    "24": {
      "0": 1.0,
      "2": 2.6,
      "1": 3.0,
      "4": 3.4,
      "3": 5.0
    },
    "25": {
      "1": 4.0,
      "2": 2.6,
      "0": 1.6,
      "4": 2.4,
      "3": 4.4
    },
    "26": {
      "4": 3.6,
      "3": 2.8,
      "0": 3.4,
      "1": 1.6,
      "2": 3.6
    },
    "27": {
      "0": 1.0,
      "4": 3.2,
      "1": 3.0,
      "2": 3.2,
      "3": 4.6
    },
    "28": {
      "3": 1.2,
      "1": 2.0,
      "0": 2.8,
      "2": 4.6,
      "4": 4.4
    },
    "29": {
      "2": 1.8,
      "4": 2.2,
      "0": 2.2,
      "1": 3.8,
      "3": 5.0
    },
    "30": {
      "2": 2.2,
      "1": 1.2,
      "0": 2.6,
      "4": 4.0,
      "3": 5.0
    },
    "31": {
      "3": 1.4,
      "4": 1.6,
      "2": 3.0,
      "1": 4.0,
      "0": 5.0
    },
    "32": {
      "2": 1.8,
      "3": 3.2,
      "1": 1.4,
      "4": 4.2,
      "0": 4.4
    },
    "33": {
      "1": 1.0,
      "3": 2.8,
      "0": 2.4,
      "2": 4.2,
      "4": 4.6
    },
    "34": {
      "1": 1.0,
      "4": 2.0,
      "0": 3.0,
      "3": 4.25,
      "2": 4.75
    },
    "35": {
      "1": 2.0,
      "2": 1.2,
      "3": 2.8,
      "4": 4.0,
      "0": 5.0
    },
    "36": {
      "1": 1.6,
      "3": 2.6,
      "2": 2.2,
      "4": 3.6,
      "0": 5.0
    },
    "37": {
      "0": 1.2,
      "1": 3.2,
      "3": 2.4,
      "4": 4.4,
      "2": 3.8
    },
    "38": {
      "3": 1.0,
      "0": 2.0,
      "2": 4.2,
      "1": 3.4,
      "4": 4.4
    },
    "39": {
      "3": 1.0,
      "0": 2.0,
      "4": 3.0,
      "1": 4.6,
      "2": 4.4
    },
    "40": {
      "3": 1.0,
      "0": 2.4,
      "2": 2.6,
      "4": 4.4,
      "1": 4.6
    },
    "41": {
      "4": 1.0,
      "1": 2.0,
      "0": 3.0,
      "3": 4.0,
      "2": 5.0
    },
    "42": {
      "2": 1.8,
      "1": 2.0,
      "3": 2.2,
      "0": 4.4,
      "4": 4.6
    },
    "43": {
      "3": 1.0,
      "0": 2.2,
      "2": 2.8,
      "4": 4.2,
      "1": 4.8
    },
    "44": {
      "1": 1.0,
      "0": 2.0,
      "4": 4.2,
      "3": 3.6,
      "2": 4.2
    },
    "45": {
      "0": 2.8,
      "1": 4.4,
      "4": 2.0,
      "2": 2.6,
      "3": 3.2
    },
    "46": {
      "4": 2.4,
      "1": 2.6,
      "0": 2.0,
      "2": 3.6,
      "3": 4.4
    },
    "47": {
      "1": 1.6,
      "0": 2.4,
      "3": 3.2,
      "4": 2.8,
      "2": 5.0
    },
    "48": {
      "2": 1.0,
      "4": 2.0,
      "0": 3.0,
      "1": 4.0,
      "3": 5.0
    },
    "49": {
      "2": 1.0,
      "0": 2.4,
      "4": 3.2,
      "1": 3.4,
      "3": 5.0
    },
    "50": {
      "0": 1.6,
      "4": 2.0,
      "3": 3.8,
      "2": 2.6,
      "1": 5.0
    },
    "51": {
      "0": 1.2,
      "1": 1.8,
      "2": 3.0,
      "4": 4.0,
      "3": 5.0
    },
    "52": {
      "0": 1.4,
      "1": 1.6,
      "4": 4.2,
      "3": 4.4,
      "2": 3.4
    },
    "53": {
      "3": 2.4,
      "0": 1.6,
      "1": 3.6,
      "2": 2.4,
      "4": 5.0
    },
    "54": {
      "0": 1.0,
      "4": 2.4,
      "1": 2.6,
      "3": 4.4,
      "2": 4.6
    },
    "55": {
      "4": 1.0,
      "2": 2.0,
      "1": 3.0,
      "0": 4.0,
      "3": 5.0
    },
    "56": {
      "2": 1.6,
      "3": 1.8,
      "1": 2.8,
      "0": 3.8,
      "4": 5.0
    },
    "57": {
      "3": 1.4,
      "2": 1.6,
      "0": 3.0,
      "4": 4.0,
      "1": 5.0
    },
    "58": {
      "3": 2.0,
      "2": 2.0,
      "1": 2.0,
      "4": 4.8,
      "0": 4.2
    },
    "59": {
      "3": 1.8,
      "0": 1.6,
      "1": 4.0,
      "2": 4.0,
      "4": 3.6
    },
    "60": {
      "2": 1.2,
      "4": 2.0,
      "0": 2.8,
      "3": 4.0,
      "1": 5.0
    },
    "61": {
      "4": 2.6,
      "0": 2.0,
      "2": 3.8,
      "3": 3.2,
      "1": 3.4
    },
    "62": {
      "1": 1.0,
      "0": 3.2,
      "3": 3.4,
      "4": 3.0,
      "2": 4.4
    },
    "63": {
      "0": 1.0,
      "1": 2.2,
      "4": 3.0,
      "2": 3.8,
      "3": 5.0
    },
    "64": {
      "2": 1.0,
      "0": 2.2,
      "3": 3.0,
      "1": 4.4,
      "4": 4.4
    },
    "65": {
      "3": 1.0,
      "2": 2.0,
      "4": 3.2,
      "0": 4.8,
      "1": 4.0
    },
    "66": {
      "3": 1.6,
      "4": 1.4,
      "0": 3.2,
      "1": 3.8,
      "2": 5.0
    },
    "67": {
      "0": 1.0,
      "3": 2.2,
      "1": 2.8,