{
  "content_diversity": 0.5426473617553711,
  "classifier_auc": 0.7756052541208791,
  "ranking_stability": 0.6269874476987447,
  "feature_coefficients": {
    "word_count": -0.11666094148357799,
    "sentence_count": -0.2959020034893556,
    "avg_sentence_length": -0.42179680401245184,
    "paragraph_count": 0.03271641187867415,
    "heading_density": 0.01597255556348621,
    "list_frequency": -0.09829349388194414,
    "readability": 0.6215566483758995,
    "bold_emphasis_density": -0.030373601485447297,
    "citation_density": 0.10616653068855274,
    "statistic_density": -0.4274164198872935,
    "quote_density": 0.0640290461218731,
    "named_source_mentions": -0.761856165702426,
    "year_mentions": -0.057006904398678594,
    "claim_density": -0.3463178705200231,
    "external_reference_density": -0.7291793507057954,
    "question_density": 0.02855037477723671,
    "query_similarity": 0.3183589507101613,
    "corpus_centroid_similarity": -0.25786555288100516,
    "type_token_ratio": -0.8090748917727875,
    "vocabulary_sophistication": 0.17851241893080771,
    "sentiment_polarity": 0.02309492369031858,
    "avg_word_length": -0.7235486274397925,
    "semantic_uniqueness": -0.18481219636536664,
    "information_density": -0.6631924393972575,
    "specificity_score": -0.30233435972097483
  },
  "avg_ranks": {
    "0": {
      "3": 3.2,
      "2": 2.4,
      "4": 3.0,
      "1": 3.0,
      "0": 3.4
    },
    "1": {
      "0": 3.0,
      "2": 1.2,
      "4": 3.6,
      "3": 3.2,
      "1": 4.0
    },
    "2": {
      "3": 1.8,
      "2": 1.4,
      "4": 2.8,
      "0": 4.2,
      "1": 4.8
    },
    "3": {
      "4": 1.6,
      "0": 1.6,
      "2": 3.6,
      "3": 3.2,
      "1": 5.0
    },
    "4": {
      "4": 1.3333333333333333,
      "0": 2.3333333333333335,
      "2": 2.3333333333333335,
      "3": 4.0,
      "1": 5.0
    },
    "5": {
      "4": 1.4,
      "0": 1.6,
      "2": 3.2,
      "1": 3.8,
      "3": 5.0
    },
    "6": {
      "0": 2.2,
      "4": 1.6,
      "3": 2.2,
      "1": 4.0,
      "2": 5.0
    },
    "7": {
      "3": 1.75,
      "0": 1.75,
      "1": 2.75,
      "2": 3.75,
      "4": 5.0
    },
    "8": {
      "1": 2.0,
      "3": 3.25,
      "0": 2.25,
      "4": 4.0,
      "2": 3.5
    },
    "9": {
      "0": 1.6,
      "2": 2.6,
      "4": 2.0,
      "3": 4.4,
      "1": 4.4
    },
    "10": {
      "1": 1.6,
      "4": 2.2,
      "0": 3.4,
      "2": 3.6,
      "3": 4.2
    },
    "11": {
      "1": 2.25,
      "2": 2.0,
      "4": 2.5,
      "0": 4.75,
      "3": 3.5
    },
    "12": {
      "2": 1.0,
      "1": 2.4,
      "4": 2.6,
      "3": 4.0,
      "0": 5.0
    },
    "13": {
      "4": 1.0,
      "2": 2.6,
      "1": 2.6,
      "3": 3.8,
      "0": 5.0
    },
    "14": {
      "0": 1.0,
      "3": 2.0,
      "4": 3.8,
      "1": 3.2,
      "2": 5.0
    },
    "15": {
      "2": 1.2,
      "3": 3.4,
      "0": 2.6,
      "4": 3.2,
      "1": 4.6
    },
    "16": {
      "4": 1.6,
      "0": 1.4,
      "2": 4.0,
      "1": 3.4,
      "3": 4.6
    },
    "17": {
      "4": 1.2,
      "2": 3.0,
      "1": 3.2,
      "0": 2.6,
      "3": 5.0
    },
    "18": {
      "0": 1.4,
      "3": 2.4,
      "2": 2.2,
      "4": 4.0,
      "1": 5.0
    },
    "19": {
      "4": 1.6,
      "1": 1.6,
      "0": 2.8,
      "2": 4.0,
      "3": 5.0
    },
    "20": {
      "2": 2.0,
      "0": 2.6,
      "1": 2.8,
      "4": 3.0,
      "3": 4.6
    },
    "21": {
      "3": 1.2,
      "4": 2.0,
      "0": 2.8,
      "1": 4.0,
      "2": 5.0
    },
    "22": {
      "1": 1.0,
      "0": 2.0,
      "3": 4.0,
      "2": 3.4,
      "4": 4.6
    },
    "23": {
      "0": 1.0,
      "4": 2.0,
      "2": 3.8,
      "3": 3.2,
      "1": 5.0
    },
    "24": {
      "0": 1.0,
      "4": 3.2,
      "1": 3.2,
      "2": 2.6,
      "3": 5.0
    },
    "25": {
      "0": 1.4,
      "4": 2.4,
      "2": 2.2,
      "1": 4.6,
      "3": 4.4
    },
    "26": {
      "1": 1.2,
      "2": 4.4,
      "4": 3.4,
      "0": 3.6,
      "3": 2.4
    },
    "27": {
      "0": 1.0,
      "1": 3.0,
      "2": 3.8,
      "3": 4.4,
      "4": 2.8
    },
    "28": {
      "3": 1.4,
      "1": 2.2,
      "2": 3.8,
      "4": 4.4,
      "0": 3.2
    },
    "29": {
      "4": 2.0,
      "0": 2.0,
      "1": 3.4,
      "2": 2.6,
      "3": 5.0
    },
    "30": {
      "1": 1.6,
      "0": 2.6,
      "2": 1.8,
      "4": 4.0,
      "3": 5.0
    },
    "31": {
      "4": 1.6,
      "3": 1.4,
      "2": 3.0,
      "1": 4.0,
      "0": 5.0
    },
    "32": {
      "3": 3.0,
      "2": 2.0,
      "1": 1.4,
      "4": 4.4,
      "0": 4.2
    },
    "33": {
      "1": 1.0,
      "0": 2.4,
      "3": 2.8,
      "2": 3.8,
      "4": 5.0
    },
    "34": {
      "1": 1.0,
      "4": 2.0,
      "0": 3.0,
      "2": 4.333333333333333,
      "3": 4.666666666666667
    },
    "35": {
      "2": 1.6,
      "1": 1.4,
      "3": 3.4,
      "4": 3.6,
      "0": 5.0
    },
    "36": {
      "1": 1.8,
      "2": 1.2,
      "3": 3.4,
      "4": 3.6,
      "0": 5.0
    },
    "37": {
      "0": 1.2,
      "1": 3.2,
      "3": 2.6,
      "2": 3.6,
      "4": 4.4
    },
    "38": {
      "3": 1.0,
      "0": 2.0,
      "4": 3.4,
      "1": 4.0,
      "2": 4.6
    },
    "39": {
      "3": 1.0,
      "4": 2.8,
      "0": 2.2,
      "2": 4.6,
      "1": 4.4
    },
    "40": {
      "3": 1.0,
      "4": 4.0,
      "2": 2.6,
      "0": 2.8,
      "1": 4.6
    },
    "41": {
      "1": 2.0,
      "0": 2.6,
      "4": 1.4,
      "3": 4.0,
      "2": 5.0
    },
    "42": {
      "2": 1.6,
      "1": 2.2,
      "3": 2.2,
      "0": 4.0,
      "4": 5.0
    },
    "43": {
      "3": 1.0,
      "0": 2.6,
      "4": 3.2,
      "2": 4.0,
      "1": 4.2
    },
    "44": {
      "1": 1.6,
      "0": 2.6,
      "2": 3.0,
      "4": 4.2,
      "3": 3.6
    },
    "45": {
      "3": 2.2,
      "2": 2.0,
      "4": 2.8,
      "0": 3.0,
      "1": 5.0
    },
    "46": {
      "1": 2.2,
      "4": 2.8,
      "0": 2.2,
      "3": 4.8,
      "2": 3.0
    },
    "47": {
      "1": 2.2,
      "0": 1.4,
      "3": 3.0,
      "4": 3.4,
      "2": 5.0
    },
    "48": {
      "2": 1.0,
      "4": 2.0,
      "0": 3.0,
      "1": 4.0,
      "3": 5.0
    },
    "49": {
      "2": 1.0,
      "0": 2.4,
      "1": 3.2,
      "4": 3.4,
      "3": 5.0
    },
    "50": {
      "2": 2.4,
      "0": 1.6,
      "4": 2.2,
      "3": 4.0,
      "1": 4.8
    },
    "51": {
      "0": 1.0,
      "1": 2.0,
      "2": 3.0,
      "4": 4.2,
      "3": 4.8
    },
    "52": {
      "0": 1.2,
      "1": 1.8,
      "2": 3.4,
      "4": 4.0,
      "3": 4.6
    },
    "53": {
      "3": 2.2,
      "0": 1.6,
      "1": 3.8,
      "2": 2.4,
      "4": 5.0
    },
    "54": {
      "0": 1.0,
      "4": 2.4,
      "1": 2.6,
      "3": 4.0,
      "2": 5.0
    },
    "55": {
      "4": 1.0,
      "2": 2.2,
      "1": 2.8,
      "0": 4.0,
      "3": 5.0
    },
    "56": {
      "1": 2.4,
      "0": 2.6,
      "2": 2.4,
      "3": 2.6,
      "4": 5.0
    },
    "57": {
      "3": 1.0,
      "2": 2.0,
      "0": 3.0,
      "4": 4.0,
      "1": 5.0
    },
    "58": {
      "2": 2.4,
      "3": 1.4,
      "1": 2.2,
      "0": 4.4,
      "4": 4.6
    },
    "59": {
      "3": 1.4,
      "0": 1.6,
      "4": 3.6,
      "1": 4.0,
      "2": 4.4
    },
    "60": {
      "2": 1.0,
      "4": 2.0,
      "0": 3.0,
      "3": 4.0,
      "1": 5.0
    },
    "61": {
      "0": 1.2,
      "3": 4.0,
      "1": 2.6,
      "4": 3.2,
      "2": 4.0
    },
    "62": {
      "1": 1.2,
      "3": 3.0,
      "0": 3.4,
      "4": 3.0,
      "2": 4.4
    },
    "63": {
      "0": 1.0,
      "4": 2.2,
      "1": 2.8,
      "2": 4.0,
      "3": 5.0
    },
    "64": {
      "2": 1.0,
      "0": 2.6,
      "3": 2.4,
      "1": 4.0,
      "4": 5.0
    },
    "65": {
      "3": 1.0,
      "2": 2.0,
      "4": 3.2,
      "1": 4.4,
      "0": 4.4
    },
    "66": {
      "3": 1.4,
      "4": 2.0,
      "0": 2.6,
      "1": 4.0,
      "2": 5.0
    },
    "67": {
      "0": 1.0,