{
  "content_diversity": 0.5390095114707947,
  "classifier_auc": 0.7632211538461539,
  "ranking_stability": 0.656,
  "feature_coefficients": {
    "word_count": -0.16813055603358115,
    "sentence_count": 0.3157188057858806,
    "avg_sentence_length": -0.07792096747702969,
    "paragraph_count": 0.12101257941765856,
    "heading_density": -0.29965867659081347,
    "list_frequency": -0.41338019053575076,
    "readability": 0.3065058245150538,
    "bold_emphasis_density": 0.05442536421364067,
    "citation_density": -0.03271853792766486,
    "statistic_density": -0.2364188126948357,
    "quote_density": 0.2631491340942955,
    "named_source_mentions": -0.5035616344520627,
    "year_mentions": -0.13651628116165523,
    "claim_density": 0.0137058330785882,
    "external_reference_density": -0.046210872419874115,
    "question_density": 0.17682655659885815,
    "query_similarity": 0.6001680408434534,
    "corpus_centroid_similarity": -0.1634839208979338,
    "type_token_ratio": -0.7009854670878543,
    "vocabulary_sophistication": 0.07550933579554178,
    "sentiment_polarity": 0.1618417414481996,
    "avg_word_length": -0.37034137704601033,
    "semantic_uniqueness": 0.28250923256564164,
    "information_density": -0.5205103737625965,
    "specificity_score": -0.3659317193565978
  },
  "avg_ranks": {
    "0": {
      "0": 1.8,
      "4": 4.0,
      "1": 2.8,
      "3": 2.6,
      "2": 3.8
    },
    "1": {
      "2": 1.4,
      "0": 1.6,
      "1": 3.2,
      "4": 4.8,
      "3": 4.0
    },
    "2": {
      "2": 1.0,
      "3": 2.0,
      "4": 3.0,
      "0": 4.2,
      "1": 4.8
    },
    "3": {
      "0": 2.2,
      "4": 1.2,
      "2": 3.2,
      "3": 3.4,
      "1": 5.0
    },
    "4": {
      "2": 1.6,
      "4": 2.4,
      "0": 2.0,
      "3": 4.0,
      "1": 5.0
    },
    "5": {
      "0": 1.4,
      "4": 1.6,
      "1": 3.8,
      "2": 3.2,
      "3": 5.0
    },
    "6": {
      "0": 1.0,
      "4": 2.6,
      "3": 2.4,
      "1": 4.0,
      "2": 5.0
    },
    "7": {
      "0": 1.0,
      "1": 2.6,
      "3": 2.4,
      "2": 4.0,
      "4": 5.0
    },
    "8": {
      "1": 1.0,
      "0": 2.8,
      "4": 4.2,
      "2": 4.4,
      "3": 2.6
    },
    "9": {
      "2": 2.0,
      "0": 1.6,
      "4": 2.4,
      "1": 4.6,
      "3": 4.4
    },
    "10": {
      "3": 3.8,
      "2": 3.6,
      "0": 2.8,
      "1": 1.6,
      "4": 3.2
    },
    "11": {
      "2": 1.25,
      "4": 2.75,
      "1": 3.0,
      "0": 4.25,
      "3": 3.75
    },
    "12": {
      "2": 1.0,
      "4": 2.8,
      "1": 2.2,
      "3": 4.0,
      "0": 5.0
    },
    "13": {
      "4": 1.0,
      "1": 2.2,
      "2": 2.8,
      "3": 4.0,
      "0": 5.0
    },
    "14": {
      "0": 1.0,
      "3": 2.0,
      "1": 3.6,
      "4": 3.4,
      "2": 5.0
    },
    "15": {
      "2": 1.2,
      "0": 2.4,
      "4": 3.4,
      "3": 3.2,
      "1": 4.8
    },
    "16": {
      "0": 1.2,
      "4": 1.8,
      "1": 3.0,
      "3": 4.4,
      "2": 4.6
    },
    "17": {
      "1": 2.8,
      "0": 1.6,
      "4": 2.6,
      "2": 3.0,
      "3": 5.0
    },
    "18": {
      "2": 1.8,
      "0": 2.0,
      "3": 2.2,
      "4": 4.2,
      "1": 4.8
    },
    "19": {
      "1": 1.2,
      "0": 1.8,
      "4": 3.0,
      "2": 4.0,
      "3": 5.0
    },
    "20": {
      "2": 2.0,
      "0": 2.8,
      "3": 3.6,
      "1": 3.2,
      "4": 3.4
    },
    "21": {
      "3": 1.4,
      "4": 1.6,
      "0": 3.0,
      "1": 4.2,
      "2": 4.8
    },
    "22": {
      "1": 1.0,
      "4": 4.0,
      "0": 2.2,
      "2": 3.8,
      "3": 4.0
    },
    "23": {
      "0": 1.8,
      "3": 1.6,
      "4": 2.8,
      "2": 3.8,
      "1": 5.0
    },
    "24": {
      "0": 1.0,
      "4": 2.6,
      "2": 2.4,
      "1": 4.2,
      "3": 4.8
    },
    "25": {
      "3": 3.8,
      "0": 2.6,
      "4": 2.4,
      "2": 2.8,
      "1": 3.4
    },
    "26": {
      "1": 1.8,
      "3": 2.8,
      "4": 3.2,
      "0": 3.0,
      "2": 4.2
    },
    "27": {
      "0": 1.0,
      "4": 2.2,
      "2": 3.6,
      "3": 4.6,
      "1": 3.6
    },
    "28": {
      "3": 1.4,
      "1": 2.0,
      "0": 2.6,
      "4": 4.2,
      "2": 4.8
    },
    "29": {
      "4": 1.8,
      "2": 1.6,
      "0": 2.6,
      "1": 4.0,
      "3": 5.0
    },
    "30": {
      "1": 1.2,
      "0": 2.4,
      "2": 2.4,
      "4": 4.0,
      "3": 5.0
    },
    "31": {
      "4": 1.0,
      "3": 2.0,
      "2": 3.2,
      "1": 4.2,
      "0": 4.6
    },
    "32": {
      "1": 1.6,
      "2": 1.6,
      "0": 4.0,
      "3": 3.2,
      "4": 4.6
    },
    "33": {
      "1": 1.0,
      "0": 2.4,
      "3": 2.6,
      "4": 4.2,
      "2": 4.8
    },
    "34": {
      "1": 1.0,
      "4": 2.0,
      "0": 3.25,
      "3": 4.0,
      "2": 4.75
    },
    "35": {
      "1": 1.6,
      "2": 1.4,
      "3": 4.0,
      "4": 3.2,
      "0": 4.8
    },
    "36": {
      "1": 1.2,
      "3": 2.4,
      "2": 2.4,
      "4": 4.0,
      "0": 5.0
    },
    "37": {
      "0": 1.2,
      "1": 2.4,
      "3": 3.0,
      "4": 4.2,
      "2": 4.2
    },
    "38": {
      "3": 1.0,
      "0": 2.0,
      "1": 4.0,
      "2": 3.8,
      "4": 4.2
    },
    "39": {
      "3": 1.0,
      "4": 2.8,
      "0": 2.2,
      "1": 4.8,
      "2": 4.2
    },
    "40": {
      "3": 1.2,
      "2": 2.4,
      "0": 2.6,
      "4": 3.8,
      "1": 5.0
    },
    "41": {
      "4": 1.0,
      "1": 2.2,
      "0": 2.8,
      "3": 4.0,
      "2": 5.0
    },
    "42": {
      "2": 1.0,
      "1": 2.4,
      "3": 2.8,
      "0": 3.8,
      "4": 5.0
    },
    "43": {
      "3": 1.0,
      "2": 3.4,
      "0": 2.2,
      "4": 4.0,
      "1": 4.4
    },
    "44": {
      "1": 2.2,
      "0": 3.2,
      "2": 2.8,
      "3": 3.2,
      "4": 3.6
    },
    "45": {
      "3": 1.0,
      "4": 2.4,
      "2": 2.6,
      "0": 4.0,
      "1": 5.0
    },
    "46": {
      "1": 2.2,
      "0": 1.4,
      "4": 3.2,
      "2": 3.2,
      "3": 5.0
    },
    "47": {
      "1": 4.0,
      "0": 2.0,
      "3": 3.0,
      "2": 4.2,
      "4": 1.8
    },
    "48": {
      "2": 1.0,
      "4": 2.0,
      "0": 3.2,
      "1": 3.8,
      "3": 5.0
    },
    "49": {
      "2": 1.0,
      "1": 3.0,
      "0": 2.4,
      "4": 3.6,
      "3": 5.0
    },
    "50": {
      "2": 1.4,
      "0": 1.6,
      "4": 3.2,
      "3": 4.0,
      "1": 4.8
    },
    "51": {
      "0": 1.0,
      "1": 2.0,
      "2": 3.0,
      "4": 4.2,
      "3": 4.8
    },
    "52": {
      "0": 1.6,
      "1": 1.4,
      "3": 3.8,
      "2": 3.8,
      "4": 4.4
    },
    "53": {
      "0": 1.2,
      "3": 2.2,
      "2": 2.8,
      "1": 3.8,
      "4": 5.0
    },
    "54": {
      "0": 1.0,
      "4": 2.2,
      "1": 2.8,
      "2": 4.8,
      "3": 4.2
    },
    "55": {
      "4": 1.0,
      "2": 2.2,
      "1": 2.8,
      "0": 4.0,
      "3": 5.0
    },
    "56": {
      "1": 2.0,
      "3": 3.2,
      "2": 2.6,
      "0": 2.2,
      "4": 5.0
    },
    "57": {
      "2": 1.6,
      "3": 1.8,
      "0": 2.6,
      "4": 4.2,
      "1": 4.8
    },
    "58": {
      "1": 1.0,
      "2": 2.2,
      "3": 2.8,
      "0": 4.4,
      "4": 4.6
    },
    "59": {
      "0": 1.6,
      "1": 3.2,
      "4": 3.4,
      "3": 1.8,
      "2": 5.0
    },
    "60": {
      "0": 1.8,
      "2": 1.4,
      "4": 2.8,
      "3": 4.2,
      "1": 4.8
    },
    "61": {
      "0": 1.2,
      "1": 3.0,
      "4": 4.0,
      "3": 3.2,
      "2": 3.6
    },
    "62": {
      "1": 1.0,
      "4": 2.4,
      "2": 3.4,
      "3": 4.0,
      "0": 4.2
    },
    "63": {
      "0": 1.0,
      "4": 2.8,
      "2": 3.4,
      "1": 2.8,
      "3": 5.0
    },
    "64": {
      "2": 1.2,
      "0": 2.0,
      "1": 3.8,
      "3": 3.0,
      "4": 5.0
    },
    "65": {
      "2": 1.6,
      "3": 1.4,
      "1": 3.6,
      "4": 3.4,
      "0": 5.0
    },
    "66": {
      "3": 1.4,
      "4": 2.4,
      "0": 2.6,
      "1": 3.6,
      "2": 5.0
    },
    "67": {
      "3": 2.4,
      "0": 1.2,
      "1": 2.4,
      "4": 4.0,
      "2": 5.0
    },