{
  "content_diversity": 0.5458979606628418,
  "classifier_auc": 0.7788365719980069,
  "ranking_stability": 0.6598130841121493,
  "feature_coefficients": {
    "word_count": -0.42884296968431995,
    "sentence_count": -0.3996314615727661,
    "avg_sentence_length": -0.15930305569669656,
    "paragraph_count": 0.09781245851663241,
    "heading_density": 0.00911104865857449,
    "list_frequency": -0.015037069630529842,
    "readability": 0.29126755527290615,
    "bold_emphasis_density": 0.049420080870870305,
    "citation_density": -0.1455632488836099,
    "statistic_density": -0.32467722140938166,
    "quote_density": -0.007435250421170797,
    "named_source_mentions": -0.004882117250055075,
    "year_mentions": -0.05476749308280621,
    "claim_density": -0.22947583600663507,
    "external_reference_density": -0.45881199757057034,
    "question_density": 0.017188552746054714,
    "query_similarity": 0.29762860576288946,
    "corpus_centroid_similarity": -0.2759324198113758,
    "type_token_ratio": -0.832883136745832,
    "vocabulary_sophistication": 0.1265474472229513,
    "sentiment_polarity": -0.0023562645040137256,
    "avg_word_length": -0.9717096771843908,
    "semantic_uniqueness": -0.237054289996512,
    "information_density": -0.23674585088616615,
    "specificity_score": -0.05873656421061467
  },
  "avg_ranks": {
    "0": {
      "3": 2.4,
      "2": 2.2,
      "1": 3.2,
      "0": 4.2,
      "4": 3.0
    },
    "1": {
      "2": 1.0,
      "0": 2.0,
      "1": 3.8,
      "4": 3.8,
      "3": 4.4
    },
    "2": {
      "2": 1.0,
      "3": 2.2,
      "4": 2.8,
      "1": 4.6,
      "0": 4.4
    },
    "3": {
      "4": 1.5,
      "0": 2.0,
      "3": 3.25,
      "2": 3.25,
      "1": 5.0
    },
    "4": {
      "0": 2.6,
      "4": 2.0,
      "2": 1.4,
      "1": 4.4,
      "3": 4.6
    },
    "5": {
      "0": 1.2,
      "4": 1.8,
      "2": 3.0,
      "1": 4.0,
      "3": 5.0
    },
    "6": {
      "4": 1.6,
      "0": 2.0,
      "3": 2.4,
      "1": 4.0,
      "2": 5.0
    },
    "7": {
      "1": 2.2,
      "0": 1.8,
      "3": 2.0,
      "2": 4.0,
      "4": 5.0
    },
    "8": {
      "1": 1.0,
      "0": 2.0,
      "3": 3.6,
      "4": 4.0,
      "2": 4.4
    },
    "9": {
      "0": 1.5,
      "4": 2.0,
      "3": 3.75,
      "2": 2.75,
      "1": 5.0
    },
    "10": {
      "1": 1.6,
      "4": 2.8,
      "0": 3.2,
      "2": 3.2,
      "3": 4.2
    },
    "11": {
      "2": 1.8,
      "4": 2.0,
      "1": 2.2,
      "0": 4.6,
      "3": 4.4
    },
    "12": {
      "2": 1.2,
      "4": 2.4,
      "1": 2.4,
      "3": 4.0,
      "0": 5.0
    },
    "13": {
      "4": 1.0,
      "3": 3.5,
      "1": 2.25,
      "2": 3.25,
      "0": 5.0
    },
    "14": {
      "0": 1.0,
      "3": 2.0,
      "1": 3.0,
      "4": 4.0,
      "2": 5.0
    },
    "15": {
      "2": 1.4,
      "3": 2.6,
      "0": 2.6,
      "4": 4.0,
      "1": 4.4
    },
    "16": {
      "4": 1.2,
      "0": 1.8,
      "1": 3.0,
      "3": 4.2,
      "2": 4.8
    },
    "17": {
      "4": 1.2,
      "0": 2.0,
      "1": 3.4,
      "2": 3.4,
      "3": 5.0
    },
    "18": {
      "0": 1.4,
      "3": 2.8,
      "2": 1.8,
      "4": 4.0,
      "1": 5.0
    },
    "19": {
      "0": 2.0,
      "1": 1.8,
      "4": 2.2,
      "2": 4.0,
      "3": 5.0
    },
    "20": {
      "3": 4.0,
      "0": 3.0,
      "2": 2.4,
      "1": 3.0,
      "4": 2.6
    },
    "21": {
      "4": 1.8,
      "3": 1.6,
      "0": 3.2,
      "1": 3.4,
      "2": 5.0
    },
    "22": {
      "1": 1.0,
      "0": 2.2,
      "3": 3.2,
      "2": 3.6,
      "4": 5.0
    },
    "23": {
      "0": 1.0,
      "4": 2.2,
      "3": 2.8,
      "2": 4.0,
      "1": 5.0
    },
    "24": {
      "0": 1.0,
      "1": 2.8,
      "2": 3.0,
      "4": 3.8,
      "3": 4.4
    },
    "25": {
      "0": 2.0,
      "4": 2.6,
      "2": 2.0,
      "1": 3.6,
      "3": 4.8
    },
    "26": {
      "1": 2.2,
      "3": 1.8,
      "0": 2.8,
      "4": 3.2,
      "2": 5.0
    },
    "27": {
      "0": 1.0,
      "2": 3.0,
      "4": 3.8,
      "1": 3.0,
      "3": 4.2
    },
    "28": {
      "3": 1.0,
      "1": 2.2,
      "0": 3.0,
      "2": 4.4,
      "4": 4.4
    },
    "29": {
      "2": 1.6,
      "4": 3.0,
      "0": 2.6,
      "1": 3.6,
      "3": 4.2
    },
    "30": {
      "1": 1.2,
      "0": 2.2,
      "2": 2.8,
      "4": 3.8,
      "3": 5.0
    },
    "31": {
      "3": 1.4,
      "4": 1.6,
      "1": 3.6,
      "2": 3.4,
      "0": 5.0
    },
    "32": {
      "1": 1.8,
      "2": 1.4,
      "3": 2.8,
      "0": 4.8,
      "4": 4.2
    },
    "33": {
      "1": 1.0,
      "3": 2.2,
      "0": 3.2,
      "2": 4.2,
      "4": 4.4
    },
    "34": {
      "1": 1.2,
      "4": 1.8,
      "3": 3.8,
      "0": 3.2,
      "2": 5.0
    },
    "35": {
      "1": 1.4,
      "2": 1.6,
      "3": 3.0,
      "0": 4.8,
      "4": 4.2
    },
    "36": {
      "4": 1.6,
      "1": 2.4,
      "3": 3.4,
      "2": 2.6,
      "0": 5.0
    },
    "37": {
      "0": 1.6,
      "3": 1.6,
      "1": 3.6,
      "4": 3.6,
      "2": 4.6
    },
    "38": {
      "3": 1.0,
      "0": 2.0,
      "4": 4.0,
      "1": 3.6,
      "2": 4.4
    },
    "39": {
      "3": 1.2,
      "0": 1.8,
      "4": 3.0,
      "2": 4.2,
      "1": 4.8
    },
    "40": {
      "3": 1.2,
      "0": 1.8,
      "2": 3.4,
      "4": 3.6,
      "1": 5.0
    },
    "41": {
      "4": 1.0,
      "0": 2.6,
      "1": 2.4,
      "3": 4.0,
      "2": 5.0
    },
    "42": {
      "2": 1.4,
      "1": 2.4,
      "3": 2.2,
      "0": 4.0,
      "4": 5.0
    },
    "43": {
      "3": 1.0,
      "2": 2.8,
      "0": 2.4,
      "4": 3.8,
      "1": 5.0
    },
    "44": {
      "1": 1.4,
      "0": 1.6,
      "3": 4.0,
      "4": 4.6,
      "2": 3.4
    },
    "45": {
      "3": 1.2,
      "0": 2.6,
      "4": 3.2,
      "2": 3.6,
      "1": 4.4
    },
    "46": {
      "4": 2.0,
      "1": 2.25,
      "0": 1.75,
      "2": 4.5,
      "3": 4.5
    },
    "47": {
      "4": 1.6,
      "3": 3.0,
      "0": 2.0,
      "1": 3.4,
      "2": 5.0
    },
    "48": {
      "2": 1.25,
      "4": 1.75,
      "0": 3.25,
      "1": 3.75,
      "3": 5.0
    },
    "49": {
      "2": 1.0,
      "0": 2.2,
      "4": 2.8,
      "1": 4.0,
      "3": 5.0
    },
    "50": {
      "2": 1.4,
      "0": 2.0,
      "4": 2.8,
      "3": 4.0,
      "1": 4.8
    },
    "51": {
      "1": 1.6,
      "0": 1.8,
      "2": 2.6,
      "4": 4.0,
      "3": 5.0
    },
    "52": {
      "1": 1.2,
      "0": 1.8,
      "2": 3.0,
      "4": 4.2,
      "3": 4.8
    },
    "53": {
      "0": 1.2,
      "3": 2.2,
      "1": 3.6,
      "2": 3.0,
      "4": 5.0
    },
    "54": {
      "0": 1.0,
      "1": 2.2,
      "4": 2.8,
      "2": 4.6,
      "3": 4.4
    },
    "55": {
      "4": 1.0,
      "1": 2.8,
      "2": 2.2,
      "0": 4.0,
      "3": 5.0
    },
    "56": {
      "1": 2.4,
      "0": 3.0,
      "2": 2.2,
      "3": 2.4,
      "4": 5.0
    },
    "57": {
      "3": 1.0,
      "2": 2.2,
      "0": 2.8,
      "4": 4.0,
      "1": 5.0
    },
    "58": {
      "2": 1.6,
      "3": 1.8,
      "1": 2.6,
      "0": 4.2,
      "4": 4.8
    },
    "59": {
      "3": 1.8,
      "0": 1.6,
      "2": 3.8,
      "1": 3.8,
      "4": 4.0
    },
    "60": {
      "2": 1.4,
      "0": 2.0,
      "4": 2.6,
      "3": 4.0,
      "1": 5.0
    },
    "61": {
      "0": 1.8,
      "1": 1.2,
      "2": 3.4,
      "4": 3.6,
      "3": 5.0
    },
    "62": {
      "1": 1.0,
      "2": 3.4,
      "3": 3.2,
      "0": 4.0,
      "4": 3.4
    },
    "63": {
      "0": 1.0,
      "4": 3.0,
      "1": 2.4,
      "2": 3.6,
      "3": 5.0
    },
    "64": {
      "2": 1.0,
      "0": 2.0,
      "3": 3.0,
      "1": 4.2,
      "4": 4.8
    },
    "65": {
      "3": 1.0,
      "2": 2.0,
      "4": 3.2,
      "1": 4.2,
      "0": 4.6
    },
    "66": {
      "1": 3.4,
      "3": 1.6,
      "4": 1.8,
      "0": 3.2,
      "2": 5.0
    },
    "67": {
      "0": 1.0,
      "1": 2.6,
      "3": 2.4,
      "4": 4.0,