{
  "content_diversity": 0.5363966822624207,
  "classifier_auc": 0.7496833922878728,
  "ranking_stability": 0.656243654822335,
  "feature_coefficients": {
    "word_count": -0.3353190185925858,
    "sentence_count": 0.17007583781212124,
    "avg_sentence_length": -0.0445489388477986,
    "paragraph_count": -0.4093094425147169,
    "heading_density": -0.6323994892984679,
    "list_frequency": -0.41636096767437414,
    "readability": 0.1360281241365877,
    "bold_emphasis_density": 0.4838942986555967,
    "citation_density": -0.17048222856996076,
    "statistic_density": -0.2660897159642113,
    "quote_density": 0.01778003795990237,
    "named_source_mentions": -0.1463938844120673,
    "year_mentions": -0.14255525466937405,
    "claim_density": 0.18339369046457105,
    "external_reference_density": -0.6856261328566148,
    "question_density": -0.06291665277238163,
    "query_similarity": 0.5743801579695388,
    "corpus_centroid_similarity": 0.0926992221704164,
    "type_token_ratio": -0.5390159601219376,
    "vocabulary_sophistication": 0.2530704595625749,
    "sentiment_polarity": -0.014743799846058746,
    "avg_word_length": -0.3308007213456643,
    "semantic_uniqueness": 0.23857142560959457,
    "information_density": -0.550126662329368,
    "specificity_score": -0.44704975656896917
  },
  "avg_ranks": {
    "0": {
      "3": 2.6,
      "0": 3.8,
      "1": 2.4,
      "2": 2.0,
      "4": 4.2
    },
    "1": {
      "0": 2.2,
      "2": 2.0,
      "3": 3.2,
      "4": 3.8,
      "1": 3.8
    },
    "2": {
      "2": 1.0,
      "3": 2.0,
      "4": 3.2,
      "0": 4.4,
      "1": 4.4
    },
    "3": {
      "0": 2.0,
      "3": 2.4,
      "2": 3.8,
      "4": 1.8,
      "1": 5.0
    },
    "4": {
      "0": 1.4,
      "2": 1.8,
      "4": 2.8,
      "1": 4.4,
      "3": 4.6
    },
    "5": {
      "0": 1.4,
      "4": 1.6,
      "2": 3.6,
      "1": 3.4,
      "3": 5.0
    },
    "6": {
      "0": 1.6,
      "4": 2.2,
      "3": 2.2,
      "1": 4.0,
      "2": 5.0
    },
    "7": {
      "1": 2.0,
      "3": 2.6,
      "0": 1.4,
      "2": 4.0,
      "4": 5.0
    },
    "8": {
      "1": 1.0,
      "0": 2.6,
      "3": 2.4,
      "4": 4.6,
      "2": 4.4
    },
    "9": {
      "2": 1.2,
      "4": 1.8,
      "0": 3.0,
      "1": 4.0,
      "3": 5.0
    },
    "10": {
      "1": 1.4,
      "4": 1.6,
      "0": 3.0,
      "2": 4.2,
      "3": 4.8
    },
    "11": {
      "1": 2.2,
      "2": 1.6,
      "4": 2.8,
      "0": 4.4,
      "3": 4.0
    },
    "12": {
      "2": 1.0,
      "1": 2.4,
      "4": 2.6,
      "3": 4.0,
      "0": 5.0
    },
    "13": {
      "4": 1.0,
      "1": 2.0,
      "2": 3.0,
      "3": 4.0,
      "0": 5.0
    },
    "14": {
      "0": 1.0,
      "3": 2.0,
      "1": 3.0,
      "4": 4.0,
      "2": 5.0
    },
    "15": {
      "2": 1.0,
      "3": 3.6,
      "4": 2.6,
      "0": 3.2,
      "1": 4.6
    },
    "16": {
      "0": 1.0,
      "4": 2.0,
      "1": 3.0,
      "2": 4.4,
      "3": 4.6
    },
    "17": {
      "4": 1.6,
      "0": 2.4,
      "1": 3.0,
      "2": 3.0,
      "3": 5.0
    },
    "18": {
      "2": 1.8,
      "3": 2.0,
      "0": 2.2,
      "4": 4.2,
      "1": 4.8
    },
    "19": {
      "1": 1.0,
      "0": 2.0,
      "4": 3.0,
      "2": 4.0,
      "3": 5.0
    },
    "20": {
      "4": 3.2,
      "2": 2.4,
      "0": 3.0,
      "1": 2.4,
      "3": 4.0
    },
    "21": {
      "3": 1.2,
      "4": 1.8,
      "0": 3.0,
      "1": 4.0,
      "2": 5.0
    },
    "22": {
      "1": 1.2,
      "0": 1.8,
      "2": 3.2,
      "3": 4.0,
      "4": 4.8
    },
    "23": {
      "3": 1.8,
      "0": 1.6,
      "4": 2.6,
      "2": 4.0,
      "1": 5.0
    },
    "24": {
      "0": 1.0,
      "3": 4.4,
      "2": 3.2,
      "4": 3.4,
      "1": 3.0
    },
    "25": {
      "2": 2.2,
      "0": 3.0,
      "4": 2.4,
      "1": 3.4,
      "3": 4.0
    },
    "26": {
      "1": 1.2,
      "0": 2.6,
      "2": 4.2,
      "4": 3.8,
      "3": 3.2
    },
    "27": {
      "0": 1.0,
      "4": 3.6,
      "1": 3.4,
      "2": 2.4,
      "3": 4.6
    },
    "28": {
      "0": 2.6,
      "3": 1.6,
      "1": 1.8,
      "4": 4.0,
      "2": 5.0
    },
    "29": {
      "2": 1.4,
      "0": 2.8,
      "4": 1.8,
      "1": 4.0,
      "3": 5.0
    },
    "30": {
      "1": 1.0,
      "0": 2.4,
      "2": 2.6,
      "4": 4.0,
      "3": 5.0
    },
    "31": {
      "4": 1.2,
      "3": 1.8,
      "1": 3.8,
      "2": 3.2,
      "0": 5.0
    },
    "32": {
      "2": 1.4,
      "3": 3.0,
      "1": 1.8,
      "0": 4.0,
      "4": 4.8
    },
    "33": {
      "1": 1.0,
      "3": 2.2,
      "0": 2.8,
      "2": 4.8,
      "4": 4.2
    },
    "34": {
      "1": 1.0,
      "4": 2.0,
      "0": 3.6,
      "2": 4.6,
      "3": 3.8
    },
    "35": {
      "2": 1.4,
      "1": 1.6,
      "4": 3.4,
      "3": 3.6,
      "0": 5.0
    },
    "36": {
      "1": 1.8,
      "3": 3.0,
      "2": 2.2,
      "4": 3.0,
      "0": 5.0
    },
    "37": {
      "3": 1.8,
      "1": 2.6,
      "0": 1.6,
      "4": 4.6,
      "2": 4.4
    },
    "38": {
      "3": 1.0,
      "0": 2.0,
      "4": 3.8,
      "1": 3.8,
      "2": 4.4
    },
    "39": {
      "0": 1.6,
      "3": 1.4,
      "4": 3.0,
      "2": 4.2,
      "1": 4.8
    },
    "40": {
      "0": 2.0,
      "3": 1.6,
      "2": 2.4,
      "1": 4.8,
      "4": 4.2
    },
    "41": {
      "4": 1.2,
      "1": 2.4,
      "0": 2.4,
      "3": 4.0,
      "2": 5.0
    },
    "42": {
      "3": 1.4,
      "2": 2.4,
      "1": 2.2,
      "0": 4.0,
      "4": 5.0
    },
    "43": {
      "3": 1.0,
      "0": 3.4,
      "2": 2.4,
      "4": 3.2,
      "1": 5.0
    },
    "44": {
      "1": 1.0,
      "0": 2.0,
      "2": 3.4,
      "4": 4.6,
      "3": 4.0
    },
    "45": {
      "4": 2.2,
      "2": 2.0,
      "0": 3.6,
      "3": 2.4,
      "1": 4.8
    },
    "46": {
      "1": 2.0,
      "0": 1.4,
      "2": 3.0,
      "3": 4.6,
      "4": 4.0
    },
    "47": {
      "1": 2.8,
      "0": 2.4,
      "4": 2.0,
      "3": 2.8,
      "2": 5.0
    },
    "48": {
      "2": 1.0,
      "4": 2.0,
      "0": 3.6,
      "1": 3.4,
      "3": 5.0
    },
    "49": {
      "2": 1.0,
      "0": 2.4,
      "1": 3.8,
      "4": 2.8,
      "3": 5.0
    },
    "50": {
      "0": 1.6,
      "2": 1.6,
      "4": 3.2,
      "3": 3.6,
      "1": 5.0
    },
    "51": {
      "0": 1.0,
      "1": 2.0,
      "2": 3.0,
      "3": 4.8,
      "4": 4.2
    },
    "52": {
      "1": 1.2,
      "0": 1.8,
      "3": 4.0,
      "2": 3.2,
      "4": 4.8
    },
    "53": {
      "2": 2.8,
      "0": 1.2,
      "3": 2.4,
      "1": 3.6,
      "4": 5.0
    },
    "54": {
      "0": 1.0,
      "4": 2.0,
      "1": 3.0,
      "3": 4.2,
      "2": 4.8
    },
    "55": {
      "4": 1.0,
      "2": 2.0,
      "1": 3.0,
      "0": 4.0,
      "3": 5.0
    },
    "56": {
      "3": 2.4,
      "2": 1.8,
      "1": 2.4,
      "0": 3.4,
      "4": 5.0
    },
    "57": {
      "4": 2.8,
      "2": 1.8,
      "3": 2.0,
      "0": 3.4,
      "1": 5.0
    },
    "58": {
      "1": 1.0,
      "2": 2.2,
      "3": 3.2,
      "4": 4.8,
      "0": 3.8
    },
    "59": {
      "3": 1.6,
      "0": 1.6,
      "1": 3.6,
      "4": 3.6,
      "2": 4.6
    },
    "60": {
      "2": 1.2,
      "0": 2.2,
      "4": 2.6,
      "3": 4.0,
      "1": 5.0
    },
    "61": {
      "0": 1.6,
      "2": 3.0,
      "1": 2.4,
      "3": 4.2,
      "4": 3.8
    },
    "62": {
      "1": 1.0,
      "2": 3.25,
      "3": 3.25,
      "4": 3.0,
      "0": 4.5
    },
    "63": {
      "0": 1.0,
      "2": 3.2,
      "4": 3.4,
      "1": 2.4,
      "3": 5.0
    },
    "64": {
      "3": 1.8,
      "2": 2.2,
      "0": 2.0,
      "1": 4.0,
      "4": 5.0
    },
    "65": {
      "3": 1.4,
      "2": 1.6,
      "4": 3.4,
      "1": 3.6,
      "0": 5.0
    },
    "66": {
      "3": 1.4,
      "4": 2.0,
      "0": 2.6,
      "1": 4.0,
      "2": 5.0
    },
    "67": {
      "0": 1.0,
      "3": 2.2,
      "1": 2.8,
      "4": 4.0,
      "2": 5.0
    },