{
  "content_diversity": 0.5411893129348755,
  "classifier_auc": 0.7793676923726309,
  "ranking_stability": 0.6479834539813857,
  "feature_coefficients": {
    "word_count": -0.40868256518071905,
    "sentence_count": 0.5037491234279671,
    "avg_sentence_length": -0.31235650403869136,
    "paragraph_count": -0.15989573185509395,
    "heading_density": -0.3908953680816099,
    "list_frequency": -0.2820287139385468,
    "readability": 0.3390991506855502,
    "bold_emphasis_density": 0.07496896059442701,
    "citation_density": 0.18732502125766498,
    "statistic_density": -0.5233466811569678,
    "quote_density": 0.30874138994022127,
    "named_source_mentions": -1.0675054856096733,
    "year_mentions": -0.2179933531181428,
    "claim_density": -0.02588906445334742,
    "external_reference_density": -0.0649008524408934,
    "question_density": 0.14288338894421224,
    "query_similarity": 0.40323753976083226,
    "corpus_centroid_similarity": -0.232831792093682,
    "type_token_ratio": -0.6449409897757574,
    "vocabulary_sophistication": 0.13835574113916468,
    "sentiment_polarity": 0.013374740220814797,
    "avg_word_length": -0.5365858250914453,
    "semantic_uniqueness": 0.11595029337603502,
    "information_density": -0.43244816127559105,
    "specificity_score": -0.020170703141646828
  },
  "avg_ranks": {
    "0": {
      "0": 1.6,
      "2": 2.2,
      "1": 3.2,
      "3": 3.4,
      "4": 4.6
    },
    "1": {
      "2": 1.2,
      "0": 2.4,
      "1": 3.6,
      "3": 3.2,
      "4": 4.6
    },
    "2": {
      "2": 1.0,
      "3": 2.0,
      "0": 3.8,
      "4": 3.2,
      "1": 5.0
    },
    "3": {
      "4": 1.4,
      "0": 2.4,
      "3": 2.8,
      "2": 3.4,
      "1": 5.0
    },
    "4": {
      "2": 1.0,
      "0": 2.0,
      "4": 3.0,
      "1": 4.4,
      "3": 4.6
    },
    "5": {
      "0": 1.6,
      "4": 1.4,
      "2": 3.4,
      "1": 3.6,
      "3": 5.0
    },
    "6": {
      "4": 2.2,
      "3": 2.0,
      "0": 1.8,
      "1": 4.0,
      "2": 5.0
    },
    "7": {
      "0": 1.8,
      "3": 1.8,
      "1": 2.4,
      "2": 4.0,
      "4": 5.0
    },
    "8": {
      "1": 1.2,
      "3": 3.0,
      "0": 3.4,
      "4": 3.4,
      "2": 4.0
    },
    "9": {
      "0": 1.8,
      "2": 1.8,
      "4": 2.4,
      "1": 4.0,
      "3": 5.0
    },
    "10": {
      "1": 1.4,
      "4": 2.6,
      "3": 3.4,
      "2": 3.4,
      "0": 4.2
    },
    "11": {
      "3": 3.2,
      "2": 1.4,
      "4": 2.6,
      "1": 3.2,
      "0": 4.6
    },
    "12": {
      "2": 1.0,
      "1": 2.4,
      "4": 2.6,
      "3": 4.0,
      "0": 5.0
    },
    "13": {
      "4": 1.0,
      "1": 2.0,
      "2": 3.0,
      "3": 4.0,
      "0": 5.0
    },
    "14": {
      "0": 1.0,
      "3": 2.2,
      "1": 2.8,
      "4": 4.0,
      "2": 5.0
    },
    "15": {
      "3": 3.6,
      "2": 1.2,
      "0": 3.2,
      "4": 3.4,
      "1": 3.6
    },
    "16": {
      "0": 1.0,
      "4": 2.0,
      "1": 3.0,
      "2": 4.2,
      "3": 4.8
    },
    "17": {
      "2": 2.6,
      "4": 2.0,
      "1": 3.0,
      "0": 2.4,
      "3": 5.0
    },
    "18": {
      "0": 1.8,
      "3": 2.2,
      "2": 2.6,
      "4": 3.4,
      "1": 5.0
    },
    "19": {
      "1": 1.4,
      "0": 2.0,
      "4": 2.6,
      "2": 4.0,
      "3": 5.0
    },
    "20": {
      "4": 3.2,
      "2": 2.4,
      "0": 2.2,
      "1": 3.4,
      "3": 3.8
    },
    "21": {
      "3": 1.4,
      "4": 1.8,
      "0": 2.8,
      "1": 4.0,
      "2": 5.0
    },
    "22": {
      "1": 1.0,
      "2": 2.6,
      "0": 2.6,
      "3": 3.8,
      "4": 5.0
    },
    "23": {
      "0": 2.0,
      "4": 2.6,
      "3": 1.8,
      "2": 3.6,
      "1": 5.0
    },
    "24": {
      "0": 1.0,
      "1": 3.2,
      "2": 3.2,
      "4": 3.8,
      "3": 3.8
    },
    "25": {
      "0": 1.4,
      "2": 2.0,
      "4": 2.6,
      "1": 4.4,
      "3": 4.6
    },
    "26": {
      "1": 1.0,
      "3": 3.6,
      "0": 2.8,
      "4": 3.8,
      "2": 3.8
    },
    "27": {
      "0": 1.0,
      "4": 2.2,
      "2": 3.4,
      "1": 4.0,
      "3": 4.4
    },
    "28": {
      "3": 1.8,
      "1": 1.6,
      "0": 3.0,
      "4": 4.0,
      "2": 4.6
    },
    "29": {
      "2": 1.4,
      "4": 2.0,
      "0": 2.8,
      "1": 3.8,
      "3": 5.0
    },
    "30": {
      "1": 1.0,
      "0": 2.0,
      "2": 3.0,
      "4": 4.0,
      "3": 5.0
    },
    "31": {
      "4": 1.0,
      "3": 2.0,
      "2": 3.0,
      "1": 4.0,
      "0": 5.0
    },
    "32": {
      "1": 1.0,
      "3": 3.6,
      "2": 2.4,
      "4": 4.0,
      "0": 4.0
    },
    "33": {
      "1": 1.0,
      "3": 2.6,
      "0": 2.4,
      "2": 4.6,
      "4": 4.4
    },
    "34": {
      "1": 1.0,
      "4": 2.0,
      "0": 3.0,
      "3": 4.0,
      "2": 5.0
    },
    "35": {
      "2": 1.0,
      "1": 2.2,
      "3": 2.8,
      "4": 4.0,
      "0": 5.0
    },
    "36": {
      "3": 2.0,
      "1": 1.8,
      "2": 2.2,
      "4": 4.0,
      "0": 5.0
    },
    "37": {
      "0": 1.4,
      "3": 2.8,
      "1": 2.6,
      "2": 3.4,
      "4": 4.8
    },
    "38": {
      "3": 1.0,
      "0": 2.0,
      "1": 3.8,
      "2": 4.2,
      "4": 4.0
    },
    "39": {
      "0": 2.0,
      "3": 1.2,
      "4": 2.8,
      "2": 4.2,
      "1": 4.8
    },
    "40": {
      "3": 1.2,
      "2": 2.6,
      "0": 2.4,
      "4": 3.8,
      "1": 5.0
    },
    "41": {
      "4": 1.0,
      "1": 2.0,
      "0": 3.2,
      "3": 3.8,
      "2": 5.0
    },
    "42": {
      "2": 1.4,
      "1": 2.4,
      "3": 2.2,
      "0": 4.0,
      "4": 5.0
    },
    "43": {
      "3": 1.0,
      "0": 2.0,
      "2": 3.2,
      "4": 4.0,
      "1": 4.8
    },
    "44": {
      "3": 3.6,
      "4": 3.8,
      "2": 3.4,
      "1": 1.6,
      "0": 2.6
    },
    "45": {
      "3": 1.0,
      "2": 2.8,
      "4": 2.2,
      "0": 4.0,
      "1": 5.0
    },
    "46": {
      "2": 3.0,
      "0": 2.0,
      "1": 2.6,
      "4": 2.6,
      "3": 4.8
    },
    "47": {
      "1": 2.2,
      "0": 1.8,
      "4": 2.4,
      "3": 3.6,
      "2": 5.0
    },
    "48": {
      "2": 1.0,
      "4": 2.4,
      "0": 3.4,
      "1": 3.2,
      "3": 5.0
    },
    "49": {
      "2": 1.0,
      "0": 2.4,
      "4": 3.2,
      "1": 3.4,
      "3": 5.0
    },
    "50": {
      "0": 1.8,
      "4": 2.0,
      "3": 3.6,
      "2": 2.6,
      "1": 5.0
    },
    "51": {
      "2": 2.4,
      "0": 1.8,
      "1": 2.0,
      "4": 4.0,
      "3": 4.8
    },
    "52": {
      "1": 1.2,
      "0": 1.8,
      "2": 3.0,
      "4": 4.0,
      "3": 5.0
    },
    "53": {
      "0": 1.4,
      "3": 2.2,
      "2": 2.8,
      "1": 3.6,
      "4": 5.0
    },
    "54": {
      "0": 1.0,
      "4": 2.0,
      "1": 3.0,
      "3": 4.2,
      "2": 4.8
    },
    "55": {
      "4": 1.0,
      "2": 2.0,
      "1": 3.0,
      "0": 4.0,
      "3": 5.0
    },
    "56": {
      "2": 1.6,
      "3": 2.6,
      "1": 2.4,
      "0": 3.4,
      "4": 5.0
    },
    "57": {
      "3": 1.8,
      "2": 1.6,
      "0": 3.4,
      "4": 3.2,
      "1": 5.0
    },
    "58": {
      "2": 2.2,
      "3": 1.6,
      "1": 2.2,
      "4": 4.8,
      "0": 4.2
    },
    "59": {
      "0": 1.4,
      "3": 1.6,
      "1": 3.0,
      "4": 4.4,
      "2": 4.6
    },
    "60": {
      "2": 1.0,
      "0": 2.4,
      "4": 2.6,
      "3": 4.2,
      "1": 4.8
    },
    "61": {
      "4": 1.8,
      "0": 1.8,
      "1": 2.4,
      "3": 4.8,
      "2": 4.2
    },
    "62": {
      "1": 1.0,
      "4": 2.0,
      "2": 4.0,
      "3": 4.4,
      "0": 3.6
    },
    "63": {
      "0": 1.0,
      "4": 3.2,
      "1": 3.4,
      "2": 2.4,
      "3": 5.0
    },
    "64": {
      "2": 1.8,
      "0": 1.4,
      "3": 3.0,
      "1": 3.8,
      "4": 5.0
    },
    "65": {
      "2": 1.8,
      "3": 1.2,
      "4": 3.2,
      "1": 3.8,
      "0": 5.0
    },
    "66": {
      "3": 1.4,
      "4": 1.6,
      "0": 3.0,
      "1": 4.0,
      "2": 5.0
    },
    "67": {
      "0": 1.0,
      "1": 2.8,
      "3": 2.2,
      "4": 4.0,
      "2": 5.0
    },