{
  "content_diversity": 0.5332798361778259,
  "classifier_auc": 0.7595528189003886,
  "ranking_stability": 0.6760041194644696,
  "feature_coefficients": {
    "word_count": -0.20094066757047552,
    "sentence_count": -0.09616661419798667,
    "avg_sentence_length": -0.2954175015920302,
    "paragraph_count": -0.23369179695400025,
    "heading_density": -0.26991993459972996,
    "list_frequency": 0.08199901547200152,
    "readability": 0.3749727298150622,
    "bold_emphasis_density": -0.3988579379119089,
    "citation_density": -0.5178689917633892,
    "statistic_density": -0.37720061048088177,
    "quote_density": 0.18843954503337934,
    "named_source_mentions": -0.03690085917353076,
    "year_mentions": 0.18753851931762314,
    "claim_density": 0.12733841158754322,
    "external_reference_density": -0.05740407924656796,
    "question_density": 0.0375179634203537,
    "query_similarity": 0.449322114799651,
    "corpus_centroid_similarity": -0.033632933619175735,
    "type_token_ratio": -0.7967696391367002,
    "vocabulary_sophistication": 0.1596795868842277,
    "sentiment_polarity": 0.07481879769519455,
    "avg_word_length": -0.38460078233626155,
    "semantic_uniqueness": 0.2120745823567052,
    "information_density": -0.21622461700539874,
    "specificity_score": -0.06984314619401487
  },
  "avg_ranks": {
    "0": {
      "2": 2.2,
      "4": 3.4,
      "0": 2.2,
      "3": 3.0,
      "1": 4.2
    },
    "1": {
      "2": 1.2,
      "0": 1.8,
      "1": 3.2,
      "3": 4.0,
      "4": 4.8
    },
    "2": {
      "2": 1.0,
      "3": 2.0,
      "4": 3.0,
      "1": 4.2,
      "0": 4.8
    },
    "3": {
      "4": 1.0,
      "3": 2.2,
      "0": 2.8,
      "2": 4.0,
      "1": 5.0
    },
    "4": {
      "2": 1.4,
      "4": 2.4,
      "0": 2.2,
      "3": 4.8,
      "1": 4.2
    },
    "5": {
      "0": 1.6,
      "4": 1.4,
      "2": 3.2,
      "1": 3.8,
      "3": 5.0
    },
    "6": {
      "3": 2.0,
      "0": 1.4,
      "4": 2.6,
      "1": 4.0,
      "2": 5.0
    },
    "7": {
      "0": 1.0,
      "3": 2.2,
      "1": 2.8,
      "2": 4.0,
      "4": 5.0
    },
    "8": {
      "1": 1.0,
      "3": 2.8,
      "0": 2.6,
      "2": 4.6,
      "4": 4.0
    },
    "9": {
      "0": 2.2,
      "4": 1.6,
      "2": 2.2,
      "1": 4.2,
      "3": 4.8
    },
    "10": {
      "4": 1.6,
      "1": 1.4,
      "0": 4.2,
      "3": 4.0,
      "2": 3.8
    },
    "11": {
      "4": 2.4,
      "2": 1.2,
      "1": 3.0,
      "0": 3.4,
      "3": 5.0
    },
    "12": {
      "2": 1.0,
      "1": 2.75,
      "4": 2.75,
      "3": 3.5,
      "0": 5.0
    },
    "13": {
      "4": 1.0,
      "1": 2.4,
      "2": 2.6,
      "3": 4.0,
      "0": 5.0
    },
    "14": {
      "3": 1.6,
      "0": 1.4,
      "1": 3.2,
      "4": 3.8,
      "2": 5.0
    },
    "15": {
      "2": 1.4,
      "3": 2.4,
      "0": 2.6,
      "4": 3.6,
      "1": 5.0
    },
    "16": {
      "0": 1.2,
      "4": 1.8,
      "1": 3.0,
      "3": 4.0,
      "2": 5.0
    },
    "17": {
      "4": 1.2,
      "0": 1.8,
      "1": 3.4,
      "2": 3.6,
      "3": 5.0
    },
    "18": {
      "3": 1.6,
      "0": 1.6,
      "2": 3.0,
      "1": 4.4,
      "4": 4.4
    },
    "19": {
      "0": 1.4,
      "1": 1.6,
      "4": 3.0,
      "2": 4.0,
      "3": 5.0
    },
    "20": {
      "0": 2.4,
      "1": 2.6,
      "2": 2.2,
      "3": 4.6,
      "4": 3.2
    },
    "21": {
      "4": 1.8,
      "0": 2.8,
      "3": 1.4,
      "1": 4.0,
      "2": 5.0
    },
    "22": {
      "1": 1.0,
      "0": 2.0,
      "2": 3.4,
      "3": 4.0,
      "4": 4.6
    },
    "23": {
      "0": 1.2,
      "4": 2.4,
      "3": 2.4,
      "2": 4.0,
      "1": 5.0
    },
    "24": {
      "0": 1.0,
      "1": 3.0,
      "4": 2.6,
      "2": 3.4,
      "3": 5.0
    },
    "25": {
      "4": 1.8,
      "0": 1.8,
      "2": 2.4,
      "3": 4.4,
      "1": 4.6
    },
    "26": {
      "3": 2.4,
      "1": 1.4,
      "0": 3.0,
      "4": 3.6,
      "2": 4.6
    },
    "27": {
      "2": 1.8,
      "0": 1.4,
      "4": 3.6,
      "3": 4.4,
      "1": 3.8
    },
    "28": {
      "1": 1.8,
      "3": 2.4,
      "0": 3.0,
      "4": 3.4,
      "2": 4.4
    },
    "29": {
      "2": 1.4,
      "0": 2.6,
      "1": 3.8,
      "4": 2.2,
      "3": 5.0
    },
    "30": {
      "1": 1.0,
      "2": 2.8,
      "0": 2.2,
      "4": 4.0,
      "3": 5.0
    },
    "31": {
      "3": 1.8,
      "4": 1.2,
      "2": 3.0,
      "1": 4.0,
      "0": 5.0
    },
    "32": {
      "2": 1.2,
      "1": 2.2,
      "0": 4.2,
      "3": 3.0,
      "4": 4.4
    },
    "33": {
      "1": 1.0,
      "3": 2.2,
      "4": 4.2,
      "0": 3.2,
      "2": 4.4
    },
    "34": {
      "1": 1.0,
      "4": 2.0,
      "0": 3.3333333333333335,
      "3": 4.0,
      "2": 4.666666666666667
    },
    "35": {
      "2": 1.2,
      "1": 1.8,
      "3": 3.6,
      "4": 3.6,
      "0": 4.8
    },
    "36": {
      "2": 2.0,
      "1": 2.0,
      "4": 3.2,
      "3": 2.8,
      "0": 5.0
    },
    "37": {
      "0": 1.4,
      "3": 3.2,
      "1": 2.2,
      "2": 4.4,
      "4": 3.8
    },
    "38": {
      "3": 1.0,
      "0": 2.0,
      "4": 4.4,
      "1": 3.4,
      "2": 4.2
    },
    "39": {
      "0": 2.0,
      "3": 1.2,
      "4": 2.8,
      "1": 4.8,
      "2": 4.2
    },
    "40": {
      "2": 1.6,
      "3": 1.4,
      "0": 3.0,
      "4": 4.0,
      "1": 5.0
    },
    "41": {
      "4": 2.0,
      "1": 1.6,
      "0": 2.4,
      "3": 4.0,
      "2": 5.0
    },
    "42": {
      "3": 1.0,
      "2": 2.6,
      "1": 2.4,
      "4": 4.8,
      "0": 4.2
    },
    "43": {
      "3": 1.0,
      "0": 2.8,
      "2": 3.2,
      "4": 3.6,
      "1": 4.4
    },
    "44": {
      "1": 1.0,
      "0": 2.0,
      "2": 3.2,
      "3": 4.0,
      "4": 4.8
    },
    "45": {
      "3": 1.0,
      "0": 2.6,
      "4": 2.8,
      "2": 3.6,
      "1": 5.0
    },
    "46": {
      "1": 1.8,
      "4": 2.4,
      "0": 1.8,
      "2": 4.0,
      "3": 5.0
    },
    "47": {
      "1": 1.6,
      "0": 3.0,
      "3": 2.8,
      "4": 2.6,
      "2": 5.0
    },
    "48": {
      "2": 1.0,
      "4": 2.0,
      "0": 3.6,
      "1": 3.4,
      "3": 5.0
    },
    "49": {
      "2": 1.0,
      "0": 2.2,
      "4": 3.2,
      "1": 3.6,
      "3": 5.0
    },
    "50": {
      "0": 1.6,
      "2": 1.8,
      "4": 2.8,
      "3": 3.8,
      "1": 5.0
    },
    "51": {
      "0": 1.6,
      "1": 1.8,
      "2": 2.6,
      "4": 4.0,
      "3": 5.0
    },
    "52": {
      "1": 1.6,
      "0": 1.4,
      "3": 3.2,
      "2": 4.0,
      "4": 4.8
    },
    "53": {
      "0": 1.6,
      "3": 1.6,
      "1": 3.6,
      "2": 3.2,
      "4": 5.0
    },
    "54": {
      "0": 1.0,
      "4": 2.4,
      "1": 2.6,
      "3": 4.2,
      "2": 4.8
    },
    "55": {
      "4": 1.0,
      "2": 2.0,
      "1": 3.0,
      "0": 4.0,
      "3": 5.0
    },
    "56": {
      "3": 1.8,
      "2": 2.0,
      "1": 2.6,
      "0": 3.6,
      "4": 5.0
    },
    "57": {
      "2": 1.2,
      "3": 1.8,
      "0": 3.0,
      "4": 4.0,
      "1": 5.0
    },
    "58": {
      "2": 2.2,
      "3": 2.4,
      "1": 1.4,
      "4": 4.4,
      "0": 4.6
    },
    "59": {
      "0": 1.4,
      "3": 1.6,
      "1": 3.2,
      "4": 3.8,
      "2": 5.0
    },
    "60": {
      "2": 1.8,
      "0": 2.2,
      "4": 2.0,
      "3": 4.0,
      "1": 5.0
    },
    "61": {
      "1": 1.6,
      "2": 3.2,
      "0": 2.2,
      "4": 4.0,
      "3": 4.0
    },
    "62": {
      "1": 1.0,
      "2": 2.2,
      "4": 3.0,
      "0": 4.0,
      "3": 4.8
    },
    "63": {
      "0": 1.0,
      "1": 2.4,
      "2": 2.8,
      "4": 3.8,
      "3": 5.0
    },
    "64": {
      "2": 1.4,
      "0": 1.6,
      "3": 3.0,
      "1": 4.0,
      "4": 5.0
    },
    "65": {
      "3": 1.0,
      "2": 2.0,
      "4": 3.6,
      "1": 3.4,
      "0": 5.0
    },
    "66": {
      "1": 3.4,
      "3": 1.4,
      "4": 2.0,
      "0": 3.2,
      "2": 5.0
    },
    "67": {
      "1": 2.4,
      "0": 1.2,
      "3": 2.4,
      "4": 4.0,