{
  "content_diversity": 0.5295098423957825,
  "classifier_auc": 0.7272888888888889,
  "ranking_stability": 0.651440329218107,
  "feature_coefficients": {
    "word_count": -0.22859264009943003,
    "sentence_count": 0.03088766140789326,
    "avg_sentence_length": -0.05949048880619242,
    "paragraph_count": 0.06275019099918774,
    "heading_density": -0.20319744916187707,
    "list_frequency": -0.2222436478442659,
    "readability": 0.07279785960353326,
    "bold_emphasis_density": 0.011417008490838062,
    "citation_density": 0.13980990163376777,
    "statistic_density": -0.5883390299984385,
    "quote_density": 0.13700855452534955,
    "named_source_mentions": 0.18539285790828167,
    "year_mentions": -0.4873692658070283,
    "claim_density": 0.28530841193467504,
    "external_reference_density": 0.01387437825735139,
    "question_density": 0.12694452431767966,
    "query_similarity": 0.2646632686494412,
    "corpus_centroid_similarity": -0.029100194519647276,
    "type_token_ratio": -0.6646479480289414,
    "vocabulary_sophistication": -0.1013480330268499,
    "sentiment_polarity": -0.2225297094333888,
    "avg_word_length": -0.32506638665417503,
    "semantic_uniqueness": 0.024142837686373767,
    "information_density": -0.3573077584633194,
    "specificity_score": -0.2037806237505456
  },
  "avg_ranks": {
    "0": {
      "2": 2.8,
      "3": 2.0,
      "1": 3.4,
      "4": 3.8,
      "0": 3.0
    },
    "1": {
      "2": 1.2,
      "0": 2.4,
      "1": 3.4,
      "3": 4.0,
      "4": 4.0
    },
    "2": {
      "2": 1.0,
      "3": 2.0,
      "4": 3.0,
      "1": 4.2,
      "0": 4.8
    },
    "3": {
      "0": 2.0,
      "4": 1.4,
      "2": 3.8,
      "3": 2.8,
      "1": 5.0
    },
    "4": {
      "0": 2.0,
      "2": 1.6,
      "4": 2.4,
      "1": 4.6,
      "3": 4.4
    },
    "5": {
      "0": 1.0,
      "4": 2.0,
      "1": 3.0,
      "2": 4.0,
      "3": 5.0
    },
    "6": {
      "0": 1.8,
      "3": 1.6,
      "4": 2.6,
      "1": 4.0,
      "2": 5.0
    },
    "7": {
      "0": 1.2,
      "1": 2.6,
      "3": 2.2,
      "2": 4.0,
      "4": 5.0
    },
    "8": {
      "1": 1.0,
      "0": 2.8,
      "3": 2.2,
      "4": 4.0,
      "2": 5.0
    },
    "9": {
      "0": 2.4,
      "4": 1.8,
      "2": 1.8,
      "3": 4.6,
      "1": 4.4
    },
    "10": {
      "4": 1.75,
      "1": 1.25,
      "0": 4.0,
      "2": 4.25,
      "3": 3.75
    },
    "11": {
      "2": 1.4,
      "4": 2.2,
      "1": 2.4,
      "3": 4.6,
      "0": 4.4
    },
    "12": {
      "2": 1.0,
      "1": 2.4,
      "4": 2.6,
      "3": 4.0,
      "0": 5.0
    },
    "13": {
      "4": 1.0,
      "1": 2.0,
      "3": 3.5,
      "2": 3.5,
      "0": 5.0
    },
    "14": {
      "3": 1.6,
      "0": 1.6,
      "1": 2.8,
      "4": 4.0,
      "2": 5.0
    },
    "15": {
      "2": 1.0,
      "3": 3.2,
      "0": 2.4,
      "4": 3.4,
      "1": 5.0
    },
    "16": {
      "0": 1.0,
      "4": 2.0,
      "1": 3.0,
      "2": 4.4,
      "3": 4.6
    },
    "17": {
      "4": 1.2,
      "0": 2.2,
      "2": 3.6,
      "1": 3.0,
      "3": 5.0
    },
    "18": {
      "2": 1.8,
      "0": 2.4,
      "3": 2.4,
      "1": 4.8,
      "4": 3.6
    },
    "19": {
      "1": 1.0,
      "0": 2.0,
      "4": 3.0,
      "2": 4.0,
      "3": 5.0
    },
    "20": {
      "2": 1.8,
      "0": 2.6,
      "3": 3.8,
      "4": 3.6,
      "1": 3.2
    },
    "21": {
      "3": 1.4,
      "4": 2.0,
      "0": 2.8,
      "1": 4.0,
      "2": 4.8
    },
    "22": {
      "1": 1.0,
      "0": 2.0,
      "3": 3.6,
      "4": 3.8,
      "2": 4.6
    },
    "23": {
      "0": 1.0,
      "4": 2.2,
      "3": 2.8,
      "2": 4.0,
      "1": 5.0
    },
    "24": {
      "0": 1.0,
      "1": 3.8,
      "4": 3.2,
      "2": 3.2,
      "3": 3.8
    },
    "25": {
      "2": 1.4,
      "0": 3.2,
      "4": 2.4,
      "1": 3.4,
      "3": 4.6
    },
    "26": {
      "3": 3.0,
      "4": 2.8,
      "1": 1.4,
      "0": 2.8,
      "2": 5.0
    },
    "27": {
      "1": 3.0,
      "0": 1.25,
      "2": 2.25,
      "4": 3.5,
      "3": 5.0
    },
    "28": {
      "1": 2.0,
      "3": 2.2,
      "0": 3.0,
      "4": 3.6,
      "2": 4.2
    },
    "29": {
      "0": 2.4,
      "1": 3.4,
      "2": 2.0,
      "4": 2.2,
      "3": 5.0
    },
    "30": {
      "1": 1.2,
      "0": 1.8,
      "2": 3.0,
      "4": 4.0,
      "3": 5.0
    },
    "31": {
      "4": 1.0,
      "3": 2.0,
      "2": 3.0,
      "1": 4.0,
      "0": 5.0
    },
    "32": {
      "2": 1.4,
      "3": 2.8,
      "1": 1.8,
      "4": 4.0,
      "0": 5.0
    },
    "33": {
      "1": 1.0,
      "2": 4.2,
      "3": 3.0,
      "0": 2.6,
      "4": 4.2
    },
    "34": {
      "1": 1.0,
      "4": 2.0,
      "0": 3.2,
      "2": 4.6,
      "3": 4.2
    },
    "35": {
      "2": 1.8,
      "1": 1.2,
      "3": 3.0,
      "4": 4.2,
      "0": 4.8
    },
    "36": {
      "2": 1.6,
      "1": 1.8,
      "3": 2.8,
      "4": 3.8,
      "0": 5.0
    },
    "37": {
      "1": 2.8,
      "0": 2.4,
      "3": 1.6,
      "2": 4.4,
      "4": 3.8
    },
    "38": {
      "3": 1.0,
      "0": 2.0,
      "4": 3.6,
      "2": 4.4,
      "1": 4.0
    },
    "39": {
      "3": 1.2,
      "0": 1.8,
      "4": 3.0,
      "2": 4.2,
      "1": 4.8
    },
    "40": {
      "3": 1.2,
      "2": 2.0,
      "4": 3.8,
      "0": 3.0,
      "1": 5.0
    },
    "41": {
      "4": 1.8,
      "1": 2.4,
      "0": 2.6,
      "3": 3.2,
      "2": 5.0
    },
    "42": {
      "3": 1.0,
      "1": 2.6,
      "2": 2.4,
      "0": 4.0,
      "4": 5.0
    },
    "43": {
      "3": 1.0,
      "0": 2.4,
      "1": 4.4,
      "4": 4.2,
      "2": 3.0
    },
    "44": {
      "2": 2.8,
      "3": 2.8,
      "4": 2.8,
      "1": 3.0,
      "0": 3.6
    },
    "45": {
      "2": 1.6,
      "4": 2.2,
      "0": 3.4,
      "3": 3.0,
      "1": 4.8
    },
    "46": {
      "0": 1.4,
      "1": 2.0,
      "4": 2.6,
      "2": 4.2,
      "3": 4.8
    },
    "47": {
      "1": 1.6,
      "0": 2.8,
      "3": 2.4,
      "4": 3.2,
      "2": 5.0
    },
    "48": {
      "2": 1.0,
      "4": 2.0,
      "0": 3.8,
      "1": 3.2,
      "3": 5.0
    },
    "49": {
      "2": 1.0,
      "0": 2.8,
      "4": 2.6,
      "1": 3.6,
      "3": 5.0
    },
    "50": {
      "2": 1.0,
      "0": 2.0,
      "4": 3.0,
      "3": 4.0,
      "1": 5.0
    },
    "51": {
      "1": 1.6,
      "0": 1.4,
      "2": 3.0,
      "4": 4.0,
      "3": 5.0
    },
    "52": {
      "1": 1.8,
      "0": 1.6,
      "2": 3.4,
      "4": 4.8,
      "3": 3.4
    },
    "53": {
      "0": 1.0,
      "3": 2.2,
      "2": 3.0,
      "1": 3.8,
      "4": 5.0
    },
    "54": {
      "0": 1.0,
      "4": 2.2,
      "1": 2.8,
      "3": 4.0,
      "2": 5.0
    },
    "55": {
      "4": 1.0,
      "2": 2.2,
      "1": 2.8,
      "0": 4.0,
      "3": 5.0
    },
    "56": {
      "2": 2.0,
      "3": 1.4,
      "1": 2.8,
      "0": 3.8,
      "4": 5.0
    },
    "57": {
      "3": 1.8,
      "2": 1.4,
      "0": 2.8,
      "4": 4.0,
      "1": 5.0
    },
    "58": {
      "1": 1.8,
      "2": 1.6,
      "3": 2.8,
      "4": 4.6,
      "0": 4.2
    },
    "59": {
      "0": 1.0,
      "3": 2.2,
      "4": 4.0,
      "1": 3.0,
      "2": 4.8
    },
    "60": {
      "4": 2.2,
      "2": 1.2,
      "0": 2.6,
      "3": 4.0,
      "1": 5.0
    },
    "61": {
      "1": 2.0,
      "0": 1.6,
      "4": 3.8,
      "3": 3.6,
      "2": 4.0
    },
    "62": {
      "1": 1.0,
      "2": 2.75,
      "3": 3.25,
      "4": 3.75,
      "0": 4.25
    },
    "63": {
      "0": 1.0,
      "2": 2.0,
      "4": 3.2,
      "1": 3.8,
      "3": 5.0
    },
    "64": {
      "2": 1.6,
      "0": 1.8,
      "1": 3.8,
      "3": 2.8,
      "4": 5.0
    },
    "65": {
      "3": 1.4,
      "2": 1.6,
      "4": 3.2,
      "1": 4.0,
      "0": 4.8
    },
    "66": {
      "1": 2.8,
      "3": 1.6,
      "4": 2.2,
      "0": 3.4,
      "2": 5.0
    },
    "67": {
      "0": 1.4,
      "3": 2.6,
      "1": 2.0,
      "4": 4.2,
      "2": 4.8
    },