{
  "content_diversity": 0.547924816608429,
  "classifier_auc": 0.7521591097824282,
  "ranking_stability": 0.6617463617463617,
  "feature_coefficients": {
    "word_count": -0.05992405371046066,
    "sentence_count": -0.2313509811706287,
    "avg_sentence_length": -0.19265122873329987,
    "paragraph_count": 0.043642335230494794,
    "heading_density": -0.42965142013956076,
    "list_frequency": -0.09717756087985165,
    "readability": 0.4870710528198082,
    "bold_emphasis_density": -0.15128459177990575,
    "citation_density": -0.44958864211128585,
    "statistic_density": -0.24300402766288423,
    "quote_density": -0.015268929250357614,
    "named_source_mentions": -0.01984588109866299,
    "year_mentions": 0.004992628546340808,
    "claim_density": -0.23122538647182794,
    "external_reference_density": -0.6023131945142953,
    "question_density": 0.11649687238412484,
    "query_similarity": 0.2539309180574697,
    "corpus_centroid_similarity": -0.2837691803227055,
    "type_token_ratio": -0.5639958209355903,
    "vocabulary_sophistication": 0.1444687791209864,
    "sentiment_polarity": 0.14322033791090746,
    "avg_word_length": -0.6729683366156475,
    "semantic_uniqueness": -0.0952417232851647,
    "information_density": -0.5698145859882996,
    "specificity_score": -0.3659264222834414
  },
  "avg_ranks": {
    "0": {
      "3": 2.6,
      "2": 2.2,
      "4": 3.2,
      "0": 2.8,
      "1": 4.2
    },
    "1": {
      "0": 2.4,
      "2": 1.2,
      "4": 4.2,
      "1": 3.8,
      "3": 3.4
    },
    "2": {
      "2": 1.0,
      "3": 2.0,
      "4": 3.0,
      "0": 4.4,
      "1": 4.6
    },
    "3": {
      "3": 2.6,
      "0": 1.6,
      "4": 1.8,
      "2": 4.0,
      "1": 5.0
    },
    "4": {
      "2": 1.4,
      "4": 2.6,
      "0": 2.0,
      "1": 4.4,
      "3": 4.6
    },
    "5": {
      "4": 1.4,
      "0": 1.6,
      "2": 3.4,
      "1": 3.6,
      "3": 5.0
    },
    "6": {
      "4": 2.0,
      "0": 1.6,
      "3": 2.4,
      "1": 4.0,
      "2": 5.0
    },
    "7": {
      "0": 1.2,
      "3": 2.4,
      "1": 2.4,
      "2": 4.2,
      "4": 4.8
    },
    "8": {
      "1": 1.0,
      "0": 2.0,
      "3": 4.0,
      "2": 4.0,
      "4": 4.0
    },
    "9": {
      "4": 1.6,
      "2": 1.8,
      "0": 2.6,
      "1": 4.4,
      "3": 4.6
    },
    "10": {
      "1": 1.4,
      "4": 1.6,
      "0": 3.0,
      "2": 4.0,
      "3": 5.0
    },
    "11": {
      "2": 1.4,
      "4": 3.4,
      "1": 3.6,
      "3": 2.8,
      "0": 3.8
    },
    "12": {
      "2": 1.0,
      "4": 2.6,
      "1": 3.2,
      "3": 3.6,
      "0": 4.6
    },
    "13": {
      "4": 1.0,
      "1": 2.2,
      "3": 3.8,
      "2": 3.0,
      "0": 5.0
    },
    "14": {
      "0": 1.2,
      "3": 2.0,
      "4": 3.8,
      "1": 3.0,
      "2": 5.0
    },
    "15": {
      "2": 1.4,
      "4": 3.0,
      "0": 3.0,
      "1": 4.4,
      "3": 3.2
    },
    "16": {
      "0": 1.2,
      "4": 1.8,
      "1": 3.0,
      "3": 4.6,
      "2": 4.4
    },
    "17": {
      "2": 2.8,
      "4": 1.4,
      "0": 2.6,
      "1": 3.2,
      "3": 5.0
    },
    "18": {
      "0": 1.2,
      "2": 2.2,
      "3": 2.8,
      "4": 3.8,
      "1": 5.0
    },
    "19": {
      "4": 1.8,
      "1": 1.8,
      "0": 2.4,
      "2": 4.0,
      "3": 5.0
    },
    "20": {
      "3": 3.8,
      "0": 2.2,
      "2": 2.6,
      "1": 1.8,
      "4": 4.6
    },
    "21": {
      "3": 1.4,
      "4": 2.0,
      "0": 3.2,
      "1": 3.4,
      "2": 5.0
    },
    "22": {
      "1": 1.0,
      "0": 2.4,
      "2": 3.2,
      "3": 3.8,
      "4": 4.6
    },
    "23": {
      "0": 1.0,
      "4": 2.0,
      "3": 3.0,
      "2": 4.0,
      "1": 5.0
    },
    "24": {
      "0": 1.0,
      "1": 2.8,
      "2": 2.8,
      "4": 3.4,
      "3": 5.0
    },
    "25": {
      "0": 2.0,
      "2": 2.6,
      "3": 3.8,
      "1": 3.4,
      "4": 3.2
    },
    "26": {
      "1": 1.2,
      "3": 2.0,
      "4": 3.6,
      "0": 3.2,
      "2": 5.0
    },
    "27": {
      "0": 1.0,
      "2": 3.2,
      "1": 3.8,
      "4": 3.2,
      "3": 3.8
    },
    "28": {
      "3": 1.0,
      "1": 2.2,
      "0": 2.8,
      "4": 4.2,
      "2": 4.8
    },
    "29": {
      "0": 2.4,
      "2": 1.6,
      "4": 2.6,
      "1": 4.0,
      "3": 4.4
    },
    "30": {
      "1": 1.0,
      "0": 2.0,
      "2": 3.0,
      "4": 4.0,
      "3": 5.0
    },
    "31": {
      "3": 1.2,
      "4": 1.8,
      "2": 3.0,
      "1": 4.0,
      "0": 5.0
    },
    "32": {
      "1": 1.4,
      "2": 1.8,
      "4": 3.6,
      "3": 3.4,
      "0": 4.8
    },
    "33": {
      "1": 1.0,
      "3": 2.2,
      "0": 3.2,
      "2": 4.4,
      "4": 4.2
    },
    "34": {
      "1": 1.0,
      "4": 2.0,
      "3": 3.6,
      "0": 3.4,
      "2": 5.0
    },
    "35": {
      "2": 1.4,
      "1": 1.6,
      "3": 3.0,
      "4": 4.0,
      "0": 5.0
    },
    "36": {
      "1": 1.0,
      "3": 2.6,
      "2": 2.8,
      "4": 3.6,
      "0": 5.0
    },
    "37": {
      "1": 3.8,
      "0": 1.4,
      "3": 2.6,
      "4": 3.8,
      "2": 3.4
    },
    "38": {
      "3": 1.0,
      "0": 2.0,
      "1": 3.25,
      "2": 3.75,
      "4": 5.0
    },
    "39": {
      "3": 1.0,
      "0": 2.0,
      "4": 3.0,
      "2": 4.0,
      "1": 5.0
    },
    "40": {
      "3": 1.0,
      "0": 2.4,
      "2": 3.0,
      "4": 3.8,
      "1": 4.8
    },
    "41": {
      "4": 1.0,
      "1": 2.4,
      "0": 2.6,
      "3": 4.0,
      "2": 5.0
    },
    "42": {
      "3": 1.4,
      "2": 2.2,
      "1": 2.4,
      "0": 4.0,
      "4": 5.0
    },
    "43": {
      "3": 1.0,
      "0": 2.2,
      "2": 2.8,
      "4": 4.0,
      "1": 5.0
    },
    "44": {
      "1": 1.6,
      "0": 2.6,
      "3": 3.4,
      "4": 4.0,
      "2": 3.4
    },
    "45": {
      "3": 1.0,
      "2": 3.2,
      "4": 2.8,
      "0": 3.0,
      "1": 5.0
    },
    "46": {
      "1": 1.5,
      "0": 1.5,
      "3": 4.25,
      "4": 3.75,
      "2": 4.0
    },
    "47": {
      "0": 1.8,
      "1": 1.2,
      "3": 3.2,
      "4": 3.8,
      "2": 5.0
    },
    "48": {
      "2": 1.0,
      "4": 2.0,
      "0": 3.25,
      "1": 3.75,
      "3": 5.0
    },
    "49": {
      "2": 1.0,
      "1": 3.5,
      "0": 2.5,
      "4": 3.0,
      "3": 5.0
    },
    "50": {
      "2": 1.5,
      "0": 2.0,
      "4": 2.5,
      "3": 4.0,
      "1": 5.0
    },
    "51": {
      "1": 1.8,
      "0": 2.0,
      "2": 2.2,
      "4": 4.0,
      "3": 5.0
    },
    "52": {
      "0": 1.6,
      "1": 1.4,
      "2": 3.0,
      "4": 4.4,
      "3": 4.6
    },
    "53": {
      "2": 2.0,
      "0": 1.2,
      "3": 2.8,
      "1": 4.0,
      "4": 5.0
    },
    "54": {
      "0": 1.0,
      "4": 2.2,
      "1": 2.8,
      "2": 4.4,
      "3": 4.6
    },
    "55": {
      "4": 1.0,
      "2": 2.0,
      "1": 3.2,
      "0": 3.8,
      "3": 5.0
    },
    "56": {
      "2": 1.6,
      "3": 1.4,
      "0": 3.6,
      "1": 3.4,
      "4": 5.0
    },
    "57": {
      "2": 1.4,
      "3": 1.6,
      "0": 3.0,
      "1": 4.6,
      "4": 4.4
    },
    "58": {
      "3": 1.2,
      "2": 1.8,
      "1": 3.0,
      "4": 4.6,
      "0": 4.4
    },
    "59": {
      "0": 1.6,
      "3": 1.4,
      "4": 3.4,
      "1": 3.6,
      "2": 5.0
    },
    "60": {
      "4": 2.0,
      "2": 1.6,
      "0": 2.4,
      "1": 4.8,
      "3": 4.2
    },
    "61": {
      "0": 1.0,
      "4": 2.8,
      "1": 2.8,
      "2": 4.2,
      "3": 4.2
    },
    "62": {
      "1": 1.2,
      "0": 3.0,
      "4": 2.6,
      "3": 3.8,
      "2": 4.4
    },
    "63": {
      "0": 1.0,
      "4": 2.2,
      "1": 3.0,
      "2": 3.8,
      "3": 5.0
    },
    "64": {
      "2": 1.2,
      "0": 1.8,
      "3": 3.2,
      "1": 3.8,
      "4": 5.0
    },
    "65": {
      "3": 1.2,
      "2": 1.8,
      "1": 4.4,
      "4": 3.2,
      "0": 4.4
    },
    "66": {
      "3": 1.2,
      "4": 1.8,
      "0": 3.4,
      "1": 3.6,
      "2": 5.0
    },
    "67": {
      "0": 1.0,
      "1": 2.2,
      "3": 2.8,
      "4": 4.0,
      "2": 5.0
    },