{
  "content_diversity": 0.5391746759414673,
  "classifier_auc": 0.7443136248436046,
  "ranking_stability": 0.6474923234390992,
  "feature_coefficients": {
    "word_count": -0.4669107216113382,
    "sentence_count": 0.12176750652482805,
    "avg_sentence_length": 0.08660599772073656,
    "paragraph_count": 0.08327332752515663,
    "heading_density": -0.5329383612962709,
    "list_frequency": -0.014542069465832424,
    "readability": -0.0801340525994105,
    "bold_emphasis_density": -0.11524173655759733,
    "citation_density": -0.31106551742431077,
    "statistic_density": -0.3037256229659091,
    "quote_density": -0.001671105577432262,
    "named_source_mentions": -0.10668941202116373,
    "year_mentions": -0.20549470202498868,
    "claim_density": -0.06843536767553644,
    "external_reference_density": -0.09676991677810355,
    "question_density": 0.061038152449489076,
    "query_similarity": 0.3911546702900344,
    "corpus_centroid_similarity": -0.24422779241486908,
    "type_token_ratio": -0.6564994378243292,
    "vocabulary_sophistication": -0.09254586999524936,
    "sentiment_polarity": 0.03872352260712169,
    "avg_word_length": -0.37025497936450563,
    "semantic_uniqueness": 0.21674593524842026,
    "information_density": -0.26668398520486364,
    "specificity_score": -0.09790483020787755
  },
  "avg_ranks": {
    "0": {
      "3": 1.4,
      "1": 3.0,
      "0": 3.0,
      "4": 3.8,
      "2": 3.8
    },
    "1": {
      "2": 1.2,
      "0": 3.6,
      "3": 2.6,
      "4": 3.6,
      "1": 4.0
    },
    "2": {
      "2": 1.0,
      "3": 2.0,
      "4": 3.0,
      "1": 4.6,
      "0": 4.4
    },
    "3": {
      "0": 1.4,
      "4": 1.6,
      "3": 3.0,
      "2": 4.0,
      "1": 5.0
    },
    "4": {
      "2": 1.4,
      "4": 2.0,
      "0": 2.6,
      "3": 4.8,
      "1": 4.2
    },
    "5": {
      "4": 1.6,
      "0": 1.4,
      "1": 3.6,
      "2": 3.4,
      "3": 5.0
    },
    "6": {
      "4": 2.4,
      "0": 1.6,
      "3": 2.0,
      "1": 4.0,
      "2": 5.0
    },
    "7": {
      "0": 1.2,
      "3": 2.2,
      "1": 2.6,
      "2": 4.0,
      "4": 5.0
    },
    "8": {
      "1": 1.0,
      "0": 2.6,
      "2": 4.6,
      "4": 3.6,
      "3": 3.2
    },
    "9": {
      "2": 1.6,
      "4": 2.2,
      "0": 2.2,
      "1": 4.0,
      "3": 5.0
    },
    "10": {
      "1": 1.0,
      "2": 3.4,
      "3": 4.0,
      "4": 2.4,
      "0": 4.2
    },
    "11": {
      "4": 1.4,
      "2": 1.6,
      "1": 3.0,
      "3": 4.6,
      "0": 4.4
    },
    "12": {
      "2": 1.0,
      "1": 2.4,
      "4": 2.6,
      "3": 4.0,
      "0": 5.0
    },
    "13": {
      "4": 1.0,
      "1": 2.0,
      "2": 3.0,
      "3": 4.0,
      "0": 5.0
    },
    "14": {
      "0": 1.0,
      "3": 2.2,
      "1": 2.8,
      "4": 4.0,
      "2": 5.0
    },
    "15": {
      "2": 1.4,
      "3": 1.6,
      "4": 3.4,
      "0": 3.6,
      "1": 5.0
    },
    "16": {
      "4": 1.4,
      "0": 1.6,
      "1": 3.0,
      "3": 4.0,
      "2": 5.0
    },
    "17": {
      "4": 1.6,
      "2": 2.8,
      "1": 3.4,
      "0": 2.2,
      "3": 5.0
    },
    "18": {
      "2": 2.4,
      "0": 1.6,
      "3": 2.0,
      "4": 4.0,
      "1": 5.0
    },
    "19": {
      "4": 2.2,
      "1": 1.8,
      "0": 2.0,
      "2": 4.0,
      "3": 5.0
    },
    "20": {
      "3": 3.6,
      "0": 2.2,
      "2": 2.2,
      "4": 4.0,
      "1": 3.0
    },
    "21": {
      "4": 1.6,
      "0": 2.8,
      "3": 1.6,
      "1": 4.0,
      "2": 5.0
    },
    "22": {
      "1": 1.2,
      "0": 2.0,
      "3": 4.2,
      "2": 3.8,
      "4": 3.8
    },
    "23": {
      "0": 1.8,
      "4": 2.0,
      "3": 2.2,
      "2": 4.2,
      "1": 4.8
    },
    "24": {
      "0": 1.0,
      "1": 3.4,
      "2": 3.0,
      "4": 3.8,
      "3": 3.8
    },
    "25": {
      "2": 1.8,
      "0": 2.2,
      "1": 4.0,
      "3": 4.0,
      "4": 3.0
    },
    "26": {
      "1": 1.0,
      "4": 2.8,
      "0": 3.0,
      "3": 3.2,
      "2": 5.0
    },
    "27": {
      "0": 1.0,
      "1": 3.2,
      "4": 2.4,
      "3": 4.4,
      "2": 4.0
    },
    "28": {
      "3": 1.4,
      "1": 1.6,
      "0": 3.0,
      "2": 4.6,
      "4": 4.4
    },
    "29": {
      "4": 2.4,
      "2": 2.4,
      "0": 2.0,
      "1": 3.2,
      "3": 5.0
    },
    "30": {
      "1": 1.0,
      "0": 2.6,
      "2": 2.4,
      "4": 4.0,
      "3": 5.0
    },
    "31": {
      "3": 1.4,
      "4": 1.6,
      "2": 3.2,
      "1": 4.0,
      "0": 4.8
    },
    "32": {
      "1": 1.8,
      "2": 1.4,
      "3": 2.8,
      "0": 4.4,
      "4": 4.6
    },
    "33": {
      "1": 1.0,
      "0": 2.4,
      "3": 3.2,
      "4": 4.2,
      "2": 4.2
    },
    "34": {
      "1": 1.0,
      "0": 2.75,
      "4": 2.25,
      "3": 4.0,
      "2": 5.0
    },
    "35": {
      "2": 1.6,
      "1": 1.4,
      "3": 3.6,
      "4": 3.4,
      "0": 5.0
    },
    "36": {
      "2": 2.8,
      "4": 2.8,
      "1": 1.6,
      "3": 2.8,
      "0": 5.0
    },
    "37": {
      "0": 1.0,
      "3": 2.4,
      "2": 2.6,
      "1": 4.4,
      "4": 4.6
    },
    "38": {
      "3": 1.0,
      "0": 2.0,
      "4": 3.8,
      "1": 3.8,
      "2": 4.4
    },
    "39": {
      "3": 1.2,
      "0": 2.0,
      "4": 2.8,
      "1": 4.6,
      "2": 4.4
    },
    "40": {
      "0": 2.2,
      "3": 1.2,
      "2": 2.8,
      "4": 4.0,
      "1": 4.8
    },
    "41": {
      "4": 1.4,
      "1": 1.6,
      "0": 3.0,
      "3": 4.0,
      "2": 5.0
    },
    "42": {
      "3": 1.4,
      "1": 2.2,
      "2": 2.4,
      "4": 4.6,
      "0": 4.4
    },
    "43": {
      "3": 1.0,
      "2": 3.0,
      "0": 2.2,
      "4": 4.4,
      "1": 4.4
    },
    "44": {
      "3": 3.2,
      "4": 3.8,
      "2": 2.6,
      "1": 2.2,
      "0": 3.2
    },
    "45": {
      "3": 1.0,
      "0": 3.0,
      "2": 3.2,
      "4": 2.8,
      "1": 5.0
    },
    "46": {
      "0": 1.6,
      "1": 1.6,
      "4": 2.8,
      "2": 4.2,
      "3": 4.8
    },
    "47": {
      "1": 2.4,
      "0": 2.0,
      "3": 3.0,
      "4": 2.8,
      "2": 4.8
    },
    "48": {
      "2": 1.0,
      "4": 2.0,
      "0": 3.3333333333333335,
      "1": 3.6666666666666665,
      "3": 5.0
    },
    "49": {
      "2": 1.0,
      "1": 3.2,
      "4": 3.0,
      "0": 2.8,
      "3": 5.0
    },
    "50": {
      "4": 2.0,
      "0": 2.0,
      "2": 2.0,
      "3": 4.0,
      "1": 5.0
    },
    "51": {
      "2": 2.6,
      "0": 1.6,
      "1": 1.8,
      "4": 4.0,
      "3": 5.0
    },
    "52": {
      "1": 1.0,
      "0": 2.0,
      "2": 3.0,
      "3": 4.4,
      "4": 4.6
    },
    "53": {
      "0": 1.8,
      "3": 1.8,
      "2": 2.8,
      "1": 3.6,
      "4": 5.0
    },
    "54": {
      "0": 1.0,
      "1": 2.4,
      "4": 2.6,
      "3": 4.2,
      "2": 4.8
    },
    "55": {
      "4": 1.0,
      "2": 2.2,
      "1": 2.8,
      "0": 4.0,
      "3": 5.0
    },
    "56": {
      "1": 2.6,
      "0": 3.6,
      "2": 1.6,
      "3": 2.2,
      "4": 5.0
    },
    "57": {
      "2": 1.6,
      "3": 1.4,
      "0": 3.0,
      "4": 4.0,
      "1": 5.0
    },
    "58": {
      "3": 1.4,
      "2": 2.0,
      "1": 2.6,
      "4": 4.6,
      "0": 4.4
    },
    "59": {
      "3": 1.4,
      "0": 1.6,
      "1": 3.0,
      "4": 4.0,
      "2": 5.0
    },
    "60": {
      "2": 1.4,
      "4": 2.2,
      "0": 2.4,
      "3": 4.0,
      "1": 5.0
    },
    "61": {
      "1": 1.8,
      "0": 1.8,
      "4": 2.8,
      "2": 3.6,
      "3": 5.0
    },
    "62": {
      "1": 1.0,
      "4": 2.6,
      "0": 3.0,
      "3": 4.0,
      "2": 4.4
    },
    "63": {
      "0": 1.0,
      "1": 2.8,
      "4": 2.6,
      "2": 3.6,
      "3": 5.0
    },
    "64": {
      "2": 1.2,
      "0": 1.8,
      "3": 3.2,
      "1": 3.8,
      "4": 5.0
    },
    "65": {
      "3": 1.2,
      "2": 2.0,
      "4": 2.8,
      "1": 4.8,
      "0": 4.2
    },
    "66": {
      "4": 1.4,
      "3": 1.6,
      "0": 3.0,
      "1": 4.0,
      "2": 5.0
    },
    "67": {
      "0": 1.0,
      "1": 2.6,
      "3": 2.4,