{
  "content_diversity": 0.5413089394569397,
  "classifier_auc": 0.7464607464607464,
  "ranking_stability": 0.6465920651068158,
  "feature_coefficients": {
    "word_count": -0.3699397871335026,
    "sentence_count": -0.15872776985481224,
    "avg_sentence_length": -0.1989832514977825,
    "paragraph_count": -0.038792277970860524,
    "heading_density": -0.49020612568776045,
    "list_frequency": -0.09380943400631298,
    "readability": 0.38250010115782296,
    "bold_emphasis_density": 0.08016616053337611,
    "citation_density": 0.1426864345655516,
    "statistic_density": -0.552313669623097,
    "quote_density": 0.012591065253637568,
    "named_source_mentions": -0.17790048483194615,
    "year_mentions": -0.26100597957761934,
    "claim_density": -0.021555177458316196,
    "external_reference_density": -0.7611985796011632,
    "question_density": 0.2050174572424276,
    "query_similarity": 0.49735005376386543,
    "corpus_centroid_similarity": -0.39984764889513097,
    "type_token_ratio": -0.6920670747010024,
    "vocabulary_sophistication": 0.029858784599864043,
    "sentiment_polarity": -0.0150052661346556,
    "avg_word_length": -0.4904542961677608,
    "semantic_uniqueness": 0.4568401658744539,
    "information_density": -0.23227130317239394,
    "specificity_score": 0.20205055531339144
  },
  "avg_ranks": {
    "0": {
      "3": 2.0,
      "2": 2.0,
      "0": 2.4,
      "1": 3.6,
      "4": 5.0
    },
    "1": {
      "2": 1.0,
      "3": 3.6,
      "1": 3.8,
      "4": 4.0,
      "0": 2.6
    },
    "2": {
      "2": 1.0,
      "3": 2.0,
      "4": 3.0,
      "0": 4.2,
      "1": 4.8
    },
    "3": {
      "4": 1.6,
      "0": 2.6,
      "3": 2.8,
      "2": 3.0,
      "1": 5.0
    },
    "4": {
      "2": 1.6,
      "0": 1.8,
      "4": 2.6,
      "3": 4.4,
      "1": 4.6
    },
    "5": {
      "4": 1.0,
      "0": 2.0,
      "2": 3.0,
      "1": 4.0,
      "3": 5.0
    },
    "6": {
      "3": 2.0,
      "0": 1.6,
      "4": 2.6,
      "1": 3.8,
      "2": 5.0
    },
    "7": {
      "3": 1.6,
      "0": 1.8,
      "1": 2.6,
      "2": 4.0,
      "4": 5.0
    },
    "8": {
      "1": 1.0,
      "0": 2.6,
      "2": 4.0,
      "4": 4.2,
      "3": 3.2
    },
    "9": {
      "4": 1.8,
      "0": 2.0,
      "2": 2.2,
      "1": 4.0,
      "3": 5.0
    },
    "10": {
      "1": 1.0,
      "4": 2.0,
      "0": 3.4,
      "3": 4.4,
      "2": 4.2
    },
    "11": {
      "2": 1.2,
      "4": 2.2,
      "1": 2.6,
      "0": 4.6,
      "3": 4.4
    },
    "12": {
      "2": 1.4,
      "4": 2.6,
      "1": 2.0,
      "3": 4.0,
      "0": 5.0
    },
    "13": {
      "4": 1.0,
      "1": 2.0,
      "2": 3.2,
      "3": 3.8,
      "0": 5.0
    },
    "14": {
      "0": 1.0,
      "3": 2.2,
      "1": 2.8,
      "4": 4.0,
      "2": 5.0
    },
    "15": {
      "2": 1.0,
      "3": 3.8,
      "0": 2.4,
      "4": 3.0,
      "1": 4.8
    },
    "16": {
      "0": 1.0,
      "4": 2.0,
      "1": 3.0,
      "2": 4.0,
      "3": 5.0
    },
    "17": {
      "2": 3.2,
      "4": 1.4,
      "1": 3.2,
      "0": 2.2,
      "3": 5.0
    },
    "18": {
      "0": 1.2,
      "3": 2.6,
      "2": 2.2,
      "4": 4.0,
      "1": 5.0
    },
    "19": {
      "4": 2.2,
      "0": 1.6,
      "1": 2.2,
      "2": 4.0,
      "3": 5.0
    },
    "20": {
      "4": 3.0,
      "2": 2.2,
      "0": 2.8,
      "1": 2.2,
      "3": 4.8
    },
    "21": {
      "4": 1.6,
      "0": 2.8,
      "3": 1.6,
      "1": 4.0,
      "2": 5.0
    },
    "22": {
      "1": 1.0,
      "0": 2.2,
      "2": 3.4,
      "3": 4.2,
      "4": 4.2
    },
    "23": {
      "3": 2.2,
      "0": 1.4,
      "4": 2.8,
      "2": 3.6,
      "1": 5.0
    },
    "24": {
      "0": 1.0,
      "2": 2.2,
      "1": 3.0,
      "4": 4.0,
      "3": 4.8
    },
    "25": {
      "2": 1.2,
      "0": 2.4,
      "4": 4.0,
      "1": 3.0,
      "3": 4.4
    },
    "26": {
      "1": 2.0,
      "3": 1.6,
      "0": 2.8,
      "2": 4.8,
      "4": 3.8
    },
    "27": {
      "0": 1.0,
      "4": 2.8,
      "2": 2.6,
      "1": 3.8,
      "3": 4.8
    },
    "28": {
      "1": 2.0,
      "3": 1.8,
      "0": 2.2,
      "4": 4.2,
      "2": 4.8
    },
    "29": {
      "0": 2.2,
      "1": 3.4,
      "2": 1.8,
      "4": 2.6,
      "3": 5.0
    },
    "30": {
      "1": 1.0,
      "0": 2.6,
      "2": 2.4,
      "4": 4.0,
      "3": 5.0
    },
    "31": {
      "4": 1.8,
      "3": 2.0,
      "2": 3.2,
      "1": 3.8,
      "0": 4.2
    },
    "32": {
      "1": 1.0,
      "2": 2.4,
      "3": 2.6,
      "0": 4.2,
      "4": 4.8
    },
    "33": {
      "1": 1.0,
      "2": 3.6,
      "3": 3.0,
      "4": 3.8,
      "0": 3.6
    },
    "34": {
      "1": 1.0,
      "4": 2.0,
      "0": 3.0,
      "3": 4.0,
      "2": 5.0
    },
    "35": {
      "2": 1.4,
      "1": 1.6,
      "3": 3.0,
      "4": 4.0,
      "0": 5.0
    },
    "36": {
      "4": 3.2,
      "2": 3.0,
      "1": 1.8,
      "3": 2.0,
      "0": 5.0
    },
    "37": {
      "0": 1.0,
      "3": 2.2,
      "1": 3.8,
      "4": 4.4,
      "2": 3.6
    },
    "38": {
      "3": 1.0,
      "0": 2.0,
      "1": 3.6,
      "2": 4.2,
      "4": 4.2
    },
    "39": {
      "3": 1.2,
      "0": 1.8,
      "4": 3.0,
      "1": 4.6,
      "2": 4.4
    },
    "40": {
      "3": 1.2,
      "1": 4.4,
      "4": 3.6,
      "2": 3.0,
      "0": 2.8
    },
    "41": {
      "4": 1.0,
      "1": 2.2,
      "0": 2.8,
      "3": 4.0,
      "2": 5.0
    },
    "42": {
      "3": 2.4,
      "1": 2.4,
      "2": 1.8,
      "4": 4.8,
      "0": 3.6
    },
    "43": {
      "3": 1.0,
      "2": 3.0,
      "4": 3.4,
      "0": 2.8,
      "1": 4.8
    },
    "44": {
      "1": 2.2,
      "0": 3.2,
      "2": 2.6,
      "3": 3.6,
      "4": 3.4
    },
    "45": {
      "3": 2.2,
      "0": 2.6,
      "4": 2.0,
      "2": 3.2,
      "1": 5.0
    },
    "46": {
      "1": 2.0,
      "4": 2.4,
      "0": 1.8,
      "2": 4.2,
      "3": 4.6
    },
    "47": {
      "1": 2.75,
      "0": 2.25,
      "4": 2.5,
      "3": 2.75,
      "2": 4.75
    },
    "48": {
      "4": 1.6,
      "2": 1.6,
      "0": 3.2,
      "1": 3.6,
      "3": 5.0
    },
    "49": {
      "2": 1.0,
      "0": 2.4,
      "1": 3.6,
      "4": 3.0,
      "3": 5.0
    },
    "50": {
      "2": 2.2,
      "0": 2.0,
      "4": 2.4,
      "3": 3.6,
      "1": 4.8
    },
    "51": {
      "1": 1.8,
      "0": 1.2,
      "2": 3.0,
      "4": 4.0,
      "3": 5.0
    },
    "52": {
      "1": 1.4,
      "0": 1.6,
      "2": 3.2,
      "4": 4.0,
      "3": 4.8
    },
    "53": {
      "3": 2.0,
      "0": 1.6,
      "2": 2.4,
      "1": 4.0,
      "4": 5.0
    },
    "54": {
      "0": 1.0,
      "4": 2.2,
      "1": 2.8,
      "3": 4.0,
      "2": 5.0
    },
    "55": {
      "4": 1.0,
      "2": 2.0,
      "1": 3.2,
      "0": 3.8,
      "3": 5.0
    },
    "56": {
      "1": 3.0,
      "0": 2.8,
      "2": 1.4,
      "3": 2.8,
      "4": 5.0
    },
    "57": {
      "3": 1.6,
      "2": 1.4,
      "0": 3.0,
      "4": 4.4,
      "1": 4.6
    },
    "58": {
      "2": 1.8,
      "3": 1.6,
      "1": 2.6,
      "0": 4.0,
      "4": 5.0
    },
    "59": {
      "0": 1.4,
      "3": 1.6,
      "1": 3.6,
      "4": 3.8,
      "2": 4.6
    },
    "60": {
      "2": 1.0,
      "0": 2.6,
      "4": 2.4,
      "3": 4.0,
      "1": 5.0
    },
    "61": {
      "4": 2.0,
      "0": 1.4,
      "1": 2.6,
      "2": 4.4,
      "3": 4.6
    },
    "62": {
      "1": 1.0,
      "4": 3.25,
      "0": 3.75,
      "2": 3.0,
      "3": 4.0
    },
    "63": {
      "0": 1.0,
      "4": 2.2,
      "1": 2.8,
      "2": 4.0,
      "3": 5.0
    },
    "64": {
      "2": 1.2,
      "0": 1.8,
      "3": 3.2,
      "4": 4.8,
      "1": 4.0
    },
    "65": {
      "3": 1.0,
      "2": 2.0,
      "4": 3.0,
      "1": 4.0,
      "0": 5.0
    },
    "66": {
      "3": 1.6,
      "4": 1.8,
      "0": 2.6,
      "1": 4.0,
      "2": 5.0
    },
    "67": {
      "0": 1.2,
      "3": 2.6,
      "1": 2.2,
      "4": 4.0,
      "2": 5.0
    },