{
  "content_diversity": 0.5393316745758057,
  "classifier_auc": 0.770642746821908,
  "ranking_stability": 0.6656184486373166,
  "feature_coefficients": {
    "word_count": -0.854587049375556,
    "sentence_count": 0.6407666613230787,
    "avg_sentence_length": -0.30624439544329934,
    "paragraph_count": 0.051510795167629415,
    "heading_density": 0.14520243276572994,
    "list_frequency": -0.2777367220361477,
    "readability": 0.3397752401743882,
    "bold_emphasis_density": 0.17716436126194415,
    "citation_density": 0.4048289395985583,
    "statistic_density": -0.07017947901020459,
    "quote_density": 0.36990290655408803,
    "named_source_mentions": -0.8826908532820457,
    "year_mentions": -0.3229169968151637,
    "claim_density": -0.05697465632568897,
    "external_reference_density": -0.06805085670332536,
    "question_density": 0.08486830953653611,
    "query_similarity": 0.3700088683571207,
    "corpus_centroid_similarity": -0.23727310052204578,
    "type_token_ratio": -0.8736666488729167,
    "vocabulary_sophistication": 0.19712354231897575,
    "sentiment_polarity": 0.057045020258919714,
    "avg_word_length": -0.5150776810083681,
    "semantic_uniqueness": -0.044795623652612845,
    "information_density": -0.3360758917365555,
    "specificity_score": -0.21915774241618471
  },
  "avg_ranks": {
    "0": {
      "2": 2.6,
      "3": 3.0,
      "1": 2.6,
      "4": 4.6,
      "0": 2.2
    },
    "1": {
      "2": 1.6,
      "1": 2.6,
      "3": 4.2,
      "0": 2.0,
      "4": 4.6
    },
    "2": {
      "2": 1.2,
      "3": 2.2,
      "0": 3.6,
      "4": 3.4,
      "1": 4.6
    },
    "3": {
      "4": 1.8,
      "0": 1.8,
      "2": 3.2,
      "3": 3.2,
      "1": 5.0
    },
    "4": {
      "0": 1.4,
      "4": 2.8,
      "2": 1.8,
      "1": 4.4,
      "3": 4.6
    },
    "5": {
      "0": 1.25,
      "4": 1.75,
      "2": 3.5,
      "1": 3.5,
      "3": 5.0
    },
    "6": {
      "4": 2.0,
      "3": 2.0,
      "0": 2.0,
      "1": 4.0,
      "2": 5.0
    },
    "7": {
      "3": 1.6,
      "0": 1.4,
      "1": 3.0,
      "2": 4.0,
      "4": 5.0
    },
    "8": {
      "1": 1.0,
      "3": 2.25,
      "0": 2.75,
      "2": 4.75,
      "4": 4.25
    },
    "9": {
      "2": 2.0,
      "0": 1.6,
      "4": 2.4,
      "1": 4.4,
      "3": 4.6
    },
    "10": {
      "1": 1.0,
      "4": 2.0,
      "3": 3.8,
      "2": 4.0,
      "0": 4.2
    },
    "11": {
      "3": 3.0,
      "2": 1.4,
      "4": 2.8,
      "1": 2.8,
      "0": 5.0
    },
    "12": {
      "2": 1.0,
      "1": 2.0,
      "4": 3.0,
      "3": 4.0,
      "0": 5.0
    },
    "13": {
      "4": 1.0,
      "1": 2.0,
      "3": 3.6,
      "2": 3.4,
      "0": 5.0
    },
    "14": {
      "0": 1.0,
      "3": 2.2,
      "1": 3.0,
      "4": 3.8,
      "2": 5.0
    },
    "15": {
      "2": 1.0,
      "4": 2.6,
      "0": 3.0,
      "3": 4.2,
      "1": 4.2
    },
    "16": {
      "0": 1.0,
      "4": 2.0,
      "1": 3.0,
      "2": 4.6,
      "3": 4.4
    },
    "17": {
      "0": 2.2,
      "1": 2.6,
      "4": 1.8,
      "2": 3.4,
      "3": 5.0
    },
    "18": {
      "2": 1.4,
      "0": 2.0,
      "3": 2.6,
      "4": 4.0,
      "1": 5.0
    },
    "19": {
      "0": 1.8,
      "1": 1.2,
      "4": 3.0,
      "2": 4.0,
      "3": 5.0
    },
    "20": {
      "2": 2.2,
      "1": 2.6,
      "0": 2.6,
      "3": 3.6,
      "4": 4.0
    },
    "21": {
      "4": 1.6,
      "0": 2.8,
      "3": 1.6,
      "1": 4.0,
      "2": 5.0
    },
    "22": {
      "1": 1.0,
      "0": 2.0,
      "2": 3.0,
      "4": 4.2,
      "3": 4.8
    },
    "23": {
      "3": 2.6,
      "2": 3.6,
      "0": 1.4,
      "4": 2.4,
      "1": 5.0
    },
    "24": {
      "0": 1.0,
      "1": 3.2,
      "2": 2.8,
      "4": 3.0,
      "3": 5.0
    },
    "25": {
      "4": 2.0,
      "0": 2.2,
      "2": 1.8,
      "1": 4.0,
      "3": 5.0
    },
    "26": {
      "0": 3.0,
      "1": 1.6,
      "4": 3.2,
      "3": 2.8,
      "2": 4.4
    },
    "27": {
      "0": 1.0,
      "1": 2.6,
      "4": 3.8,
      "2": 3.0,
      "3": 4.6
    },
    "28": {
      "0": 2.6,
      "3": 1.2,
      "1": 2.2,
      "4": 4.0,
      "2": 5.0
    },
    "29": {
      "2": 1.8,
      "4": 2.0,
      "0": 2.6,
      "1": 3.6,
      "3": 5.0
    },
    "30": {
      "1": 1.0,
      "0": 2.4,
      "2": 2.6,
      "4": 4.0,
      "3": 5.0
    },
    "31": {
      "4": 1.4,
      "3": 1.6,
      "2": 3.0,
      "0": 4.6,
      "1": 4.4
    },
    "32": {
      "1": 1.4,
      "2": 1.8,
      "3": 3.0,
      "0": 3.8,
      "4": 5.0
    },
    "33": {
      "1": 1.0,
      "3": 2.6,
      "0": 2.8,
      "2": 4.0,
      "4": 4.6
    },
    "34": {
      "1": 1.0,
      "0": 2.6666666666666665,
      "4": 2.3333333333333335,
      "2": 4.333333333333333,
      "3": 4.666666666666667
    },
    "35": {
      "1": 1.4,
      "2": 1.6,
      "3": 3.4,
      "4": 3.8,
      "0": 4.8
    },
    "36": {
      "3": 2.2,
      "1": 1.4,
      "2": 2.4,
      "4": 4.0,
      "0": 5.0
    },
    "37": {
      "0": 1.4,
      "1": 2.4,
      "4": 4.4,
      "2": 2.8,
      "3": 4.0
    },
    "38": {
      "3": 1.0,
      "0": 2.0,
      "4": 3.8,
      "2": 4.2,
      "1": 4.0
    },
    "39": {
      "3": 1.0,
      "0": 2.25,
      "4": 2.75,
      "2": 4.0,
      "1": 5.0
    },
    "40": {
      "3": 1.2,
      "0": 2.2,
      "2": 2.8,
      "4": 4.0,
      "1": 4.8
    },
    "41": {
      "4": 1.2,
      "1": 2.0,
      "0": 2.8,
      "3": 4.0,
      "2": 5.0
    },
    "42": {
      "2": 1.8,
      "1": 2.4,
      "3": 1.8,
      "0": 4.0,
      "4": 5.0
    },
    "43": {
      "3": 1.0,
      "0": 2.2,
      "4": 3.6,
      "2": 3.6,
      "1": 4.6
    },
    "44": {
      "1": 2.0,
      "0": 2.2,
      "2": 2.6,
      "4": 4.0,
      "3": 4.2
    },
    "45": {
      "3": 1.4,
      "2": 2.6,
      "4": 2.0,
      "0": 4.0,
      "1": 5.0
    },
    "46": {
      "0": 1.2,
      "4": 2.6,
      "1": 2.4,
      "2": 3.8,
      "3": 5.0
    },
    "47": {
      "1": 1.6,
      "4": 2.0,
      "3": 3.0,
      "0": 3.4,
      "2": 5.0
    },
    "48": {
      "2": 1.0,
      "1": 2.8,
      "0": 3.6,
      "4": 2.6,
      "3": 5.0
    },
    "49": {
      "2": 1.0,
      "1": 3.2,
      "4": 3.2,
      "0": 2.6,
      "3": 5.0
    },
    "50": {
      "2": 1.75,
      "0": 1.5,
      "4": 2.75,
      "3": 4.0,
      "1": 5.0
    },
    "51": {
      "1": 1.8,
      "0": 1.6,
      "2": 2.6,
      "4": 4.0,
      "3": 5.0
    },
    "52": {
      "1": 1.2,
      "0": 1.8,
      "2": 3.0,
      "3": 4.8,
      "4": 4.2
    },
    "53": {
      "0": 1.0,
      "3": 2.2,
      "1": 3.4,
      "2": 3.4,
      "4": 5.0
    },
    "54": {
      "0": 1.0,
      "1": 2.8,
      "4": 2.2,
      "3": 4.0,
      "2": 5.0
    },
    "55": {
      "4": 1.0,
      "1": 2.8,
      "2": 2.2,
      "0": 4.0,
      "3": 5.0
    },
    "56": {
      "3": 2.0,
      "2": 2.6,
      "1": 2.6,
      "0": 2.8,
      "4": 5.0
    },
    "57": {
      "2": 1.4,
      "3": 1.6,
      "0": 3.0,
      "4": 4.0,
      "1": 5.0
    },
    "58": {
      "3": 2.2,
      "2": 2.2,
      "1": 2.0,
      "0": 3.8,
      "4": 4.8
    },
    "59": {
      "3": 1.6,
      "0": 1.4,
      "4": 3.6,
      "1": 3.4,
      "2": 5.0
    },
    "60": {
      "2": 1.0,
      "0": 2.6,
      "4": 2.4,
      "3": 4.0,
      "1": 5.0
    },
    "61": {
      "1": 1.8,
      "0": 2.0,
      "2": 4.4,
      "4": 3.6,
      "3": 3.2
    },
    "62": {
      "1": 1.0,
      "2": 3.8,
      "4": 2.6,
      "3": 3.6,
      "0": 4.0
    },
    "63": {
      "0": 1.0,
      "1": 2.2,
      "4": 3.0,
      "2": 3.8,
      "3": 5.0
    },
    "64": {
      "0": 1.2,
      "2": 1.8,
      "3": 3.4,
      "1": 3.6,
      "4": 5.0
    },
    "65": {
      "3": 1.0,
      "2": 2.0,
      "4": 3.4,
      "1": 3.6,
      "0": 5.0
    },
    "66": {
      "4": 2.0,
      "3": 1.4,
      "0": 2.6,
      "1": 4.0,
      "2": 5.0
    },
    "67": {
      "0": 1.4,
      "3": 1.8,