{
  "content_diversity": 0.538866400718689,
  "classifier_auc": 0.7822802197802199,
  "ranking_stability": 0.6566497461928934,
  "feature_coefficients": {
    "word_count": -0.5504989692809488,
    "sentence_count": 0.21037807444578766,
    "avg_sentence_length": 0.015946088755414357,
    "paragraph_count": -0.13667824012170338,
    "heading_density": -0.6062548429892374,
    "list_frequency": -0.05273658728422637,
    "readability": 0.012916532021123419,
    "bold_emphasis_density": -0.06458814050099167,
    "citation_density": -0.056366660451759684,
    "statistic_density": -0.40764193840647844,
    "quote_density": 0.05547207790544229,
    "named_source_mentions": -0.8477116153188852,
    "year_mentions": -0.07137435379241883,
    "claim_density": 0.12820858101140517,
    "external_reference_density": -0.8053456019199529,
    "question_density": 0.05202280078927538,
    "query_similarity": 0.49037461111049074,
    "corpus_centroid_similarity": -0.18666140190936592,
    "type_token_ratio": -0.8031991672488518,
    "vocabulary_sophistication": 0.05555229761601852,
    "sentiment_polarity": -0.009424890680741817,
    "avg_word_length": -0.41873862302676396,
    "semantic_uniqueness": 0.16074641629770947,
    "information_density": -0.6936854129613359,
    "specificity_score": -0.454352406343791
  },
  "avg_ranks": {
    "0": {
      "0": 3.0,
      "2": 1.8,
      "4": 3.8,
      "1": 3.4,
      "3": 3.0
    },
    "1": {
      "0": 3.4,
      "2": 1.4,
      "1": 3.4,
      "3": 2.8,
      "4": 4.0
    },
    "2": {
      "2": 1.0,
      "3": 2.2,
      "4": 2.8,
      "1": 4.6,
      "0": 4.4
    },
    "3": {
      "4": 1.6,
      "0": 1.4,
      "3": 3.2,
      "2": 3.8,
      "1": 5.0
    },
    "4": {
      "4": 1.8,
      "0": 1.8,
      "2": 2.4,
      "1": 4.2,
      "3": 4.8
    },
    "5": {
      "4": 1.4,
      "0": 1.6,
      "1": 3.8,
      "2": 3.2,
      "3": 5.0
    },
    "6": {
      "0": 1.8,
      "3": 1.6,
      "4": 2.6,
      "1": 4.0,
      "2": 5.0
    },
    "7": {
      "1": 2.2,
      "3": 1.6,
      "0": 2.2,
      "2": 4.2,
      "4": 4.8
    },
    "8": {
      "0": 1.8,
      "1": 1.2,
      "4": 3.6,
      "3": 4.4,
      "2": 4.0
    },
    "9": {
      "2": 2.2,
      "4": 2.0,
      "1": 3.8,
      "0": 2.2,
      "3": 4.8
    },
    "10": {
      "1": 1.2,
      "4": 1.8,
      "3": 4.4,
      "2": 3.8,
      "0": 3.8
    },
    "11": {
      "2": 1.4,
      "4": 2.2,
      "1": 2.4,
      "0": 4.6,
      "3": 4.4
    },
    "12": {
      "2": 1.0,
      "1": 2.2,
      "4": 3.2,
      "3": 3.6,
      "0": 5.0
    },
    "13": {
      "4": 1.0,
      "1": 2.2,
      "2": 2.8,
      "3": 4.0,
      "0": 5.0
    },
    "14": {
      "0": 1.0,
      "3": 2.0,
      "1": 3.2,
      "4": 3.8,
      "2": 5.0
    },
    "15": {
      "2": 1.2,
      "4": 3.2,
      "1": 4.4,
      "0": 2.6,
      "3": 3.6
    },
    "16": {
      "0": 1.4,
      "4": 1.6,
      "1": 3.0,
      "3": 4.4,
      "2": 4.6
    },
    "17": {
      "4": 1.4,
      "2": 2.6,
      "0": 2.4,
      "1": 3.6,
      "3": 5.0
    },
    "18": {
      "3": 1.2,
      "0": 1.8,
      "2": 3.0,
      "4": 4.0,
      "1": 5.0
    },
    "19": {
      "4": 2.4,
      "1": 1.6,
      "0": 2.0,
      "2": 4.0,
      "3": 5.0
    },
    "20": {
      "4": 2.4,
      "0": 2.0,
      "1": 3.4,
      "2": 2.6,
      "3": 4.6
    },
    "21": {
      "3": 2.0,
      "4": 1.4,
      "0": 2.6,
      "1": 4.0,
      "2": 5.0
    },
    "22": {
      "0": 1.8,
      "1": 1.4,
      "3": 3.6,
      "2": 3.6,
      "4": 4.6
    },
    "23": {
      "3": 2.6,
      "0": 1.2,
      "4": 2.4,
      "2": 3.8,
      "1": 5.0
    },
    "24": {
      "0": 1.0,
      "2": 2.8,
      "1": 2.6,
      "4": 3.6,
      "3": 5.0
    },
    "25": {
      "2": 1.4,
      "0": 2.0,
      "4": 4.0,
      "1": 3.4,
      "3": 4.2
    },
    "26": {
      "1": 1.8,
      "4": 2.4,
      "2": 4.4,
      "0": 3.0,
      "3": 3.4
    },
    "27": {
      "0": 1.2,
      "4": 2.8,
      "1": 2.2,
      "2": 3.8,
      "3": 5.0
    },
    "28": {
      "4": 3.6,
      "2": 4.2,
      "3": 1.6,
      "1": 2.4,
      "0": 3.2
    },
    "29": {
      "2": 1.2,
      "4": 3.2,
      "0": 2.0,
      "1": 3.6,
      "3": 5.0
    },
    "30": {
      "1": 1.0,
      "0": 2.4,
      "2": 2.6,
      "4": 4.0,
      "3": 5.0
    },
    "31": {
      "3": 1.6,
      "4": 1.4,
      "2": 3.0,
      "1": 4.0,
      "0": 5.0
    },
    "32": {
      "2": 2.0,
      "1": 1.6,
      "3": 3.0,
      "0": 4.8,
      "4": 3.6
    },
    "33": {
      "1": 1.0,
      "3": 2.8,
      "0": 3.4,
      "4": 4.0,
      "2": 3.8
    },
    "34": {
      "1": 1.0,
      "4": 2.0,
      "0": 3.0,
      "3": 4.0,
      "2": 5.0
    },
    "35": {
      "2": 1.0,
      "1": 2.0,
      "3": 3.4,
      "4": 3.6,
      "0": 5.0
    },
    "36": {
      "1": 1.6,
      "3": 1.4,
      "2": 3.0,
      "4": 4.0,
      "0": 5.0
    },
    "37": {
      "1": 1.6,
      "0": 1.8,
      "3": 2.6,
      "4": 4.2,
      "2": 4.8
    },
    "38": {
      "3": 1.0,
      "0": 2.0,
      "4": 3.8,
      "1": 3.6,
      "2": 4.6
    },
    "39": {
      "0": 2.0,
      "3": 1.2,
      "4": 2.8,
      "2": 4.0,
      "1": 5.0
    },
    "40": {
      "3": 1.0,
      "2": 2.4,
      "4": 3.6,
      "0": 3.0,
      "1": 5.0
    },
    "41": {
      "4": 1.4,
      "1": 2.2,
      "0": 2.4,
      "3": 4.0,
      "2": 5.0
    },
    "42": {
      "2": 1.4,
      "1": 2.4,
      "3": 2.2,
      "0": 4.2,
      "4": 4.8
    },
    "43": {
      "3": 1.2,
      "0": 2.0,
      "2": 3.2,
      "4": 4.2,
      "1": 4.4
    },
    "44": {
      "1": 1.8,
      "0": 2.4,
      "3": 2.6,
      "4": 4.0,
      "2": 4.2
    },
    "45": {
      "3": 1.6,
      "0": 2.4,
      "4": 3.0,
      "2": 3.0,
      "1": 5.0
    },
    "46": {
      "0": 1.6,
      "1": 1.8,
      "4": 2.6,
      "3": 4.6,
      "2": 4.4
    },
    "47": {
      "1": 1.8,
      "4": 2.6,
      "0": 2.0,
      "3": 3.6,
      "2": 5.0
    },
    "48": {
      "2": 1.0,
      "4": 2.0,
      "0": 3.0,
      "1": 4.0,
      "3": 5.0
    },
    "49": {
      "2": 1.0,
      "0": 2.4,
      "1": 3.2,
      "4": 3.4,
      "3": 5.0
    },
    "50": {
      "2": 2.6,
      "0": 1.6,
      "4": 2.8,
      "3": 3.6,
      "1": 4.4
    },
    "51": {
      "1": 1.8,
      "0": 1.2,
      "2": 3.4,
      "4": 3.8,
      "3": 4.8
    },
    "52": {
      "1": 1.4,
      "0": 1.6,
      "2": 3.8,
      "3": 4.2,
      "4": 4.0
    },
    "53": {
      "0": 1.2,
      "2": 2.6,
      "3": 2.4,
      "1": 3.8,
      "4": 5.0
    },
    "54": {
      "0": 1.0,
      "4": 2.0,
      "1": 3.0,
      "3": 4.0,
      "2": 5.0
    },
    "55": {
      "4": 1.0,
      "2": 2.2,
      "0": 3.8,
      "1": 3.0,
      "3": 5.0
    },
    "56": {
      "0": 3.0,
      "1": 2.8,
      "2": 1.6,
      "3": 2.6,
      "4": 5.0
    },
    "57": {
      "3": 1.6,
      "2": 1.4,
      "0": 3.0,
      "4": 4.4,
      "1": 4.6
    },
    "58": {
      "2": 1.4,
      "3": 2.0,
      "1": 2.6,
      "0": 4.2,
      "4": 4.8
    },
    "59": {
      "0": 1.4,
      "3": 1.6,
      "1": 3.4,
      "4": 3.6,
      "2": 5.0
    },
    "60": {
      "2": 1.0,
      "4": 2.4,
      "0": 2.6,
      "3": 4.2,
      "1": 4.8
    },
    "61": {
      "1": 2.0,
      "3": 3.6,
      "0": 1.8,
      "2": 3.8,
      "4": 3.8
    },
    "62": {
      "1": 1.0,
      "4": 2.25,
      "0": 4.25,
      "3": 4.25,
      "2": 3.25
    },
    "63": {
      "0": 1.0,
      "1": 2.4,
      "4": 2.8,
      "2": 3.8,
      "3": 5.0
    },
    "64": {
      "2": 1.4,
      "0": 1.6,
      "3": 3.0,
      "1": 4.0,
      "4": 5.0
    },
    "65": {
      "3": 1.4,
      "2": 1.6,
      "4": 3.6,
      "1": 3.4,
      "0": 5.0
    },
    "66": {
      "1": 3.4,
      "4": 1.4,
      "3": 2.0,
      "0": 3.2,
      "2": 5.0
    },
    "67": {
      "0": 1.0,
      "1": 2.4,
      "3": 2.6,
      "4": 4.0,
      "2": 5.0
    },