{
  "content_diversity": 0.5429058074951172,
  "classifier_auc": 0.7266279069767443,
  "ranking_stability": 0.673360655737705,
  "feature_coefficients": {
    "word_count": -0.07142566602615097,
    "sentence_count": -0.012720076014708422,
    "avg_sentence_length": -0.12606862012693468,
    "paragraph_count": 0.07167536251478376,
    "heading_density": 0.17990930169152566,
    "list_frequency": -0.13213365886772438,
    "readability": 0.3677755798138767,
    "bold_emphasis_density": 0.27849800177054745,
    "citation_density": -0.27034487839010823,
    "statistic_density": -0.2652848695174709,
    "quote_density": 0.11578251120772885,
    "named_source_mentions": -0.40588807617841655,
    "year_mentions": 0.0017624202216735315,
    "claim_density": 0.15700303668317805,
    "external_reference_density": -0.05794837670841185,
    "question_density": 0.1925263158889476,
    "query_similarity": 0.15220653669912934,
    "corpus_centroid_similarity": -0.1996385884404361,
    "type_token_ratio": -0.9165632996956579,
    "vocabulary_sophistication": 0.019742674613735897,
    "sentiment_polarity": 0.07564268129040568,
    "avg_word_length": -0.6463671661610749,
    "semantic_uniqueness": -0.02259544273289495,
    "information_density": -0.17549581656246355,
    "specificity_score": -0.023171738767765033
  },
  "avg_ranks": {
    "0": {
      "2": 2.4,
      "4": 3.6,
      "1": 3.0,
      "0": 3.4,
      "3": 2.6
    },
    "1": {
      "2": 1.2,
      "4": 3.6,
      "3": 3.2,
      "1": 4.4,
      "0": 2.6
    },
    "2": {
      "2": 1.0,
      "3": 2.0,
      "4": 3.4,
      "0": 3.8,
      "1": 4.8
    },
    "3": {
      "0": 1.8,
      "3": 2.6,
      "4": 2.2,
      "2": 3.4,
      "1": 5.0
    },
    "4": {
      "2": 1.6,
      "4": 1.8,
      "0": 2.6,
      "1": 4.6,
      "3": 4.4
    },
    "5": {
      "4": 1.2,
      "0": 1.8,
      "2": 3.2,
      "1": 3.8,
      "3": 5.0
    },
    "6": {
      "3": 1.6,
      "4": 2.6,
      "0": 2.0,
      "1": 3.8,
      "2": 5.0
    },
    "7": {
      "0": 1.6,
      "1": 2.4,
      "3": 2.0,
      "2": 4.0,
      "4": 5.0
    },
    "8": {
      "1": 1.0,
      "3": 2.25,
      "0": 2.75,
      "4": 4.5,
      "2": 4.5
    },
    "9": {
      "0": 1.2,
      "4": 2.2,
      "2": 2.6,
      "3": 4.4,
      "1": 4.6
    },
    "10": {
      "1": 1.0,
      "4": 2.0,
      "0": 4.2,
      "2": 3.8,
      "3": 4.0
    },
    "11": {
      "2": 1.6,
      "4": 1.8,
      "1": 3.0,
      "3": 4.0,
      "0": 4.6
    },
    "12": {
      "2": 1.0,
      "1": 2.4,
      "4": 3.0,
      "3": 3.6,
      "0": 5.0
    },
    "13": {
      "4": 1.0,
      "1": 2.0,
      "3": 3.6,
      "2": 3.4,
      "0": 5.0
    },
    "14": {
      "0": 1.0,
      "3": 2.0,
      "1": 3.0,
      "4": 4.0,
      "2": 5.0
    },
    "15": {
      "2": 1.0,
      "0": 3.0,
      "4": 2.2,
      "3": 4.2,
      "1": 4.6
    },
    "16": {
      "0": 1.0,
      "4": 2.0,
      "1": 3.0,
      "2": 4.0,
      "3": 5.0
    },
    "17": {
      "4": 1.2,
      "1": 3.2,
      "0": 2.0,
      "2": 3.6,
      "3": 5.0
    },
    "18": {
      "0": 1.6,
      "3": 2.8,
      "2": 1.6,
      "4": 4.0,
      "1": 5.0
    },
    "19": {
      "0": 1.8,
      "1": 1.2,
      "4": 3.0,
      "2": 4.0,
      "3": 5.0
    },
    "20": {
      "0": 2.8,
      "1": 2.2,
      "3": 3.6,
      "2": 2.4,
      "4": 4.0
    },
    "21": {
      "3": 1.4,
      "4": 1.8,
      "0": 2.8,
      "1": 4.0,
      "2": 5.0
    },
    "22": {
      "1": 1.0,
      "4": 3.4,
      "0": 2.4,
      "2": 3.8,
      "3": 4.4
    },
    "23": {
      "3": 2.2,
      "0": 1.8,
      "4": 2.0,
      "2": 4.0,
      "1": 5.0
    },
    "24": {
      "0": 1.0,
      "1": 3.4,
      "4": 3.2,
      "2": 2.6,
      "3": 4.8
    },
    "25": {
      "2": 2.0,
      "0": 2.0,
      "1": 3.4,
      "3": 4.6,
      "4": 3.0
    },
    "26": {
      "1": 1.6,
      "0": 3.4,
      "2": 4.4,
      "4": 2.4,
      "3": 3.2
    },
    "27": {
      "0": 1.0,
      "2": 2.6,
      "4": 3.0,
      "1": 3.4,
      "3": 5.0
    },
    "28": {
      "1": 1.4,
      "3": 1.8,
      "0": 2.8,
      "4": 4.0,
      "2": 5.0
    },
    "29": {
      "2": 2.6,
      "4": 1.2,
      "0": 2.4,
      "1": 3.8,
      "3": 5.0
    },
    "30": {
      "1": 1.0,
      "2": 2.0,
      "0": 3.0,
      "4": 4.0,
      "3": 5.0
    },
    "31": {
      "4": 1.0,
      "3": 2.0,
      "2": 3.0,
      "1": 4.0,
      "0": 5.0
    },
    "32": {
      "1": 1.4,
      "3": 2.2,
      "2": 2.6,
      "4": 4.6,
      "0": 4.2
    },
    "33": {
      "1": 1.0,
      "0": 2.8,
      "3": 2.6,
      "4": 4.0,
      "2": 4.6
    },
    "34": {
      "1": 1.0,
      "4": 2.0,
      "0": 3.25,
      "3": 3.75,
      "2": 5.0
    },
    "35": {
      "2": 1.4,
      "1": 1.6,
      "4": 3.4,
      "3": 3.6,
      "0": 5.0
    },
    "36": {
      "2": 1.6,
      "1": 2.0,
      "3": 2.6,
      "4": 3.8,
      "0": 5.0
    },
    "37": {
      "3": 3.0,
      "0": 1.2,
      "1": 3.2,
      "2": 3.0,
      "4": 4.6
    },
    "38": {
      "3": 1.0,
      "0": 2.0,
      "4": 3.0,
      "1": 4.2,
      "2": 4.8
    },
    "39": {
      "3": 1.0,
      "0": 2.0,
      "4": 3.0,
      "2": 4.0,
      "1": 5.0
    },
    "40": {
      "3": 1.0,
      "2": 2.4,
      "0": 2.6,
      "4": 4.0,
      "1": 5.0
    },
    "41": {
      "4": 1.0,
      "1": 2.0,
      "0": 3.2,
      "3": 3.8,
      "2": 5.0
    },
    "42": {
      "2": 1.4,
      "1": 2.4,
      "3": 2.2,
      "4": 4.8,
      "0": 4.2
    },
    "43": {
      "3": 1.0,
      "2": 3.4,
      "0": 2.4,
      "4": 3.4,
      "1": 4.8
    },
    "44": {
      "3": 2.6,
      "2": 3.0,
      "4": 4.0,
      "1": 2.2,
      "0": 3.2
    },
    "45": {
      "3": 1.0,
      "4": 2.2,
      "2": 3.0,
      "0": 3.8,
      "1": 5.0
    },
    "46": {
      "0": 1.6,
      "1": 2.0,
      "4": 2.4,
      "2": 4.2,
      "3": 4.8
    },
    "47": {
      "1": 1.6,
      "0": 2.4,
      "4": 2.6,
      "3": 3.4,
      "2": 5.0
    },
    "48": {
      "2": 1.2,
      "4": 1.8,
      "0": 3.4,
      "1": 3.6,
      "3": 5.0
    },
    "49": {
      "2": 1.0,
      "0": 2.4,
      "4": 3.6,
      "1": 3.0,
      "3": 5.0
    },
    "50": {
      "2": 2.0,
      "0": 1.4,
      "4": 2.6,
      "3": 4.0,
      "1": 5.0
    },
    "51": {
      "0": 1.6,
      "1": 2.2,
      "2": 2.4,
      "4": 3.8,
      "3": 5.0
    },
    "52": {
      "0": 1.8,
      "1": 1.2,
      "2": 3.0,
      "4": 4.4,
      "3": 4.6
    },
    "53": {
      "3": 2.0,
      "0": 1.2,
      "1": 3.2,
      "2": 3.6,
      "4": 5.0
    },
    "54": {
      "0": 1.0,
      "4": 2.2,
      "1": 2.8,
      "3": 4.4,
      "2": 4.6
    },
    "55": {
      "4": 1.0,
      "2": 2.2,
      "1": 2.8,
      "0": 4.0,
      "3": 5.0
    },
    "56": {
      "0": 2.6,
      "1": 2.8,
      "2": 2.0,
      "3": 2.6,
      "4": 5.0
    },
    "57": {
      "2": 1.4,
      "3": 1.6,
      "0": 3.0,
      "4": 4.0,
      "1": 5.0
    },
    "58": {
      "1": 1.6,
      "2": 2.0,
      "3": 2.4,
      "0": 4.2,
      "4": 4.8
    },
    "59": {
      "3": 1.6,
      "0": 1.4,
      "2": 4.2,
      "4": 4.2,
      "1": 3.6
    },
    "60": {
      "2": 1.2,
      "4": 2.4,
      "0": 2.4,
      "3": 4.0,
      "1": 5.0
    },
    "61": {
      "0": 1.4,
      "4": 2.2,
      "2": 4.0,
      "1": 3.2,
      "3": 4.2
    },
    "62": {
      "1": 1.0,
      "4": 2.5,
      "0": 3.5,
      "3": 3.75,
      "2": 4.25
    },
    "63": {
      "0": 1.0,
      "1": 2.2,
      "4": 2.8,
      "2": 4.0,
      "3": 5.0
    },
    "64": {
      "0": 2.0,
      "2": 1.6,
      "3": 2.4,
      "1": 4.2,
      "4": 4.8
    },
    "65": {
      "3": 1.4,
      "2": 1.6,
      "4": 3.2,
      "1": 4.2,
      "0": 4.6
    },
    "66": {
      "0": 2.8,
      "3": 1.6,
      "4": 2.2,
      "1": 3.4,
      "2": 5.0
    },
    "67": {
      "0": 1.2,
      "1": 2.0,
      "3": 2.8,
      "4": 4.0,
      "2": 5.0
    },