{
  "content_diversity": 0.5455384254455566,
  "classifier_auc": 0.7662259615384615,
  "ranking_stability": 0.6290650406504065,
  "feature_coefficients": {
    "word_count": -0.7218720152995786,
    "sentence_count": -0.36563302459216374,
    "avg_sentence_length": -0.2766153778222868,
    "paragraph_count": -0.055699965853082116,
    "heading_density": -0.2876837814447626,
    "list_frequency": 0.01295790989817955,
    "readability": 0.26608050351063517,
    "bold_emphasis_density": -0.14128714424915811,
    "citation_density": 0.09210822363972333,
    "statistic_density": -0.08677025233007354,
    "quote_density": 0.13977702714191192,
    "named_source_mentions": 0.6877851894866011,
    "year_mentions": -0.3907893599199158,
    "claim_density": 0.027165947178247482,
    "external_reference_density": -0.48918505729744605,
    "question_density": -0.07552868540810895,
    "query_similarity": 0.36021600718760804,
    "corpus_centroid_similarity": -0.3550050126739553,
    "type_token_ratio": -0.525108657993323,
    "vocabulary_sophistication": -0.3444369232785171,
    "sentiment_polarity": -0.043466970159170865,
    "avg_word_length": -0.5542958750556398,
    "semantic_uniqueness": -0.12029915592946715,
    "information_density": -0.1987339938180093,
    "specificity_score": -0.41290200277245975
  },
  "avg_ranks": {
    "0": {
      "0": 2.2,
      "1": 3.6,
      "2": 2.4,
      "3": 3.4,
      "4": 3.4
    },
    "1": {
      "2": 1.0,
      "1": 3.4,
      "3": 3.4,
      "4": 4.0,
      "0": 3.2
    },
    "2": {
      "2": 1.0,
      "3": 2.0,
      "0": 4.2,
      "4": 3.2,
      "1": 4.6
    },
    "3": {
      "0": 1.2,
      "3": 2.4,
      "4": 2.4,
      "2": 4.0,
      "1": 5.0
    },
    "4": {
      "2": 1.2,
      "0": 2.2,
      "4": 2.6,
      "1": 4.0,
      "3": 5.0
    },
    "5": {
      "0": 1.6,
      "4": 1.4,
      "2": 3.2,
      "1": 3.8,
      "3": 5.0
    },
    "6": {
      "0": 1.6,
      "1": 3.6,
      "3": 2.6,
      "4": 2.2,
      "2": 5.0
    },
    "7": {
      "0": 1.8,
      "1": 2.0,
      "3": 2.2,
      "2": 4.0,
      "4": 5.0
    },
    "8": {
      "1": 1.0,
      "0": 2.2,
      "3": 3.8,
      "4": 3.8,
      "2": 4.2
    },
    "9": {
      "4": 1.4,
      "2": 1.6,
      "0": 3.0,
      "3": 4.2,
      "1": 4.8
    },
    "10": {
      "3": 3.0,
      "2": 3.6,
      "0": 3.0,
      "1": 2.4,
      "4": 3.0
    },
    "11": {
      "3": 3.4,
      "2": 2.2,
      "0": 4.0,
      "1": 2.2,
      "4": 3.2
    },
    "12": {
      "2": 1.0,
      "1": 2.4,
      "4": 2.6,
      "3": 4.0,
      "0": 5.0
    },
    "13": {
      "4": 1.0,
      "1": 2.2,
      "2": 2.8,
      "3": 4.0,
      "0": 5.0
    },
    "14": {
      "0": 1.0,
      "3": 2.2,
      "1": 2.8,
      "4": 4.0,
      "2": 5.0
    },
    "15": {
      "2": 1.0,
      "0": 2.4,
      "1": 4.6,
      "3": 3.6,
      "4": 3.4
    },
    "16": {
      "0": 1.2,
      "4": 1.8,
      "1": 3.2,
      "2": 4.0,
      "3": 4.8
    },
    "17": {
      "4": 2.0,
      "2": 2.2,
      "0": 2.2,
      "1": 3.6,
      "3": 5.0
    },
    "18": {
      "3": 2.2,
      "0": 1.4,
      "2": 2.4,
      "4": 4.0,
      "1": 5.0
    },
    "19": {
      "1": 1.8,
      "0": 2.8,
      "4": 1.4,
      "2": 4.0,
      "3": 5.0
    },
    "20": {
      "2": 1.8,
      "0": 2.4,
      "1": 1.8,
      "3": 4.0,
      "4": 5.0
    },
    "21": {
      "3": 1.4,
      "0": 3.2,
      "4": 3.0,
      "1": 2.4,
      "2": 5.0
    },
    "22": {
      "1": 1.0,
      "0": 2.2,
      "2": 3.2,
      "4": 4.4,
      "3": 4.2
    },
    "23": {
      "0": 1.2,
      "4": 2.2,
      "3": 2.6,
      "2": 4.0,
      "1": 5.0
    },
    "24": {
      "0": 1.0,
      "2": 3.0,
      "1": 2.8,
      "4": 3.2,
      "3": 5.0
    },
    "25": {
      "2": 1.8,
      "0": 2.4,
      "1": 2.0,
      "3": 4.4,
      "4": 4.4
    },
    "26": {
      "1": 1.6,
      "4": 2.2,
      "0": 3.6,
      "3": 2.8,
      "2": 4.8
    },
    "27": {
      "0": 1.2,
      "2": 3.6,
      "1": 3.2,
      "4": 3.4,
      "3": 3.6
    },
    "28": {
      "3": 1.2,
      "1": 1.8,
      "0": 3.2,
      "4": 4.0,
      "2": 4.8
    },
    "29": {
      "3": 3.6,
      "2": 2.2,
      "0": 2.8,
      "1": 3.8,
      "4": 2.6
    },
    "30": {
      "1": 1.0,
      "0": 2.6,
      "2": 2.4,
      "4": 4.0,
      "3": 5.0
    },
    "31": {
      "3": 1.6,
      "4": 1.4,
      "2": 3.2,
      "1": 3.8,
      "0": 5.0
    },
    "32": {
      "1": 1.6,
      "4": 4.2,
      "2": 1.8,
      "3": 3.2,
      "0": 4.2
    },
    "33": {
      "1": 1.0,
      "0": 2.6,
      "3": 3.0,
      "2": 4.4,
      "4": 4.0
    },
    "34": {
      "1": 1.0,
      "4": 2.0,
      "3": 3.25,
      "0": 4.0,
      "2": 4.75
    },
    "35": {
      "2": 1.2,
      "1": 2.2,
      "3": 2.8,
      "4": 3.8,
      "0": 5.0
    },
    "36": {
      "1": 2.2,
      "3": 2.8,
      "2": 1.6,
      "4": 3.4,
      "0": 5.0
    },
    "37": {
      "0": 1.4,
      "2": 3.6,
      "1": 2.6,
      "3": 2.8,
      "4": 4.6
    },
    "38": {
      "3": 1.0,
      "0": 2.0,
      "1": 3.6,
      "2": 4.2,
      "4": 4.2
    },
    "39": {
      "3": 1.0,
      "0": 2.2,
      "4": 2.8,
      "2": 4.0,
      "1": 5.0
    },
    "40": {
      "3": 1.0,
      "0": 2.2,
      "2": 2.8,
      "4": 4.2,
      "1": 4.8
    },
    "41": {
      "1": 2.2,
      "4": 1.2,
      "0": 2.6,
      "3": 4.0,
      "2": 5.0
    },
    "42": {
      "2": 1.2,
      "1": 2.2,
      "3": 2.6,
      "0": 4.0,
      "4": 5.0
    },
    "43": {
      "3": 1.2,
      "4": 3.6,
      "2": 2.6,
      "0": 2.6,
      "1": 5.0
    },
    "44": {
      "1": 1.6,
      "0": 2.6,
      "2": 3.2,
      "3": 3.4,
      "4": 4.2
    },
    "45": {
      "4": 2.2,
      "2": 2.4,
      "3": 1.4,
      "0": 4.0,
      "1": 5.0
    },
    "46": {
      "2": 3.6,
      "0": 1.8,
      "1": 2.0,
      "4": 2.8,
      "3": 4.8
    },
    "47": {
      "4": 2.2,
      "3": 3.2,
      "0": 2.0,
      "2": 4.8,
      "1": 2.8
    },
    "48": {
      "4": 1.75,
      "2": 1.25,
      "0": 3.0,
      "1": 4.0,
      "3": 5.0
    },
    "49": {
      "2": 1.0,
      "0": 2.2,
      "4": 2.8,
      "1": 4.0,
      "3": 5.0
    },
    "50": {
      "2": 2.2,
      "0": 1.6,
      "4": 2.4,
      "1": 4.8,
      "3": 4.0
    },
    "51": {
      "0": 1.6,
      "1": 1.8,
      "2": 2.6,
      "4": 4.2,
      "3": 4.8
    },
    "52": {
      "1": 1.4,
      "0": 1.6,
      "2": 3.0,
      "4": 4.0,
      "3": 5.0
    },
    "53": {
      "0": 2.2,
      "3": 1.6,
      "2": 2.6,
      "1": 3.6,
      "4": 5.0
    },
    "54": {
      "0": 1.0,
      "4": 2.4,
      "1": 2.6,
      "3": 4.0,
      "2": 5.0
    },
    "55": {
      "4": 1.0,
      "2": 2.0,
      "1": 3.4,
      "0": 3.6,
      "3": 5.0
    },
    "56": {
      "0": 2.8,
      "1": 2.6,
      "2": 2.0,
      "3": 2.6,
      "4": 5.0
    },
    "57": {
      "3": 1.4,
      "2": 1.6,
      "0": 3.0,
      "4": 4.0,
      "1": 5.0
    },
    "58": {
      "2": 1.8,
      "3": 2.2,
      "1": 2.0,
      "0": 4.2,
      "4": 4.8
    },
    "59": {
      "0": 1.2,
      "1": 2.8,
      "4": 3.6,
      "2": 4.8,
      "3": 2.6
    },
    "60": {
      "2": 1.0,
      "4": 2.2,
      "0": 2.8,
      "3": 4.0,
      "1": 5.0
    },
    "61": {
      "1": 2.2,
      "0": 1.8,
      "2": 4.2,
      "4": 2.4,
      "3": 4.4
    },
    "62": {
      "1": 1.0,
      "3": 3.4,
      "2": 3.6,
      "4": 3.2,
      "0": 3.8
    },
    "63": {
      "0": 1.0,
      "4": 2.2,
      "1": 2.8,
      "2": 4.0,
      "3": 5.0
    },
    "64": {
      "2": 1.2,
      "0": 2.0,
      "3": 3.0,
      "1": 3.8,
      "4": 5.0
    },
    "65": {
      "3": 1.0,
      "2": 2.0,
      "4": 3.0,
      "1": 4.2,
      "0": 4.8
    },
    "66": {
      "3": 1.6,
      "4": 2.6,
      "1": 3.0,
      "0": 2.8,
      "2": 5.0
    },
    "67": {
      "0": 1.2,
      "1": 1.8,
      "3": 3.0,
      "4": 4.0,
      "2": 5.0
    },