{
  "content_diversity": 0.5492815971374512,
  "classifier_auc": 0.7417676220493121,
  "ranking_stability": 0.659375,
  "feature_coefficients": {
    "word_count": -0.36503299237753484,
    "sentence_count": -0.23422451246203624,
    "avg_sentence_length": -0.3692627924307571,
    "paragraph_count": -0.07358769466636103,
    "heading_density": -0.1563923096417512,
    "list_frequency": -0.0034708088638129675,
    "readability": 0.4894385798881613,
    "bold_emphasis_density": -0.23014313498072483,
    "citation_density": 0.026539507230264655,
    "statistic_density": -0.229800586204254,
    "quote_density": 0.09337523089846947,
    "named_source_mentions": 0.27787700068662113,
    "year_mentions": -0.48273946583867156,
    "claim_density": 0.12456098585884644,
    "external_reference_density": -0.6427831959705881,
    "question_density": 0.053550752968481066,
    "query_similarity": 0.39039924140499266,
    "corpus_centroid_similarity": -0.1311494689870102,
    "type_token_ratio": -0.5309822700860601,
    "vocabulary_sophistication": 0.18103376756913764,
    "sentiment_polarity": -0.1132368448291965,
    "avg_word_length": -0.5258435541196093,
    "semantic_uniqueness": -0.06776397366147027,
    "information_density": -0.5806076574813521,
    "specificity_score": -0.44635479845535125
  },
  "avg_ranks": {
    "0": {
      "0": 3.0,
      "1": 3.4,
      "2": 3.0,
      "3": 2.8,
      "4": 2.8
    },
    "1": {
      "2": 1.0,
      "1": 2.2,
      "3": 3.4,
      "0": 4.8,
      "4": 3.6
    },
    "2": {
      "2": 1.0,
      "3": 2.0,
      "4": 3.0,
      "0": 4.4,
      "1": 4.6
    },
    "3": {
      "0": 1.4,
      "4": 1.8,
      "3": 3.0,
      "2": 3.8,
      "1": 5.0
    },
    "4": {
      "4": 2.2,
      "0": 2.2,
      "2": 1.6,
      "1": 4.0,
      "3": 5.0
    },
    "5": {
      "4": 1.4,
      "0": 1.6,
      "1": 3.0,
      "2": 4.0,
      "3": 5.0
    },
    "6": {
      "4": 1.6,
      "0": 1.8,
      "3": 2.8,
      "1": 3.8,
      "2": 5.0
    },
    "7": {
      "4": 4.2,
      "3": 2.0,
      "1": 2.8,
      "0": 1.8,
      "2": 4.2
    },
    "8": {
      "1": 1.0,
      "0": 3.2,
      "3": 2.8,
      "2": 4.2,
      "4": 3.8
    },
    "9": {
      "0": 2.6,
      "2": 1.8,
      "4": 1.6,
      "1": 4.4,
      "3": 4.6
    },
    "10": {
      "4": 1.8,
      "1": 1.2,
      "0": 3.8,
      "3": 3.8,
      "2": 4.4
    },
    "11": {
      "2": 1.2,
      "3": 4.2,
      "1": 3.0,
      "4": 2.6,
      "0": 4.0
    },
    "12": {
      "2": 1.4,
      "4": 2.4,
      "1": 2.2,
      "3": 4.0,
      "0": 5.0
    },
    "13": {
      "4": 1.0,
      "1": 2.0,
      "2": 3.0,
      "3": 4.0,
      "0": 5.0
    },
    "14": {
      "3": 1.4,
      "0": 1.6,
      "1": 3.0,
      "4": 4.0,
      "2": 5.0
    },
    "15": {
      "2": 1.0,
      "3": 3.0,
      "0": 3.2,
      "4": 3.6,
      "1": 4.2
    },
    "16": {
      "0": 1.2,
      "4": 2.2,
      "1": 3.2,
      "3": 4.6,
      "2": 3.8
    },
    "17": {
      "4": 1.4,
      "0": 2.8,
      "2": 1.8,
      "1": 4.0,
      "3": 5.0
    },
    "18": {
      "0": 1.0,
      "3": 2.25,
      "2": 2.75,
      "4": 4.0,
      "1": 5.0
    },
    "19": {
      "1": 1.4,
      "0": 1.6,
      "4": 3.0,
      "2": 4.0,
      "3": 5.0
    },
    "20": {
      "0": 2.0,
      "1": 2.6,
      "3": 3.6,
      "4": 4.4,
      "2": 2.4
    },
    "21": {
      "4": 2.0,
      "3": 1.4,
      "0": 3.2,
      "1": 3.4,
      "2": 5.0
    },
    "22": {
      "1": 1.0,
      "0": 2.0,
      "2": 3.4,
      "3": 4.4,
      "4": 4.2
    },
    "23": {
      "3": 2.2,
      "0": 1.4,
      "4": 2.6,
      "2": 3.8,
      "1": 5.0
    },
    "24": {
      "0": 1.0,
      "1": 2.4,
      "2": 2.6,
      "4": 4.0,
      "3": 5.0
    },
    "25": {
      "1": 3.0,
      "2": 2.2,
      "0": 2.0,
      "3": 4.6,
      "4": 3.2
    },
    "26": {
      "1": 1.0,
      "0": 3.2,
      "4": 3.4,
      "3": 3.0,
      "2": 4.4
    },
    "27": {
      "0": 1.0,
      "4": 2.2,
      "1": 2.8,
      "3": 4.2,
      "2": 4.8
    },
    "28": {
      "1": 2.0,
      "3": 1.4,
      "0": 2.6,
      "2": 4.8,
      "4": 4.2
    },
    "29": {
      "2": 1.0,
      "0": 2.4,
      "1": 3.8,
      "4": 2.8,
      "3": 5.0
    },
    "30": {
      "1": 1.4,
      "0": 2.0,
      "2": 2.6,
      "4": 4.0,
      "3": 5.0
    },
    "31": {
      "4": 1.5,
      "3": 1.5,
      "2": 3.0,
      "1": 4.0,
      "0": 5.0
    },
    "32": {
      "1": 1.6,
      "2": 1.6,
      "3": 2.8,
      "0": 4.6,
      "4": 4.4
    },
    "33": {
      "1": 1.0,
      "0": 2.2,
      "3": 3.0,
      "4": 4.0,
      "2": 4.8
    },
    "34": {
      "1": 1.0,
      "4": 2.0,
      "0": 3.6666666666666665,
      "3": 3.3333333333333335,
      "2": 5.0
    },
    "35": {
      "1": 1.4,
      "2": 1.6,
      "3": 3.4,
      "4": 3.6,
      "0": 5.0
    },
    "36": {
      "3": 1.8,
      "1": 1.2,
      "2": 3.2,
      "4": 3.8,
      "0": 5.0
    },
    "37": {
      "0": 1.4,
      "2": 2.4,
      "3": 2.8,
      "1": 3.4,
      "4": 5.0
    },
    "38": {
      "3": 1.0,
      "0": 2.0,
      "1": 3.6,
      "4": 4.2,
      "2": 4.2
    },
    "39": {
      "3": 1.0,
      "0": 2.0,
      "4": 3.0,
      "2": 4.0,
      "1": 5.0
    },
    "40": {
      "3": 1.0,
      "0": 2.0,
      "4": 3.6,
      "2": 3.8,
      "1": 4.6
    },
    "41": {
      "4": 1.0,
      "1": 2.0,
      "0": 3.0,
      "3": 4.0,
      "2": 5.0
    },
    "42": {
      "1": 1.8,
      "2": 2.0,
      "3": 2.2,
      "0": 4.0,
      "4": 5.0
    },
    "43": {
      "3": 1.4,
      "2": 2.2,
      "0": 2.4,
      "4": 4.6,
      "1": 4.4
    },
    "44": {
      "1": 1.0,
      "0": 2.0,
      "2": 4.0,
      "3": 3.6,
      "4": 4.4
    },
    "45": {
      "3": 1.4,
      "4": 2.2,
      "2": 3.0,
      "0": 3.4,
      "1": 5.0
    },
    "46": {
      "1": 1.4,
      "0": 1.8,
      "4": 3.2,
      "2": 4.0,
      "3": 4.6
    },
    "47": {
      "0": 1.4,
      "1": 2.4,
      "3": 3.6,
      "4": 2.8,
      "2": 4.8
    },
    "48": {
      "2": 1.0,
      "4": 2.0,
      "1": 3.0,
      "0": 4.0,
      "3": 5.0
    },
    "49": {
      "2": 1.0,
      "4": 2.6,
      "0": 2.8,
      "1": 3.6,
      "3": 5.0
    },
    "50": {
      "2": 2.0,
      "0": 1.8,
      "4": 2.2,
      "3": 4.0,
      "1": 5.0
    },
    "51": {
      "0": 1.0,
      "1": 2.0,
      "2": 3.0,
      "4": 4.0,
      "3": 5.0
    },
    "52": {
      "1": 1.4,
      "0": 1.6,
      "2": 3.0,
      "4": 4.0,
      "3": 5.0
    },
    "53": {
      "0": 1.6,
      "3": 2.2,
      "2": 2.2,
      "1": 4.0,
      "4": 5.0
    },
    "54": {
      "0": 1.0,
      "4": 2.2,
      "1": 2.8,
      "3": 4.0,
      "2": 5.0
    },
    "55": {
      "4": 1.0,
      "2": 2.4,
      "1": 2.6,
      "0": 4.0,
      "3": 5.0
    },
    "56": {
      "0": 2.2,
      "1": 3.2,
      "3": 2.6,
      "2": 2.0,
      "4": 5.0
    },
    "57": {
      "0": 2.6,
      "2": 2.0,
      "3": 1.4,
      "4": 4.6,
      "1": 4.4
    },
    "58": {
      "3": 2.0,
      "2": 1.6,
      "1": 2.4,
      "0": 4.2,
      "4": 4.8
    },
    "59": {
      "3": 1.4,
      "0": 1.6,
      "4": 3.2,
      "1": 3.8,
      "2": 5.0
    },
    "60": {
      "4": 2.2,
      "2": 1.4,
      "0": 2.4,
      "3": 4.0,
      "1": 5.0
    },
    "61": {
      "0": 1.4,
      "1": 2.6,
      "4": 2.2,
      "3": 4.6,
      "2": 4.2
    },
    "62": {
      "1": 1.0,
      "4": 3.0,
      "2": 2.5,
      "3": 4.0,
      "0": 4.5
    },
    "63": {
      "0": 1.0,
      "1": 2.4,
      "4": 2.6,
      "2": 4.0,
      "3": 5.0
    },
    "64": {
      "2": 1.0,
      "0": 2.2,
      "3": 3.2,
      "1": 3.6,
      "4": 5.0
    },
    "65": {
      "2": 1.4,
      "3": 1.6,
      "0": 4.4,
      "1": 4.2,
      "4": 3.4
    },
    "66": {
      "3": 2.2,
      "4": 2.0,
      "0": 2.8,
      "1": 3.0,
      "2": 5.0
    },
    "67": {
      "0": 1.0,
      "3": 2.4,
      "1": 2.6,
      "4": 4.2,