{
  "content_diversity": 0.5400019288063049,
  "classifier_auc": 0.7898351648351648,
  "ranking_stability": 0.6564366632337796,
  "feature_coefficients": {
    "word_count": 0.3499760274009971,
    "sentence_count": 0.11180612232650007,
    "avg_sentence_length": -0.18291466336263157,
    "paragraph_count": -0.17639767324033237,
    "heading_density": -0.17052191019609758,
    "list_frequency": -0.1587144422376845,
    "readability": 0.35012986721244455,
    "bold_emphasis_density": 0.030989919266099737,
    "citation_density": -0.20455615478890424,
    "statistic_density": -0.2895097902057164,
    "quote_density": 0.3330038503427207,
    "named_source_mentions": -1.02191883534103,
    "year_mentions": -0.324257124402853,
    "claim_density": 0.06878919862932265,
    "external_reference_density": -0.008468041712311821,
    "question_density": 0.25403970502460094,
    "query_similarity": 0.20134339583360997,
    "corpus_centroid_similarity": -0.14580388735761754,
    "type_token_ratio": -0.7459295070062057,
    "vocabulary_sophistication": 0.036510571751751236,
    "sentiment_polarity": 0.14673332324033167,
    "avg_word_length": -0.7675015181356121,
    "semantic_uniqueness": 0.05148292674778942,
    "information_density": -0.050834439245299845,
    "specificity_score": 0.3300597891279276
  },
  "avg_ranks": {
    "0": {
      "2": 2.4,
      "4": 2.4,
      "0": 2.8,
      "1": 3.6,
      "3": 3.8
    },
    "1": {
      "2": 1.0,
      "3": 2.8,
      "1": 3.0,
      "4": 4.8,
      "0": 3.4
    },
    "2": {
      "2": 1.0,
      "3": 2.0,
      "4": 3.2,
      "0": 4.0,
      "1": 4.8
    },
    "3": {
      "4": 1.8,
      "3": 2.8,
      "0": 2.4,
      "2": 3.0,
      "1": 5.0
    },
    "4": {
      "2": 1.6,
      "0": 1.8,
      "4": 2.6,
      "3": 4.4,
      "1": 4.6
    },
    "5": {
      "4": 1.4,
      "0": 1.6,
      "2": 3.4,
      "1": 3.6,
      "3": 5.0
    },
    "6": {
      "4": 2.0,
      "3": 2.2,
      "0": 2.0,
      "1": 3.8,
      "2": 5.0
    },
    "7": {
      "3": 2.0,
      "0": 1.4,
      "1": 2.6,
      "2": 4.0,
      "4": 5.0
    },
    "8": {
      "1": 1.0,
      "0": 2.6,
      "3": 2.8,
      "4": 4.0,
      "2": 4.6
    },
    "9": {
      "2": 1.6,
      "4": 2.2,
      "0": 2.2,
      "1": 4.4,
      "3": 4.6
    },
    "10": {
      "4": 1.4,
      "1": 1.6,
      "0": 3.8,
      "3": 4.0,
      "2": 4.2
    },
    "11": {
      "4": 2.4,
      "2": 1.8,
      "1": 2.4,
      "0": 4.4,
      "3": 4.0
    },
    "12": {
      "2": 1.0,
      "4": 2.8,
      "1": 2.2,
      "3": 4.0,
      "0": 5.0
    },
    "13": {
      "4": 1.4,
      "1": 2.0,
      "2": 2.8,
      "3": 3.8,
      "0": 5.0
    },
    "14": {
      "0": 1.0,
      "3": 2.2,
      "1": 2.8,
      "4": 4.0,
      "2": 5.0
    },
    "15": {
      "2": 1.2,
      "4": 2.2,
      "0": 3.6,
      "3": 3.6,
      "1": 4.4
    },
    "16": {
      "0": 1.0,
      "4": 2.0,
      "1": 3.0,
      "3": 4.8,
      "2": 4.2
    },
    "17": {
      "2": 2.6,
      "4": 2.0,
      "1": 3.0,
      "0": 2.4,
      "3": 5.0
    },
    "18": {
      "2": 1.6,
      "0": 2.2,
      "3": 2.8,
      "1": 4.8,
      "4": 3.6
    },
    "19": {
      "4": 2.2,
      "1": 1.6,
      "0": 2.2,
      "2": 4.0,
      "3": 5.0
    },
    "20": {
      "4": 4.0,
      "1": 1.8,
      "2": 2.6,
      "0": 2.2,
      "3": 4.4
    },
    "21": {
      "3": 1.0,
      "4": 2.4,
      "0": 2.6,
      "1": 4.0,
      "2": 5.0
    },
    "22": {
      "1": 1.0,
      "0": 2.4,
      "2": 3.2,
      "4": 4.6,
      "3": 3.8
    },
    "23": {
      "0": 1.4,
      "4": 2.6,
      "3": 2.4,
      "2": 3.6,
      "1": 5.0
    },
    "24": {
      "0": 1.0,
      "4": 3.6,
      "1": 2.8,
      "2": 3.2,
      "3": 4.4
    },
    "25": {
      "2": 2.2,
      "4": 3.0,
      "0": 2.0,
      "1": 3.8,
      "3": 4.0
    },
    "26": {
      "4": 2.6,
      "1": 1.4,
      "0": 2.6,
      "3": 3.8,
      "2": 4.6
    },
    "27": {
      "0": 1.0,
      "2": 2.6,
      "4": 2.6,
      "1": 4.6,
      "3": 4.2
    },
    "28": {
      "3": 1.8,
      "1": 1.2,
      "0": 3.2,
      "4": 4.2,
      "2": 4.6
    },
    "29": {
      "2": 1.4,
      "0": 2.6,
      "1": 3.8,
      "4": 2.2,
      "3": 5.0
    },
    "30": {
      "1": 1.0,
      "0": 2.2,
      "2": 2.8,
      "4": 4.0,
      "3": 5.0
    },
    "31": {
      "4": 1.0,
      "3": 2.0,
      "2": 3.0,
      "1": 4.0,
      "0": 5.0
    },
    "32": {
      "2": 1.4,
      "1": 1.6,
      "3": 3.6,
      "4": 4.2,
      "0": 4.2
    },
    "33": {
      "1": 1.0,
      "0": 2.2,
      "3": 3.0,
      "2": 4.6,
      "4": 4.2
    },
    "34": {
      "1": 1.0,
      "4": 2.0,
      "0": 3.0,
      "2": 4.0,
      "3": 5.0
    },
    "35": {
      "2": 1.4,
      "1": 1.6,
      "4": 3.6,
      "3": 3.4,
      "0": 5.0
    },
    "36": {
      "2": 1.8,
      "1": 1.6,
      "3": 2.6,
      "4": 4.0,
      "0": 5.0
    },
    "37": {
      "0": 2.2,
      "3": 2.4,
      "2": 3.0,
      "1": 2.4,
      "4": 5.0
    },
    "38": {
      "3": 1.0,
      "0": 2.0,
      "2": 4.2,
      "1": 4.0,
      "4": 3.8
    },
    "39": {
      "3": 1.0,
      "0": 2.5,
      "4": 2.5,
      "1": 4.25,
      "2": 4.75
    },
    "40": {
      "3": 1.2,
      "2": 2.6,
      "0": 2.4,
      "4": 3.8,
      "1": 5.0
    },
    "41": {
      "4": 1.4,
      "0": 1.8,
      "1": 2.8,
      "3": 4.0,
      "2": 5.0
    },
    "42": {
      "2": 1.4,
      "1": 2.6,
      "3": 2.0,
      "0": 4.0,
      "4": 5.0
    },
    "43": {
      "3": 1.0,
      "0": 2.0,
      "4": 3.8,
      "2": 3.6,
      "1": 4.6
    },
    "44": {
      "1": 1.0,
      "0": 2.0,
      "2": 4.6,
      "3": 3.6,
      "4": 3.8
    },
    "45": {
      "3": 2.6,
      "2": 2.0,
      "4": 2.2,
      "0": 3.4,
      "1": 4.8
    },
    "46": {
      "1": 1.8,
      "0": 2.0,
      "4": 2.8,
      "2": 3.4,
      "3": 5.0
    },
    "47": {
      "4": 1.8,
      "0": 2.0,
      "3": 3.4,
      "2": 4.4,
      "1": 3.4
    },
    "48": {
      "2": 1.2,
      "4": 1.8,
      "0": 3.4,
      "1": 3.6,
      "3": 5.0
    },
    "49": {
      "2": 1.0,
      "0": 2.2,
      "1": 3.2,
      "4": 3.6,
      "3": 5.0
    },
    "50": {
      "0": 1.2,
      "4": 2.4,
      "2": 2.6,
      "3": 3.8,
      "1": 5.0
    },
    "51": {
      "0": 1.6,
      "1": 2.2,
      "2": 2.2,
      "4": 4.0,
      "3": 5.0
    },
    "52": {
      "1": 1.0,
      "0": 2.0,
      "2": 3.0,
      "4": 4.2,
      "3": 4.8
    },
    "53": {
      "0": 1.0,
      "3": 2.0,
      "2": 3.4,
      "1": 3.6,
      "4": 5.0
    },
    "54": {
      "0": 1.0,
      "4": 2.0,
      "1": 3.0,
      "3": 4.0,
      "2": 5.0
    },
    "55": {
      "4": 1.0,
      "2": 2.2,
      "1": 2.8,
      "0": 4.0,
      "3": 5.0
    },
    "56": {
      "2": 1.8,
      "3": 3.2,
      "1": 2.6,
      "0": 2.4,
      "4": 5.0
    },
    "57": {
      "2": 1.6,
      "3": 1.4,
      "0": 3.0,
      "4": 4.0,
      "1": 5.0
    },
    "58": {
      "1": 1.0,
      "2": 2.2,
      "3": 3.2,
      "0": 4.0,
      "4": 4.6
    },
    "59": {
      "3": 1.2,
      "0": 1.8,
      "1": 3.2,
      "4": 3.8,
      "2": 5.0
    },
    "60": {
      "2": 1.2,
      "0": 2.0,
      "4": 2.8,
      "3": 4.0,
      "1": 5.0
    },
    "61": {
      "0": 1.0,
      "3": 3.0,
      "2": 4.2,
      "4": 3.6,
      "1": 3.2
    },
    "62": {
      "1": 1.0,
      "3": 2.8,
      "2": 3.8,
      "0": 4.4,
      "4": 3.0
    },
    "63": {
      "0": 1.0,
      "4": 3.0,
      "1": 2.4,
      "2": 3.6,
      "3": 5.0
    },
    "64": {
      "2": 1.0,
      "3": 2.8,
      "0": 2.2,
      "1": 4.0,
      "4": 5.0
    },
    "65": {
      "3": 1.0,
      "2": 2.0,
      "1": 3.6,
      "4": 3.6,
      "0": 4.8
    },
    "66": {
      "4": 1.4,
      "3": 1.6,
      "0": 3.0,
      "1": 4.0,
      "2": 5.0
    },
    "67": {
      "0": 1.0,
      "1": 2.6,
      "3": 2.4,
      "4": 4.0,
      "2": 5.0
    },