{
  "content_diversity": 0.5413413047790527,
  "classifier_auc": 0.7867599742599742,
  "ranking_stability": 0.6654922279792745,
  "feature_coefficients": {
    "word_count": -0.3965391396804486,
    "sentence_count": -0.23162223100880877,
    "avg_sentence_length": -0.14741378356690488,
    "paragraph_count": 0.19044335599585713,
    "heading_density": -0.33347134134172374,
    "list_frequency": -0.1340799999167996,
    "readability": 0.3658216864280751,
    "bold_emphasis_density": 0.23054242178091003,
    "citation_density": -0.04209978789225741,
    "statistic_density": -0.5109877692329894,
    "quote_density": 0.13817990684106077,
    "named_source_mentions": -0.9469865893914103,
    "year_mentions": 0.2716507000572984,
    "claim_density": 0.02308201566853521,
    "external_reference_density": -0.0022304537868344347,
    "question_density": 0.10475471661081864,
    "query_similarity": 0.2011979375233627,
    "corpus_centroid_similarity": -0.4171407439611827,
    "type_token_ratio": -1.0667022508601793,
    "vocabulary_sophistication": -0.04662693459933934,
    "sentiment_polarity": 0.1060578788525601,
    "avg_word_length": -0.7734238598652279,
    "semantic_uniqueness": 0.20301212196266155,
    "information_density": -0.23710048626896796,
    "specificity_score": 0.015342820966311215
  },
  "avg_ranks": {
    "0": {
      "2": 2.2,
      "4": 3.4,
      "3": 3.4,
      "1": 3.4,
      "0": 2.6
    },
    "1": {
      "2": 1.0,
      "0": 2.6,
      "3": 3.0,
      "1": 4.0,
      "4": 4.4
    },
    "2": {
      "2": 1.4,
      "3": 2.0,
      "4": 3.2,
      "0": 3.6,
      "1": 4.8
    },
    "3": {
      "0": 2.0,
      "3": 2.2,
      "4": 1.8,
      "2": 4.0,
      "1": 5.0
    },
    "4": {
      "2": 1.2,
      "0": 2.2,
      "4": 2.6,
      "1": 4.2,
      "3": 4.8
    },
    "5": {
      "4": 1.2,
      "0": 1.8,
      "1": 3.8,
      "2": 3.2,
      "3": 5.0
    },
    "6": {
      "4": 1.6,
      "3": 1.8,
      "0": 2.6,
      "1": 4.0,
      "2": 5.0
    },
    "7": {
      "3": 1.4,
      "0": 2.0,
      "1": 2.6,
      "2": 4.0,
      "4": 5.0
    },
    "8": {
      "1": 1.0,
      "0": 2.0,
      "3": 3.8,
      "4": 4.0,
      "2": 4.2
    },
    "9": {
      "0": 1.6,
      "2": 2.4,
      "4": 2.4,
      "3": 4.8,
      "1": 3.8
    },
    "10": {
      "1": 1.2,
      "4": 1.8,
      "0": 3.4,
      "2": 4.0,
      "3": 4.6
    },
    "11": {
      "2": 1.2,
      "1": 3.2,
      "4": 2.4,
      "3": 4.8,
      "0": 3.4
    },
    "12": {
      "2": 1.0,
      "3": 3.2,
      "1": 2.6,
      "4": 3.2,
      "0": 5.0
    },
    "13": {
      "4": 1.25,
      "1": 2.0,
      "2": 2.75,
      "3": 4.0,
      "0": 5.0
    },
    "14": {
      "0": 1.0,
      "3": 2.2,
      "1": 2.8,
      "4": 4.0,
      "2": 5.0
    },
    "15": {
      "3": 3.6,
      "2": 1.2,
      "0": 2.4,
      "4": 3.6,
      "1": 4.2
    },
    "16": {
      "0": 1.2,
      "4": 1.8,
      "1": 3.0,
      "3": 4.0,
      "2": 5.0
    },
    "17": {
      "2": 2.4,
      "4": 2.0,
      "1": 3.0,
      "0": 2.6,
      "3": 5.0
    },
    "18": {
      "2": 2.2,
      "0": 1.2,
      "3": 2.6,
      "4": 4.0,
      "1": 5.0
    },
    "19": {
      "0": 1.6,
      "1": 2.4,
      "4": 2.0,
      "2": 4.0,
      "3": 5.0
    },
    "20": {
      "0": 1.6,
      "1": 2.0,
      "2": 3.0,
      "4": 4.0,
      "3": 4.4
    },
    "21": {
      "3": 1.5,
      "0": 3.0,
      "4": 2.25,
      "1": 3.25,
      "2": 5.0
    },
    "22": {
      "1": 1.0,
      "3": 3.6,
      "0": 2.2,
      "2": 3.4,
      "4": 4.8
    },
    "23": {
      "0": 1.2,
      "4": 2.4,
      "2": 3.8,
      "3": 2.6,
      "1": 5.0
    },
    "24": {
      "0": 1.0,
      "1": 2.0,
      "4": 3.4,
      "2": 3.6,
      "3": 5.0
    },
    "25": {
      "4": 2.6,
      "2": 1.8,
      "0": 2.4,
      "1": 4.2,
      "3": 4.0
    },
    "26": {
      "3": 2.6,
      "1": 1.6,
      "0": 2.2,
      "4": 4.4,
      "2": 4.2
    },
    "27": {
      "0": 1.0,
      "4": 2.4,
      "1": 3.0,
      "3": 4.6,
      "2": 4.0
    },
    "28": {
      "3": 2.0,
      "1": 1.2,
      "0": 2.8,
      "4": 4.4,
      "2": 4.6
    },
    "29": {
      "4": 1.2,
      "2": 1.8,
      "0": 3.0,
      "1": 4.0,
      "3": 5.0
    },
    "30": {
      "1": 1.0,
      "0": 2.2,
      "2": 2.8,
      "4": 4.0,
      "3": 5.0
    },
    "31": {
      "4": 1.2,
      "3": 1.8,
      "2": 3.0,
      "1": 4.0,
      "0": 5.0
    },
    "32": {
      "1": 1.4,
      "3": 3.2,
      "2": 2.4,
      "0": 3.4,
      "4": 4.6
    },
    "33": {
      "1": 1.0,
      "0": 3.0,
      "3": 2.6,
      "2": 4.0,
      "4": 4.4
    },
    "34": {
      "1": 1.0,
      "4": 2.0,
      "0": 3.0,
      "2": 4.5,
      "3": 4.5
    },
    "35": {
      "2": 1.2,
      "1": 1.8,
      "4": 3.4,
      "3": 3.6,
      "0": 5.0
    },
    "36": {
      "3": 2.0,
      "1": 1.4,
      "2": 2.8,
      "4": 3.8,
      "0": 5.0
    },
    "37": {
      "0": 1.8,
      "2": 4.2,
      "3": 1.8,
      "1": 3.0,
      "4": 4.2
    },
    "38": {
      "3": 1.0,
      "0": 2.0,
      "1": 3.8,
      "4": 3.2,
      "2": 5.0
    },
    "39": {
      "3": 1.2,
      "0": 1.8,
      "4": 3.0,
      "2": 4.2,
      "1": 4.8
    },
    "40": {
      "3": 1.0,
      "2": 2.8,
      "4": 3.6,
      "0": 2.6,
      "1": 5.0
    },
    "41": {
      "4": 1.8,
      "1": 2.0,
      "0": 2.2,
      "3": 4.0,
      "2": 5.0
    },
    "42": {
      "3": 2.0,
      "2": 1.8,
      "1": 2.2,
      "0": 4.0,
      "4": 5.0
    },
    "43": {
      "2": 2.6,
      "0": 2.4,
      "3": 1.4,
      "4": 3.8,
      "1": 4.8
    },
    "44": {
      "1": 1.0,
      "0": 2.0,
      "3": 3.4,
      "2": 4.2,
      "4": 4.4
    },
    "45": {
      "3": 1.0,
      "2": 2.6,
      "4": 2.6,
      "0": 4.0,
      "1": 4.8
    },
    "46": {
      "1": 1.4,
      "4": 2.8,
      "0": 1.8,
      "3": 4.8,
      "2": 4.2
    },
    "47": {
      "0": 2.0,
      "3": 2.4,
      "4": 2.2,
      "1": 3.4,
      "2": 5.0
    },
    "48": {
      "2": 1.0,
      "1": 3.0,
      "4": 2.4,
      "0": 3.6,
      "3": 5.0
    },
    "49": {
      "2": 1.0,
      "0": 2.0,
      "1": 3.2,
      "4": 3.8,
      "3": 5.0
    },
    "50": {
      "0": 1.4,
      "4": 1.8,
      "2": 3.0,
      "3": 3.8,
      "1": 5.0
    },
    "51": {
      "2": 2.0,
      "1": 2.2,
      "0": 2.0,
      "4": 3.8,
      "3": 5.0
    },
    "52": {
      "1": 1.0,
      "0": 2.0,
      "2": 3.0,
      "4": 4.4,
      "3": 4.6
    },
    "53": {
      "0": 1.6,
      "3": 2.2,
      "1": 4.0,
      "2": 3.0,
      "4": 4.2
    },
    "54": {
      "0": 1.0,
      "4": 2.4,
      "1": 2.6,
      "2": 4.8,
      "3": 4.2
    },
    "55": {
      "4": 1.0,
      "2": 2.0,
      "1": 3.2,
      "0": 3.8,
      "3": 5.0
    },
    "56": {
      "2": 1.6,
      "0": 2.2,
      "1": 3.0,
      "3": 3.2,
      "4": 5.0
    },
    "57": {
      "2": 1.8,
      "3": 1.6,
      "0": 3.2,
      "4": 3.4,
      "1": 5.0
    },
    "58": {
      "2": 1.0,
      "3": 2.0,
      "1": 3.0,
      "0": 4.2,
      "4": 4.8
    },
    "59": {
      "2": 4.2,
      "0": 1.6,
      "3": 1.8,
      "1": 3.4,
      "4": 4.0
    },
    "60": {
      "2": 1.0,
      "4": 2.5,
      "0": 2.5,
      "3": 4.0,
      "1": 5.0
    },
    "61": {
      "0": 1.2,
      "4": 3.0,
      "1": 2.4,
      "2": 4.2,
      "3": 4.2
    },
    "62": {
      "1": 1.0,
      "4": 2.6,
      "2": 2.8,
      "0": 4.4,
      "3": 4.2
    },
    "63": {
      "0": 1.0,
      "1": 2.6,
      "4": 2.8,
      "2": 3.6,
      "3": 5.0
    },
    "64": {
      "2": 1.0,
      "0": 2.0,
      "3": 3.0,
      "1": 4.0,
      "4": 5.0
    },
    "65": {
      "3": 1.0,
      "2": 2.0,
      "4": 3.0,
      "1": 4.0,
      "0": 5.0
    },
    "66": {
      "4": 1.4,
      "3": 2.2,
      "0": 3.0,
      "1": 3.4,
      "2": 5.0
    },
    "67": {
      "0": 1.2,
      "1": 2.2,
      "3": 2.6,
      "4": 4.0,
      "2": 5.0
    },