{
  "content_diversity": 0.5300151705741882,
  "classifier_auc": 0.7403380060264639,
  "ranking_stability": 0.6625258799171843,
  "feature_coefficients": {
    "word_count": 0.02812099461186602,
    "sentence_count": -0.04075080758979588,
    "avg_sentence_length": -0.2573560290911768,
    "paragraph_count": -0.07666706263695339,
    "heading_density": -0.4707801918024828,
    "list_frequency": -0.30744493797162964,
    "readability": 0.1393921880022608,
    "bold_emphasis_density": 0.1152416199576283,
    "citation_density": -0.015935693587714805,
    "statistic_density": 0.026864436849318662,
    "quote_density": 0.28238367569467726,
    "named_source_mentions": -0.04602401119468182,
    "year_mentions": -0.4211373183656132,
    "claim_density": -0.08653799952251368,
    "external_reference_density": -0.02891883554182602,
    "question_density": 0.14623675713911605,
    "query_similarity": 0.6748218085479382,
    "corpus_centroid_similarity": -0.1329150595906184,
    "type_token_ratio": -0.5248900378118384,
    "vocabulary_sophistication": 0.1869478639484477,
    "sentiment_polarity": 0.1181503484600973,
    "avg_word_length": -0.20232436845795357,
    "semantic_uniqueness": 0.3569103911543228,
    "information_density": -0.4566173325775535,
    "specificity_score": -0.27958501282035525
  },
  "avg_ranks": {
    "0": {
      "2": 3.2,
      "3": 1.4,
      "4": 3.6,
      "0": 3.0,
      "1": 3.8
    },
    "1": {
      "2": 1.4,
      "0": 1.6,
      "3": 3.6,
      "4": 3.8,
      "1": 4.6
    },
    "2": {
      "2": 1.0,
      "3": 2.0,
      "4": 3.0,
      "0": 4.6,
      "1": 4.4
    },
    "3": {
      "4": 1.5,
      "3": 2.0,
      "0": 2.5,
      "2": 4.0,
      "1": 5.0
    },
    "4": {
      "2": 1.2,
      "0": 2.2,
      "4": 2.6,
      "1": 4.4,
      "3": 4.6
    },
    "5": {
      "0": 1.4,
      "4": 1.6,
      "2": 3.8,
      "1": 3.2,
      "3": 5.0
    },
    "6": {
      "4": 1.4,
      "0": 2.4,
      "3": 2.2,
      "1": 4.0,
      "2": 5.0
    },
    "7": {
      "3": 2.2,
      "0": 1.4,
      "1": 2.4,
      "2": 4.0,
      "4": 5.0
    },
    "8": {
      "1": 1.4,
      "0": 2.2,
      "2": 3.2,
      "3": 4.2,
      "4": 4.0
    },
    "9": {
      "0": 2.4,
      "4": 1.4,
      "2": 2.2,
      "1": 4.2,
      "3": 4.8
    },
    "10": {
      "1": 1.4,
      "4": 1.6,
      "3": 4.4,
      "2": 4.2,
      "0": 3.4
    },
    "11": {
      "2": 1.6,
      "1": 2.2,
      "4": 2.2,
      "3": 4.4,
      "0": 4.6
    },
    "12": {
      "2": 1.0,
      "1": 2.6,
      "4": 2.8,
      "3": 3.6,
      "0": 5.0
    },
    "13": {
      "4": 1.0,
      "1": 2.25,
      "2": 2.75,
      "3": 4.0,
      "0": 5.0
    },
    "14": {
      "0": 1.8,
      "3": 1.6,
      "1": 2.6,
      "4": 4.0,
      "2": 5.0
    },
    "15": {
      "2": 1.0,
      "3": 3.6,
      "0": 2.8,
      "4": 3.4,
      "1": 4.2
    },
    "16": {
      "0": 1.2,
      "4": 1.8,
      "1": 3.0,
      "3": 4.2,
      "2": 4.8
    },
    "17": {
      "4": 1.6,
      "0": 2.8,
      "1": 2.6,
      "2": 3.0,
      "3": 5.0
    },
    "18": {
      "2": 2.0,
      "0": 1.8,
      "3": 2.2,
      "4": 4.2,
      "1": 4.8
    },
    "19": {
      "1": 1.4,
      "0": 1.6,
      "4": 3.0,
      "2": 4.0,
      "3": 5.0
    },
    "20": {
      "4": 2.2,
      "2": 2.4,
      "0": 2.6,
      "1": 3.0,
      "3": 4.8
    },
    "21": {
      "4": 1.4,
      "0": 2.2,
      "3": 2.4,
      "1": 4.2,
      "2": 4.8
    },
    "22": {
      "1": 1.0,
      "0": 2.2,
      "3": 3.0,
      "4": 4.0,
      "2": 4.8
    },
    "23": {
      "0": 1.2,
      "4": 1.8,
      "3": 3.0,
      "2": 4.0,
      "1": 5.0
    },
    "24": {
      "0": 1.0,
      "4": 3.4,
      "1": 3.0,
      "2": 3.2,
      "3": 4.4
    },
    "25": {
      "0": 2.0,
      "4": 2.4,
      "2": 2.2,
      "3": 4.4,
      "1": 4.0
    },
    "26": {
      "0": 2.2,
      "1": 1.2,
      "3": 3.0,
      "2": 4.4,
      "4": 4.2
    },
    "27": {
      "0": 1.2,
      "2": 2.2,
      "4": 3.2,
      "1": 3.6,
      "3": 4.8
    },
    "28": {
      "1": 1.8,
      "3": 2.0,
      "4": 3.2,
      "0": 3.0,
      "2": 5.0
    },
    "29": {
      "4": 1.4,
      "2": 1.6,
      "0": 3.0,
      "1": 4.0,
      "3": 5.0
    },
    "30": {
      "1": 1.0,
      "0": 2.0,
      "2": 3.0,
      "4": 4.2,
      "3": 4.8
    },
    "31": {
      "4": 1.2,
      "3": 1.8,
      "2": 3.0,
      "1": 4.0,
      "0": 5.0
    },
    "32": {
      "1": 1.2,
      "2": 2.0,
      "3": 2.8,
      "0": 4.6,
      "4": 4.4
    },
    "33": {
      "1": 1.0,
      "0": 2.4,
      "3": 3.0,
      "2": 4.0,
      "4": 4.6
    },
    "34": {
      "1": 1.0,
      "4": 2.0,
      "3": 3.2,
      "2": 4.8,
      "0": 4.0
    },
    "35": {
      "4": 3.0,
      "1": 1.4,
      "2": 2.2,
      "3": 3.4,
      "0": 5.0
    },
    "36": {
      "2": 1.8,
      "1": 1.8,
      "3": 2.4,
      "4": 4.0,
      "0": 5.0
    },
    "37": {
      "1": 1.2,
      "0": 2.2,
      "3": 2.6,
      "2": 4.0,
      "4": 5.0
    },
    "38": {
      "3": 1.0,
      "0": 2.0,
      "4": 3.6666666666666665,
      "2": 4.333333333333333,
      "1": 4.0
    },
    "39": {
      "3": 1.2,
      "0": 2.0,
      "4": 2.8,
      "2": 4.2,
      "1": 4.8
    },
    "40": {
      "0": 1.8,
      "3": 1.6,
      "2": 2.6,
      "4": 4.0,
      "1": 5.0
    },
    "41": {
      "4": 1.2,
      "0": 2.6,
      "1": 2.6,
      "3": 3.6,
      "2": 5.0
    },
    "42": {
      "3": 1.0,
      "1": 2.6666666666666665,
      "2": 2.3333333333333335,
      "0": 4.0,
      "4": 5.0
    },
    "43": {
      "2": 2.6,
      "0": 2.0,
      "3": 1.8,
      "1": 4.2,
      "4": 4.4
    },
    "44": {
      "3": 3.0,
      "4": 3.2,
      "2": 3.4,
      "1": 2.4,
      "0": 3.0
    },
    "45": {
      "2": 1.8,
      "3": 1.6,
      "4": 2.8,
      "0": 3.8,
      "1": 5.0
    },
    "46": {
      "1": 1.2,
      "4": 2.8,
      "0": 2.0,
      "2": 4.2,
      "3": 4.8
    },
    "47": {
      "1": 1.8,
      "3": 2.8,
      "0": 2.0,
      "2": 4.8,
      "4": 3.6
    },
    "48": {
      "2": 1.0,
      "1": 3.4,
      "4": 2.2,
      "0": 3.4,
      "3": 5.0
    },
    "49": {
      "2": 1.0,
      "0": 2.0,
      "1": 3.2,
      "4": 3.8,
      "3": 5.0
    },
    "50": {
      "0": 1.2,
      "4": 3.0,
      "2": 2.4,
      "3": 3.4,
      "1": 5.0
    },
    "51": {
      "0": 1.2,
      "1": 1.8,
      "2": 3.2,
      "4": 3.8,
      "3": 5.0
    },
    "52": {
      "1": 1.0,
      "0": 2.0,
      "2": 3.2,
      "3": 4.0,
      "4": 4.8
    },
    "53": {
      "0": 1.2,
      "2": 3.0,
      "3": 2.0,
      "1": 3.8,
      "4": 5.0
    },
    "54": {
      "0": 1.0,
      "4": 2.0,
      "1": 3.0,
      "3": 4.0,
      "2": 5.0
    },
    "55": {
      "4": 1.0,
      "2": 2.4,
      "1": 2.6,
      "0": 4.0,
      "3": 5.0
    },
    "56": {
      "1": 2.6,
      "0": 2.8,
      "2": 2.0,
      "3": 2.6,
      "4": 5.0
    },
    "57": {
      "3": 1.0,
      "2": 2.2,
      "0": 2.8,
      "1": 4.8,
      "4": 4.2
    },
    "58": {
      "3": 2.6,
      "2": 1.6,
      "1": 1.8,
      "0": 4.2,
      "4": 4.8
    },
    "59": {
      "0": 1.6,
      "3": 1.8,
      "1": 2.8,
      "4": 3.8,
      "2": 5.0
    },
    "60": {
      "0": 1.8,
      "2": 1.2,
      "4": 3.0,
      "3": 4.0,
      "1": 5.0
    },
    "61": {
      "0": 1.2,
      "4": 2.8,
      "3": 4.2,
      "2": 3.8,
      "1": 3.0
    },
    "62": {
      "1": 1.0,
      "4": 2.4,
      "0": 3.4,
      "2": 4.0,
      "3": 4.2
    },
    "63": {
      "0": 1.0,
      "2": 2.2,
      "4": 3.0,
      "1": 3.8,
      "3": 5.0
    },
    "64": {
      "2": 1.4,
      "0": 1.6,
      "1": 3.4,
      "3": 3.6,
      "4": 5.0
    },
    "65": {
      "3": 1.4,
      "2": 1.6,
      "4": 3.2,
      "1": 3.8,
      "0": 5.0
    },
    "66": {
      "4": 1.6,
      "3": 2.2,
      "0": 2.2,
      "1": 4.0,
      "2": 5.0
    },
    "67": {
      "0": 1.2,
      "3": 2.6,